drop table if exists tt1;
create table tt1(collation int, enable int);
select collation, enable from tt1;
collation    enable
drop table if exists reference;
create table reference (reference int);
insert into reference values (1);
insert into reference (reference) values (2);
select reference from reference;
reference
1
2
select * from reference;
reference
1
2