create database db7;
use db7;
drop table if exists t1;
CREATE TABLE t1(
col1 INT NOT NULL,
col2 DATE NOT NULL,
col3 VARCHAR(16) NOT NULL,
col4 INT NOT NULL,
PRIMARY KEY(col1)
);
insert into t1 values(1, '1980-12-17','Abby', 21);
insert into t1 values(2, '1981-02-20','Bob', 22);
insert into t1 values(3, '1981-02-22','Carol', 23);
insert into t1 values(4, '1981-04-02','Dora', 24);
insert into t1 values(5, '1981-09-28','bcvdf', 25);
insert into t1 values(6, '1981-05-01','green', 26);
begin;
alter table t1 add column col5 int default 0;
desc t1;
Field    Type    Null    Key    Default    Extra    Comment
col1    INT(32)    YES    PRI    null        
col2    DATE(0)    YES        null        
col3    VARCHAR(16)    YES        null        
col4    INT(32)    YES        null        
col5    INT(32)    YES        0        
select * from t1;
col1    col2    col3    col4    col5
1    1980-12-17    Abby    21    0
2    1981-02-20    Bob    22    0
3    1981-02-22    Carol    23    0
4    1981-04-02    Dora    24    0
5    1981-09-28    bcvdf    25    0
6    1981-05-01    green    26    0
insert into t1 values(7, '1989-09-28','bcvdfx', 25, 7);
insert into t1 values(8, '1991-05-01','fgreen', 26, 8);
select * from t1;
col1    col2    col3    col4    col5
1    1980-12-17    Abby    21    0
2    1981-02-20    Bob    22    0
3    1981-02-22    Carol    23    0
4    1981-04-02    Dora    24    0
5    1981-09-28    bcvdf    25    0
6    1981-05-01    green    26    0
7    1989-09-28    bcvdfx    25    7
8    1991-05-01    fgreen    26    8
alter table t1 modify col5 VARCHAR(20);
desc t1;
Field    Type    Null    Key    Default    Extra    Comment
col1    INT(32)    YES    PRI    null        
col2    DATE(0)    YES        null        
col3    VARCHAR(16)    YES        null        
col4    INT(32)    YES        null        
col5    VARCHAR(20)    YES        null        
select * from t1;
col1    col2    col3    col4    col5
1    1980-12-17    Abby    21    0
2    1981-02-20    Bob    22    0
3    1981-02-22    Carol    23    0
4    1981-04-02    Dora    24    0
5    1981-09-28    bcvdf    25    0
6    1981-05-01    green    26    0
7    1989-09-28    bcvdfx    25    7
8    1991-05-01    fgreen    26    8
show tables;
Tables_in_db7
t1
commit;
desc t1;
Field    Type    Null    Key    Default    Extra    Comment
col1    INT(32)    NO    PRI    null        
col2    DATE(0)    NO        null        
col3    VARCHAR(16)    NO        null        
col4    INT(32)    NO        null        
col5    VARCHAR(20)    YES        null        
select * from t1;
col1    col2    col3    col4    col5
1    1980-12-17    Abby    21    0
2    1981-02-20    Bob    22    0
3    1981-02-22    Carol    23    0
4    1981-04-02    Dora    24    0
5    1981-09-28    bcvdf    25    0
6    1981-05-01    green    26    0
7    1989-09-28    bcvdfx    25    7
8    1991-05-01    fgreen    26    8
drop table if exists t1;
CREATE TABLE t1(
col1 INT NOT NULL,
col2 DATE NOT NULL,
col3 VARCHAR(16) NOT NULL,
col4 INT NOT NULL,
PRIMARY KEY(col1)
);
insert into t1 values(1, '1980-12-17','Abby', 21);
insert into t1 values(2, '1981-02-20','Bob', 22);
insert into t1 values(3, '1981-02-22','Carol', 23);
insert into t1 values(4, '1981-04-02','Dora', 24);
insert into t1 values(5, '1981-09-28','bcvdf', 25);
insert into t1 values(6, '1981-05-01','green', 26);
begin;
alter table t1 add column col5 int default 0;
desc t1;
Field    Type    Null    Key    Default    Extra    Comment
col1    INT(32)    YES    PRI    null        
col2    DATE(0)    YES        null        
col3    VARCHAR(16)    YES        null        
col4    INT(32)    YES        null        
col5    INT(32)    YES        0        
select * from t1;
col1    col2    col3    col4    col5
1    1980-12-17    Abby    21    0
2    1981-02-20    Bob    22    0
3    1981-02-22    Carol    23    0
4    1981-04-02    Dora    24    0
5    1981-09-28    bcvdf    25    0
6    1981-05-01    green    26    0
insert into t1 values(7, '1989-09-28','bcvdfx', 25, 7);
insert into t1 values(8, '1991-05-01','fgreen', 26, 8);
select * from t1;
col1    col2    col3    col4    col5
1    1980-12-17    Abby    21    0
2    1981-02-20    Bob    22    0
3    1981-02-22    Carol    23    0
4    1981-04-02    Dora    24    0
5    1981-09-28    bcvdf    25    0
6    1981-05-01    green    26    0
7    1989-09-28    bcvdfx    25    7
8    1991-05-01    fgreen    26    8
alter table t1 drop column col3;
desc t1;
Field    Type    Null    Key    Default    Extra    Comment
col1    INT(32)    YES    PRI    null        
col2    DATE(0)    YES        null        
col4    INT(32)    YES        null        
col5    INT(32)    YES        0        
select * from t1;
col1    col2    col4    col5
1    1980-12-17    21    0
2    1981-02-20    22    0
3    1981-02-22    23    0
4    1981-04-02    24    0
5    1981-09-28    25    0
6    1981-05-01    26    0
7    1989-09-28    25    7
8    1991-05-01    26    8
show tables;
Tables_in_db7
t1
commit;
desc t1;
Field    Type    Null    Key    Default    Extra    Comment
col1    INT(32)    NO    PRI    null        
col2    DATE(0)    NO        null        
col4    INT(32)    NO        null        
col5    INT(32)    YES        0        
select * from t1;
col1    col2    col4    col5
1    1980-12-17    21    0
2    1981-02-20    22    0
3    1981-02-22    23    0
4    1981-04-02    24    0
5    1981-09-28    25    0
6    1981-05-01    26    0
7    1989-09-28    25    7
8    1991-05-01    26    8
drop table if exists t1;
CREATE TABLE t1(
col1 INT NOT NULL,
col2 DATE NOT NULL,
col3 VARCHAR(16) NOT NULL,
col4 INT NOT NULL,
PRIMARY KEY(col1)
);
insert into t1 values(1, '1980-12-17','Abby', 21);
insert into t1 values(2, '1981-02-20','Bob', 22);
insert into t1 values(3, '1982-02-22','Carol', 23);
insert into t1 values(4, '1983-04-02','Dora', 24);
insert into t1 values(5, '1984-09-28','bcvdf', 25);
insert into t1 values(6, '1985-05-01','green', 26);
begin;
alter table t1 add column col5 int default 0;
desc t1;
Field    Type    Null    Key    Default    Extra    Comment
col1    INT(32)    YES    PRI    null        
col2    DATE(0)    YES        null        
col3    VARCHAR(16)    YES        null        
col4    INT(32)    YES        null        
col5    INT(32)    YES        0        
select * from t1;
col1    col2    col3    col4    col5
1    1980-12-17    Abby    21    0
2    1981-02-20    Bob    22    0
3    1982-02-22    Carol    23    0
4    1983-04-02    Dora    24    0
5    1984-09-28    bcvdf    25    0
6    1985-05-01    green    26    0
insert into t1 values(7, '1989-09-28','bcvdfx', 25, 7);
insert into t1 values(8, '1991-05-01','fgreen', 26, 8);
alter table t1 modify col5 VARCHAR(20);
desc t1;
Field    Type    Null    Key    Default    Extra    Comment
col1    INT(32)    YES    PRI    null        
col2    DATE(0)    YES        null        
col3    VARCHAR(16)    YES        null        
col4    INT(32)    YES        null        
col5    VARCHAR(20)    YES        null        
select * from t1;
col1    col2    col3    col4    col5
1    1980-12-17    Abby    21    0
2    1981-02-20    Bob    22    0
3    1982-02-22    Carol    23    0
4    1983-04-02    Dora    24    0
5    1984-09-28    bcvdf    25    0
6    1985-05-01    green    26    0
7    1989-09-28    bcvdfx    25    7
8    1991-05-01    fgreen    26    8
alter table t1 rename column col3 to colx;
show index from t1;
Table    Non_unique    Key_name    Seq_in_index    Column_name    Collation    Cardinality    Sub_part    Packed    Null    Index_type    Comment    Index_comment    Index_params    Visible    Expression
t1    0    PRIMARY    1    col1    A    0    NULL    NULL    YES                    YES    NULL
desc t1;
Field    Type    Null    Key    Default    Extra    Comment
col1    INT(32)    YES    PRI    null        
col2    DATE(0)    YES        null        
colx    VARCHAR(16)    YES        null        
col4    INT(32)    YES        null        
col5    VARCHAR(20)    YES        null        
select * from t1;
col1    col2    colx    col4    col5
1    1980-12-17    Abby    21    0
2    1981-02-20    Bob    22    0
3    1982-02-22    Carol    23    0
4    1983-04-02    Dora    24    0
5    1984-09-28    bcvdf    25    0
6    1985-05-01    green    26    0
7    1989-09-28    bcvdfx    25    7
8    1991-05-01    fgreen    26    8
commit;
desc t1;
Field    Type    Null    Key    Default    Extra    Comment
col1    INT(32)    NO    PRI    null        
col2    DATE(0)    NO        null        
colx    VARCHAR(16)    NO        null        
col4    INT(32)    NO        null        
col5    VARCHAR(20)    YES        null        
select * from t1;
col1    col2    colx    col4    col5
1    1980-12-17    Abby    21    0
2    1981-02-20    Bob    22    0
3    1982-02-22    Carol    23    0
4    1983-04-02    Dora    24    0
5    1984-09-28    bcvdf    25    0
6    1985-05-01    green    26    0
7    1989-09-28    bcvdfx    25    7
8    1991-05-01    fgreen    26    8
drop table if exists t1;
CREATE TABLE t1(
col1 INT NOT NULL,
col2 DATE NOT NULL,
col3 VARCHAR(16) NOT NULL,
col4 INT NOT NULL,
PRIMARY KEY(col1)
);
insert into t1 values(1, '1980-12-17','Abby', 21);
insert into t1 values(2, '1981-02-20','Bob', 22);
insert into t1 values(3, '1982-02-22','Carol', 23);
insert into t1 values(4, '1983-04-02','Dora', 24);
insert into t1 values(5, '1984-09-28','bcvdf', 25);
insert into t1 values(6, '1985-05-01','green', 26);
begin;
alter table t1 add column col5 int default 0;
desc t1;
Field    Type    Null    Key    Default    Extra    Comment
col1    INT(32)    YES    PRI    null        
col2    DATE(0)    YES        null        
col3    VARCHAR(16)    YES        null        
col4    INT(32)    YES        null        
col5    INT(32)    YES        0        
insert into t1 values(7, '1989-09-28','bcvdfx', 25, 7);
insert into t1 values(8, '1991-05-01','fgreen', 26, 8);
select * from t1;
col1    col2    col3    col4    col5
1    1980-12-17    Abby    21    0
2    1981-02-20    Bob    22    0
3    1982-02-22    Carol    23    0
4    1983-04-02    Dora    24    0
5    1984-09-28    bcvdf    25    0
6    1985-05-01    green    26    0
7    1989-09-28    bcvdfx    25    7
8    1991-05-01    fgreen    26    8
alter table t1 modify col5 VARCHAR(20);
desc t1;
Field    Type    Null    Key    Default    Extra    Comment
col1    INT(32)    YES    PRI    null        
col2    DATE(0)    YES        null        
col3    VARCHAR(16)    YES        null        
col4    INT(32)    YES        null        
col5    VARCHAR(20)    YES        null        
select * from t1;
col1    col2    col3    col4    col5
1    1980-12-17    Abby    21    0
2    1981-02-20    Bob    22    0
3    1982-02-22    Carol    23    0
4    1983-04-02    Dora    24    0
5    1984-09-28    bcvdf    25    0
6    1985-05-01    green    26    0
7    1989-09-28    bcvdfx    25    7
8    1991-05-01    fgreen    26    8
alter table t1 change col2 colx datetime;
show index from t1;
Table    Non_unique    Key_name    Seq_in_index    Column_name    Collation    Cardinality    Sub_part    Packed    Null    Index_type    Comment    Index_comment    Index_params    Visible    Expression
t1    0    PRIMARY    1    col1    A    0    NULL    NULL    YES                    YES    NULL
desc t1;
Field    Type    Null    Key    Default    Extra    Comment
col1    INT(32)    YES    PRI    null        
colx    DATETIME(0)    YES        null        
col3    VARCHAR(16)    YES        null        
col4    INT(32)    YES        null        
col5    VARCHAR(20)    YES        null        
select * from t1;
col1    colx    col3    col4    col5
1    1980-12-17 00:00:00    Abby    21    0
2    1981-02-20 00:00:00    Bob    22    0
3    1982-02-22 00:00:00    Carol    23    0
4    1983-04-02 00:00:00    Dora    24    0
5    1984-09-28 00:00:00    bcvdf    25    0
6    1985-05-01 00:00:00    green    26    0
7    1989-09-28 00:00:00    bcvdfx    25    7
8    1991-05-01 00:00:00    fgreen    26    8
commit;
desc t1;
Field    Type    Null    Key    Default    Extra    Comment
col1    INT(32)    NO    PRI    null        
colx    DATETIME(0)    YES        null        
col3    VARCHAR(16)    NO        null        
col4    INT(32)    NO        null        
col5    VARCHAR(20)    YES        null        
select * from t1;
col1    colx    col3    col4    col5
1    1980-12-17 00:00:00    Abby    21    0
2    1981-02-20 00:00:00    Bob    22    0
3    1982-02-22 00:00:00    Carol    23    0
4    1983-04-02 00:00:00    Dora    24    0
5    1984-09-28 00:00:00    bcvdf    25    0
6    1985-05-01 00:00:00    green    26    0
7    1989-09-28 00:00:00    bcvdfx    25    7
8    1991-05-01 00:00:00    fgreen    26    8
drop database db7;
