drop table if exists test_11;
create table test_11 (c int primary key,d int);
Insert into test_11 values(1,1);
Insert into test_11 values(2,2);
begin;
Insert into test_11 values(3,1);
Insert into test_11 values(4,2);
select * from test_11;
c    d
3    1
4    2
1    1
2    2
use isolation;
select * from test_11;
c    d
1    1
2    2
commit;
select * from test_11;
c    d
1    1
2    2
3    1
4    2
select * from test_11;
c    d
1    1
2    2
3    1
4    2
drop table if exists test_11;
create table test_11 (c int primary key,d int);
Insert into test_11 values(1,1);
Insert into test_11 values(2,2);
begin;
Insert into test_11 values(3,1);
Insert into test_11 values(4,2);
select * from test_11;
c    d
3    1
4    2
1    1
2    2
select * from test_11;
c    d
1    1
2    2
delete from test_11 where c =1;
select * from test_11;
c    d
3    1
4    2
2    2
select * from test_11;
c    d
1    1
2    2
update test_11 set d = c +1 where c > 2;
select * from test_11;
c    d
3    4
4    5
2    2
select * from test_11;
c    d
1    1
2    2
commit;
select * from test_11;
c    d
2    2
3    4
4    5
select * from test_11;
c    d
2    2
3    4
4    5
drop table if exists test_11;
begin;
create table test_11 (c int primary key,d int);
Insert into test_11 values(1,1);
Insert into test_11 values(2,2);
select * from test_11;
c    d
1    1
2    2
select * from test_11;
SQL parser error: table "test_11" does not exist
commit;
select * from test_11;
c    d
1    1
2    2
select * from test_11;
c    d
1    1
2    2
drop table if exists test_11;
begin;
create table test_11 (c int primary key,d int);
Insert into test_11 values(1,1);
Insert into test_11 values(2,2);
select * from test_11;
c    d
1    1
2    2
delete from test_11 where c = 1;
no such table isolation.test_11
select * from test_11;
SQL parser error: table "test_11" does not exist
Insert into test_11 values(1,1);
Duplicate entry '1' for key 'c'
Previous DML conflicts with existing constraints or data format. This transaction has to be aborted
select * from test_11;
SQL parser error: table "test_11" does not exist
commit;
select * from test_11;
SQL parser error: table "test_11" does not exist
select * from test_11;
SQL parser error: table "test_11" does not exist
drop table if exists test_11;
create table test_11 (c int primary key,d int);
Insert into test_11 values(1,1);
Insert into test_11 values(2,2);
begin;
Insert into test_11 values(3,1);
Insert into test_11 values(4,2);
select * from test_11;
c    d
3    1
4    2
1    1
2    2
select * from test_11;
c    d
1    1
2    2
Insert into test_11 values(5,4);
select * from test_11;
c    d
1    1
2    2
5    4
select * from test_11;
c    d
3    1
4    2
1    1
2    2
5    4
Insert into test_11 values(50,50);
Insert into test_11 values(50,50);
Duplicate entry '50' for key 'c'
select * from test_11;
c    d
1    1
2    2
5    4
3    1
4    2
50    50
select * from test_11;
c    d
1    1
2    2
5    4
3    1
4    2
50    50
commit;
select * from test_11;
c    d
1    1
2    2
5    4
3    1
4    2
50    50
select * from test_11;
c    d
1    1
2    2
5    4
3    1
4    2
50    50
drop table if exists test_11;
create table test_11 (c int primary key,d int);
Insert into test_11 values(1,1);
Insert into test_11 values(2,2);
begin;
select * from test_11;
c    d
1    1
2    2
select * from test_11;
c    d
1    1
2    2
Insert into test_11 values(50,50);
select * from test_11;
c    d
1    1
2    2
50    50
Insert into test_11 values(50,50);
Duplicate entry '50' for key 'c'
Previous DML conflicts with existing constraints or data format. This transaction has to be aborted
select * from test_11;
c    d
50    50
1    1
2    2
commit;
select * from test_11;
c    d
1    1
2    2
50    50
select * from test_11;
c    d
1    1
2    2
50    50
drop table if exists test_11;
create table test_11 (c int primary key,d int);
Insert into test_11 values(1,1);
Insert into test_11 values(2,2);
begin;
select * from test_11;
c    d
1    1
2    2
Insert into test_11 values(50,50);
select * from test_11;
c    d
50    50
1    1
2    2
select * from test_11;
c    d
1    1
2    2
Insert into test_11 values(50,50);
Duplicate entry '50' for key 'c'
select * from test_11;
c    d
1    1
2    2
50    50
select * from test_11;
c    d
50    50
1    1
2    2
select * from test_11;
c    d
1    1
2    2
50    50
delete from test_11 where c = 50;
select * from test_11;
c    d
1    1
2    2
select * from test_11;
c    d
1    1
2    2
commit;
select * from test_11;
c    d
1    1
2    2
select * from test_11;
c    d
1    1
2    2
drop table if exists test_11;
create table test_11 (c int primary key,d int);
Insert into test_11 values(1,1);
Insert into test_11 values(2,2);
begin;
select * from test_11;
c    d
1    1
2    2
Insert into test_11 values(50,50);
select * from test_11;
c    d
50    50
1    1
2    2
select * from test_11;
c    d
1    1
2    2
Insert into test_11 values(50,50);
Duplicate entry '50' for key 'c'
select * from test_11;
c    d
1    1
2    2
50    50
select * from test_11;
c    d
50    50
1    1
2    2
select * from test_11;
c    d
1    1
2    2
50    50
update test_11 set c = 100 where d = 50;
select * from test_11;
c    d
1    1
2    2
100    50
select * from test_11;
c    d
1    1
2    2
100    50
Insert into test_11 values(100,50);
Duplicate entry '100' for key 'c'
commit;
select * from test_11;
c    d
1    1
2    2
100    50
select * from test_11;
c    d
1    1
2    2
100    50
drop table if exists test_11;
create table test_11 (c int primary key,d int);
Insert into test_11 values(1,1);
Insert into test_11 values(2,2);
begin;
select * from test_11;
c    d
1    1
2    2
Insert into test_11 values(50,50);
select * from test_11;
c    d
50    50
1    1
2    2
select * from test_11;
c    d
1    1
2    2
Insert into test_11 values(50,50);
Duplicate entry '50' for key 'c'
select * from test_11;
c    d
1    1
2    2
50    50
select * from test_11;
c    d
50    50
1    1
2    2
select * from test_11;
c    d
1    1
2    2
50    50
update test_11 set c = 100 where d = 50;
select * from test_11;
c    d
1    1
2    2
100    50
select * from test_11;
c    d
1    1
2    2
100    50
update test_11 set c = 101 where c = 50;
commit;
select * from test_11;
c    d
1    1
2    2
100    50
select * from test_11;
c    d
1    1
2    2
100    50
drop table if exists test_11;
create table test_11 (c int primary key,d int);
Insert into test_11 values(1,1);
Insert into test_11 values(2,2);
begin;
select * from test_11;
c    d
1    1
2    2
Insert into test_11 values(50,50);
select * from test_11;
c    d
50    50
1    1
2    2
select * from test_11;
c    d
1    1
2    2
Insert into test_11 values(50,50);
Duplicate entry '50' for key 'c'
select * from test_11;
c    d
1    1
2    2
50    50
select * from test_11;
c    d
50    50
1    1
2    2
select * from test_11;
c    d
1    1
2    2
50    50
update test_11 set c = 100 where d = 50;
select * from test_11;
c    d
1    1
2    2
100    50
select * from test_11;
c    d
1    1
2    2
100    50
update test_11 set c = 100 where d = 50;
commit;
select * from test_11;
c    d
1    1
2    2
100    50
select * from test_11;
c    d
1    1
2    2
100    50
drop table if exists test_11;
begin;
create table test_11 (c int primary key,d int);
Insert into test_11 values(1,1);
Insert into test_11 values(2,2);
select * from test_11;
c    d
1    1
2    2
select * from test_11;
SQL parser error: table "test_11" does not exist
commit;
select * from test_11;
c    d
1    1
2    2
select * from test_11;
c    d
1    1
2    2
drop table if exists test_11;
create table test_11 (c int primary key,d int);
Insert into test_11 values(1,1);
Insert into test_11 values(2,2);
select * from test_11;
c    d
1    1
2    2
select * from test_11;
c    d
1    1
2    2
begin;
drop table test_11;
select * from test_11;
SQL parser error: table "test_11" does not exist
Previous DML conflicts with existing constraints or data format. This transaction has to be aborted
select * from test_11;
c    d
1    1
2    2
commit;
select * from test_11;
c    d
1    1
2    2
select * from test_11;
c    d
1    1
2    2
drop table if exists test_11;
begin;
create table test_11 (c int primary key,d int);
Insert into test_11 values(1,1);
Insert into test_11 values(2,2);
select * from test_11;
c    d
1    1
2    2
select * from test_11;
SQL parser error: table "test_11" does not exist
select * from test_11;
c    d
1    1
2    2
select * from test_11;
SQL parser error: table "test_11" does not exist
commit;
select * from test_11;
c    d
1    1
2    2
select * from test_11;
c    d
1    1
2    2
drop table if exists test_11;
drop table if exists t1;
create table t1 (a int not null, b int);
insert into t1 values (1, 1);
begin;
select * from t1;
a    b
1    1
update t1 set a=null where b=1;
constraint violation: Column 'a' cannot be null
Previous DML conflicts with existing constraints or data format. This transaction has to be aborted
select * from t1;
a    b
1    1
commit;
drop table if exists t1;
drop table if exists rename01;
[unknown result because it is related to issue#11279]
create table rename01 (c int primary key,d int);
[unknown result because it is related to issue#11279]
insert into rename01 values(1,1);
[unknown result because it is related to issue#11279]
insert into rename01 values(2,2);
[unknown result because it is related to issue#11279]
begin;
[unknown result because it is related to issue#11279]
insert into rename01 values(3,1);
[unknown result because it is related to issue#11279]
insert into rename01 values(4,2);
[unknown result because it is related to issue#11279]
alter table rename01 rename column c to `newCCCC`;
[unknown result because it is related to issue#11279]
select * from rename01;
[unknown result because it is related to issue#11279]
use isolation;
[unknown result because it is related to issue#11279]
insert into rename01 (c, d) values (5,7);
[unknown result because it is related to issue#11279]
insert into rename01 (newCCCC, d) values (5,7);
[unknown result because it is related to issue#11279]
select * from rename01;
[unknown result because it is related to issue#11279]
select * from rename01;
[unknown result because it is related to issue#11279]
drop table rename01;
[unknown result because it is related to issue#11279]

