drop account if exists acc01;
create account acc01 admin_name = 'test_account' identified by '111';
drop account if exists acc02;
create account acc02 admin_name = 'test_account' identified by '111';
drop account if exists acc03;
create account acc03 admin_name = 'test_account' identified by '111';
drop account if exists acc04;
create account acc04 admin_name = 'test_account' identified by '111';
drop database if exists db01;
create database db01;
use db01;
drop table if exists index03;
create table index03 (
emp_no      int             not null,
birth_date  date            not null,
first_name  varchar(14)     not null,
last_name   varchar(16)     not null,
gender      varchar(5)      not null,
hire_date   date            not null,
primary key (emp_no)
) partition by range columns (emp_no)(
partition p01 values less than (100001),
partition p02 values less than (200001),
partition p03 values less than (300001),
partition p04 values less than (400001)
);
insert into index03 values (9001,'1980-12-17', 'SMITH', 'CLERK', 'F', '2008-12-17'),
(9002,'1981-02-20', 'ALLEN', 'SALESMAN', 'F', '2008-02-20'),
(9003,'1991-02-20', 'Bob', 'TEACHER', 'M', '2008-02-20'),
(9004,'1999-02-20', 'MARY', 'PROGRAMMER', 'M', '2008-02-20');
select * from index03;
â¤ emp_no[4,32,0]  Â¦  birth_date[91,64,0]  Â¦  first_name[12,-1,0]  Â¦  last_name[12,-1,0]  Â¦  gender[12,-1,0]  Â¦  hire_date[91,64,0]  ğ„€
9001  Â¦  1980-12-17  Â¦  SMITH  Â¦  CLERK  Â¦  F  Â¦  2008-12-17  ğ„€
9002  Â¦  1981-02-20  Â¦  ALLEN  Â¦  SALESMAN  Â¦  F  Â¦  2008-02-20  ğ„€
9003  Â¦  1991-02-20  Â¦  Bob  Â¦  TEACHER  Â¦  M  Â¦  2008-02-20  ğ„€
9004  Â¦  1999-02-20  Â¦  MARY  Â¦  PROGRAMMER  Â¦  M  Â¦  2008-02-20
drop database if exists db02;
create database db02;
use db02;
drop table if exists departments;
create table departments (
department_id INT primary key auto_increment,
department_name varchar(100)
);
show create table departments;
â¤ Table[12,-1,0]  Â¦  Create Table[12,-1,0]  ğ„€
departments  Â¦  CREATE TABLE `departments` (
  `department_id` int NOT NULL AUTO_INCREMENT,
  `department_name` varchar(100) DEFAULT NULL,
  PRIMARY KEY (`department_id`)
)
insert into departments (department_id, department_name)
values (1, 'HR'),(2, 'Engineering');
drop table if exists employees;
create table employees (
employee_id INT primary key,
first_name varchar(50),
last_name varchar(50),
department_id INT,
FOREIGN KEY (department_id) REFERENCES departments(department_id)
);
insert into employees values
(1, 'John', 'Doe', 1),
(2, 'Jane', 'Smith', 2),
(3, 'Bob', 'Johnson', 1);
drop view if exists employee_view;
create view employee_view as select employee_id, first_name, last_name, department_id from employees;
drop view if exists department_view;
create view department_view as select department_id, department_name from departments;
drop view if exists employee_with_department_view;
create view employee_with_department_view as
select e.employee_id, e.first_name, e.last_name, d.department_name
from employee_view e JOIN department_view d ON e.department_id = d.department_id;
select * from employee_view;
â¤ employee_id[4,32,0]  Â¦  first_name[12,-1,0]  Â¦  last_name[12,-1,0]  Â¦  department_id[4,32,0]  ğ„€
1  Â¦  John  Â¦  Doe  Â¦  1  ğ„€
2  Â¦  Jane  Â¦  Smith  Â¦  2  ğ„€
3  Â¦  Bob  Â¦  Johnson  Â¦  1
select * from department_view;
â¤ department_id[4,32,0]  Â¦  department_name[12,-1,0]  ğ„€
1  Â¦  HR  ğ„€
2  Â¦  Engineering
select * from employee_with_department_view;
â¤ employee_id[4,32,0]  Â¦  first_name[12,-1,0]  Â¦  last_name[12,-1,0]  Â¦  department_name[12,-1,0]  ğ„€
1  Â¦  John  Â¦  Doe  Â¦  HR  ğ„€
2  Â¦  Jane  Â¦  Smith  Â¦  Engineering  ğ„€
3  Â¦  Bob  Â¦  Johnson  Â¦  HR
drop database if exists db03;
create database db03;
use db03;
drop table if exists pri01;
create table pri01(
deptno int unsigned comment 'éƒ¨é—¨ç¼–å·',
dname varchar(15) comment 'éƒ¨é—¨åç§°',
loc varchar(50)  comment 'éƒ¨é—¨æ‰€åœ¨ä½ç½®',
primary key(deptno)
) comment='éƒ¨é—¨è¡¨';
insert into pri01 values (10,'ACCOUNTING','NEW YORK');
insert into pri01 values (20,'RESEARCH','DALLAS');
insert into pri01 values (30,'SALES','CHICAGO');
insert into pri01 values (40,'OPERATIONS','BOSTON');
drop table if exists aff01;
create table aff01(
empno int unsigned auto_increment COMMENT 'é›‡å‘˜ç¼–å·',
ename varchar(15) comment 'é›‡å‘˜å§“å',
job varchar(10) comment 'é›‡å‘˜èŒä½',
mgr int unsigned comment 'é›‡å‘˜å¯¹åº”çš„é¢†å¯¼çš„ç¼–å·',
hiredate date comment 'é›‡å‘˜çš„é›‡ä½£æ—¥æœŸ',
sal decimal(7,2) comment 'é›‡å‘˜çš„åŸºæœ¬å·¥èµ„',
comm decimal(7,2) comment 'å¥–é‡‘',
deptno int unsigned comment 'æ‰€åœ¨éƒ¨é—¨',
primary key(empno),
constraint `c1` foreign key (deptno) references pri01 (deptno)
);
insert into aff01 values (7369,'SMITH','CLERK',7902,'1980-12-17',800,NULL,20);
insert into aff01 values (7499,'ALLEN','SALESMAN',7698,'1981-02-20',1600,300,30);
insert into aff01 values (7521,'WARD','SALESMAN',7698,'1981-02-22',1250,500,30);
insert into aff01 values (7566,'JONES','MANAGER',7839,'1981-04-02',2975,NULL,20);
insert into aff01 values (7654,'MARTIN','SALESMAN',7698,'1981-09-28',1250,1400,30);
insert into aff01 values (7698,'BLAKE','MANAGER',7839,'1981-05-01',2850,NULL,30);
insert into aff01 values (7782,'CLARK','MANAGER',7839,'1981-06-09',2450,NULL,10);
insert into aff01 values (7788,'SCOTT','ANALYST',7566,'0087-07-13',3000,NULL,20);
insert into aff01 values (7839,'KING','PRESIDENT',NULL,'1981-11-17',5000,NULL,10);
insert into aff01 values (7844,'TURNER','SALESMAN',7698,'1981-09-08',1500,0,30);
insert into aff01 values (7876,'ADAMS','CLERK',7788,'0087-07-13',1100,NULL,20);
insert into aff01 values (7900,'JAMES','CLERK',7698,'1981-12-03',950,NULL,30);
insert into aff01 values (7902,'FORD','ANALYST',7566,'1981-12-03',3000,NULL,20);
insert into aff01 values (7934,'MILLER','CLERK',7782,'1982-01-23',1300,NULL,10);
select count(*) from pri01;
â¤ count(*)[-5,64,0]  ğ„€
4
select count(*) from aff01;
â¤ count(*)[-5,64,0]  ğ„€
14
show create table pri01;
â¤ Table[12,-1,0]  Â¦  Create Table[12,-1,0]  ğ„€
pri01  Â¦  CREATE TABLE `pri01` (
  `deptno` int unsigned NOT NULL COMMENT 'éƒ¨é—¨ç¼–å·',
  `dname` varchar(15) DEFAULT NULL COMMENT 'éƒ¨é—¨åç§°',
  `loc` varchar(50) DEFAULT NULL COMMENT 'éƒ¨é—¨æ‰€åœ¨ä½ç½®',
  PRIMARY KEY (`deptno`)
) COMMENT='éƒ¨é—¨è¡¨'
show create table aff01;
â¤ Table[12,-1,0]  Â¦  Create Table[12,-1,0]  ğ„€
aff01  Â¦  CREATE TABLE `aff01` (
  `empno` int unsigned NOT NULL AUTO_INCREMENT COMMENT 'é›‡å‘˜ç¼–å·',
  `ename` varchar(15) DEFAULT NULL COMMENT 'é›‡å‘˜å§“å',
  `job` varchar(10) DEFAULT NULL COMMENT 'é›‡å‘˜èŒä½',
  `mgr` int unsigned DEFAULT NULL COMMENT 'é›‡å‘˜å¯¹åº”çš„é¢†å¯¼çš„ç¼–å·',
  `hiredate` date DEFAULT NULL COMMENT 'é›‡å‘˜çš„é›‡ä½£æ—¥æœŸ',
  `sal` decimal(7,2) DEFAULT NULL COMMENT 'é›‡å‘˜çš„åŸºæœ¬å·¥èµ„',
  `comm` decimal(7,2) DEFAULT NULL COMMENT 'å¥–é‡‘',
  `deptno` int unsigned DEFAULT NULL COMMENT 'æ‰€åœ¨éƒ¨é—¨',
  PRIMARY KEY (`empno`),
  CONSTRAINT `c1` FOREIGN KEY (`deptno`) REFERENCES `pri01` (`deptno`) ON DELETE RESTRICT ON UPDATE RESTRICT
)
use mo_catalog;
drop table if exists t1;
create cluster table t1(a int);
insert into t1 values (1,6),(2,6),(3,6);
drop database if exists t1;
create database t1;
use t1;
drop table if exists departments;
create table IF NOT EXISTS departments (
department_id INT AUTO_INCREMENT primary key,
department_name varchar(255) NOT NULL,
INDEX idx_department_name (department_name)
);
INSERT INTO departments (department_name) values ('HR'), ('Engineering'), ('Sales');
INSERT INTO departments (department_name) values ('PR'), ('Engineering'), ('Sales');
drop table if exists employees;
create table IF NOT EXISTS employees (
employee_id INT AUTO_INCREMENT primary key,
first_name varchar(255) NOT NULL,
last_name varchar(255) NOT NULL,
email varchar(255),
department_id INT,
INDEX idx_email (email),
foreign key (department_id) references departments(department_id)
);
insert into employees (first_name, last_name, email, department_id) values
('John', 'Doe', 'john.doe@company.com', 1),
('Jane', 'Smith', 'jane.smith@company.com', 2);
drop database if exists repub02;
create database repub02;
use repub02;
drop table if exists pri01;
create table pri01(
deptno int unsigned comment 'éƒ¨é—¨ç¼–å·',
dname varchar(15) comment 'éƒ¨é—¨åç§°',
loc varchar(50)  comment 'éƒ¨é—¨æ‰€åœ¨ä½ç½®',
primary key(deptno)
) comment='éƒ¨é—¨è¡¨';
insert into pri01 values (10,'ACCOUNTING','NEW YORK');
insert into pri01 values (20,'RESEARCH','DALLAS');
insert into pri01 values (30,'SALES','CHICAGO');
insert into pri01 values (40,'OPERATIONS','BOSTON');
drop table if exists aff01;
create table aff01(
empno int unsigned auto_increment COMMENT 'é›‡å‘˜ç¼–å·',
ename varchar(15) comment 'é›‡å‘˜å§“å',
job varchar(10) comment 'é›‡å‘˜èŒä½',
mgr int unsigned comment 'é›‡å‘˜å¯¹åº”çš„é¢†å¯¼çš„ç¼–å·',
hiredate date comment 'é›‡å‘˜çš„é›‡ä½£æ—¥æœŸ',
sal decimal(7,2) comment 'é›‡å‘˜çš„åŸºæœ¬å·¥èµ„',
comm decimal(7,2) comment 'å¥–é‡‘',
deptno int unsigned comment 'æ‰€åœ¨éƒ¨é—¨',
primary key(empno),
constraint `c1` foreign key (deptno) references pri01 (deptno)
);
insert into aff01 values (7369,'SMITH','CLERK',7902,'1980-12-17',800,NULL,20);
insert into aff01 values (7499,'ALLEN','SALESMAN',7698,'1981-02-20',1600,300,30);
insert into aff01 values (7521,'WARD','SALESMAN',7698,'1981-02-22',1250,500,30);
insert into aff01 values (7566,'JONES','MANAGER',7839,'1981-04-02',2975,NULL,20);
insert into aff01 values (7654,'MARTIN','SALESMAN',7698,'1981-09-28',1250,1400,30);
drop publication if exists pub02;
create publication pub02 database repub02 account acc02 comment 'publish before creating snapshot';
show publications;
â¤ publication[12,0,0]  Â¦  database[12,0,0]  Â¦  tables[1111,0,0]  Â¦  sub_account[1111,0,0]  Â¦  subscribed_accounts[1111,0,0]  Â¦  create_time[93,0,0]  Â¦  update_time[93,0,0]  Â¦  comments[1111,0,0]  ğ„€
pub02  Â¦  repub02  Â¦  *  Â¦  acc02  Â¦    Â¦  2026-01-24 11:47:47  Â¦  null  Â¦  publish before creating snapshot
select * from mo_catalog.mo_pubs;
SQL parser error: table "mo_pubs" does not exist
drop database if exists procedure_test;
create database procedure_test;
use procedure_test;
drop table if exists tbh1;
drop table if exists tbh2;
drop table if exists tbh2;
create table tbh1(id int primary key, val int);
create table tbh2(id int primary key, val char);
create table tbh3(id int primary key, val float);
insert into tbh1(id, val) values(1,10),(2,20),(3,30);
insert into tbh2(id, val) values(1,'a'),(2,'b'),(3,'c');
insert into tbh3(id, val) values(1,1.5),(2,2.5),(3,3.5);
drop procedure if exists test_if_hit_elseif_first_elseif;
create procedure test_if_hit_elseif_first_elseif() 'begin DECLARE v1 INT; SET v1 = 5; IF v1 > 5 THEN select * from tbh1; ELSEIF v1 = 5 THEN select * from tbh2; ELSEIF v1 = 4 THEN select * from tbh2 limit 1; ELSE select * from tbh3; END IF; end';
call test_if_hit_elseif_first_elseif();
â¤ id[4,32,0]  Â¦  val[1,1,0]  ğ„€
1  Â¦  a  ğ„€
2  Â¦  b  ğ„€
3  Â¦  c
drop procedure if exists test_if_hit_if;
create procedure test_if_hit_if() 'begin DECLARE v1 INT; SET v1 = 5; IF v1 > 5 THEN select * from tbh1; ELSEIF v1 = 5 THEN select * from tbh2; ELSEIF v1 = 4 THEN select * from tbh2 limit 1; ELSE select * from tbh3; END IF; end';
call test_if_hit_if();
â¤ id[4,32,0]  Â¦  val[1,1,0]  ğ„€
1  Â¦  a  ğ„€
2  Â¦  b  ğ„€
3  Â¦  c
select * from mo_catalog.mo_stored_procedure;
â¤ proc_id[4,32,0]  Â¦  name[12,-1,0]  Â¦  creator[4,32,0]  Â¦  args[12,0,0]  Â¦  lang[12,0,0]  Â¦  body[12,0,0]  Â¦  db[12,-1,0]  Â¦  definer[12,-1,0]  Â¦  modified_time[93,64,0]  Â¦  created_time[93,64,0]  Â¦  type[12,-1,0]  Â¦  security_type[12,-1,0]  Â¦  comment[12,-1,0]  Â¦  character_set_client[12,-1,0]  Â¦  collation_connection[12,-1,0]  Â¦  database_collation[12,-1,0]  ğ„€
1  Â¦  test_if_hit_elseif_first_elseif  Â¦  null  Â¦  []  Â¦  sql  Â¦  begin DECLARE v1 INT; SET v1 = 5; IF v1 > 5 THEN select * from tbh1; ELSEIF v1 = 5 THEN select * from tbh2; ELSEIF v1 = 4 THEN select * from tbh2 limit 1; ELSE select * from tbh3; END IF; end  Â¦  procedure_test  Â¦  test_account  Â¦  2026-01-24 03:47:47  Â¦  2026-01-24 03:47:47  Â¦  PROCEDURE  Â¦  DEFINER  Â¦    Â¦  utf8mb4  Â¦  utf8mb4_0900_ai_ci  Â¦  utf8mb4_0900_ai_ci  ğ„€
2  Â¦  test_if_hit_if  Â¦  null  Â¦  []  Â¦  sql  Â¦  begin DECLARE v1 INT; SET v1 = 5; IF v1 > 5 THEN select * from tbh1; ELSEIF v1 = 5 THEN select * from tbh2; ELSEIF v1 = 4 THEN select * from tbh2 limit 1; ELSE select * from tbh3; END IF; end  Â¦  procedure_test  Â¦  test_account  Â¦  2026-01-24 03:47:47  Â¦  2026-01-24 03:47:47  Â¦  PROCEDURE  Â¦  DEFINER  Â¦    Â¦  utf8mb4  Â¦  utf8mb4_0900_ai_ci  Â¦  utf8mb4_0900_ai_ci
drop database if exists sub01;
create database sub01 from acc01 publication pub02;
show databases;
â¤ Database[12,-1,0]  ğ„€
information_schema  ğ„€
mo_catalog  ğ„€
mysql  ğ„€
sub01  ğ„€
system  ğ„€
system_metrics
use sub01;
show tables;
â¤ Tables_in_sub01[12,-1,0]  ğ„€
aff01  ğ„€
pri01
select * from pri01;
â¤ deptno[4,32,0]  Â¦  dname[12,-1,0]  Â¦  loc[12,-1,0]  ğ„€
10  Â¦  ACCOUNTING  Â¦  NEW YORK  ğ„€
20  Â¦  RESEARCH  Â¦  DALLAS  ğ„€
30  Â¦  SALES  Â¦  CHICAGO  ğ„€
40  Â¦  OPERATIONS  Â¦  BOSTON
select * from aff01;
â¤ empno[4,32,0]  Â¦  ename[12,-1,0]  Â¦  job[12,-1,0]  Â¦  mgr[4,32,0]  Â¦  hiredate[91,64,0]  Â¦  sal[3,7,2]  Â¦  comm[3,7,2]  Â¦  deptno[4,32,0]  ğ„€
7369  Â¦  SMITH  Â¦  CLERK  Â¦  7902  Â¦  1980-12-17  Â¦  800.00  Â¦  null  Â¦  20  ğ„€
7499  Â¦  ALLEN  Â¦  SALESMAN  Â¦  7698  Â¦  1981-02-20  Â¦  1600.00  Â¦  300.00  Â¦  30  ğ„€
7521  Â¦  WARD  Â¦  SALESMAN  Â¦  7698  Â¦  1981-02-22  Â¦  1250.00  Â¦  500.00  Â¦  30  ğ„€
7566  Â¦  JONES  Â¦  MANAGER  Â¦  7839  Â¦  1981-04-02  Â¦  2975.00  Â¦  null  Â¦  20  ğ„€
7654  Â¦  MARTIN  Â¦  SALESMAN  Â¦  7698  Â¦  1981-09-28  Â¦  1250.00  Â¦  1400.00  Â¦  30
drop database if exists udf_db2;
create database udf_db2;
use udf_db2;
create function `addAB`(x int, y int) returns int
language sql as
'$1 + $2';
select * from mo_catalog.mo_user_defined_function;
â¤ function_id[4,32,0]  Â¦  name[12,-1,0]  Â¦  owner[4,32,0]  Â¦  args[-1,2147483647,0]  Â¦  rettype[12,-1,0]  Â¦  body[12,0,0]  Â¦  language[12,-1,0]  Â¦  db[12,-1,0]  Â¦  definer[12,-1,0]  Â¦  modified_time[93,64,0]  Â¦  created_time[93,64,0]  Â¦  type[12,-1,0]  Â¦  security_type[12,-1,0]  Â¦  comment[12,-1,0]  Â¦  character_set_client[12,-1,0]  Â¦  collation_connection[12,-1,0]  Â¦  database_collation[12,-1,0]  ğ„€
1  Â¦  addab  Â¦  2  Â¦  [{"name": "x", "type": "int"}, {"name": "y", "type": "int"}]  Â¦  int  Â¦  $1 + $2  Â¦  sql  Â¦  udf_db2  Â¦  test_account  Â¦  2026-01-24 03:47:48  Â¦  2026-01-24 03:47:48  Â¦  FUNCTION  Â¦  DEFINER  Â¦    Â¦  utf8mb4  Â¦  utf8mb4_0900_ai_ci  Â¦  utf8mb4_0900_ai_ci
drop stage if exists my_ext_stage;
create stage my_ext_stage URL='s3://load/files/';
drop stage if exists my_ext_stage1;
create stage my_ext_stage1 URL='s3://load/files/' CREDENTIALS={'AWS_KEY_ID'='1a2b3c' ,'AWS_SECRET_KEY'='4x5y6z'};
select * from mo_catalog.mo_stages;
â¤ stage_id[4,32,0]  Â¦  stage_name[12,-1,0]  Â¦  url[12,0,0]  Â¦  stage_credentials[12,0,0]  Â¦  stage_status[12,-1,0]  Â¦  created_time[93,64,0]  Â¦  comment[12,0,0]  ğ„€
1  Â¦  my_ext_stage  Â¦  s3://load/files/  Â¦    Â¦  in_use  Â¦  2026-01-24 03:47:48  Â¦    ğ„€
2  Â¦  my_ext_stage1  Â¦  s3://load/files/  Â¦  AWS_KEY_ID=1a2b3c,AWS_SECRET_KEY=4x5y6z  Â¦  in_use  Â¦  2026-01-24 03:47:48  Â¦  
drop database if exists test01;
drop database if exists test02;
drop database if exists test03;
create database test01;
create database test02;
create database test03;
use test01;
drop table if exists sales;
create table sales (
id INT NOT NULL,
sale_date DATE NOT NULL,
amount DECIMAL(10, 2) NOT NULL,
PRIMARY KEY (id, sale_date)
) partition BY RANGE ( YEAR(sale_date) ) (
partition p0 values LESS THAN (2019),
partition p1 values LESS THAN (2020),
partition p2 values LESS THAN (2021),
partition p3 values LESS THAN (2022)
);
INSERT INTO sales (id, sale_date, amount) values
(1, '2018-12-25', 100.00),
(2, '2019-05-15', 200.00),
(3, '2020-07-22', 150.00),
(4, '2021-08-01', 300.00);
use test02;
create view v01 as select * from test01.sales;
show create view v01;
â¤ View[12,-1,0]  Â¦  Create View[12,-1,0]  Â¦  character_set_client[12,-1,0]  Â¦  collation_connection[12,-1,0]  ğ„€
v01  Â¦  create view v01 as select * from test01.sales;  Â¦  utf8mb4  Â¦  utf8mb4_general_ci
select * from v01;
â¤ id[4,32,0]  Â¦  sale_date[91,64,0]  Â¦  amount[3,10,2]  ğ„€
1  Â¦  2018-12-25  Â¦  100.00  ğ„€
2  Â¦  2019-05-15  Â¦  200.00  ğ„€
3  Â¦  2020-07-22  Â¦  150.00  ğ„€
4  Â¦  2021-08-01  Â¦  300.00
use test03;
create view v02 as select * from test02.v01;
show create view v02;
â¤ View[12,-1,0]  Â¦  Create View[12,-1,0]  Â¦  character_set_client[12,-1,0]  Â¦  collation_connection[12,-1,0]  ğ„€
v02  Â¦  create view v02 as select * from test02.v01;  Â¦  utf8mb4  Â¦  utf8mb4_general_ci
select * from v02;
â¤ id[4,32,0]  Â¦  sale_date[91,64,0]  Â¦  amount[3,10,2]  ğ„€
1  Â¦  2018-12-25  Â¦  100.00  ğ„€
2  Â¦  2019-05-15  Â¦  200.00  ğ„€
3  Â¦  2020-07-22  Â¦  150.00  ğ„€
4  Â¦  2021-08-01  Â¦  300.00
drop database if exists udf_db;
create database udf_db;
use udf_db;
select name, db from mo_catalog.mo_user_defined_function;
â¤ name[12,-1,0]  Â¦  db[12,-1,0]
create function `addab`(x int, y int) returns int
language sql as
'$1 + $2';
select addab(10, 5);
â¤ addab(10, 5)[-5,64,0]  ğ„€
15
select name, db from mo_catalog.mo_user_defined_function;
â¤ name[12,-1,0]  Â¦  db[12,-1,0]  ğ„€
addab  Â¦  udf_db
drop database if exists udf_db2;
create database udf_db2;
use udf_db2;
create function `subab`(x int, y int) returns int
language sql as
'$1 - $2';
select subab(10, 5);
â¤ subab(10, 5)[-5,64,0]  ğ„€
5
select name, db from mo_catalog.mo_user_defined_function;
â¤ name[12,-1,0]  Â¦  db[12,-1,0]  ğ„€
addab  Â¦  udf_db  ğ„€
subab  Â¦  udf_db2
drop user if exists userx;
create user userx identified by '111';
drop user if exists usery;
create user usery identified by '222';
select user_name, authentication_string, status, login_type, creator, owner, default_role from mo_catalog.mo_user;
â¤ user_name[12,-1,0]  Â¦  authentication_string[12,-1,0]  Â¦  status[12,-1,0]  Â¦  login_type[12,-1,0]  Â¦  creator[4,32,0]  Â¦  owner[4,32,0]  Â¦  default_role[4,32,0]  ğ„€
test_account  Â¦  *832EB84CB764129D05D498ED9CA7E5CE9B8F83EB  Â¦  unlock  Â¦  PASSWORD  Â¦  2  Â¦  2  Â¦  2  ğ„€
userx  Â¦  *832EB84CB764129D05D498ED9CA7E5CE9B8F83EB  Â¦  unlock  Â¦  PASSWORD  Â¦  2  Â¦  2  Â¦  1  ğ„€
usery  Â¦  *899ECD04E40F745BD52A4C552BE4A818AC65FAF8  Â¦  unlock  Â¦  PASSWORD  Â¦  2  Â¦  2  Â¦  1
drop role if exists role1;
drop role if exists role2;
create role role1;
create role role2;
select role_name, creator, owner from mo_catalog.mo_role;
â¤ role_name[12,-1,0]  Â¦  creator[4,32,0]  Â¦  owner[4,32,0]  ğ„€
accountadmin  Â¦  2  Â¦  2  ğ„€
public  Â¦  2  Â¦  2  ğ„€
role1  Â¦  2  Â¦  2  ğ„€
role2  Â¦  2  Â¦  2
drop database if exists test;
create database test;
use test;
drop table if exists t1;
create table t1 (col1 int, col2 decimal);
drop role if exists role_r1,role_r2,role_r3;
create role role_r1,role_r2,role_r3;
drop user if exists role_u1, role_u2, role_u3;
create user role_u1 identified by '111', role_u2 identified by '111', role_u3 identified by '111';
grant role_r1,role_r2,role_r3 to role_u1,role_u2,role_u2;
grant role_r1 to role_r2;
grant role_r2 to role_r3;
grant select,insert,update on table test.* to role_r1 with grant option;
select user_name, authentication_string, status, login_type, creator, owner, default_role from mo_catalog.mo_user;
â¤ user_name[12,-1,0]  Â¦  authentication_string[12,-1,0]  Â¦  status[12,-1,0]  Â¦  login_type[12,-1,0]  Â¦  creator[4,32,0]  Â¦  owner[4,32,0]  Â¦  default_role[4,32,0]  ğ„€
test_account  Â¦  *832EB84CB764129D05D498ED9CA7E5CE9B8F83EB  Â¦  unlock  Â¦  PASSWORD  Â¦  2  Â¦  2  Â¦  2  ğ„€
userx  Â¦  *832EB84CB764129D05D498ED9CA7E5CE9B8F83EB  Â¦  unlock  Â¦  PASSWORD  Â¦  2  Â¦  2  Â¦  1  ğ„€
usery  Â¦  *899ECD04E40F745BD52A4C552BE4A818AC65FAF8  Â¦  unlock  Â¦  PASSWORD  Â¦  2  Â¦  2  Â¦  1  ğ„€
role_u1  Â¦  *832EB84CB764129D05D498ED9CA7E5CE9B8F83EB  Â¦  unlock  Â¦  PASSWORD  Â¦  2  Â¦  2  Â¦  1  ğ„€
role_u2  Â¦  *832EB84CB764129D05D498ED9CA7E5CE9B8F83EB  Â¦  unlock  Â¦  PASSWORD  Â¦  2  Â¦  2  Â¦  1  ğ„€
role_u3  Â¦  *832EB84CB764129D05D498ED9CA7E5CE9B8F83EB  Â¦  unlock  Â¦  PASSWORD  Â¦  2  Â¦  2  Â¦  1
select role_name, creator, owner from mo_catalog.mo_role;
â¤ role_name[12,-1,0]  Â¦  creator[4,32,0]  Â¦  owner[4,32,0]  ğ„€
accountadmin  Â¦  2  Â¦  2  ğ„€
public  Â¦  2  Â¦  2  ğ„€
role1  Â¦  2  Â¦  2  ğ„€
role2  Â¦  2  Â¦  2  ğ„€
role_r1  Â¦  2  Â¦  2  ğ„€
role_r2  Â¦  2  Â¦  2  ğ„€
role_r3  Â¦  2  Â¦  2
select role_name, privilege_id, with_grant_option from mo_catalog.mo_role_privs where role_name in ('role_r1','role_r2');
â¤ role_name[12,-1,0]  Â¦  privilege_id[4,32,0]  Â¦  with_grant_option[-7,1,0]  ğ„€
role_r1  Â¦  30  Â¦  1  ğ„€
role_r1  Â¦  31  Â¦  1  ğ„€
role_r1  Â¦  32  Â¦  1
select operation_role_id,operation_user_id from mo_catalog.mo_role_grant;
â¤ operation_role_id[4,32,0]  Â¦  operation_user_id[4,32,0]  ğ„€
2  Â¦  2  ğ„€
2  Â¦  2
drop snapshot if exists cluster_level_snapshot;
create snapshot cluster_level_snapshot for cluster;
show snapshots;
â¤ SNAPSHOT_NAME[12,-1,0]  Â¦  TIMESTAMP[12,-1,0]  Â¦  SNAPSHOT_LEVEL[12,-1,0]  Â¦  ACCOUNT_NAME[12,-1,0]  Â¦  DATABASE_NAME[12,-1,0]  Â¦  TABLE_NAME[12,-1,0]  ğ„€
cluster_level_snapshot  Â¦  2026-01-24 03:47:49.176502999  Â¦  cluster  Â¦    Â¦    Â¦  
use db02;
alter table departments add column newcolumn int after department_id;
show create table departments;
â¤ Table[12,-1,0]  Â¦  Create Table[12,-1,0]  ğ„€
departments  Â¦  CREATE TABLE `departments` (
  `department_id` int NOT NULL AUTO_INCREMENT,
  `newcolumn` int DEFAULT NULL,
  `department_name` varchar(100) DEFAULT NULL,
  PRIMARY KEY (`department_id`)
)
drop table employees;
select * from employee_view;
SQL parser error: table "employees" does not exist
select * from department_view;
â¤ department_id[4,32,0]  Â¦  department_name[12,-1,0]  ğ„€
1  Â¦  HR  ğ„€
2  Â¦  Engineering
select * from employee_with_department_view;
SQL parser error: table "employees" does not exist
use db03;
truncate db03.aff01;
select count(*) from pri01;
â¤ count(*)[-5,64,0]  ğ„€
4
select count(*) from aff01;
â¤ count(*)[-5,64,0]  ğ„€
0
use mo_catalog;
drop table if exists t3;
create cluster table t3(a int);
insert into t3 values (1,6),(2,6),(3,6);
show tables;
â¤ Tables_in_mo_catalog[12,-1,0]  ğ„€
mo_account  ğ„€
mo_branch_metadata  ğ„€
mo_cache  ğ„€
mo_cdc_task  ğ„€
mo_cdc_watermark  ğ„€
mo_columns  ğ„€
mo_configurations  ğ„€
mo_data_key  ğ„€
mo_database  ğ„€
mo_feature_limit  ğ„€
mo_feature_registry  ğ„€
mo_foreign_keys  ğ„€
mo_index_update  ğ„€
mo_indexes  ğ„€
mo_iscp_log  ğ„€
mo_locks  ğ„€
mo_merge_settings  ğ„€
mo_mysql_compatibility_mode  ğ„€
mo_parquet_schema  ğ„€
mo_partition_metadata  ğ„€
mo_partition_tables  ğ„€
mo_pitr  ğ„€
mo_pubs  ğ„€
mo_role  ğ„€
mo_role_grant  ğ„€
mo_role_privs  ğ„€
mo_sessions  ğ„€
mo_shards  ğ„€
mo_shards_metadata  ğ„€
mo_snapshots  ğ„€
mo_stages  ğ„€
mo_stored_procedure  ğ„€
mo_subs  ğ„€
mo_table_partitions  ğ„€
mo_table_stats_alpha  ğ„€
mo_tables  ğ„€
mo_transactions  ğ„€
mo_upgrade  ğ„€
mo_upgrade_tenant  ğ„€
mo_user  ğ„€
mo_user_defined_function  ğ„€
mo_user_grant  ğ„€
mo_variables  ğ„€
mo_version  ğ„€
t1  ğ„€
t3
drop database t1;
drop publication pub02;
drop database repub02;
use procedure_test;
drop procedure if exists test_if_hit_if;
drop procedure if exists test_if_hit_elseif_first_elseif;
select * from mo_catalog.mo_stored_procedure;
â¤ proc_id[4,32,0]  Â¦  name[12,-1,0]  Â¦  creator[4,32,0]  Â¦  args[12,0,0]  Â¦  lang[12,0,0]  Â¦  body[12,0,0]  Â¦  db[12,-1,0]  Â¦  definer[12,-1,0]  Â¦  modified_time[93,64,0]  Â¦  created_time[93,64,0]  Â¦  type[12,-1,0]  Â¦  security_type[12,-1,0]  Â¦  comment[12,-1,0]  Â¦  character_set_client[12,-1,0]  Â¦  collation_connection[12,-1,0]  Â¦  database_collation[12,-1,0]
drop function udf_db2.`addAB`(x int, y int);
drop stage if exists my_ext_stage;
select * from mo_catalog.mo_stages;
â¤ stage_id[4,32,0]  Â¦  stage_name[12,-1,0]  Â¦  url[12,0,0]  Â¦  stage_credentials[12,0,0]  Â¦  stage_status[12,-1,0]  Â¦  created_time[93,64,0]  Â¦  comment[12,0,0]  ğ„€
2  Â¦  my_ext_stage1  Â¦  s3://load/files/  Â¦  AWS_KEY_ID=1a2b3c,AWS_SECRET_KEY=4x5y6z  Â¦  in_use  Â¦  2026-01-24 03:47:48  Â¦  
use udf_db2;
create function `add`(x int, y int) returns int
language sql as
'$1 + $2';
select * from mo_catalog.mo_user_defined_function;
â¤ function_id[4,32,0]  Â¦  name[12,-1,0]  Â¦  owner[4,32,0]  Â¦  args[-1,2147483647,0]  Â¦  rettype[12,-1,0]  Â¦  body[12,0,0]  Â¦  language[12,-1,0]  Â¦  db[12,-1,0]  Â¦  definer[12,-1,0]  Â¦  modified_time[93,64,0]  Â¦  created_time[93,64,0]  Â¦  type[12,-1,0]  Â¦  security_type[12,-1,0]  Â¦  comment[12,-1,0]  Â¦  character_set_client[12,-1,0]  Â¦  collation_connection[12,-1,0]  Â¦  database_collation[12,-1,0]  ğ„€
2  Â¦  add  Â¦  2  Â¦  [{"name": "x", "type": "int"}, {"name": "y", "type": "int"}]  Â¦  int  Â¦  $1 + $2  Â¦  sql  Â¦  udf_db2  Â¦  test_account  Â¦  2026-01-24 03:47:50  Â¦  2026-01-24 03:47:50  Â¦  FUNCTION  Â¦  DEFINER  Â¦    Â¦  utf8mb4  Â¦  utf8mb4_0900_ai_ci  Â¦  utf8mb4_0900_ai_ci
drop database test01;
use test02;
select * from v01;
Unknown database test01
use test03;
select * from v02;
Unknown database test01
use udf_db;
drop function `addab`(x int, y int);
use udf_db2;
drop function `subab`(x int, y int);
select name, db from mo_catalog.mo_user_defined_function;
â¤ name[12,-1,0]  Â¦  db[12,-1,0]
revoke role_r2 from role_r3;
revoke role_r1 from role_r2;
select operation_role_id,operation_user_id from mo_catalog.mo_role_grant;
â¤ operation_role_id[4,32,0]  Â¦  operation_user_id[4,32,0]
restore cluster{snapshot="cluster_level_snapshot"};
use db02;
select * from departments;
â¤ department_id[4,32,0]  Â¦  department_name[12,-1,0]  ğ„€
1  Â¦  HR  ğ„€
2  Â¦  Engineering
show create table departments;
â¤ Table[12,-1,0]  Â¦  Create Table[12,-1,0]  ğ„€
departments  Â¦  CREATE TABLE `departments` (
  `department_id` int NOT NULL AUTO_INCREMENT,
  `department_name` varchar(100) DEFAULT NULL,
  PRIMARY KEY (`department_id`)
)
select * from employee_view;
â¤ employee_id[4,32,0]  Â¦  first_name[12,-1,0]  Â¦  last_name[12,-1,0]  Â¦  department_id[4,32,0]  ğ„€
1  Â¦  John  Â¦  Doe  Â¦  1  ğ„€
2  Â¦  Jane  Â¦  Smith  Â¦  2  ğ„€
3  Â¦  Bob  Â¦  Johnson  Â¦  1
select * from department_view;
â¤ department_id[4,32,0]  Â¦  department_name[12,-1,0]  ğ„€
1  Â¦  HR  ğ„€
2  Â¦  Engineering
select * from employee_with_department_view;
â¤ employee_id[4,32,0]  Â¦  first_name[12,-1,0]  Â¦  last_name[12,-1,0]  Â¦  department_name[12,-1,0]  ğ„€
1  Â¦  John  Â¦  Doe  Â¦  HR  ğ„€
2  Â¦  Jane  Â¦  Smith  Â¦  Engineering  ğ„€
3  Â¦  Bob  Â¦  Johnson  Â¦  HR
use db03;
select count(*) from pri01;
â¤ count(*)[-5,64,0]  ğ„€
4
select count(*) from aff01;
â¤ count(*)[-5,64,0]  ğ„€
14
use mo_catalog;
select * from t1;
â¤ a[4,32,0]  Â¦  account_id[4,32,0]  ğ„€
1  Â¦  6  ğ„€
2  Â¦  6  ğ„€
3  Â¦  6
show tables;
â¤ Tables_in_mo_catalog[12,-1,0]  ğ„€
mo_account  ğ„€
mo_branch_metadata  ğ„€
mo_cache  ğ„€
mo_cdc_task  ğ„€
mo_cdc_watermark  ğ„€
mo_columns  ğ„€
mo_configurations  ğ„€
mo_data_key  ğ„€
mo_database  ğ„€
mo_feature_limit  ğ„€
mo_feature_registry  ğ„€
mo_foreign_keys  ğ„€
mo_index_update  ğ„€
mo_indexes  ğ„€
mo_iscp_log  ğ„€
mo_locks  ğ„€
mo_merge_settings  ğ„€
mo_mysql_compatibility_mode  ğ„€
mo_parquet_schema  ğ„€
mo_partition_metadata  ğ„€
mo_partition_tables  ğ„€
mo_pitr  ğ„€
mo_pubs  ğ„€
mo_role  ğ„€
mo_role_grant  ğ„€
mo_role_privs  ğ„€
mo_sessions  ğ„€
mo_shards  ğ„€
mo_shards_metadata  ğ„€
mo_snapshots  ğ„€
mo_stages  ğ„€
mo_stored_procedure  ğ„€
mo_subs  ğ„€
mo_table_partitions  ğ„€
mo_table_stats_alpha  ğ„€
mo_tables  ğ„€
mo_transactions  ğ„€
mo_upgrade  ğ„€
mo_upgrade_tenant  ğ„€
mo_user  ğ„€
mo_user_defined_function  ğ„€
mo_user_grant  ğ„€
mo_variables  ğ„€
mo_version  ğ„€
t1
drop table t1;
select * from repub02.aff01;
â¤ empno[4,32,0]  Â¦  ename[12,-1,0]  Â¦  job[12,-1,0]  Â¦  mgr[4,32,0]  Â¦  hiredate[91,64,0]  Â¦  sal[3,7,2]  Â¦  comm[3,7,2]  Â¦  deptno[4,32,0]  ğ„€
7369  Â¦  SMITH  Â¦  CLERK  Â¦  7902  Â¦  1980-12-17  Â¦  800.00  Â¦  null  Â¦  20  ğ„€
7499  Â¦  ALLEN  Â¦  SALESMAN  Â¦  7698  Â¦  1981-02-20  Â¦  1600.00  Â¦  300.00  Â¦  30  ğ„€
7521  Â¦  WARD  Â¦  SALESMAN  Â¦  7698  Â¦  1981-02-22  Â¦  1250.00  Â¦  500.00  Â¦  30  ğ„€
7566  Â¦  JONES  Â¦  MANAGER  Â¦  7839  Â¦  1981-04-02  Â¦  2975.00  Â¦  null  Â¦  20  ğ„€
7654  Â¦  MARTIN  Â¦  SALESMAN  Â¦  7698  Â¦  1981-09-28  Â¦  1250.00  Â¦  1400.00  Â¦  30
select * from repub02.pri01;
â¤ deptno[4,32,0]  Â¦  dname[12,-1,0]  Â¦  loc[12,-1,0]  ğ„€
10  Â¦  ACCOUNTING  Â¦  NEW YORK  ğ„€
20  Â¦  RESEARCH  Â¦  DALLAS  ğ„€
30  Â¦  SALES  Â¦  CHICAGO  ğ„€
40  Â¦  OPERATIONS  Â¦  BOSTON
select * from mo_catalog.mo_stored_procedure;
â¤ proc_id[4,32,0]  Â¦  name[12,-1,0]  Â¦  creator[4,32,0]  Â¦  args[12,0,0]  Â¦  lang[12,0,0]  Â¦  body[12,0,0]  Â¦  db[12,-1,0]  Â¦  definer[12,-1,0]  Â¦  modified_time[93,64,0]  Â¦  created_time[93,64,0]  Â¦  type[12,-1,0]  Â¦  security_type[12,-1,0]  Â¦  comment[12,-1,0]  Â¦  character_set_client[12,-1,0]  Â¦  collation_connection[12,-1,0]  Â¦  database_collation[12,-1,0]  ğ„€
1  Â¦  test_if_hit_elseif_first_elseif  Â¦  null  Â¦  []  Â¦  sql  Â¦  begin DECLARE v1 INT; SET v1 = 5; IF v1 > 5 THEN select * from tbh1; ELSEIF v1 = 5 THEN select * from tbh2; ELSEIF v1 = 4 THEN select * from tbh2 limit 1; ELSE select * from tbh3; END IF; end  Â¦  procedure_test  Â¦  test_account  Â¦  2026-01-24 03:47:47  Â¦  2026-01-24 03:47:47  Â¦  PROCEDURE  Â¦  DEFINER  Â¦    Â¦  utf8mb4  Â¦  utf8mb4_0900_ai_ci  Â¦  utf8mb4_0900_ai_ci  ğ„€
2  Â¦  test_if_hit_if  Â¦  null  Â¦  []  Â¦  sql  Â¦  begin DECLARE v1 INT; SET v1 = 5; IF v1 > 5 THEN select * from tbh1; ELSEIF v1 = 5 THEN select * from tbh2; ELSEIF v1 = 4 THEN select * from tbh2 limit 1; ELSE select * from tbh3; END IF; end  Â¦  procedure_test  Â¦  test_account  Â¦  2026-01-24 03:47:47  Â¦  2026-01-24 03:47:47  Â¦  PROCEDURE  Â¦  DEFINER  Â¦    Â¦  utf8mb4  Â¦  utf8mb4_0900_ai_ci  Â¦  utf8mb4_0900_ai_ci
select * from mo_catalog.mo_stages;
â¤ stage_id[4,32,0]  Â¦  stage_name[12,-1,0]  Â¦  url[12,0,0]  Â¦  stage_credentials[12,0,0]  Â¦  stage_status[12,-1,0]  Â¦  created_time[93,64,0]  Â¦  comment[12,0,0]  ğ„€
1  Â¦  my_ext_stage  Â¦  s3://load/files/  Â¦    Â¦  in_use  Â¦  2026-01-24 03:47:48  Â¦    ğ„€
2  Â¦  my_ext_stage1  Â¦  s3://load/files/  Â¦  AWS_KEY_ID=1a2b3c,AWS_SECRET_KEY=4x5y6z  Â¦  in_use  Â¦  2026-01-24 03:47:48  Â¦  
select * from mo_catalog.mo_user_defined_function;
â¤ function_id[4,32,0]  Â¦  name[12,-1,0]  Â¦  owner[4,32,0]  Â¦  args[-1,2147483647,0]  Â¦  rettype[12,-1,0]  Â¦  body[12,0,0]  Â¦  language[12,-1,0]  Â¦  db[12,-1,0]  Â¦  definer[12,-1,0]  Â¦  modified_time[93,64,0]  Â¦  created_time[93,64,0]  Â¦  type[12,-1,0]  Â¦  security_type[12,-1,0]  Â¦  comment[12,-1,0]  Â¦  character_set_client[12,-1,0]  Â¦  collation_connection[12,-1,0]  Â¦  database_collation[12,-1,0]  ğ„€
1  Â¦  addab  Â¦  2  Â¦  [{"name": "x", "type": "int"}, {"name": "y", "type": "int"}]  Â¦  int  Â¦  $1 + $2  Â¦  sql  Â¦  udf_db2  Â¦  test_account  Â¦  2026-01-24 03:47:48  Â¦  2026-01-24 03:47:48  Â¦  FUNCTION  Â¦  DEFINER  Â¦    Â¦  utf8mb4  Â¦  utf8mb4_0900_ai_ci  Â¦  utf8mb4_0900_ai_ci
use test02;
select * from v01;
â¤ id[4,32,0]  Â¦  sale_date[91,64,0]  Â¦  amount[3,10,2]  ğ„€
1  Â¦  2018-12-25  Â¦  100.00  ğ„€
2  Â¦  2019-05-15  Â¦  200.00  ğ„€
3  Â¦  2020-07-22  Â¦  150.00  ğ„€
4  Â¦  2021-08-01  Â¦  300.00
use test03;
select * from v02;
â¤ id[4,32,0]  Â¦  sale_date[91,64,0]  Â¦  amount[3,10,2]  ğ„€
1  Â¦  2018-12-25  Â¦  100.00  ğ„€
2  Â¦  2019-05-15  Â¦  200.00  ğ„€
3  Â¦  2020-07-22  Â¦  150.00  ğ„€
4  Â¦  2021-08-01  Â¦  300.00
select name, db from mo_catalog.mo_user_defined_function;
â¤ name[12,-1,0]  Â¦  db[12,-1,0]  ğ„€
addab  Â¦  udf_db  ğ„€
subab  Â¦  udf_db2
select operation_role_id,operation_user_id from mo_catalog.mo_role_grant;
â¤ operation_role_id[4,32,0]  Â¦  operation_user_id[4,32,0]  ğ„€
2  Â¦  2  ğ„€
2  Â¦  2
drop database db01;
use db02;
drop view employee_view;
drop view department_view;
drop view employee_with_department_view;
drop database db03;
use mo_catalog;
drop table t1;
no such table mo_catalog.t1
drop table t3;
no such table mo_catalog.t3
drop database db02;
drop publication pub02;
drop database repub02;
drop database t1;
drop procedure test_if_hit_elseif_first_elseif;
drop procedure test_if_hit_if;
drop database procedure_test;
select * from mo_catalog.mo_stored_procedure;
â¤ proc_id[4,32,0]  Â¦  name[12,-1,0]  Â¦  creator[4,32,0]  Â¦  args[12,0,0]  Â¦  lang[12,0,0]  Â¦  body[12,0,0]  Â¦  db[12,-1,0]  Â¦  definer[12,-1,0]  Â¦  modified_time[93,64,0]  Â¦  created_time[93,64,0]  Â¦  type[12,-1,0]  Â¦  security_type[12,-1,0]  Â¦  comment[12,-1,0]  Â¦  character_set_client[12,-1,0]  Â¦  collation_connection[12,-1,0]  Â¦  database_collation[12,-1,0]
drop database sub01;
use udf_db2;
drop function `addab`(x int, y int);
drop function `add`(x int, y int)
drop stage my_ext_stage;
SQL parser error: You have an error in your SQL syntax; check the manual that corresponds to your MatrixOne server version for the right syntax to use. syntax error at line 2 column 5 near "
drop stage my_ext_stage;";
drop stage my_ext_stage1;
drop database test03;
drop database test02;
drop database test01;
drop database udf_db;
drop database udf_db2;
drop role role_r1, role_r2, role_r3;
drop user role_u1, role_u2, role_u3;
drop database test;
drop snapshot cluster_level_snapshot;
drop account acc01;
drop account acc02;
drop account acc03;
drop account acc04;
