CREATE DATABASE Company;
USE Company;
drop table if exists Departments;
CREATE TABLE Departments (
DepartmentID INT AUTO_INCREMENT PRIMARY KEY,
Name VARCHAR(100) NOT NULL,
ManagerID INT NULL
);
drop table if exists Employees;
CREATE TABLE Employees (
EmployeeID INT AUTO_INCREMENT PRIMARY KEY,
FirstName VARCHAR(100) NOT NULL,
LastName VARCHAR(100) NOT NULL,
BirthDate DATE NULL,
DepartmentID INT NULL,
FOREIGN KEY (DepartmentID) REFERENCES Departments(DepartmentID)
);
drop table if exists Positions;
CREATE TABLE Positions (
PositionID INT AUTO_INCREMENT PRIMARY KEY,
Title VARCHAR(100) NOT NULL,
DepartmentID INT NULL,
FOREIGN KEY (DepartmentID) REFERENCES Departments(DepartmentID)
);
drop table if exists EmployeePositions;
CREATE TABLE EmployeePositions (
EmployeeID INT NOT NULL,
PositionID INT NOT NULL,
FOREIGN KEY (EmployeeID) REFERENCES Employees(EmployeeID),
FOREIGN KEY (PositionID) REFERENCES Positions(PositionID),
PRIMARY KEY (EmployeeID, PositionID)
);
drop table if exists Salaries;
CREATE TABLE Salaries (
SalaryID INT AUTO_INCREMENT PRIMARY KEY,
EmployeeID INT NOT NULL,
PositionID INT NOT NULL,
Salary DECIMAL(10, 2) NOT NULL,
FOREIGN KEY (EmployeeID) REFERENCES Employees(EmployeeID),
FOREIGN KEY (PositionID) REFERENCES Positions(PositionID)
);
drop table if exists Benefits;
CREATE TABLE Benefits (
BenefitID INT AUTO_INCREMENT PRIMARY KEY,
EmployeeID INT NOT NULL,
Benefit VARCHAR(100) NOT NULL,
FOREIGN KEY (EmployeeID) REFERENCES Employees(EmployeeID)
);
drop table if exists TimeOff;
CREATE TABLE TimeOff (
TimeOffID INT AUTO_INCREMENT PRIMARY KEY,
EmployeeID INT NOT NULL,
StartDate DATE NOT NULL,
EndDate DATE NOT NULL,
FOREIGN KEY (EmployeeID) REFERENCES Employees(EmployeeID)
);
drop table if exists PerformanceReviews;
CREATE TABLE PerformanceReviews (
PerformanceReviewID INT AUTO_INCREMENT PRIMARY KEY,
EmployeeID INT NOT NULL,
ReviewDate DATE NOT NULL,
ReviewerID INT NOT NULL,
FOREIGN KEY (EmployeeID) REFERENCES Employees(EmployeeID),
FOREIGN KEY (ReviewerID) REFERENCES Employees(EmployeeID)
);
INSERT INTO Departments (Name, ManagerID) VALUES ('Research and Development', NULL);
INSERT INTO Departments (Name, ManagerID) VALUES ('Human Resources', NULL);
INSERT INTO Departments (Name, ManagerID) VALUES ('Sales', NULL);
INSERT INTO Departments (Name, ManagerID) VALUES ('Marketing', NULL);
INSERT INTO Departments (Name, ManagerID) VALUES ('Finance', NULL);
INSERT INTO Departments (Name, ManagerID) VALUES ('Legal', NULL);
INSERT INTO Employees (FirstName, LastName, BirthDate, DepartmentID) VALUES ('John', 'Doe', '1980-01-01', 1);
INSERT INTO Employees (FirstName, LastName, BirthDate, DepartmentID) VALUES ('Jane', 'Smith', '1981-02-02', 2);
INSERT INTO Employees (FirstName, LastName, BirthDate, DepartmentID) VALUES ('Alice', 'Jones', '1982-03-03', 3);
INSERT INTO Employees (FirstName, LastName, BirthDate, DepartmentID) VALUES ('Bob', 'Brown', '1983-04-04', 4);
INSERT INTO Employees (FirstName, LastName, BirthDate, DepartmentID) VALUES ('Charlie', 'White', '1984-05-05', 5);
INSERT INTO Employees (FirstName, LastName, BirthDate, DepartmentID) VALUES ('David', 'Black', '1985-06-06', 6);
INSERT INTO Positions (Title, DepartmentID) VALUES ('Software Engineer', 1);
INSERT INTO Positions (Title, DepartmentID) VALUES ('HR Specialist', 2);
INSERT INTO Positions (Title, DepartmentID) VALUES ('Sales Associate', 3);
INSERT INTO Positions (Title, DepartmentID) VALUES ('Marketing Specialist', 4);
INSERT INTO Positions (Title, DepartmentID) VALUES ('Accountant', 5);
INSERT INTO Positions (Title, DepartmentID) VALUES ('Attorney', 6);
INSERT INTO EmployeePositions (EmployeeID, PositionID) VALUES (1, 1);
INSERT INTO EmployeePositions (EmployeeID, PositionID) VALUES (2, 2);
INSERT INTO EmployeePositions (EmployeeID, PositionID) VALUES (3, 3);
INSERT INTO EmployeePositions (EmployeeID, PositionID) VALUES (4, 4);
INSERT INTO EmployeePositions (EmployeeID, PositionID) VALUES (5, 5);
INSERT INTO EmployeePositions (EmployeeID, PositionID) VALUES (6, 6);
INSERT INTO Salaries (EmployeeID, PositionID, Salary) VALUES (1, 1, 100000.00);
INSERT INTO Salaries (EmployeeID, PositionID, Salary) VALUES (2, 2, 50000.00);
INSERT INTO Salaries (EmployeeID, PositionID, Salary) VALUES (3, 3, 60000.00);
INSERT INTO Salaries (EmployeeID, PositionID, Salary) VALUES (4, 4, 70000.00);
INSERT INTO Salaries (EmployeeID, PositionID, Salary) VALUES (5, 5, 80000.00);
INSERT INTO Salaries (EmployeeID, PositionID, Salary) VALUES (6, 6, 90000.00);
INSERT INTO Benefits (EmployeeID, Benefit) VALUES (1, 'Health Insurance');
INSERT INTO Benefits (EmployeeID, Benefit) VALUES (2, 'Dental Insurance');
INSERT INTO Benefits (EmployeeID, Benefit) VALUES (3, 'Vision Insurance');
INSERT INTO Benefits (EmployeeID, Benefit) VALUES (4, '401k');
INSERT INTO Benefits (EmployeeID, Benefit) VALUES (5, 'Stock Options');
INSERT INTO Benefits (EmployeeID, Benefit) VALUES (6, 'Paid Time Off');
INSERT INTO TimeOff (EmployeeID, StartDate, EndDate) VALUES (1, '2020-01-01', '2020-01-02');
INSERT INTO TimeOff (EmployeeID, StartDate, EndDate) VALUES (2, '2020-02-02', '2020-02-03');
INSERT INTO TimeOff (EmployeeID, StartDate, EndDate) VALUES (3, '2020-03-03', '2020-03-04');
INSERT INTO TimeOff (EmployeeID, StartDate, EndDate) VALUES (4, '2020-04-04', '2020-04-05');
INSERT INTO TimeOff (EmployeeID, StartDate, EndDate) VALUES (5, '2020-05-05', '2020-05-06');
INSERT INTO TimeOff (EmployeeID, StartDate, EndDate) VALUES (6, '2020-06-06', '2020-06-07');
INSERT INTO PerformanceReviews (EmployeeID, ReviewDate, ReviewerID) VALUES (1, '2020-01-01', 2);
INSERT INTO PerformanceReviews (EmployeeID, ReviewDate, ReviewerID) VALUES (2, '2020-02-02', 3);
INSERT INTO PerformanceReviews (EmployeeID, ReviewDate, ReviewerID) VALUES (3, '2020-03-03', 4);
INSERT INTO PerformanceReviews (EmployeeID, ReviewDate, ReviewerID) VALUES (4, '2020-04-04', 5);
INSERT INTO PerformanceReviews (EmployeeID, ReviewDate, ReviewerID) VALUES (5, '2020-05-05', 6);
INSERT INTO PerformanceReviews (EmployeeID, ReviewDate, ReviewerID) VALUES (6, '2020-06-06', 1);
select * from Departments;
departmentid    name    managerid
1    Research and Development    null
2    Human Resources    null
3    Sales    null
4    Marketing    null
5    Finance    null
6    Legal    null
select * from Employees;
employeeid    firstname    lastname    birthdate    departmentid
1    John    Doe    1980-01-01    1
2    Jane    Smith    1981-02-02    2
3    Alice    Jones    1982-03-03    3
4    Bob    Brown    1983-04-04    4
5    Charlie    White    1984-05-05    5
6    David    Black    1985-06-06    6
select * from Positions;
positionid    title    departmentid
1    Software Engineer    1
2    HR Specialist    2
3    Sales Associate    3
4    Marketing Specialist    4
5    Accountant    5
6    Attorney    6
select * from EmployeePositions;
employeeid    positionid
1    1
2    2
3    3
4    4
5    5
6    6
select * from Salaries;
salaryid    employeeid    positionid    salary
1    1    1    100000.00
2    2    2    50000.00
3    3    3    60000.00
4    4    4    70000.00
5    5    5    80000.00
6    6    6    90000.00
select * from Benefits;
benefitid    employeeid    benefit
1    1    Health Insurance
2    2    Dental Insurance
3    3    Vision Insurance
4    4    401k
5    5    Stock Options
6    6    Paid Time Off
select * from TimeOff;
timeoffid    employeeid    startdate    enddate
1    1    2020-01-01    2020-01-02
2    2    2020-02-02    2020-02-03
3    3    2020-03-03    2020-03-04
4    4    2020-04-04    2020-04-05
5    5    2020-05-05    2020-05-06
6    6    2020-06-06    2020-06-07
select * from PerformanceReviews;
performancereviewid    employeeid    reviewdate    reviewerid
1    1    2020-01-01    2
2    2    2020-02-02    3
3    3    2020-03-03    4
4    4    2020-04-04    5
5    5    2020-05-05    6
6    6    2020-06-06    1
drop snapshot if exists sys_sp;
show snapshots;
SNAPSHOT_NAME    TIMESTAMP    SNAPSHOT_LEVEL    ACCOUNT_NAME    DATABASE_NAME    TABLE_NAME
create snapshot sys_sp for account sys;
show snapshots;
SNAPSHOT_NAME    TIMESTAMP    SNAPSHOT_LEVEL    ACCOUNT_NAME    DATABASE_NAME    TABLE_NAME
sys_sp    2024-08-20 03:03:00.682696    account    sys        
restore account sys database Company from snapshot sys_sp;
select * from Departments;
departmentid    name    managerid
1    Research and Development    null
2    Human Resources    null
3    Sales    null
4    Marketing    null
5    Finance    null
6    Legal    null
select * from Employees;
employeeid    firstname    lastname    birthdate    departmentid
1    John    Doe    1980-01-01    1
2    Jane    Smith    1981-02-02    2
3    Alice    Jones    1982-03-03    3
4    Bob    Brown    1983-04-04    4
5    Charlie    White    1984-05-05    5
6    David    Black    1985-06-06    6
select * from Positions;
positionid    title    departmentid
1    Software Engineer    1
2    HR Specialist    2
3    Sales Associate    3
4    Marketing Specialist    4
5    Accountant    5
6    Attorney    6
select * from EmployeePositions;
employeeid    positionid
1    1
2    2
3    3
4    4
5    5
6    6
select * from Salaries;
salaryid    employeeid    positionid    salary
1    1    1    100000.00
2    2    2    50000.00
3    3    3    60000.00
4    4    4    70000.00
5    5    5    80000.00
6    6    6    90000.00
select * from Benefits;
benefitid    employeeid    benefit
1    1    Health Insurance
2    2    Dental Insurance
3    3    Vision Insurance
4    4    401k
5    5    Stock Options
6    6    Paid Time Off
select * from TimeOff;
timeoffid    employeeid    startdate    enddate
1    1    2020-01-01    2020-01-02
2    2    2020-02-02    2020-02-03
3    3    2020-03-03    2020-03-04
4    4    2020-04-04    2020-04-05
5    5    2020-05-05    2020-05-06
6    6    2020-06-06    2020-06-07
select * from PerformanceReviews;
performancereviewid    employeeid    reviewdate    reviewerid
1    1    2020-01-01    2
2    2    2020-02-02    3
3    3    2020-03-03    4
4    4    2020-04-04    5
5    5    2020-05-05    6
6    6    2020-06-06    1
restore account sys database Company table Departments from snapshot sys_sp;
select * from Departments;
departmentid    name    managerid
1    Research and Development    null
2    Human Resources    null
3    Sales    null
4    Marketing    null
5    Finance    null
6    Legal    null
select * from Employees;
employeeid    firstname    lastname    birthdate    departmentid
1    John    Doe    1980-01-01    1
2    Jane    Smith    1981-02-02    2
3    Alice    Jones    1982-03-03    3
4    Bob    Brown    1983-04-04    4
5    Charlie    White    1984-05-05    5
6    David    Black    1985-06-06    6
select * from Positions;
positionid    title    departmentid
1    Software Engineer    1
2    HR Specialist    2
3    Sales Associate    3
4    Marketing Specialist    4
5    Accountant    5
6    Attorney    6
select * from EmployeePositions;
employeeid    positionid
1    1
2    2
3    3
4    4
5    5
6    6
select * from Salaries;
salaryid    employeeid    positionid    salary
1    1    1    100000.00
2    2    2    50000.00
3    3    3    60000.00
4    4    4    70000.00
5    5    5    80000.00
6    6    6    90000.00
select * from Benefits;
benefitid    employeeid    benefit
1    1    Health Insurance
2    2    Dental Insurance
3    3    Vision Insurance
4    4    401k
5    5    Stock Options
6    6    Paid Time Off
select * from TimeOff;
timeoffid    employeeid    startdate    enddate
1    1    2020-01-01    2020-01-02
2    2    2020-02-02    2020-02-03
3    3    2020-03-03    2020-03-04
4    4    2020-04-04    2020-04-05
5    5    2020-05-05    2020-05-06
6    6    2020-06-06    2020-06-07
select * from PerformanceReviews;
performancereviewid    employeeid    reviewdate    reviewerid
1    1    2020-01-01    2
2    2    2020-02-02    3
3    3    2020-03-03    4
4    4    2020-04-04    5
5    5    2020-05-05    6
6    6    2020-06-06    1
drop snapshot if exists sys_sp;
show snapshots;
SNAPSHOT_NAME    TIMESTAMP    SNAPSHOT_LEVEL    ACCOUNT_NAME    DATABASE_NAME    TABLE_NAME
drop database Company;
