create database if not exists snapshot_read;
use snapshot_read;
create table test_snapshot_read (a int);
INSERT INTO test_snapshot_read (a) VALUES(1), (2), (3), (4), (5),(6), (7), (8), (9), (10), (11), (12),(13), (14), (15), (16), (17), (18), (19), (20),(21), (22), (23), (24), (25), (26), (27), (28), (29), (30),(31), (32), (33), (34), (35), (36), (37), (38), (39), (40),(41), (42), (43), (44), (45), (46), (47), (48), (49), (50),(51), (52), (53), (54), (55), (56), (57), (58), (59), (60),(61), (62), (63), (64), (65), (66), (67), (68), (69), (70),(71), (72), (73), (74), (75), (76), (77), (78), (79), (80), (81), (82), (83), (84), (85), (86), (87), (88), (89), (90),(91), (92), (93), (94), (95), (96), (97), (98), (99), (100);
select count(*) from test_snapshot_read;
count(*)
100
select sleep(1);
sleep(1)
0
create snapshot snapshot_01 for account sys;
delete from test_snapshot_read where a <= 50;
select count(*) from test_snapshot_read;
count(*)
50
select count(*) from test_snapshot_read {snapshot = 'snapshot_01'};
count(*)
100
select sleep(1);
sleep(1)
0
create snapshot snapshot_02 for account sys;
INSERT INTO test_snapshot_read (a) VALUES(1), (2), (3), (4), (5),(6), (7), (8), (9), (10), (11), (12),(13), (14), (15), (16), (17), (18), (19), (20),(21), (22), (23), (24), (25), (26), (27), (28), (29), (30),(31), (32), (33), (34), (35), (36), (37), (38), (39), (40);
select count(*) from test_snapshot_read;
count(*)
90
select count(*) from test_snapshot_read{snapshot = 'snapshot_02'};
count(*)
50
create table test_snapshot_read2(b int);
INSERT INTO test_snapshot_read2 select * from test_snapshot_read{snapshot = 'snapshot_01'} where a <= 30;
select count(*) test_snapshot_read2;
test_snapshot_read2
1
select count(*) from mo_catalog.mo_tables where reldatabase = 'snapshot_read';
count(*)
2
select sleep(1);
sleep(1)
0
create snapshot snapshot_03 for account sys;
drop table if exists test_snapshot_read2;
select count(*) from mo_catalog.mo_tables where reldatabase = 'snapshot_read';
count(*)
1
select count(*) from mo_catalog.mo_tables{snapshot = 'snapshot_03'} where reldatabase = 'snapshot_read';
count(*)
2
select count(*) from test_snapshot_read{timestamp = '3020-01-01 00:00:00'};
count(*)
90
drop table if exists test_snapshot_read;
drop database if exists snapshot_read;
drop snapshot snapshot_01;
drop snapshot snapshot_02;
drop snapshot snapshot_03;
create database if not exists snapshot_read;
use snapshot_read;
create table test_snapshot_read (a int);
INSERT INTO test_snapshot_read (a) VALUES(1), (2), (3), (4), (5),(6), (7), (8), (9), (10), (11), (12),(13), (14), (15), (16), (17), (18), (19), (20),(21), (22), (23), (24), (25), (26), (27), (28), (29), (30),(31), (32), (33), (34), (35), (36), (37), (38), (39), (40),(41), (42), (43), (44), (45), (46), (47), (48), (49), (50),(51), (52), (53), (54), (55), (56), (57), (58), (59), (60),(61), (62), (63), (64), (65), (66), (67), (68), (69), (70),(71), (72), (73), (74), (75), (76), (77), (78), (79), (80), (81), (82), (83), (84), (85), (86), (87), (88), (89), (90),(91), (92), (93), (94), (95), (96), (97), (98), (99), (100);
select count(*) from test_snapshot_read;
count(*)
100
create snapshot snapshot_01 for account sys;
delete from test_snapshot_read where a <= 50;
select count(*) from test_snapshot_read;
count(*)
50
select count(*) from test_snapshot_read {snapshot = 'snapshot_01'};
count(*)
100
create snapshot snapshot_02 for account sys;
INSERT INTO test_snapshot_read (a) VALUES(1), (2), (3), (4), (5),(6), (7), (8), (9), (10), (11), (12),(13), (14), (15), (16), (17), (18), (19), (20),(21), (22), (23), (24), (25), (26), (27), (28), (29), (30),(31), (32), (33), (34), (35), (36), (37), (38), (39), (40);
select count(*) from test_snapshot_read;
count(*)
90
select count(*) from test_snapshot_read{snapshot = 'snapshot_02'};
count(*)
50
create table test_snapshot_read2(b int);
INSERT INTO test_snapshot_read2 select * from test_snapshot_read{snapshot = 'snapshot_01'} where a <= 30;
select count(*) test_snapshot_read2;
test_snapshot_read2
1
select count(*) from mo_catalog.mo_tables where reldatabase = 'snapshot_read';
count(*)
2
create snapshot snapshot_03 for account sys;
drop table if exists test_snapshot_read2;
select count(*) from mo_catalog.mo_tables where reldatabase = 'snapshot_read';
count(*)
1
select count(*) from mo_catalog.mo_tables{snapshot = 'snapshot_03'} where reldatabase = 'snapshot_read';
count(*)
2
select count(*) from test_snapshot_read{timestamp = '3020-01-01 00:00:00'};
count(*)
90
drop table if exists test_snapshot_read;
drop database if exists snapshot_read;
drop snapshot snapshot_01;
drop snapshot snapshot_02;
drop snapshot snapshot_03;
drop account if exists test_account;
create account test_account admin_name = 'test_user' identified by '111';
create database if not exists snapshot_read;
use snapshot_read;
create table test_snapshot_read (a int);
INSERT INTO test_snapshot_read (a) VALUES(1), (2), (3), (4), (5),(6), (7), (8), (9), (10), (11), (12),(13), (14), (15), (16), (17), (18), (19), (20),(21), (22), (23), (24), (25), (26), (27), (28), (29), (30),(31), (32), (33), (34), (35), (36), (37), (38), (39), (40),(41), (42), (43), (44), (45), (46), (47), (48), (49), (50),(51), (52), (53), (54), (55), (56), (57), (58), (59), (60),(61), (62), (63), (64), (65), (66), (67), (68), (69), (70),(71), (72), (73), (74), (75), (76), (77), (78), (79), (80), (81), (82), (83), (84), (85), (86), (87), (88), (89), (90),(91), (92), (93), (94), (95), (96), (97), (98), (99), (100);
select count(*) from test_snapshot_read;
count(*)
100
create snapshot snapshot_01 for account test_account;
delete from test_snapshot_read where a <= 50;
select count(*) from test_snapshot_read;
count(*)
50
select count(*) from test_snapshot_read {snapshot = 'snapshot_01'};
count(*)
100
create snapshot snapshot_02 for account test_account;
INSERT INTO test_snapshot_read (a) VALUES(1), (2), (3), (4), (5),(6), (7), (8), (9), (10), (11), (12),(13), (14), (15), (16), (17), (18), (19), (20),(21), (22), (23), (24), (25), (26), (27), (28), (29), (30),(31), (32), (33), (34), (35), (36), (37), (38), (39), (40);
select count(*) from test_snapshot_read;
count(*)
90
select count(*) from test_snapshot_read{snapshot = 'snapshot_02'};
count(*)
50
create table test_snapshot_read2(b int);
INSERT INTO test_snapshot_read2 select * from test_snapshot_read{snapshot = 'snapshot_01'} where a <= 30;
select count(*) test_snapshot_read2;
test_snapshot_read2
1
select count(*) from mo_catalog.mo_tables where reldatabase = 'snapshot_read';
count(*)
2
create snapshot snapshot_03 for account test_account;
drop table if exists test_snapshot_read2;
select count(*) from mo_catalog.mo_tables where reldatabase = 'snapshot_read';
count(*)
1
select count(*) from mo_catalog.mo_tables{snapshot = 'snapshot_03'} where reldatabase = 'snapshot_read';
count(*)
2
select count(*) from test_snapshot_read{timestamp = '3020-01-01 00:00:00'};
count(*)
90
drop table if exists test_snapshot_read;
drop database if exists snapshot_read;
drop snapshot snapshot_01;
drop snapshot snapshot_02;
drop snapshot snapshot_03;
drop account if exists test_account;
