create database if not exists snapshot_read;
use snapshot_read;
create table test_snapshot_read (a int);
INSERT INTO test_snapshot_read (a) VALUES(1), (2), (3), (4), (5),(6), (7), (8), (9), (10), (11), (12),(13), (14), (15), (16), (17), (18), (19), (20),(21), (22), (23), (24), (25), (26), (27), (28), (29), (30),(31), (32), (33), (34), (35), (36), (37), (38), (39), (40),(41), (42), (43), (44), (45), (46), (47), (48), (49), (50),(51), (52), (53), (54), (55), (56), (57), (58), (59), (60),(61), (62), (63), (64), (65), (66), (67), (68), (69), (70),(71), (72), (73), (74), (75), (76), (77), (78), (79), (80), (81), (82), (83), (84), (85), (86), (87), (88), (89), (90),(91), (92), (93), (94), (95), (96), (97), (98), (99), (100);
select count(*) from test_snapshot_read;
count(*)
100
create view test_snapshot_read_view as select * from test_snapshot_read;
create snapshot snapshot_01 for account sys;
show tables like'test%';
Tables_in_snapshot_read
test_snapshot_read
test_snapshot_read_view
show create table test_snapshot_read;
Table    Create Table
test_snapshot_read    CREATE TABLE `test_snapshot_read` (\n`a` INT DEFAULT NULL\n)
show create table test_snapshot_read_view;
View    Create View    character_set_client    collation_connection
test_snapshot_read_view    create view test_snapshot_read_view as select * from test_snapshot_read;    utf8mb4    utf8mb4_general_ci
drop table test_snapshot_read;
drop view test_snapshot_read_view;
select count(*) from snapshot_read.test_snapshot_read{snapshot = 'snapshot_01'};
count(*)
100
show tables like'test%';
Tables_in_snapshot_read
show create table test_snapshot_read;
no such table snapshot_read.test_snapshot_read
show create table test_snapshot_read_view;
no such table snapshot_read.test_snapshot_read_view
show tables like'test%' {snapshot = 'snapshot_01'};
Tables_in_snapshot_read
test_snapshot_read
test_snapshot_read_view
show create table test_snapshot_read {snapshot = 'snapshot_01'};
Table    Create Table
test_snapshot_read    CREATE TABLE `test_snapshot_read` (\n`a` INT DEFAULT NULL\n)
show create table test_snapshot_read_view {snapshot = 'snapshot_01'};
View    Create View    character_set_client    collation_connection
test_snapshot_read_view    create view test_snapshot_read_view as select * from test_snapshot_read;    utf8mb4    utf8mb4_general_ci
drop database if exists snapshot_read;
drop snapshot snapshot_01;
create database if not exists snapshot_read;
use snapshot_read;
create table test_snapshot_read (a int);
INSERT INTO test_snapshot_read (a) VALUES(1), (2), (3), (4), (5),(6), (7), (8), (9), (10), (11), (12),(13), (14), (15), (16), (17), (18), (19), (20),(21), (22), (23), (24), (25), (26), (27), (28), (29), (30),(31), (32), (33), (34), (35), (36), (37), (38), (39), (40),(41), (42), (43), (44), (45), (46), (47), (48), (49), (50),(51), (52), (53), (54), (55), (56), (57), (58), (59), (60),(61), (62), (63), (64), (65), (66), (67), (68), (69), (70),(71), (72), (73), (74), (75), (76), (77), (78), (79), (80), (81), (82), (83), (84), (85), (86), (87), (88), (89), (90),(91), (92), (93), (94), (95), (96), (97), (98), (99), (100);
select count(*) from test_snapshot_read;
count(*)
100
create view test_snapshot_read_view as select * from test_snapshot_read;
create snapshot snapshot_01 for account sys;
show tables like'test%';
Tables_in_snapshot_read
test_snapshot_read
test_snapshot_read_view
show create table test_snapshot_read;
Table    Create Table
test_snapshot_read    CREATE TABLE `test_snapshot_read` (\n`a` INT DEFAULT NULL\n)
show create table test_snapshot_read_view;
View    Create View    character_set_client    collation_connection
test_snapshot_read_view    create view test_snapshot_read_view as select * from test_snapshot_read;    utf8mb4    utf8mb4_general_ci
show databases like 'snapshot_read';
Database
snapshot_read
drop table test_snapshot_read;
drop view test_snapshot_read_view;
select count(*) from snapshot_read.test_snapshot_read{snapshot = 'snapshot_01'};
count(*)
100
show tables like'test%';
Tables_in_snapshot_read
show create table test_snapshot_read;
no such table snapshot_read.test_snapshot_read
show create table test_snapshot_read_view;
no such table snapshot_read.test_snapshot_read_view
show tables like'test%' {snapshot = 'snapshot_01'};
Tables_in_snapshot_read
test_snapshot_read
test_snapshot_read_view
show create table test_snapshot_read {snapshot = 'snapshot_01'};
Table    Create Table
test_snapshot_read    CREATE TABLE `test_snapshot_read` (\n`a` INT DEFAULT NULL\n)
show create table test_snapshot_read_view {snapshot = 'snapshot_01'};
View    Create View    character_set_client    collation_connection
test_snapshot_read_view    create view test_snapshot_read_view as select * from test_snapshot_read;    utf8mb4    utf8mb4_general_ci
show databases like 'snapshot_read';
Database
snapshot_read
drop database if exists snapshot_read;
show tables from snapshot_read like'test%' {snapshot = 'snapshot_01'};
Tables_in_snapshot_read
test_snapshot_read
test_snapshot_read_view
show create table snapshot_read.test_snapshot_read {snapshot = 'snapshot_01'};
Table    Create Table
test_snapshot_read    CREATE TABLE `test_snapshot_read` (\n`a` INT DEFAULT NULL\n)
show create table snapshot_read.test_snapshot_read_view {snapshot = 'snapshot_01'};
View    Create View    character_set_client    collation_connection
test_snapshot_read_view    create view test_snapshot_read_view as select * from test_snapshot_read;    utf8mb4    utf8mb4_general_ci
show databases like 'snapshot_read' {snapshot = 'snapshot_01'};
Database
snapshot_read
drop snapshot snapshot_01;
