create account acc1 ADMIN_NAME 'admin1' IDENTIFIED BY 'test123';
create database if not exists db1;
create table db1.t1 (a int);
insert into db1.t1 values (1), (2), (3);
create snapshot sn1 for account acc1;
show snapshots;
SNAPSHOT_NAME    TIMESTAMP    SNAPSHOT_LEVEL    ACCOUNT_NAME    DATABASE_NAME    TABLE_NAME
sn1    2024-05-13 13:38:02.617258    account    acc1        
drop database db1;
create database view_test1;
create table view_test1.t1 (a int);
insert into view_test1.t1 values (1), (2), (4);
create view view_test1.v1 as select * from view_test1.t1;
create view view_test1.v2 as select * from db1.t1 {snapshot = 'sn1'};
create database view_test2;
create view view_test2.v3 as select view_test1.v1.a as v1a, view_test1.v2.a as v2a from view_test1.v1 join view_test1.v2 on view_test1.v1.a = view_test1.v2.a;
create view view_test2.v4 as select * from view_test2.v3;
create database view_test3;
create view view_test3.v5 as select * from view_test2.v4;
create view view_test3.v6 as select * from view_test2.v4;
select * from view_test1.t1;
a
1
2
4
select * from view_test1.v1;
a
1
2
4
select * from view_test1.v2;
a
1
2
3
select * from view_test2.v3;
v1a    v2a
1    1
2    2
select * from view_test2.v4;
v1a    v2a
1    1
2    2
select * from view_test3.v5;
v1a    v2a
1    1
2    2
select * from view_test3.v6;
v1a    v2a
1    1
2    2
create snapshot syssn1 for account acc1;
show databases {snapshot = 'syssn1'};
Database
information_schema
mo_catalog
mysql
system
system_metrics
view_test1
view_test2
view_test3
show full tables from view_test1 {snapshot = 'syssn1'};
Tables_in_view_test1    Table_type
t1    BASE TABLE
v1    VIEW
v2    VIEW
show full tables from view_test2 {snapshot = 'syssn1'};
Tables_in_view_test2    Table_type
v3    VIEW
v4    VIEW
show full tables from view_test3 {snapshot = 'syssn1'};
Tables_in_view_test3    Table_type
v5    VIEW
v6    VIEW
select * from view_test1.t1 {snapshot = 'syssn1'};
a
1
2
4
select * from view_test1.v1 {snapshot = 'syssn1'};
a
1
2
4
select * from view_test1.v2 {snapshot = 'syssn1'};
a
1
2
3
select * from view_test2.v3 {snapshot = 'syssn1'};
v1a    v2a
1    1
2    2
select * from view_test2.v4 {snapshot = 'syssn1'};
v1a    v2a
1    1
2    2
select * from view_test3.v5 {snapshot = 'syssn1'};
v1a    v2a
1    1
2    2
select * from view_test3.v6 {snapshot = 'syssn1'};
v1a    v2a
1    1
2    2
drop database view_test1;
drop database view_test2;
drop database view_test3;
restore account acc1 from snapshot syssn1 to account acc1;
show databases;
Database
information_schema
mo_catalog
mysql
system
system_metrics
view_test1
view_test2
view_test3
select * from view_test1.t1;
a
1
2
4
select * from view_test1.v2;
a
1
2
3
select * from view_test2.v3;
v1a    v2a
1    1
2    2
select * from view_test2.v4;
v1a    v2a
1    1
2    2
select * from view_test3.v5;
v1a    v2a
1    1
2    2
select * from view_test3.v6;
v1a    v2a
1    1
2    2
drop database view_test1;
drop database view_test2;
drop database view_test3;
drop snapshot sn1;
drop snapshot syssn1;
drop account acc1;
