drop account if exists `01929da4-89af-7ed8-8f32-8df9ed5ddd71`;
create account `01929da4-89af-7ed8-8f32-8df9ed5ddd71` admin_name = 'test_account' identified by '111';
drop account if exists `0192fbbb-bfb0-7d54-a2fe-b7fd26dbdb14`;
create account `0192fbbb-bfb0-7d54-a2fe-b7fd26dbdb14` admin_name = 'test_account' identified by '111';
create database if not exists `mocloud_meta`;
use `mocloud_meta`;
create table if not exists `lock` (id int, name varchar(100));
insert into `lock` values(1, 'test');
select * from `mocloud_meta`.`lock`;
id    name
1    test
create snapshot metadb202411181350 for account `01929da4-89af-7ed8-8f32-8df9ed5ddd71`;
drop database if exists `mocloud_meta`;
restore account `01929da4-89af-7ed8-8f32-8df9ed5ddd71` from snapshot metadb202411181350 to account `0192fbbb-bfb0-7d54-a2fe-b7fd26dbdb14`;
use `mocloud_meta`;
select * from `mocloud_meta`.`lock`;
id    name
1    test
drop snapshot if exists metadb202411181350;
drop account if exists `0192fbbb-bfb0-7d54-a2fe-b7fd26dbdb14`;
drop account if exists `01929da4-89af-7ed8-8f32-8df9ed5ddd71`;
drop database if exists `select`;
create database `select`;
use `select`;
drop table if exists `_binary`;
create table `_binary` (`add` int, `all` bigint, `alter` smallint, `analyze` decimal, `and` char, `as` varchar, `asc` int, `begin` float);
show create table `_binary`;
Table    Create Table
_binary    CREATE TABLE `_binary` (\n  `add` int DEFAULT NULL,\n  `all` bigint DEFAULT NULL,\n  `alter` smallint DEFAULT NULL,\n  `analyze` decimal(38,0) DEFAULT NULL,\n  `and` char(1) DEFAULT NULL,\n  `as` varchar(65535) DEFAULT NULL,\n  `asc` int DEFAULT NULL,\n  `begin` float DEFAULT NULL\n)
drop snapshot if exists sp01;
create snapshot sp01 for account sys;
drop table `_binary`;
restore account sys from snapshot sp01;
show databases;
Database
information_schema
mo_catalog
mo_debug
mo_task
mysql
select
snapshot_restore_keyword
system
system_metrics
use `select`;
show tables;
Tables_in_select
_binary
show create table `_binary`;
Table    Create Table
_binary    CREATE TABLE `_binary` (\n  `add` int DEFAULT NULL,\n  `all` bigint DEFAULT NULL,\n  `alter` smallint DEFAULT NULL,\n  `analyze` decimal(38,0) DEFAULT NULL,\n  `and` char(1) DEFAULT NULL,\n  `as` varchar(65535) DEFAULT NULL,\n  `asc` int DEFAULT NULL,\n  `begin` float DEFAULT NULL\n)
drop database `select`;
drop snapshot sp01;
drop database if exists `column`;
create database `column`;
use `column`;
drop table if exists `current_date`;
create table `current_date` (`current_role` int, `current_time` bigint, `current_timestamp` smallint, `current_user` decimal, `database` char, `databases` varchar, `day_hour` int, `day_microsecond` float);
show create table `current_date`;
Table    Create Table
current_date    CREATE TABLE `current_date` (\n  `current_role` int DEFAULT NULL,\n  `current_time` bigint DEFAULT NULL,\n  `current_timestamp` smallint DEFAULT NULL,\n  `current_user` decimal(38,0) DEFAULT NULL,\n  `database` char(1) DEFAULT NULL,\n  `databases` varchar(65535) DEFAULT NULL,\n  `day_hour` int DEFAULT NULL,\n  `day_microsecond` float DEFAULT NULL\n)
drop table `current_date`;
drop snapshot if exists `div`;
create snapshot `div` for account sys;
drop database `column`;
restore account sys from snapshot `div`;
use `column`;
show tables;
Tables_in_column
show create table `current_date`;
no such table column.current_date
drop database `column`;
drop snapshot `div`;
drop account if exists `01929da4-89af-7ed8-8f32-8d123d5ddd71`;
create account `01929da4-89af-7ed8-8f32-8d123d5ddd71` admin_name = 'test_account' identified by '111';
drop account if exists `1234567-89af-7ed8-8f32-8d123d5ddd71`;
create account `1234567-89af-7ed8-8f32-8d123d5ddd71` admin_name = 'test_account' identified by '111';
drop database if exists `explain`;
create database `explain`;
use `explain`;
drop table if exists `groups`;
create table `groups`(
deptno int unsigned comment '部门编号',
dname varchar(15) comment '部门名称',
loc varchar(50)  comment '部门所在位置',
primary key(deptno)
) comment='部门表';
insert into `groups` values (10,'ACCOUNTING','NEW YORK');
insert into `groups` values (20,'RESEARCH','DALLAS');
insert into `groups` values (30,'SALES','CHICAGO');
insert into `groups` values (40,'OPERATIONS','BOSTON');
drop snapshot if exists `ilike`;
create snapshot `ilike` for account `01929da4-89af-7ed8-8f32-8d123d5ddd71`;
restore account `01929da4-89af-7ed8-8f32-8d123d5ddd71` from snapshot `ilike` to account `1234567-89af-7ed8-8f32-8d123d5ddd71`;
show databases;
Database
explain
information_schema
mo_catalog
mysql
system
system_metrics
use `explain`;
select * from `groups`;
deptno    dname    loc
10    ACCOUNTING    NEW YORK
20    RESEARCH    DALLAS
30    SALES    CHICAGO
40    OPERATIONS    BOSTON
show create table `groups`;
Table    Create Table
groups    CREATE TABLE `groups` (\n  `deptno` int unsigned NOT NULL COMMENT '部门编号',\n  `dname` varchar(15) DEFAULT NULL COMMENT '部门名称',\n  `loc` varchar(50) DEFAULT NULL COMMENT '部门所在位置',\n  PRIMARY KEY (`deptno`)\n) COMMENT='部门表'
drop database `explain`;
drop database `explain`;
drop snapshot `ilike`;
drop account `01929da4-89af-7ed8-8f32-8d123d5ddd71`;
drop account `1234567-89af-7ed8-8f32-8d123d5ddd71`;
