drop database if exists db1;
create database db1;
use db1;
create table t1(a int);
insert into t1 values (1),(2),(3);
create account test_tenant_1 admin_name 'test_account' identified by '111';
create publication pubname1 database db1 account test_tenant_1 comment 'publish db1 database';
show publications;
publication    database    create_time    update_time    sub_account    comments
pubname1    db1    2024-05-29 09:49:04    null    test_tenant_1    publish db1 database
show databases like 'db1';
Database
db1
create database sub_db1 from sys publication pubname1;
show databases;
Database
information_schema
mo_catalog
mysql
sub_db1
system
system_metrics
use sub_db1;
show tables;
Tables_in_sub_db1
t1
select * from t1;
a
1
2
3
create snapshot snapshot2 for account sys;
drop publication pubname1;
drop database db1;
show publications;
publication    database    create_time    update_time    sub_account    comments
show databases like 'db1';
Database
show databases like 'sub_db1';
Database
sub_db1
use sub_db1;
internal error: there is no publication pubname1
show tables;
internal error: there is no publication pubname1
restore account sys from snapshot snapshot2;
show publications;
publication    database    create_time    update_time    sub_account    comments
pubname1    db1    2024-05-29 09:49:04    null    test_tenant_1    publish db1 database
show databases like 'db1';
Database
db1
show databases like 'sub_db1';
Database
sub_db1
use sub_db1;
show tables;
Tables_in_sub_db1
t1
drop snapshot snapshot2;
drop account test_tenant_1;
drop publication if exists pubname1;
drop database if exists db1;
show publications;
publication    database    create_time    update_time    sub_account    comments
show databases like 'db1';
Database
create database db1;
use db1;
create table t1(a int);
insert into t1 values (1),(2),(3);
create account test_tenant_1 admin_name 'test_account' identified by '111';
create publication pubname1 database db1 account test_tenant_1 comment 'publish db1 database';
create database db2;
use db2;
create table t2(a int);
insert into t2 values (1),(2),(3);
create account test_tenant_2 admin_name 'test_account' identified by '111';
create publication pubname2 database db2 account all comment 'publish db2 database';
show publications;
publication    database    create_time    update_time    sub_account    comments
pubname2    db2    2024-05-29 09:49:06    null    *    publish db2 database
pubname1    db1    2024-05-29 09:49:05    null    test_tenant_1    publish db1 database
show databases like 'db%';
Database
db1
db2
create database sub_db1 from sys publication pubname1;
use sub_db1;
show tables;
Tables_in_sub_db1
t1
select * from t1;
a
1
2
3
create database sub_db2 from sys publication pubname2;
use sub_db2;
show tables;
Tables_in_sub_db2
t2
select * from t2;
a
1
2
3
show subscriptions;
pub_name    pub_account    pub_database    pub_time    sub_name    sub_time
pubname2    sys    db2    2024-05-29 09:49:06    sub_db2    2024-05-29 09:49:06
pubname1    sys    db1    2024-05-29 09:49:05    sub_db1    2024-05-29 09:49:06
create database sub_db2 from sys publication pubname2;
use sub_db2;
show tables;
Tables_in_sub_db2
t2
select * from t2;
a
1
2
3
show subscriptions;
pub_name    pub_account    pub_database    pub_time    sub_name    sub_time
pubname2    sys    db2    2024-05-29 09:49:06    sub_db2    2024-05-29 09:49:06
create snapshot snapshot3 for account sys;
drop publication pubname1;
drop publication pubname2;
drop database db1;
drop database db2;
show publications;
publication    database    create_time    update_time    sub_account    comments
show databases like 'db%';
Database
show databases like 'sub_db1';
Database
sub_db1
use sub_db1;
internal error: there is no publication pubname1
show tables;
internal error: there is no publication pubname2
show databases like 'sub_db2';
Database
sub_db2
use sub_db2;
internal error: there is no publication pubname2
show tables;
internal error: there is no publication pubname2
show subscriptions;
pub_name    pub_account    pub_database    pub_time    sub_name    sub_time
show databases like 'sub_db2';
Database
sub_db2
use sub_db2;
internal error: there is no publication pubname2
show tables;
internal error: there is no publication pubname2
show subscriptions;
pub_name    pub_account    pub_database    pub_time    sub_name    sub_time
restore account sys from snapshot snapshot3;
show publications;
publication    database    create_time    update_time    sub_account    comments
pubname2    db2    2024-05-29 09:49:06    null    *    publish db2 database
pubname1    db1    2024-05-29 09:49:05    null    test_tenant_1    publish db1 database
show databases like 'db%';
Database
db1
db2
show databases like 'sub_db1';
Database
sub_db1
use sub_db1;
show tables;
Tables_in_sub_db1
t1
show databases like 'sub_db2';
Database
sub_db2
use sub_db2;
show tables;
Tables_in_sub_db2
t2
show subscriptions;
pub_name    pub_account    pub_database    pub_time    sub_name    sub_time
pubname2    sys    db2    2024-05-29 09:49:06    sub_db2    2024-05-29 09:49:06
pubname1    sys    db1    2024-05-29 09:49:05    sub_db1    2024-05-29 09:49:06
show databases like 'sub_db2';
Database
sub_db2
use sub_db2;
show tables;
Tables_in_sub_db2
t2
show subscriptions;
pub_name    pub_account    pub_database    pub_time    sub_name    sub_time
pubname2    sys    db2    2024-05-29 09:49:06    sub_db2    2024-05-29 09:49:06
drop snapshot snapshot3;
drop account test_tenant_1;
drop account test_tenant_2;
drop publication if exists pubname1;
drop publication if exists pubname2;
drop database if exists db1;
drop database if exists db2;
show publications;
publication    database    create_time    update_time    sub_account    comments
show databases like 'db%';
Database
create snapshot snapshot4 for account sys;
create database db1;
use db1;
create table t1(a int);
insert into t1 values (1),(2),(3);
create account test_tenant_1 admin_name 'test_account' identified by '111';
create publication pubname1 database db1 account test_tenant_1 comment 'publish db1 database';
create database db2;
use db2;
create table t2(a int);
insert into t2 values (1),(2),(3);
create account test_tenant_2 admin_name 'test_account' identified by '111';
create publication pubname2 database db2 account all comment 'publish db2 database';
show publications;
publication    database    create_time    update_time    sub_account    comments
pubname2    db2    2024-05-29 09:49:08    null    *    publish db2 database
pubname1    db1    2024-05-29 09:49:07    null    test_tenant_1    publish db1 database
show databases like 'db%';
Database
db1
db2
create database sub_db1 from sys publication pubname1;
use sub_db1;
show tables;
Tables_in_sub_db1
t1
select * from t1;
a
1
2
3
create database sub_db2 from sys publication pubname2;
use sub_db2;
show tables;
Tables_in_sub_db2
t2
select * from t2;
a
1
2
3
show subscriptions;
pub_name    pub_account    pub_database    pub_time    sub_name    sub_time
pubname2    sys    db2    2024-05-29 09:49:08    sub_db2    2024-05-29 09:49:08
pubname1    sys    db1    2024-05-29 09:49:07    sub_db1    2024-05-29 09:49:08
create database sub_db2 from sys publication pubname2;
use sub_db2;
show tables;
Tables_in_sub_db2
t2
select * from t2;
a
1
2
3
show subscriptions;
pub_name    pub_account    pub_database    pub_time    sub_name    sub_time
pubname2    sys    db2    2024-05-29 09:49:08    sub_db2    2024-05-29 09:49:08
restore account sys from snapshot snapshot4;
show publications;
publication    database    create_time    update_time    sub_account    comments
show databases like 'db%';
Database
show databases like 'sub_db1';
Database
sub_db1
use sub_db1;
internal error: there is no publication pubname1
show tables;
internal error: there is no publication pubname2
show databases like 'sub_db2';
Database
sub_db2
use sub_db2;
internal error: there is no publication pubname2
show tables;
internal error: there is no publication pubname2
show subscriptions;
pub_name    pub_account    pub_database    pub_time    sub_name    sub_time
show databases like 'sub_db2';
Database
sub_db2
use sub_db2;
internal error: there is no publication pubname2
show tables;
internal error: there is no publication pubname2
show subscriptions;
pub_name    pub_account    pub_database    pub_time    sub_name    sub_time
drop snapshot snapshot4;
drop account test_tenant_1;
drop account test_tenant_2;
drop publication if exists pubname1;
drop publication if exists pubname2;
drop database if exists db1;
drop database if exists db2;
show publications;
publication    database    create_time    update_time    sub_account    comments
show databases like 'db%';
Database
show snapshots;
SNAPSHOT_NAME    TIMESTAMP    SNAPSHOT_LEVEL    ACCOUNT_NAME    DATABASE_NAME    TABLE_NAME
create snapshot snapshot5 for account sys;
create database db1;
use db1;
create table t1(a int);
create account test_tenant_1 admin_name 'test_account' identified by '111';
create publication pubname1 database db1 account test_tenant_1 comment 'publish db1 database';
show publications;
publication    database    create_time    update_time    sub_account    comments
pubname1    db1    2024-05-29 09:49:09    null    test_tenant_1    publish db1 database
show databases like 'db%';
Database
db1
create database sub_db1 from sys publication pubname1;
use sub_db1;
show tables;
Tables_in_sub_db1
t1
show subscriptions;
pub_name    pub_account    pub_database    pub_time    sub_name    sub_time
pubname1    sys    db1    2024-05-29 09:49:09    sub_db1    2024-05-29 09:49:09
create snapshot snapshot6 for account sys;
drop publication pubname1;
drop database db1;
create database db2;
use db2;
create table t2(a int);
insert into t2 values (1),(2),(3);
create account test_tenant_2 admin_name 'test_account' identified by '111';
create publication pubname2 database db2 account all comment 'publish db2 database';
show publications;
publication    database    create_time    update_time    sub_account    comments
pubname2    db2    2024-05-29 09:49:10    null    *    publish db2 database
show databases like 'db%';
Database
db2
create database sub_db2 from sys publication pubname2;
use sub_db2;
show tables;
Tables_in_sub_db2
t2
select * from t2;
a
1
2
3
show subscriptions;
pub_name    pub_account    pub_database    pub_time    sub_name    sub_time
pubname2    sys    db2    2024-05-29 09:49:10    sub_db2    2024-05-29 09:49:10
create database sub_db2 from sys publication pubname2;
use sub_db2;
show tables;
Tables_in_sub_db2
t2
select * from t2;
a
1
2
3
show subscriptions;
pub_name    pub_account    pub_database    pub_time    sub_name    sub_time
pubname2    sys    db2    2024-05-29 09:49:10    sub_db2    2024-05-29 09:49:10
restore account sys from snapshot snapshot6;
show publications;
publication    database    create_time    update_time    sub_account    comments
pubname1    db1    2024-05-29 09:49:09    null    test_tenant_1    publish db1 database
show databases like 'db%';
Database
db1
show databases like 'sub_db1';
Database
sub_db1
use sub_db1;
show tables;
Tables_in_sub_db1
t1
show databases like 'sub_db2';
Database
sub_db2
use sub_db2;
internal error: there is no publication pubname2
show tables;
Tables_in_sub_db1
t1
show subscriptions;
pub_name    pub_account    pub_database    pub_time    sub_name    sub_time
pubname1    sys    db1    2024-05-29 09:49:09    sub_db1    2024-05-29 09:49:09
show databases like 'sub_db2';
Database
sub_db2
use sub_db2;
internal error: there is no publication pubname2
show tables;
internal error: there is no publication pubname2
show subscriptions;
pub_name    pub_account    pub_database    pub_time    sub_name    sub_time
restore account sys from snapshot snapshot5;
show databases like 'sub_db1';
Database
sub_db1
use sub_db1;
internal error: there is no publication pubname1
show tables;
internal error: there is no publication pubname1
show databases like 'sub_db2';
Database
sub_db2
use sub_db2;
internal error: there is no publication pubname2
show tables;
internal error: there is no publication pubname1
show subscriptions;
pub_name    pub_account    pub_database    pub_time    sub_name    sub_time
show databases like 'sub_db2';
Database
sub_db2
use sub_db2;
internal error: there is no publication pubname2
show tables;
internal error: there is no publication pubname2
show subscriptions;
pub_name    pub_account    pub_database    pub_time    sub_name    sub_time
drop snapshot snapshot5;
drop snapshot snapshot6;
drop account test_tenant_1;
drop account test_tenant_2;
drop publication if exists pubname1;
drop publication if exists pubname2;
drop database if exists db1;
drop database if exists db2;
show publications;
publication    database    create_time    update_time    sub_account    comments
show databases like 'db%';
Database
show snapshots;
SNAPSHOT_NAME    TIMESTAMP    SNAPSHOT_LEVEL    ACCOUNT_NAME    DATABASE_NAME    TABLE_NAME
drop account if exists acc02;
create account acc02 admin_name = 'test_account' identified by '111';
drop account if exists acc01;
create account acc01 admin_name = 'test_account' identified by '111';
drop database if exists db09;
create database db09;
use db09;
drop table if exists index01;
create table index01(
col1 int not null,
col2 date not null,
col3 varchar(16) not null,
col4 int unsigned not null,
primary key (col1)
);
insert into index01 values(1, '1980-12-17','Abby', 21);
insert into index01 values(2, '1981-02-20','Bob', 22);
insert into index01 values(3, '1981-02-20','Bob', 22);
select count(*) from index01;
count(*)
3
drop table if exists index02;
create table index02(col1 char, col2 int, col3 binary);
insert into index02 values('a', 33, 1);
insert into index02 values('c', 231, 0);
alter table index02 add key pk(col1) comment 'primary key';
select count(*) from index02;
count(*)
2
drop database if exists db10;
create database db10;
use db10;
drop table if exists index03;
create table index03 (
emp_no      int             not null,
birth_date  date            not null,
first_name  varchar(14)     not null,
last_name   varchar(16)     not null,
gender      varchar(5)      not null,
hire_date   date            not null,
primary key (emp_no)
) partition by range columns (emp_no)(
partition p01 values less than (100001),
partition p02 values less than (200001),
partition p03 values less than (300001),
partition p04 values less than (400001)
);
insert into index03 values (9001,'1980-12-17', 'SMITH', 'CLERK', 'F', '2008-12-17'),
(9002,'1981-02-20', 'ALLEN', 'SALESMAN', 'F', '2008-02-20');
drop snapshot if exists sp05;
create snapshot sp05 for account acc01;
drop publication if exists pub05;
create publication pub05 database db09 account acc02 comment 'publish db09';
drop publication if exists pub06;
create publication pub06 database db10 account acc02 comment 'publish db10';
show publications;
publication    database    create_time    update_time    sub_account    comments
pub06    db10    2024-06-04 15:22:01    null    acc02    publish db10
pub05    db09    2024-06-04 15:22:01    null    acc02    publish db09
drop database if exists sub05;
create database sub05 from acc01 publication pub05;
show databases;
Database
information_schema
mo_catalog
mysql
sub05
system
system_metrics
use sub05;
show create table index01;
Table    Create Table
index01    CREATE TABLE `index01` (\n  `col1` INT NOT NULL,\n  `col2` DATE NOT NULL,\n  `col3` VARCHAR(16) NOT NULL,\n  `col4` INT UNSIGNED NOT NULL,\n  PRIMARY KEY (`col1`)\n)
select * from index02;
col1    col2    col3
a    33    1
c    231    0
restore account acc01 from snapshot sp05;
show publications;
publication    database    create_time    update_time    sub_account    comments
show databases like 'db%';
Database
db09
db10
create account acc03 admin_name 'test_account' identified by '111';
restore account acc01 from snapshot sp05 to account acc03;
show publications;
publication    database    create_time    update_time    sub_account    comments
show databases like 'db%';
Database
db09
db10
drop snapshot sp05;
drop account acc01;
drop account acc02;
drop account acc03;
show snapshots;
SNAPSHOT_NAME    TIMESTAMP    SNAPSHOT_LEVEL    ACCOUNT_NAME    DATABASE_NAME    TABLE_NAME
