drop database if exists test;
create database test;
use test;
drop table if exists table01;
create table table01 (col1 int, col2 decimal(6), col3 varchar(30));
insert into table01 values (1, null, 'database');
insert into table01 values (2, 38291.32132, 'database');
insert into table01 values (3, null, 'database management system');
insert into table01 values (4, 10, null);
insert into table01 values (1, -321.321, null);
insert into table01 values (2, -1, null);
select count(*) from table01;
count(*)
6
drop view if exists v01;
create view v01 as select * from table01;
show create view v01;
View    Create View    character_set_client    collation_connection
v01    create view v01 as select * from table01;    utf8mb4    utf8mb4_general_ci
select * from v01;
col1    col2    col3
1    null    database
2    38291    database
3    null    database management system
4    10    null
1    -321    null
2    -1    null
drop view if exists v02;
create view v02 as select col1, col2 from table01;
show create view v02;
View    Create View    character_set_client    collation_connection
v02    create view v02 as select col1, col2 from table01;    utf8mb4    utf8mb4_general_ci
select * from v02;
col1    col2
1    null
2    38291
3    null
4    10
1    -321
2    -1
drop snapshot if exists sp100;
create snapshot sp100 for account sys;
delete from table01 where col1 = 1;
select * from v01;
col1    col2    col3
2    38291    database
3    null    database management system
4    10    null
2    -1    null
select * from v02;
col1    col2
2    38291
3    null
4    10
2    -1
drop view v01;
insert into v02 values (100, null, 'database');
invalid input: cannot insert/update/delete from view
select * from v01{snapshot = 'sp100'};
col1    col2    col3
1    null    database
2    38291    database
3    null    database management system
4    10    null
1    -321    null
2    -1    null
select * from v02{snapshot = 'sp100'};
col1    col2
1    null
2    38291
3    null
4    10
1    -321
2    -1
drop view if exists v03;
create view v03 as select * from table01 {snapshot = 'sp100'};
select * from v01;
SQL parser error: table "v01" does not exist
select * from v02;
col1    col2
2    38291
3    null
4    10
2    -1
select * from v03;
col1    col2    col3
1    null    database
2    38291    database
3    null    database management system
4    10    null
1    -321    null
2    -1    null
restore account sys from snapshot sp100;
select user_id,user_name,creator,owner,default_role from mo_catalog.mo_user;
user_id    user_name    creator    owner    default_role
0    root    0    0    0
1    dump    0    0    0
show create view v01;
View    Create View    character_set_client    collation_connection
v01    create view v01 as select * from table01;    utf8mb4    utf8mb4_general_ci
select * from v01;
col1    col2    col3
1    null    database
2    38291    database
3    null    database management system
4    10    null
1    -321    null
2    -1    null
show create view v02;
View    Create View    character_set_client    collation_connection
v02    create view v02 as select col1, col2 from table01;    utf8mb4    utf8mb4_general_ci
select * from v02;
col1    col2
1    null
2    38291
3    null
4    10
1    -321
2    -1
select * from v01{snapshot = 'sp100'};
col1    col2    col3
1    null    database
2    38291    database
3    null    database management system
4    10    null
1    -321    null
2    -1    null
select * from v02{snapshot = 'sp100'};
col1    col2
1    null
2    38291
3    null
4    10
1    -321
2    -1
drop view v01;
drop view v02;
drop table table01;
drop snapshot sp100;
drop table if exists pri01;
create table pri01(
deptno int unsigned comment '部门编号',
dname varchar(15) comment '部门名称',
loc varchar(50)  comment '部门所在位置',
primary key(deptno)
) comment='部门表';
insert into pri01 values (10,'ACCOUNTING','NEW YORK');
insert into pri01 values (20,'RESEARCH','DALLAS');
insert into pri01 values (30,'SALES','CHICAGO');
insert into pri01 values (40,'OPERATIONS','BOSTON');
drop table if exists aff01;
create table aff01(
empno int unsigned auto_increment COMMENT '雇员编号',
ename varchar(15) comment '雇员姓名',
job varchar(10) comment '雇员职位',
mgr int unsigned comment '雇员对应的领导的编号',
hiredate date comment '雇员的雇佣日期',
sal decimal(7,2) comment '雇员的基本工资',
comm decimal(7,2) comment '奖金',
deptno int unsigned comment '所在部门',
primary key(empno),
constraint `c1` foreign key (deptno) references pri01 (deptno)
);
insert into aff01 values (7369,'SMITH','CLERK',7902,'1980-12-17',800,NULL,20);
insert into aff01 values (7499,'ALLEN','SALESMAN',7698,'1981-02-20',1600,300,30);
insert into aff01 values (7521,'WARD','SALESMAN',7698,'1981-02-22',1250,500,30);
insert into aff01 values (7566,'JONES','MANAGER',7839,'1981-04-02',2975,NULL,20);
insert into aff01 values (7654,'MARTIN','SALESMAN',7698,'1981-09-28',1250,1400,30);
insert into aff01 values (7698,'BLAKE','MANAGER',7839,'1981-05-01',2850,NULL,30);
insert into aff01 values (7782,'CLARK','MANAGER',7839,'1981-06-09',2450,NULL,10);
drop view if exists v04;
create view v04 as select avg(sal) from aff01 group by mgr;
show create view v04;
View    Create View    character_set_client    collation_connection
v04    create view v04 as select avg(sal) from aff01 group by mgr;    utf8mb4    utf8mb4_general_ci
select * from v04;
avg(sal)
800.00000000
1366.66666667
2758.33333333
drop view if exists v05;
create view v05 as select * from v04;
select * from v05;
avg(sal)
800.00000000
1366.66666667
2758.33333333
drop snapshot if exists sp02;
create snapshot sp02 for account sys;
drop view v04;
select * from v04;
SQL parser error: table "v04" does not exist
select * from v05;
SQL parser error: table "v04" does not exist
select * from v04{snapshot = 'sp02'};
avg(sal)
800.00000000
1366.66666667
2758.33333333
select * from v05{snapshot = 'sp02'};
avg(sal)
800.00000000
1366.66666667
2758.33333333
restore account sys from snapshot sp02;
select user_id,user_name,creator,owner,default_role from mo_catalog.mo_user;
user_id    user_name    creator    owner    default_role
0    root    0    0    0
1    dump    0    0    0
select * from v04;
avg(sal)
800.00000000
1366.66666667
2758.33333333
select * from v05;
avg(sal)
800.00000000
1366.66666667
2758.33333333
select * from v04{snapshot = 'sp02'};
avg(sal)
800.00000000
1366.66666667
2758.33333333
select * from v05{snapshot = 'sp02'};
avg(sal)
800.00000000
1366.66666667
2758.33333333
drop view v04;
drop view v05;
drop table aff01;
drop table pri01;
drop snapshot sp02;
drop table if exists Departments;
drop table if exists Employees;
create table Departments (
DepartmentID INT PRIMARY KEY,
DepartmentName VARCHAR(255) NOT NULL
);
create table Employees (
EmployeeID INT PRIMARY KEY,
FirstName VARCHAR(255) NOT NULL,
LastName VARCHAR(255) NOT NULL,
DepartmentID INT,
foreign key (DepartmentID) REFERENCES Departments(DepartmentID)
);
insert into Departments (DepartmentID, DepartmentName) values
(1, 'Human Resources'),
(2, 'Engineering'),
(3, 'Marketing'),
(4, 'Sales'),
(5, 'Finance');
insert into Employees (EmployeeID, FirstName, LastName, DepartmentID) values
(101, 'John', 'Doe', 1),
(102, 'Jane', 'Smith', 2),
(103, 'Alice', 'Johnson', 3),
(104, 'Mark', 'Patterson', 4),
(105, 'David', 'Finley', 5);
drop view if exists EmployeeDepartmentView;
create view EmployeeDepartmentView as
select
e.FirstName,
e.LastName,
d.DepartmentName
from
Employees e
inner join
Departments d ON e.DepartmentID = d.DepartmentID;
select * from EmployeeDepartmentView;
firstname    lastname    departmentname
John    Doe    Human Resources
Jane    Smith    Engineering
Alice    Johnson    Marketing
Mark    Patterson    Sales
David    Finley    Finance
drop snapshot if exists sp05;
create snapshot sp05 for account sys;
drop table Employees;
select * from EmployeeDepartmentView;
SQL parser error: table "employees" does not exist
select * from EmployeeDepartmentView{snapshot = 'sp05'};
firstname    lastname    departmentname
John    Doe    Human Resources
Jane    Smith    Engineering
Alice    Johnson    Marketing
Mark    Patterson    Sales
David    Finley    Finance
restore account sys from snapshot sp05;
select user_id,user_name,creator,owner,default_role from mo_catalog.mo_user;
user_id    user_name    creator    owner    default_role
0    root    0    0    0
1    dump    0    0    0
select * from EmployeeDepartmentView;
firstname    lastname    departmentname
John    Doe    Human Resources
Jane    Smith    Engineering
Alice    Johnson    Marketing
Mark    Patterson    Sales
David    Finley    Finance
select * from EmployeeDepartmentView{snapshot = 'sp05'};
firstname    lastname    departmentname
John    Doe    Human Resources
Jane    Smith    Engineering
Alice    Johnson    Marketing
Mark    Patterson    Sales
David    Finley    Finance
drop view EmployeeDepartmentView;
select * from EmployeeDepartmentView;
SQL parser error: table "employeedepartmentview" does not exist
select * from EmployeeDepartmentView{snapshot = 'sp05'};
firstname    lastname    departmentname
John    Doe    Human Resources
Jane    Smith    Engineering
Alice    Johnson    Marketing
Mark    Patterson    Sales
David    Finley    Finance
restore account sys from snapshot sp05;
select user_id,user_name,creator,owner,default_role from mo_catalog.mo_user;
user_id    user_name    creator    owner    default_role
0    root    0    0    0
1    dump    0    0    0
select * from EmployeeDepartmentView;
firstname    lastname    departmentname
John    Doe    Human Resources
Jane    Smith    Engineering
Alice    Johnson    Marketing
Mark    Patterson    Sales
David    Finley    Finance
select * from EmployeeDepartmentView{snapshot = 'sp05'};
firstname    lastname    departmentname
John    Doe    Human Resources
Jane    Smith    Engineering
Alice    Johnson    Marketing
Mark    Patterson    Sales
David    Finley    Finance
drop view EmployeeDepartmentView;
drop table Employees;
drop table Departments;
drop snapshot sp05;
drop table if exists departments;
create table departments (
department_id INT PRIMARY KEY,
department_name VARCHAR(100)
);
insert into departments (department_id, department_name)
values (1, 'HR'),
(2, 'Engineering');
drop table if exists employees;
create table employees (
employee_id INT PRIMARY KEY,
first_name VARCHAR(50),
last_name VARCHAR(50),
department_id INT,
FOREIGN KEY (department_id) REFERENCES departments(department_id)
);
insert into employees values
(1, 'John', 'Doe', 1),
(2, 'Jane', 'Smith', 2),
(3, 'Bob', 'Johnson', 1);
drop view if exists employee_view;
create view employee_view as select employee_id, first_name, last_name, department_id from employees;
drop view if exists department_view;
create view department_view as select department_id, department_name from departments;
drop view if exists employee_with_department_view;
create view employee_with_department_view as
select e.employee_id, e.first_name, e.last_name, d.department_name
from employee_view e JOIN department_view d ON e.department_id = d.department_id;
select * from employee_view;
employee_id    first_name    last_name    department_id
1    John    Doe    1
2    Jane    Smith    2
3    Bob    Johnson    1
select * from department_view;
department_id    department_name
1    HR
2    Engineering
select * from employee_with_department_view;
employee_id    first_name    last_name    department_name
1    John    Doe    HR
2    Jane    Smith    Engineering
3    Bob    Johnson    HR
drop snapshot if exists sp04;
create snapshot sp04 for account sys;
select * from employee_view {snapshot = 'sp04'};
employee_id    first_name    last_name    department_id
1    John    Doe    1
2    Jane    Smith    2
3    Bob    Johnson    1
select * from department_view {snapshot = 'sp04'};
department_id    department_name
1    HR
2    Engineering
select * from employee_with_department_view {snapshot = 'sp04'};
employee_id    first_name    last_name    department_name
1    John    Doe    HR
2    Jane    Smith    Engineering
3    Bob    Johnson    HR
drop view employee_view;
drop view department_view;
select * from employee_with_department_view;
SQL parser error: table "employee_view" does not exist
select * from employee_with_department_view {snapshot = 'sp04'};
employee_id    first_name    last_name    department_name
1    John    Doe    HR
2    Jane    Smith    Engineering
3    Bob    Johnson    HR
restore account sys from snapshot sp04;
select user_id,user_name,creator,owner,default_role from mo_catalog.mo_user;
user_id    user_name    creator    owner    default_role
0    root    0    0    0
1    dump    0    0    0
select * from employee_view;
employee_id    first_name    last_name    department_id
1    John    Doe    1
2    Jane    Smith    2
3    Bob    Johnson    1
select * from department_view;
department_id    department_name
1    HR
2    Engineering
select * from employee_with_department_view;
employee_id    first_name    last_name    department_name
1    John    Doe    HR
2    Jane    Smith    Engineering
3    Bob    Johnson    HR
drop table employees;
truncate departments;
select * from employee_view;
SQL parser error: table "employees" does not exist
select * from employee_view {snapshot = 'sp04'};
employee_id    first_name    last_name    department_id
1    John    Doe    1
2    Jane    Smith    2
3    Bob    Johnson    1
restore account sys from snapshot sp04;
select user_id,user_name,creator,owner,default_role from mo_catalog.mo_user;
user_id    user_name    creator    owner    default_role
0    root    0    0    0
1    dump    0    0    0
select * from employee_view;
employee_id    first_name    last_name    department_id
1    John    Doe    1
2    Jane    Smith    2
3    Bob    Johnson    1
select * from department_view;
department_id    department_name
1    HR
2    Engineering
select * from employee_with_department_view;
employee_id    first_name    last_name    department_name
1    John    Doe    HR
2    Jane    Smith    Engineering
3    Bob    Johnson    HR
drop view employee_view;
drop view department_view;
drop view employee_with_department_view;
drop snapshot sp04;
drop table employees;
drop table departments;
drop table if exists partition01;
create table partition01 (
emp_no      int             not null,
birth_date  date            not null,
first_name  varchar(14)     not null,
last_name   varchar(16)     not null,
gender      varchar(5)      not null,
hire_date   date            not null,
primary key (emp_no)
) partition by range columns (emp_no)(
partition p01 values less than (100001),
partition p02 values less than (200001),
partition p03 values less than (300001),
partition p04 values less than (400001)
);
insert into partition01 values (9001,'1980-12-17', 'SMITH', 'CLERK', 'F', '2008-12-17'),
(9002,'1981-02-20', 'ALLEN', 'SALESMAN', 'F', '2008-02-20');
drop view if exists view01;
create view view01 as select * from partition01;
select * from view01;
emp_no    birth_date    first_name    last_name    gender    hire_date
9001    1980-12-17    SMITH    CLERK    F    2008-12-17
9002    1981-02-20    ALLEN    SALESMAN    F    2008-02-20
drop snapshot if exists sp05;
create snapshot sp05 for account sys;
insert into partition01 values (9003,'1999-02-20', 'BOB', 'DOCTOR', 'F', '2009-02-20');
select * from view01;
emp_no    birth_date    first_name    last_name    gender    hire_date
9001    1980-12-17    SMITH    CLERK    F    2008-12-17
9002    1981-02-20    ALLEN    SALESMAN    F    2008-02-20
9003    1999-02-20    BOB    DOCTOR    F    2009-02-20
select * from view01{snapshot = 'sp05'};
emp_no    birth_date    first_name    last_name    gender    hire_date
9001    1980-12-17    SMITH    CLERK    F    2008-12-17
9002    1981-02-20    ALLEN    SALESMAN    F    2008-02-20
drop snapshot if exists sp06;
create snapshot sp06 for account sys;
restore account sys from snapshot sp05;
select * from partition01;
emp_no    birth_date    first_name    last_name    gender    hire_date
9001    1980-12-17    SMITH    CLERK    F    2008-12-17
9002    1981-02-20    ALLEN    SALESMAN    F    2008-02-20
select * from partition01 {snapshot = 'sp05'};
emp_no    birth_date    first_name    last_name    gender    hire_date
9001    1980-12-17    SMITH    CLERK    F    2008-12-17
9002    1981-02-20    ALLEN    SALESMAN    F    2008-02-20
select user_id,user_name,creator,owner,default_role from mo_catalog.mo_user;
user_id    user_name    creator    owner    default_role
0    root    0    0    0
1    dump    0    0    0
select * from view01;
emp_no    birth_date    first_name    last_name    gender    hire_date
9001    1980-12-17    SMITH    CLERK    F    2008-12-17
9002    1981-02-20    ALLEN    SALESMAN    F    2008-02-20
select * from view01{snapshot = 'sp05'};
emp_no    birth_date    first_name    last_name    gender    hire_date
9001    1980-12-17    SMITH    CLERK    F    2008-12-17
9002    1981-02-20    ALLEN    SALESMAN    F    2008-02-20
drop table partition01;
select * from view01;
SQL parser error: table "partition01" does not exist
select * from view01{snapshot = 'sp05'};
emp_no    birth_date    first_name    last_name    gender    hire_date
9001    1980-12-17    SMITH    CLERK    F    2008-12-17
9002    1981-02-20    ALLEN    SALESMAN    F    2008-02-20
restore account sys from snapshot sp06;
select user_id,user_name,creator,owner,default_role from mo_catalog.mo_user;
user_id    user_name    creator    owner    default_role
0    root    0    0    0
1    dump    0    0    0
select * from view01;
emp_no    birth_date    first_name    last_name    gender    hire_date
9001    1980-12-17    SMITH    CLERK    F    2008-12-17
9002    1981-02-20    ALLEN    SALESMAN    F    2008-02-20
9003    1999-02-20    BOB    DOCTOR    F    2009-02-20
select * from partition01;
emp_no    birth_date    first_name    last_name    gender    hire_date
9001    1980-12-17    SMITH    CLERK    F    2008-12-17
9002    1981-02-20    ALLEN    SALESMAN    F    2008-02-20
9003    1999-02-20    BOB    DOCTOR    F    2009-02-20
select * from partition01 {snapshot = 'sp06'};
emp_no    birth_date    first_name    last_name    gender    hire_date
9001    1980-12-17    SMITH    CLERK    F    2008-12-17
9002    1981-02-20    ALLEN    SALESMAN    F    2008-02-20
9003    1999-02-20    BOB    DOCTOR    F    2009-02-20
select * from view01{snapshot = 'sp06'};
emp_no    birth_date    first_name    last_name    gender    hire_date
9001    1980-12-17    SMITH    CLERK    F    2008-12-17
9002    1981-02-20    ALLEN    SALESMAN    F    2008-02-20
9003    1999-02-20    BOB    DOCTOR    F    2009-02-20
drop view view01;
drop snapshot sp06;
drop snapshot sp05;
drop table partition01;
drop database test;
drop database if exists test01;
create database test01;
use test01;
drop table if exists EmployeeSalaries;
create table EmployeeSalaries (
EmployeeID INT,
EmployeeName VARCHAR(100),
Salary DECIMAL(10, 2)
);
insert into EmployeeSalaries (EmployeeID, EmployeeName, Salary) VALUES
(1, 'Alice', 70000),
(2, 'Bob', 80000),
(3, 'Charlie', 90000),
(4, 'David', 65000),
(5, 'Eva', 75000);
drop view if exists EmployeeSalaryRanking;
create view EmployeeSalaryRanking AS
select
EmployeeID,
EmployeeName,
Salary,
rank() over (order by Salary desc) as SalaryRank
from
EmployeeSalaries;
select * from EmployeeSalaryRanking;
employeeid    employeename    salary    salaryrank
3    Charlie    90000.00    1
2    Bob    80000.00    2
5    Eva    75000.00    3
1    Alice    70000.00    4
4    David    65000.00    5
drop snapshot if exists sp06;
create snapshot sp06 for account sys;
drop database test01;
select * from test01.EmployeeSalaryRanking;
invalid database test01
select * from test01.EmployeeSalaryRanking{snapshot = 'sp06'};
employeeid    employeename    salary    salaryrank
3    Charlie    90000.00    1
2    Bob    80000.00    2
5    Eva    75000.00    3
1    Alice    70000.00    4
4    David    65000.00    5
restore account sys from snapshot sp06;
select user_id,user_name,creator,owner,default_role from mo_catalog.mo_user;
user_id    user_name    creator    owner    default_role
0    root    0    0    0
1    dump    0    0    0
select * from test01.EmployeeSalaryRanking{snapshot = 'sp06'};
employeeid    employeename    salary    salaryrank
3    Charlie    90000.00    1
2    Bob    80000.00    2
5    Eva    75000.00    3
1    Alice    70000.00    4
4    David    65000.00    5
select * from test01.EmployeeSalaryRanking;
employeeid    employeename    salary    salaryrank
3    Charlie    90000.00    1
2    Bob    80000.00    2
5    Eva    75000.00    3
1    Alice    70000.00    4
4    David    65000.00    5
drop snapshot sp06;
drop database test01;
drop database if exists test02;
create database test02;
use test02;
drop table if exists students;
create table Students (
StudentID INT PRIMARY KEY auto_increment,
Name VARCHAR(100),
Grade DECIMAL(3, 2)
);
drop table if exists Courses;
create table Courses (
CourseID INT PRIMARY KEY,
Title VARCHAR(100),
Teacher VARCHAR(100)
);
insert into Students (StudentID, Name, Grade) VALUES
(1, 'Alice', 3.5),
(2, 'Bob', 3.0),
(3, 'Charlie', 3.7);
insert into Courses (CourseID, Title, Teacher) VALUES
(101, 'Mathematics', 'Mr. Smith'),
(102, 'Physics', 'Dr. Johnson'),
(103, 'Chemistry', 'Ms. Lee');
drop table if exists Enrollments;
create table Enrollments (
StudentID INT,
CourseID INT,
EnrollmentDate DATE,
PRIMARY KEY (StudentID, CourseID),
FOREIGN KEY (StudentID) REFERENCES Students(StudentID),
FOREIGN KEY (CourseID) REFERENCES Courses(CourseID)
);
insert into Enrollments (StudentID, CourseID, EnrollmentDate) VALUES
(1, 101, '2024-01-10'),
(2, 102, '2024-01-15'),
(1, 103, '2024-01-20'),
(3, 101, '2024-02-01');
drop view if exists StudentCoursesView;
create view StudentCoursesView as
select
s.Name as StudentName,
c.Title as CourseTitle,
c.Teacher,
e.EnrollmentDate
from
Students s
join
Enrollments e on s.StudentID = e.StudentID
join
Courses c on e.CourseID = c.CourseID
order by
s.Name, c.Title;
select * from StudentCoursesView;
studentname    coursetitle    teacher    enrollmentdate
Alice    Chemistry    Ms. Lee    2024-01-20
Alice    Mathematics    Mr. Smith    2024-01-10
Bob    Physics    Dr. Johnson    2024-01-15
Charlie    Mathematics    Mr. Smith    2024-02-01
drop snapshot if exists sp07;
create snapshot sp07 for account sys;
drop table Enrollments;
drop table students;
select * from StudentCoursesView;
SQL parser error: table "students" does not exist
select * from StudentCoursesView {snapshot = 'sp07'};
studentname    coursetitle    teacher    enrollmentdate
Alice    Chemistry    Ms. Lee    2024-01-20
Alice    Mathematics    Mr. Smith    2024-01-10
Bob    Physics    Dr. Johnson    2024-01-15
Charlie    Mathematics    Mr. Smith    2024-02-01
restore account sys database test02 table students from snapshot sp07;
select * from Students;
studentid    name    grade
1    Alice    3.50
2    Bob    3.00
3    Charlie    3.70
select * from Students {snapshot = 'sp07'};
studentid    name    grade
1    Alice    3.50
2    Bob    3.00
3    Charlie    3.70
select * from Enrollments;
SQL parser error: table "enrollments" does not exist
select * from Enrollments {snapshot = 'sp07'};
studentid    courseid    enrollmentdate
1    101    2024-01-10
2    102    2024-01-15
1    103    2024-01-20
3    101    2024-02-01
select * from StudentCoursesView;
SQL parser error: table "enrollments" does not exist
restore account sys database test02 table Enrollments from snapshot sp07;
select * from Enrollments;
studentid    courseid    enrollmentdate
1    101    2024-01-10
2    102    2024-01-15
1    103    2024-01-20
3    101    2024-02-01
select * from Enrollments {snapshot = 'sp07'};
studentid    courseid    enrollmentdate
1    101    2024-01-10
2    102    2024-01-15
1    103    2024-01-20
3    101    2024-02-01
select * from StudentCoursesView;
studentname    coursetitle    teacher    enrollmentdate
Alice    Chemistry    Ms. Lee    2024-01-20
Alice    Mathematics    Mr. Smith    2024-01-10
Bob    Physics    Dr. Johnson    2024-01-15
Charlie    Mathematics    Mr. Smith    2024-02-01
show create view StudentCoursesView;
View    Create View    character_set_client    collation_connection
studentcoursesview    create view StudentCoursesView as\nselect\ns.Name as StudentName,\nc.Title as CourseTitle,\nc.Teacher,\ne.EnrollmentDate\nfrom\nStudents s\njoin\nEnrollments e on s.StudentID = e.StudentID\njoin\nCourses c on e.CourseID = c.CourseID\norder by\ns.Name, c.Title;    utf8mb4    utf8mb4_general_ci
drop view StudentCoursesView;
drop table Enrollments;
drop table students;
drop table Courses;
drop snapshot sp07;
drop table if exists employees;
create table employees (
id INT PRIMARY KEY,
name VARCHAR(255),
department VARCHAR(255),
salary DECIMAL(10, 2),
hire_date DATE
);
drop view if exists employees_view;
drop view if exists it_employees_view;
drop view if exists employees_by_department_view;
drop view if exists employees_by_salary_view;
drop view if exists avg_salary_per_department_view;
create view employees_view AS SELECT * FROM employees;
create view it_employees_view AS SELECT * FROM employees WHERE department = 'IT';
create view employees_by_department_view AS
select name, department
from employees
order by department;
create view employees_by_salary_view AS
select name, salary
from employees
order by salary desc;
create view avg_salary_per_department_view AS
select department, avg(salary) as avg_salary
from employees
group by department;
drop snapshot if exists sp10;
create snapshot sp10 for account sys;
drop database test02;
restore account sys from snapshot sp10;
select user_id,user_name,creator,owner,default_role from mo_catalog.mo_user;
user_id    user_name    creator    owner    default_role
0    root    0    0    0
1    dump    0    0    0
drop view if exists employees_view;
drop view if exists it_employees_view;
drop view if exists employees_by_department_view;
drop view if exists employees_by_salary_view;
drop view if exists avg_salary_per_department_view;
drop table employees;
drop database test02;
drop snapshot sp10;
drop database if exists test03;
drop database if exists test04;
drop database if exists test05;
create database test03;
create database test04;
create database test05;
use test03;
drop table if exists departments;
create table departments (
department_id INT PRIMARY KEY,
department_name VARCHAR(100)
);
insert into departments (department_id, department_name)
values (1, 'HR'),
(2, 'Engineering');
use test04;
drop table if exists employees;
create table employees (
employee_id INT PRIMARY KEY,
first_name VARCHAR(50),
last_name VARCHAR(50),
department_id INT,
FOREIGN KEY (department_id) REFERENCES test03.departments(department_id)
);
insert into employees values
(1, 'John', 'Doe', 1),
(2, 'Jane', 'Smith', 2),
(3, 'Bob', 'Johnson', 1);
use test04;
drop view if exists employee_view;
create view employee_view as select employee_id, first_name, last_name, department_id from test04.employees;
select * from employee_view;
employee_id    first_name    last_name    department_id
1    John    Doe    1
2    Jane    Smith    2
3    Bob    Johnson    1
use test03;
drop view if exists department_view;
create view department_view as select department_id, department_name from test03.departments;
select * from department_view;
department_id    department_name
1    HR
2    Engineering
use test05;
drop view if exists employee_with_department_view;
create view employee_with_department_view as
select e.employee_id, e.first_name, e.last_name, d.department_name
from test04.employee_view e join test03.department_view d on e.department_id = d.department_id;
select * from employee_with_department_view;
employee_id    first_name    last_name    department_name
1    John    Doe    HR
2    Jane    Smith    Engineering
3    Bob    Johnson    HR
drop snapshot if exists sp100;
create snapshot sp100 for account sys;
drop database test04;
select * from test04.employee_view;
invalid database test04
select * from test03.department_view;
department_id    department_name
1    HR
2    Engineering
select * from test05.employee_with_department_view;
invalid database test04
select * from test04.employee_view {snapshot = 'sp100'};
employee_id    first_name    last_name    department_id
1    John    Doe    1
2    Jane    Smith    2
3    Bob    Johnson    1
select * from test03.department_view {snapshot = 'sp100'};
department_id    department_name
1    HR
2    Engineering
select * from test05.employee_with_department_view {snapshot = 'sp100'};
employee_id    first_name    last_name    department_name
1    John    Doe    HR
2    Jane    Smith    Engineering
3    Bob    Johnson    HR
drop snapshot if exists sp101;
create snapshot sp101 for account sys;
drop database test03;
drop database test05;
select * from test04.employee_view;
invalid database test04
select * from test03.department_view;
invalid database test03
select * from test05.employee_with_department_view;
invalid database test05
select * from test04.employee_view {snapshot = 'sp100'};
employee_id    first_name    last_name    department_id
1    John    Doe    1
2    Jane    Smith    2
3    Bob    Johnson    1
select * from test03.department_view {snapshot = 'sp100'};
department_id    department_name
1    HR
2    Engineering
select * from test05.employee_with_department_view {snapshot = 'sp100'};
employee_id    first_name    last_name    department_name
1    John    Doe    HR
2    Jane    Smith    Engineering
3    Bob    Johnson    HR
restore account sys from snapshot sp100;
select user_id,user_name,creator,owner,default_role from mo_catalog.mo_user;
user_id    user_name    creator    owner    default_role
0    root    0    0    0
1    dump    0    0    0
select * from test04.employee_view;
employee_id    first_name    last_name    department_id
1    John    Doe    1
2    Jane    Smith    2
3    Bob    Johnson    1
select * from test03.department_view;
department_id    department_name
1    HR
2    Engineering
select * from test05.employee_with_department_view;
employee_id    first_name    last_name    department_name
1    John    Doe    HR
2    Jane    Smith    Engineering
3    Bob    Johnson    HR
drop table test04.employees;
drop table test03.departments;
drop view test04.employee_view;
drop view test03.department_view;
drop view test05.employee_with_department_view;
drop database test04;
drop database test03;
drop database test05;
drop snapshot sp100;
drop snapshot sp101;
show snapshots;
SNAPSHOT_NAME    TIMESTAMP    SNAPSHOT_LEVEL    ACCOUNT_NAME    DATABASE_NAME    TABLE_NAME
