drop database if exists test01;
create database test01;
use test01;
create table tt(col2 float comment '"%$^&*()_+@!\'');
show create table tt;
Table    Create Table
tt    CREATE TABLE `tt` (\n`col2` FLOAT DEFAULT NULL COMMENT '"%$^&*()_+@!''\n)
drop table tt;
create table t1 (id int not null, str char(10),name varchar(10));
create table t2 (a int);
show tables;
tables_in_test01
t1
t2
show tables from test01;
tables_in_test01
t1
t2
show columns from t1;
Field    Type    Null    Key    Default    Extra    Comment
id    INT    NO        NULL
str    CHAR    YES        NULL
name    VARCHAR    YES        NULL
show full columns from t1;
Field    Type    Collation    Null    Key    Default    Extra    Privileges    Comment
id    INT    NULL    NO        NULL        select,insert,update,references
str    CHAR    NULL    YES        NULL        select,insert,update,references
name    VARCHAR    NULL    YES        NULL        select,insert,update,references
show full columns from t1 like '%';
Field    Type    Collation    Null    Key    Default    Extra    Privileges    Comment
id    INT    NULL    NO        NULL        select,insert,update,references
str    CHAR    NULL    YES        NULL        select,insert,update,references
name    VARCHAR    NULL    YES        NULL        select,insert,update,references
show full columns from t1 where `Field`='id';
Field    Type    Collation    Null    Key    Default    Extra    Privileges    Comment
id    INT    NULL    NO        NULL        select,insert,update,references    
drop database if exists test01;
show charset;
Charset    Description    Default collation    Maxlen
drop database if exists test02;
create database test02;
use test02;
create table t1(a tinyint, b smallint, c int, d bigint);
create database test01;
use test01;
show columns from test02.t1;
Field    Type    Null    Key    Default    Extra    Comment
a    TINYINT    YES        NULL
b    SMALLINT    YES        NULL
c    INT    YES        NULL
d    BIGINT    YES        NULL
create database if not exists db11111111111;
show table status from db11111111111;
Name    Engine    Row_format    Rows    Avg_row_length    Data_length    Max_data_length    Index_length    Data_free    Auto_increment    Create_time    Update_time    Check_time    Collation    Checksum    Create_options    Comment
drop database db11111111111;
show grants;
Grants for dump@localhost
GRANT * ON account `dump`@`localhost`
GRANT * ON account `dump`@`localhost`
GRANT * ON account `dump`@`localhost`
GRANT * ON account `dump`@`localhost`
GRANT * ON account `dump`@`localhost`
GRANT * ON account `dump`@`localhost`
GRANT * ON account `dump`@`localhost`
GRANT * ON account `dump`@`localhost`
GRANT * ON account `dump`@`localhost`
GRANT * ON account `dump`@`localhost`
GRANT * ON account `dump`@`localhost`
GRANT * ON account `dump`@`localhost`
GRANT * ON account `dump`@`localhost`
GRANT * ON account `dump`@`localhost`
GRANT * ON database `dump`@`localhost`
GRANT * ON database `dump`@`localhost`
GRANT * ON database `dump`@`localhost`
GRANT * ON database `dump`@`localhost`
GRANT * ON database `dump`@`localhost`
GRANT * ON database `dump`@`localhost`
GRANT * ON database `dump`@`localhost`
GRANT * ON database `dump`@`localhost`
GRANT * ON database `dump`@`localhost`
GRANT *.* ON table `dump`@`localhost`
GRANT *.* ON table `dump`@`localhost`
GRANT *.* ON table `dump`@`localhost`
GRANT *.* ON table `dump`@`localhost`
GRANT *.* ON table `dump`@`localhost`
GRANT *.* ON table `dump`@`localhost`
GRANT *.* ON table `dump`@`localhost`
GRANT *.* ON table `dump`@`localhost`
GRANT *.* ON table `dump`@`localhost`
GRANT t ON table `dump`@`localhost`
GRANT * ON account `dump`@`localhost`
show grants for 'root'@'localhost';
Grants for root@localhost
GRANT * ON account `root`@`localhost`
GRANT * ON account `root`@`localhost`
GRANT * ON account `root`@`localhost`
GRANT * ON account `root`@`localhost`
GRANT * ON account `root`@`localhost`
GRANT * ON account `root`@`localhost`
GRANT * ON account `root`@`localhost`
GRANT * ON account `root`@`localhost`
GRANT * ON account `root`@`localhost`
GRANT * ON account `root`@`localhost`
GRANT * ON account `root`@`localhost`
GRANT * ON account `root`@`localhost`
GRANT * ON account `root`@`localhost`
GRANT * ON account `root`@`localhost`
GRANT * ON database `root`@`localhost`
GRANT * ON database `root`@`localhost`
GRANT * ON database `root`@`localhost`
GRANT * ON database `root`@`localhost`
GRANT * ON database `root`@`localhost`
GRANT * ON database `root`@`localhost`
GRANT * ON database `root`@`localhost`
GRANT * ON database `root`@`localhost`
GRANT * ON database `root`@`localhost`
GRANT *.* ON table `root`@`localhost`
GRANT *.* ON table `root`@`localhost`
GRANT *.* ON table `root`@`localhost`
GRANT *.* ON table `root`@`localhost`
GRANT *.* ON table `root`@`localhost`
GRANT *.* ON table `root`@`localhost`
GRANT *.* ON table `root`@`localhost`
GRANT *.* ON table `root`@`localhost`
GRANT *.* ON table `root`@`localhost`
GRANT t ON table `root`@`localhost`
GRANT * ON account `root`@`localhost`
show grants for 'test'@'localhost';
Grants for test@localhost
show variables where value = 'MatrixOne';
Variable_name    Value
version_comment    MatrixOne
create database if not exists test03;
use test03;
drop view if exists v1;
drop table if exists t1;
create table t1(a int, b int);
insert into t1 values(1,1);
create view v1 as select * from t1;
show full tables;
tables_in_test03    table_type
t1    BASE TABLE
v1    VIEW
show full tables from test03;
tables_in_test03    table_type
t1    BASE TABLE
v1    VIEW
show full tables from `1;drop table t1;`;
invalid database 1;drop table t1;
show tables like `1;drop table t1;`;
invalid input: column 1;drop table t1; does not exist
show full tables from "1;drop table t1;";
SQL parser error: You have an error in your SQL syntax; check the manual that corresponds to your MatrixOne server version for the right syntax to use. syntax error at line 1 column 40 near " "1;drop table t1;";";
show create database `1;drop table t1;`;
invalid database 1;drop table t1;
show create table `1;drop table t1;`;
invalid database 1;drop table t1;
show columns from `1;drop table t1;`;
no such table test03.1;drop table t1;
show table status from `1;drop table t1;`;
invalid database 1;drop table t1;
show index from `1;drop table t1;`;
no such table test03.1;drop table t1;
show variables like `1;drop table t1;`;
Variable_name    Value
select * from t1;
a    b
1    1
show collation;
Collation    Charset    Id    Compiled    Sortlen
utf8mb4_bin    utf8mb4    46    Yes    1
show collation like '%';
Collation    Charset    Id    Compiled    Sortlen
utf8mb4_bin    utf8mb4    46    Yes    1
show collation where 'Charset'='utf8mb4';
Collation    Charset    Id    Compiled    Sortlen
utf8mb4_bin    utf8mb4    46    Yes    1
show variables like 'sql_safe_updates';
Variable_name    Value
sql_safe_updates    0
set sql_safe_updates=1;
show variables like 'sql_safe_updates';
Variable_name    Value
sql_safe_updates    1
drop table if exists t1;
create table t1(c1 int primary key auto_increment,c2 tinyint not null default 4,c3 smallint,c4 bigint,c5 tinyint unsigned,c6 smallint unsigned,c7 int unsigned,c8 bigint unsigned,c9 float,c10 double,c11 date,c12 datetime,c13 timestamp on update current_timestamp,c14 char,c15 varchar default 'q',c16 json,c17 decimal,c18 text,c19 blob,c20 uuid);
show create table t1;
Table	Create Table
t1	CREATE TABLE `t1` (\n`c1` INT NOT NULL AUTO_INCREMENT,\n`c2` TINYINT DEFAULT 4,\n`c3` SMALLINT DEFAULT NULL,\n`c4` BIGINT DEFAULT NULL,\n`c5` TINYINT UNSIGNED DEFAULT NULL,\n`c6` SMALLINT UNSIGNED DEFAULT NULL,\n`c7` INT UNSIGNED DEFAULT NULL,\n`c8` BIGINT UNSIGNED DEFAULT NULL,\n`c9` FLOAT DEFAULT NULL,\n`c10` DOUBLE DEFAULT NULL,\n`c11` DATE DEFAULT NULL,\n`c12` DATETIME DEFAULT NULL,\n`c13` TIMESTAMP DEFAULT NULL ON UPDATE current_timestamp(),\n`c14` CHAR(1) DEFAULT NULL,\n`c15` VARCHAR(1) DEFAULT 'q',\n`c16` JSON DEFAULT NULL,\n`c17` DECIMAL DEFAULT NULL,\n`c18` TEXT DEFAULT NULL,\n`c19` BLOB DEFAULT NULL,\n`c20` UUID DEFAULT NULL,\nPRIMARY KEY (`c1`)\n)