drop table if exists t1;
create table t1(
a int,
b varchar(10)
);
insert into t1 values (111, 'a'),(110, 'a'),(100, 'a'),(000, 'b'),(001, 'b'),(011,'b');
select distinct b from t1;
â¤ b[12,-1,0]  ğ„€
a  ğ„€
b
select distinct b, a from t1;
â¤ b[12,-1,0]  Â¦  a[4,32,0]  ğ„€
a  Â¦  111  ğ„€
a  Â¦  110  ğ„€
a  Â¦  100  ğ„€
b  Â¦  0  ğ„€
b  Â¦  1  ğ„€
b  Â¦  11
select count(distinct a) from t1;
â¤ count(distinct a)[-5,64,0]  ğ„€
6
select sum(distinct a) from t1;
â¤ sum(distinct a)[-5,64,0]  ğ„€
333
select avg(distinct a) from t1;
â¤ avg(distinct a)[8,54,0]  ğ„€
55.5
select min(distinct a) from t1;
â¤ min(distinct a)[4,32,0]  ğ„€
0
select max(distinct a) from t1;
â¤ max(distinct a)[4,32,0]  ğ„€
111
drop table t1;
drop table if exists t2;
create table t2(a int, b varchar(10));
insert into t2 values (1, 'a');
insert into t2 values (2, NULL);
insert into t2 values (NULL, 'b');
insert into t2 values (NULL, '');
insert into t2 values (3, '');
insert into t2 values (NULL, NULL);
select distinct a from t2;
â¤ a[4,32,0]  ğ„€
1  ğ„€
2  ğ„€
null  ğ„€
3
select distinct b from t2;
â¤ b[12,-1,0]  ğ„€
a  ğ„€
null  ğ„€
b  ğ„€

select distinct a, b from t2;
â¤ a[4,32,0]  Â¦  b[12,-1,0]  ğ„€
1  Â¦  a  ğ„€
2  Â¦  null  ğ„€
null  Â¦  b  ğ„€
null  Â¦    ğ„€
3  Â¦    ğ„€
null  Â¦  null
drop table t2;
drop table if exists t3;
create table t3 (i int, j int);
insert into t3 values (1,1), (1,2), (2,3), (2,4);
select i, count(distinct j) from t3 group by i;
â¤ i[4,32,0]  Â¦  count(distinct j)[-5,64,0]  ğ„€
1  Â¦  2  ğ„€
2  Â¦  2
select i+0.0 as i2, count(distinct j) from t3 group by i2;
â¤ i2[3,38,1]  Â¦  count(distinct j)[-5,64,0]  ğ„€
1.0  Â¦  2  ğ„€
2.0  Â¦  2
select i+0.0 as i2, count(distinct j) from t3 group by i;
â¤ i2[3,38,1]  Â¦  count(distinct j)[-5,64,0]  ğ„€
1.0  Â¦  2  ğ„€
2.0  Â¦  2
drop table t3;
drop table if exists t4;
CREATE TABLE t4 (a INT, b INT);
INSERT INTO t4 VALUES (1,1),(1,2),(2,3);
SELECT (SELECT COUNT(DISTINCT t4.b)) FROM t4 GROUP BY t4.a;
correlated columns in aggregate function is not yet implemented
SELECT (SELECT COUNT(DISTINCT 12)) FROM t4 GROUP BY t4.a;
â¤ (select COUNT(distinct 12))[-5,64,0]  ğ„€
1  ğ„€
1
drop table t4;
drop table if exists t5;
create table t5 (ff double);
insert into t5 values (2.2);
select cast(sum(distinct ff) as decimal(5,2)) from t5;
â¤ cast(sum(distinct ff) as decimal(5, 2))[3,5,2]  ğ„€
2.20
select cast(sum(distinct ff) as signed) from t5;
â¤ cast(sum(distinct ff) as ff)[-5,64,0]  ğ„€
2
select cast(variance(ff) as decimal(10,3)) from t5;
â¤ cast(variance(ff) as decimal(10, 3))[3,10,3]  ğ„€
0.000
select cast(min(ff) as decimal(5,2)) from t5;
â¤ cast(min(ff) as decimal(5, 2))[3,5,2]  ğ„€
2.20
drop table t5;
drop table if exists t6;
create table t6 (df decimal(5,1));
insert into t6 values(1.1);
insert into t6 values(2.2);
select cast(sum(distinct df) as signed) from t6;
â¤ cast(sum(distinct df) as df)[-5,64,0]  ğ„€
3
select cast(min(df) as signed) from t6;
â¤ cast(min(df) as df)[-5,64,0]  ğ„€
1
select 1e8 * sum(distinct df) from t6;
â¤ 1e8 * sum(distinct df)[8,54,0]  ğ„€
3.3E8
select 1e8 * min(df) from t6;
â¤ 1e8 * min(df)[8,54,0]  ğ„€
1.1000000000000001E8
drop table t6;
drop table if exists t7;
CREATE TABLE t7 (a VARCHAR(400));
INSERT INTO t7 (a) VALUES ("A"), ("a"), ("a "), ("a   "),
("B"), ("b"), ("b "), ("b   ");
select * from t7 order by a;
â¤ a[12,-1,0]  ğ„€
A  ğ„€
B  ğ„€
a  ğ„€
a   ğ„€
a     ğ„€
b  ğ„€
b   ğ„€
b   
SELECT COUNT(DISTINCT a) FROM t7;
â¤ COUNT(distinct a)[-5,64,0]  ğ„€
8
DROP TABLE t7;
drop table if exists t8;
CREATE TABLE t8 (a INT, b INT);
INSERT INTO t8 VALUES (1,1),(1,2),(1,3),(1,4),(1,5),(1,6),(1,7),(1,8);
INSERT INTO t8 SELECT a, b+8       FROM t8;
INSERT INTO t8 SELECT a, b+16      FROM t8;
INSERT INTO t8 SELECT a, b+32      FROM t8;
INSERT INTO t8 SELECT a, b+64      FROM t8;
INSERT INTO t8 SELECT a, b+128     FROM t8;
INSERT INTO t8 SELECT a, b+256     FROM t8;
INSERT INTO t8 SELECT a, b+512     FROM t8;
INSERT INTO t8 SELECT a, b+1024    FROM t8;
INSERT INTO t8 SELECT a, b+2048    FROM t8;
INSERT INTO t8 SELECT a, b+4096    FROM t8;
INSERT INTO t8 SELECT a, b+8192    FROM t8;
INSERT INTO t8 SELECT a, b+16384   FROM t8;
INSERT INTO t8 SELECT a, b+32768   FROM t8;
SELECT a,COUNT(DISTINCT b) AS cnt FROM t8 GROUP BY a HAVING cnt > 50;
â¤ a[4,32,0]  Â¦  cnt[-5,64,0]  ğ„€
1  Â¦  65536
SELECT a,SUM(DISTINCT b) AS sumation FROM t8 GROUP BY a HAVING sumation > 50;
â¤ a[4,32,0]  Â¦  sumation[-5,64,0]  ğ„€
1  Â¦  2147516416
SELECT a,AVG(DISTINCT b) AS average FROM t8 GROUP BY a HAVING average > 50;
â¤ a[4,32,0]  Â¦  average[8,54,0]  ğ„€
1  Â¦  32768.5
DROP TABLE t8;
drop table if exists t9;
CREATE TABLE t9 (a INT);
INSERT INTO t9 values (),(),();
select distinct * from t9;
â¤ a[4,32,0]  ğ„€
null
drop table t9;
drop table if exists t10;
CREATE TABLE t10 (col_int_nokey int(11));
INSERT INTO t10 VALUES (7),(8),(NULL);
SELECT AVG(DISTINCT col_int_nokey) FROM t10;
â¤ AVG(distinct col_int_nokey)[8,54,0]  ğ„€
7.5
SELECT AVG(DISTINCT outr.col_int_nokey) FROM t10 AS outr LEFT JOIN t10 AS outr2 ON
outr.col_int_nokey = outr2.col_int_nokey;
â¤ AVG(distinct outr.col_int_nokey)[8,54,0]  ğ„€
7.5
DROP TABLE t10;
drop table if exists t11;
CREATE TABLE t11(c1 CHAR(30));
INSERT INTO t11 VALUES('111'),('222');
SELECT DISTINCT substr(c1, 1, 2147483647) FROM t11;
â¤ substr(c1, 1, 2147483647)[1,255,0]  ğ„€
111  ğ„€
222
SELECT DISTINCT substr(c1, 1, 2147483648) FROM t11;
â¤ substr(c1, 1, 2147483648)[1,255,0]  ğ„€
111  ğ„€
222
SELECT DISTINCT substr(c1, -1, 2147483648) FROM t11;
â¤ substr(c1, -1, 2147483648)[1,255,0]  ğ„€
1  ğ„€
2
SELECT DISTINCT substr(c1, -2147483647, 2147483648) FROM t11;
â¤ substr(c1, -2147483647, 2147483648)[1,255,0]  ğ„€

SELECT DISTINCT substr(c1, 9223372036854775807, 23) FROM t11;
â¤ substr(c1, 9223372036854775807, 23)[1,255,0]  ğ„€

DROP TABLE t11;
drop table if exists t12;
drop view if exists v1;
create table t12(pk int primary key);
create view v1 as select pk from t12 where pk < 20;
insert into t12 values (1), (2), (3), (4);
select distinct pk from v1;
â¤ pk[4,32,0]  ğ„€
1  ğ„€
2  ğ„€
3  ğ„€
4
insert into t12 values (5), (6), (7);
select distinct pk from v1;
â¤ pk[4,32,0]  ğ„€
1  ğ„€
2  ğ„€
3  ğ„€
4  ğ„€
5  ğ„€
6  ğ„€
7
drop view v1;
drop table t12;
SELECT AVG(2), BIT_AND(2), BIT_OR(2), BIT_XOR(2);
â¤ AVG(2)[8,54,0]  Â¦  BIT_AND(2)[-5,64,0]  Â¦  BIT_OR(2)[-5,64,0]  Â¦  BIT_XOR(2)[-5,64,0]  ğ„€
2.0  Â¦  2  Â¦  2  Â¦  2
select count(*);
â¤ count(*)[-5,64,0]  ğ„€
1
select COUNT(12), COUNT(DISTINCT 12), MIN(2),MAX(2),STD(2), VARIANCE(2),SUM(2);
â¤ COUNT(12)[-5,64,0]  Â¦  COUNT(distinct 12)[-5,64,0]  Â¦  MIN(2)[-5,64,0]  Â¦  MAX(2)[-5,64,0]  Â¦  STD(2)[8,54,0]  Â¦  VARIANCE(2)[8,54,0]  Â¦  SUM(2)[-5,64,0]  ğ„€
1  Â¦  1  Â¦  2  Â¦  2  Â¦  0.0  Â¦  0.0  Â¦  2
drop table if exists t13;
CREATE TABLE t13(product VARCHAR(32),country_id INTEGER NOT NULL,year INTEGER,profit INTEGER);
INSERT INTO t13 VALUES ( 'Computer', 2,2000, 1200),
( 'TV', 1, 1999, 150),
( 'Calculator', 1, 1999,50),
( 'Computer', 1, 1999,1500),
( 'Computer', 1, 2000,1500),
( 'TV', 1, 2000, 150),
( 'TV', 2, 2000, 100),
( 'TV', 2, 2000, 100),
( 'Calculator', 1, 2000,75),
( 'Calculator', 2, 2000,75),
( 'TV', 1, 1999, 100),
( 'Computer', 1, 1999,1200),
( 'Computer', 2, 2000,1500),
( 'Calculator', 2, 2000,75),
( 'Phone', 3, 2003,10);
SELECT product, country_id, COUNT(*), COUNT(distinct year) FROM t13 GROUP BY product, country_id order by product;
â¤ product[12,-1,0]  Â¦  country_id[4,32,0]  Â¦  COUNT(*)[-5,64,0]  Â¦  COUNT(distinct year)[-5,64,0]  ğ„€
Calculator  Â¦  1  Â¦  2  Â¦  2  ğ„€
Calculator  Â¦  2  Â¦  2  Â¦  1  ğ„€
Computer  Â¦  2  Â¦  2  Â¦  1  ğ„€
Computer  Â¦  1  Â¦  3  Â¦  2  ğ„€
Phone  Â¦  3  Â¦  1  Â¦  1  ğ„€
TV  Â¦  1  Â¦  3  Â¦  2  ğ„€
TV  Â¦  2  Â¦  2  Â¦  1
drop table t13;
drop table if exists t14;
drop table if exists t15;
create table t14 (i bigint, g bigint);
create table t15 (o bigint, p bigint, v int);
insert into t14 (select result, (result % 100) + 1 from generate_series(1, 100000, 1) g);
insert into t15 select (result % 5000) + 1, ((result % 100000) + 1), 100 from generate_series(1, 1000000, 1) g;
SELECT t14.g, t14.i, COUNT(DISTINCT t15.o), SUM(t15.v) FROM t14 JOIN t15 ON t14.i = t15.p GROUP BY t14.g, t14.i ORDER BY t14.g, t14.i limit 10;
â¤ g[-5,64,0]  Â¦  i[-5,64,0]  Â¦  COUNT(distinct t15.o)[-5,64,0]  Â¦  SUM(t15.v)[-5,64,0]  ğ„€
1  Â¦  100  Â¦  1  Â¦  1000  ğ„€
1  Â¦  200  Â¦  1  Â¦  1000  ğ„€
1  Â¦  300  Â¦  1  Â¦  1000  ğ„€
1  Â¦  400  Â¦  1  Â¦  1000  ğ„€
1  Â¦  500  Â¦  1  Â¦  1000  ğ„€
1  Â¦  600  Â¦  1  Â¦  1000  ğ„€
1  Â¦  700  Â¦  1  Â¦  1000  ğ„€
1  Â¦  800  Â¦  1  Â¦  1000  ğ„€
1  Â¦  900  Â¦  1  Â¦  1000  ğ„€
1  Â¦  1000  Â¦  1  Â¦  1000
drop table t14;
drop table t15;
