drop table if exists ex_table_1;
drop table if exists ex_table_2_1;
drop table if exists ex_table_2_2;
drop table if exists ex_table_2_3;
drop table if exists ex_table_2_4;
drop table if exists ex_table_2_5;
drop table if exists ex_table_2_6;
drop table if exists ex_table_2_7;
drop table if exists ex_table_2_8;
drop table if exists ex_table_2_9;
drop table if exists ex_table_2_10;
drop table if exists ex_table_2_11;
drop table if exists ex_table_2_12;
drop table if exists ex_table_2_13;
drop table if exists ex_table_2_14;
drop table if exists ex_table_2_15;
drop table if exists ex_table_2_16;
drop table if exists ex_table_2_17;
drop table if exists ex_table_2_18;
drop table if exists ex_table_2_19;
drop table if exists ex_table_3;
drop table if exists ex_table_3_1;
drop table if exists ex_table_3_2;
drop table if exists ex_table_3_3;
drop table if exists ex_table_3_4;
drop table if exists ex_table_3_5;
drop table if exists ex_table_31;
drop table if exists ex_table_4;
drop table if exists ex_table_5;
drop table if exists ex_table_6;
drop table if exists ex_table_6a;
drop table if exists ex_table_7;
drop table if exists ex_table_8;
drop table if exists ex_table_9;
drop table if exists ex_table_10;
drop table if exists ex_table_10a;
drop table if exists ex_table_11;
drop table if exists ex_table_12;
drop table if exists ex_table_13;
drop table if exists ex_table_14;
drop table if exists ex_table_text;
drop table if exists ex_table_log;
drop table if exists ex_table_gzip;
drop table if exists ex_table_bzip2;
drop table if exists ex_table_lz4;
drop table if exists ex_table_auto;
drop table if exists ex_table_none;
drop table if exists ex_table_nocomp;
drop table if exists ex_table_cp1;
drop table if exists ex_table_cp2;
drop table if exists ex_table_15;
drop table if exists ex_table_drop;
drop table if exists table_15;
drop table if exists table_16;
drop table if exists ex_table_yccs;
create external table ex_table_1(num_col1 tinyint,num_col2 smallint,num_col3 int,num_col4 bigint,num_col5 tinyint unsigned,num_col6 smallint unsigned,num_col7 int unsigned,num_col8 bigint unsigned ,num_col9 float(5,3),num_col10 double,num_col11 decimal(38,19)) infile{"filepath"='$resources/external_table_file/ex_table_number.csv'} fields terminated by ',' enclosed by '\"' lines terminated by '\n';
select * from  ex_table_1;
num_col1    num_col2    num_col3    num_col4    num_col5    num_col6    num_col7    num_col8    num_col9    num_col10    num_col11
60    -1000    8403    -10934535423423    200    1    673892    8374    73.98    9.0002    8345398234.9838234985858298432
-128    -32768    -2147483648    -9223372036854775808    0    0    0    0    null    -1.7976931348623157E308    9345.4535000000000000000
127    32767    2147483647    9223372036854775807    255    65535    4294967295    18446744073709551615    null    1.7976931348623157E308    883453.0999320000000000000
null    null    null    null    null    null    null    null    null    null    null
create external table ex_table_2_1(num_col1 tinyint,num_col2 smallint,num_col3 int,num_col4 bigint,num_col5 tinyint unsigned,num_col6 smallint unsigned,num_col7 int unsigned,num_col8 bigint unsigned ,num_col9 float(5,3),num_col10 double(6,5),num_col11 decimal(38,19))infile{"filepath"='$resources/external_table_file/ex_table_2_1.csv'} fields terminated by ',' enclosed by '\"' lines terminated by '\n';
select * from ex_table_2_1;
internal error: the input value 'abc' is not int8 type for column 0
create external table ex_table_2_2(num_col1 tinyint,num_col2 smallint,num_col3 int,num_col4 bigint,num_col5 tinyint unsigned,num_col6 smallint unsigned,num_col7 int unsigned,num_col8 bigint unsigned ,num_col9 float(5,3),num_col10 double(6,5),num_col11 decimal(38,19))infile{"filepath"='$resources/external_table_file/ex_table_2_2.csv'} fields terminated by ',' enclosed by '\"' lines terminated by '\n';
select * from ex_table_2_2;
internal error: the input value 'cd' is not int16 type for column 1
create external table ex_table_2_3(num_col1 tinyint,num_col2 smallint,num_col3 int,num_col4 bigint,num_col5 tinyint unsigned,num_col6 smallint unsigned,num_col7 int unsigned,num_col8 bigint unsigned ,num_col9 float(5,3),num_col10 double(6,5),num_col11 decimal(38,19))infile{"filepath"='$resources/external_table_file/ex_table_2_3.csv'} fields terminated by ',' enclosed by '\"' lines terminated by '\n';
select * from ex_table_2_3;
internal error: the input value 'e' is not int32 type for column 2
create external table ex_table_2_4(num_col1 tinyint,num_col2 smallint,num_col3 int,num_col4 bigint,num_col5 tinyint unsigned,num_col6 smallint unsigned,num_col7 int unsigned,num_col8 bigint unsigned ,num_col9 float(5,3),num_col10 double(6,5),num_col11 decimal(38,19))infile{"filepath"='$resources/external_table_file/ex_table_2_4.csv'} fields terminated by ',' enclosed by '\"' lines terminated by '\n';
select * from ex_table_2_4;
internal error: the input value 'i' is not int64 type for column 3
create external table ex_table_2_5(num_col1 tinyint,num_col2 smallint,num_col3 int,num_col4 bigint,num_col5 tinyint unsigned,num_col6 smallint unsigned,num_col7 int unsigned,num_col8 bigint unsigned ,num_col9 float(5,3),num_col10 double(6,5),num_col11 decimal(38,19))infile{"filepath"='$resources/external_table_file/ex_table_2_5.csv'} fields terminated by ',' enclosed by '\"' lines terminated by '\n';
select * from ex_table_2_5;
internal error: the input value 'u' is not uint8 type for column 4
create external table ex_table_2_6(num_col1 tinyint,num_col2 smallint,num_col3 int,num_col4 bigint,num_col5 tinyint unsigned,num_col6 smallint unsigned,num_col7 int unsigned,num_col8 bigint unsigned ,num_col9 float(5,3),num_col10 double(6,5),num_col11 decimal(38,19))infile{"filepath"='$resources/external_table_file/ex_table_2_6.csv'} fields terminated by ',' enclosed by '\"' lines terminated by '\n';
select * from ex_table_2_6;
internal error: the input value '中文' is not uint16 type for column 5
create external table ex_table_2_7(num_col1 tinyint,num_col2 smallint,num_col3 int,num_col4 bigint,num_col5 tinyint unsigned,num_col6 smallint unsigned,num_col7 int unsigned,num_col8 bigint unsigned ,num_col9 float(5,3),num_col10 double(6,5),num_col11 decimal(38,19))infile{"filepath"='$resources/external_table_file/ex_table_2_7.csv'} fields terminated by ',' enclosed by '\"' lines terminated by '\n';
select * from ex_table_2_7;
internal error: the input value '%*' is not uint32 type for column 6
create external table ex_table_2_8(num_col1 tinyint,num_col2 smallint,num_col3 int,num_col4 bigint,num_col5 tinyint unsigned,num_col6 smallint unsigned,num_col7 int unsigned,num_col8 bigint unsigned ,num_col9 float(5,3),num_col10 double(6,5),num_col11 decimal(38,19))infile{"filepath"='$resources/external_table_file/ex_table_2_8.csv'} fields terminated by ',' enclosed by '\"' lines terminated by '\n';
select * from ex_table_2_8;
internal error: the input value '0op' is not uint64 type for column 7
create external table ex_table_2_9(num_col1 tinyint,num_col2 smallint,num_col3 int,num_col4 bigint,num_col5 tinyint unsigned,num_col6 smallint unsigned,num_col7 int unsigned,num_col8 bigint unsigned ,num_col9 float(5,3),num_col10 double(6,5),num_col11 decimal(38,19))infile{"filepath"='$resources/external_table_file/ex_table_2_9.csv'} fields terminated by ',' enclosed by '\"' lines terminated by '\n';
select * from ex_table_2_9;
internal error: the input value 'er众' is not float32 type for column 8
create external table ex_table_2_10(num_col1 tinyint,num_col2 smallint,num_col3 int,num_col4 bigint,num_col5 tinyint unsigned,num_col6 smallint unsigned,num_col7 int unsigned,num_col8 bigint unsigned ,num_col9 float(5,3),num_col10 double(6,5),num_col11 decimal(38,19))infile{"filepath"='$resources/external_table_file/ex_table_2_10.csv'} fields terminated by ',' enclosed by '\"' lines terminated by '\n';
select * from ex_table_2_10;
internal error: the input value 'abc' is not float64 type for column 9
create external table ex_table_2_11(num_col1 tinyint,num_col2 smallint,num_col3 int,num_col4 bigint,num_col5 tinyint unsigned,num_col6 smallint unsigned,num_col7 int unsigned,num_col8 bigint unsigned ,num_col9 float(5,3),num_col10 double(6,5),num_col11 decimal(38,19))infile{"filepath"='$resources/external_table_file/ex_table_2_11.csv'} fields terminated by ',' enclosed by '\"' lines terminated by '\n';
select * from ex_table_2_11;
internal error: the input value '纸123' is invalid Decimal128 type for column 10
create external table ex_table_2_12(num_col1 tinyint,num_col2 smallint,num_col3 int,num_col4 bigint,num_col5 tinyint unsigned,num_col6 smallint unsigned,num_col7 int unsigned,num_col8 bigint unsigned ,num_col9 float(5,3),num_col10 double(6,5),num_col11 decimal(38,19))infile{"filepath"='$resources/external_table_file/ex_table_2_12.csv'} fields terminated by ',' enclosed by '\"' lines terminated by '\n';
select * from ex_table_2_12;
internal error: the input value '128' is not int8 type for column 0
create external table ex_table_2_13(num_col1 tinyint,num_col2 smallint,num_col3 int,num_col4 bigint,num_col5 tinyint unsigned,num_col6 smallint unsigned,num_col7 int unsigned,num_col8 bigint unsigned ,num_col9 float(5,3),num_col10 double(6,5),num_col11 decimal(38,19))infile{"filepath"='$resources/external_table_file/ex_table_2_13.csv'} fields terminated by ',' enclosed by '\"' lines terminated by '\n';
select * from ex_table_2_13;
internal error: the input value '-32769' is not int16 type for column 1
create external table ex_table_2_14(num_col1 tinyint,num_col2 smallint,num_col3 int,num_col4 bigint,num_col5 tinyint unsigned,num_col6 smallint unsigned,num_col7 int unsigned,num_col8 bigint unsigned ,num_col9 float(5,3),num_col10 double(6,5),num_col11 decimal(38,19))infile{"filepath"='$resources/external_table_file/ex_table_2_14.csv'} fields terminated by ',' enclosed by '\"' lines terminated by '\n';
select * from ex_table_2_14;
internal error: the input value '2147483648' is not int32 type for column 2
create external table ex_table_2_15(num_col1 tinyint,num_col2 smallint,num_col3 int,num_col4 bigint,num_col5 tinyint unsigned,num_col6 smallint unsigned,num_col7 int unsigned,num_col8 bigint unsigned ,num_col9 float(5,3),num_col10 double(6,5),num_col11 decimal(38,19))infile{"filepath"='$resources/external_table_file/ex_table_2_15.csv'} fields terminated by ',' enclosed by '\"' lines terminated by '\n';
select * from ex_table_2_15;
internal error: the input value '9223372036854775808' is not int64 type for column 3
create external table ex_table_2_16(num_col1 tinyint,num_col2 smallint,num_col3 int,num_col4 bigint,num_col5 tinyint unsigned,num_col6 smallint unsigned,num_col7 int unsigned,num_col8 bigint unsigned ,num_col9 float(5,3),num_col10 double(6,5),num_col11 decimal(38,19))infile{"filepath"='$resources/external_table_file/ex_table_2_16.csv'} fields terminated by ',' enclosed by '\"' lines terminated by '\n';
select * from ex_table_2_16;
internal error: the input value '-1' is not uint8 type for column 4
create external table ex_table_2_17(num_col1 tinyint,num_col2 smallint,num_col3 int,num_col4 bigint,num_col5 tinyint unsigned,num_col6 smallint unsigned,num_col7 int unsigned,num_col8 bigint unsigned ,num_col9 float(5,3),num_col10 double(6,5),num_col11 decimal(38,19))infile{"filepath"='$resources/external_table_file/ex_table_2_17.csv'} fields terminated by ',' enclosed by '\"' lines terminated by '\n';
select * from ex_table_2_17;
internal error: the input value '65536' is not uint16 type for column 5
create external table ex_table_2_18(num_col1 tinyint,num_col2 smallint,num_col3 int,num_col4 bigint,num_col5 tinyint unsigned,num_col6 smallint unsigned,num_col7 int unsigned,num_col8 bigint unsigned ,num_col9 float(5,3),num_col10 double(6,5),num_col11 decimal(38,19))infile{"filepath"='$resources/external_table_file/ex_table_2_18.csv'} fields terminated by ',' enclosed by '\"' lines terminated by '\n';
select * from ex_table_2_18;
internal error: the input value '4294967296' is not uint32 type for column 6
create external table ex_table_2_19(num_col1 tinyint,num_col2 smallint,num_col3 int,num_col4 bigint,num_col5 tinyint unsigned,num_col6 smallint unsigned,num_col7 int unsigned,num_col8 bigint unsigned ,num_col9 float(5,3),num_col10 double(6,5),num_col11 decimal(38,19))infile{"filepath"='$resources/external_table_file/ex_table_2_19.csv'} fields terminated by ',' enclosed by '\"' lines terminated by '\n';
select * from ex_table_2_19;
internal error: the input value '-2.7976931348623157E+308' is not float64 type for column 9
create external table ex_table_3(char_1 char(20),char_2 varchar(10),date_1 date,date_2 datetime,date_3 timestamp)infile{"filepath"='$resources/external_table_file/ex_table_char.csv'} fields terminated by ',' enclosed by '\"' lines terminated by '\n';
select char_1,char_2,date_1,date_2 from ex_table_3;
char_1    char_2    date_1    date_2
cat    yellow 芝士    2020-10-09    0001-01-01 00:00:00
123木头人    zt@126.com    1000-01-01    9999-12-31 00:00:00
abc$%*()#$    ttttt    9999-12-31    2019-10-23 23:00:09
set time_zone='SYSTEM';
create external table ex_table_3_1(char_1 char(20),char_2 varchar(10),date_1 date,date_2 datetime,date_3 timestamp)infile{"filepath"='$resources/external_table_file/ex_table_3_1.csv'} fields terminated by ',' enclosed by '\"' lines terminated by '\n';
select * from ex_table_3_1;
char_1    char_2    date_1    date_2    date_3
cat    yellow 芝士    2020-10-09    0001-01-01 00:00:00    1970-01-01 00:00:01
create external table ex_table_3_2(char_1 char(20),char_2 varchar(10),date_1 date,date_2 datetime,date_3 timestamp)infile{"filepath"='$resources/external_table_file/ex_table_3_2.csv'} fields terminated by ',' enclosed by '\"' lines terminated by '\n';
select * from ex_table_3_2;
internal error: the input value '0001' is not Date type for column 2
create external table ex_table_3_3(char_1 char(20),char_2 varchar(10),date_1 date,date_2 datetime,date_3 timestamp)infile{"filepath"='$resources/external_table_file/ex_table_3_3.csv'} fields terminated by ',' enclosed by '\"' lines terminated by '\n';
select * from ex_table_3_3;
internal error: the input value '0000-12-31 23:59:59.000000' is not Datetime type for column 3
create external table ex_table_3_4(char_1 char(20),char_2 varchar(10),date_1 date,date_2 datetime,date_3 timestamp)infile{"filepath"='$resources/external_table_file/ex_table_3_4.csv'} fields terminated by ',' enclosed by '\"' lines terminated by '\n';
select * from ex_table_3_4;
internal error: the input value '0000-0-20 03:14:07.999999' is not Timestamp type for column 4
create external table ex_table_3_5(char_1 char(20),char_2 varchar(10),date_1 date,date_2 datetime,date_3 timestamp)infile{"filepath"='$resources/external_table_file/ex_table_3_5.csv'} fields terminated by ',' enclosed by '\"' lines terminated by '\n';
select * from ex_table_3_5;
char_1    char_2    date_1    date_2    date_3
78    yellow 芝士    2020-10-09    0001-01-01 00:00:00    2011-01-20 03:14:08
create external table ex_table_31(clo1 tinyint default 8,clo2 smallint null,clo3 int not null,clo4 bigint,clo5 tinyint unsigned,clo6 smallint unsigned,clo7 int unsigned,clo8 bigint unsigned,col9 float,col10 double,col11 varchar(255),col12 Date,col13 DateTime,col14 timestamp,col15 bool,col16 decimal(5,2),col17 text,col18 varchar(255),col19 varchar(255),col20 varchar(255),primary key(clo1))infile{"filepath"='$resources/external_table_file/ex_table_3_6.csv'};
select clo1,clo2,clo3,clo4,clo5,clo6,clo7,clo8,col9,col10,col11,col12,col13,col15,col16,col17,col18,col19,col20 from ex_table_31;
clo1    clo2    clo3    clo4    clo5    clo6    clo7    clo8    col9    col10    col11    col12    col13    col15    col16    col17    col18    col19    col20
1    11    1    2    15    600    700    56    3.4365    5.559    math    2020-04-30    1998-08-07 00:00:00    true    602.53    abcdefg    message    s@126.com    comment balabalabalabalabala
2    20    3    4    21    220    1    3    7.2914    6.5836    art    2020-02-22    1998-06-04 00:00:00    false    878.09    abcdefg    message    r@sina.com    aaaabbbbbbccccc
3    9    null    20    1    500    2    4    1.1559    6.5635    english    2020-02-16    1998-01-21 23:59:59    true    439.95    EF,GHI,G;KL/MN?OPQR.STU-_+=VWXYZabcdefgh    OPQR.STU-_+=VWXYZa    U-_+=VWXYZabcdefghigklmno    .STU-_+=VWXYZab
3    20    null    7    1    700    600    20    7.2914    1.1732    science    2020-05-08    1998-12-30 00:00:00    false    428.14    U-_+=VWXYZabcdefghigklmnopqrstuvwxy    L/MN?OPQR.STU-_+=VWXYZabcdefghigklmnopqrstuvwxyz012    r@sina.com    bbbbbbccccc
create external table ex_table_4(clo1 tinyint,clo2 smallint,clo3 int,clo4 bigint,clo5 tinyint unsigned,clo6 smallint unsigned,clo7 int unsigned,clo8 bigint unsigned,col9 float,col10 double,col11 varchar(255),col12 Date,
col13 DateTime,col14 timestamp,col15 bool,col16 decimal(5,2),col17 text,col18 varchar(255),col19 varchar(255),col20 varchar(255))infile{"filepath"='$resources/external_table_file/ex_table_sep_1.csv'} fields terminated by '|' enclosed by '\"' lines terminated by '\n';
select clo1,clo5,clo7,col12,col13,col16,col17,col18 from ex_table_4;
clo1    clo5    clo7    col12    col13    col16    col17    col18
-62    154    2658450361    4149-04-30    5732-08-07 00:00:00    602.53    I|G;KL/MN?OPQR.STU-_+=VWXYZabcdefghi    HI|G;KL/MN?OPQR.STU-_+=VWXYZa
91    122    625429347    2865-02-22    9976-06-04 00:00:00    878.09    HI|G;KL/MN?OPQR.STU-_+=VWXYZabcd    QR.STU-_+=VWXYZabcdefghigklmnopqrstu
33    104    3258037690    6316-02-16    3647-01-21 23:59:59    439.95    EF|GHI|G;KL/MN?OPQR.STU-_+=VWXYZabcdefgh    OPQR.STU-_+=VWXYZa
121    141    849972079    9948-05-08    6216-12-30 00:00:00    428.14    U-_+=VWXYZabcdefghigklmnopqrstuvwxy    L/MN?OPQR.STU-_+=VWXYZabcdefghigklmnopqrstuvwxyz012
create external table ex_table_5(clo1 tinyint,clo2 smallint,clo3 int,clo4 bigint,clo5 tinyint unsigned,clo6 smallint unsigned,clo7 int unsigned,clo8 bigint unsigned,col9 float,col10 double,col11 varchar(255),col12 Date,col13 DateTime,col14 timestamp,col15 bool,col16 decimal(5,2),col17 text,col18 varchar(255),col19 varchar(255),col20 varchar(255))infile{"filepath"='$resources/external_table_file/ex_table_sep_2.csv'} fields terminated by '|' lines terminated by '\n';
select clo1,clo5,clo7,col12,col13,col16,col17,col18 from ex_table_5;
clo1    clo5    clo7    col12    col13    col16    col17    col18
-62    154    2658450361    4149-04-30    5732-08-07 00:00:00    602.53    I    G;KL/MN?OPQR.STU-_+=VWXYZabcdefghi
91    122    625429347    2865-02-22    9976-06-04 00:00:00    878.09    HI    G;KL/MN?OPQR.STU-_+=VWXYZabcd
33    104    3258037690    6316-02-16    3647-01-21 23:59:59    439.95    EF    GHI
create external table ex_table_6(clo1 tinyint,clo2 smallint,clo3 int,clo4 bigint,clo5 tinyint unsigned,clo6 smallint unsigned,clo7 int unsigned,clo8 bigint unsigned,col9 float,col10 double,col11 varchar(255),col12 Date,
col13 DateTime,col14 timestamp,col15 bool,col16 decimal(5,2),col17 text,col18 varchar(255),col19 varchar(255),col20 varchar(255))infile{"filepath"='$resources/external_table_file/ex_table_sep_3.csv'} fields terminated by '*' enclosed by '\"' lines terminated by '\n';
select clo1,clo5,clo7,col12,col13,col16,col17,col18  from ex_table_6;
clo1    clo5    clo7    col12    col13    col16    col17    col18
-62    154    2658450361    4149-04-30    5732-08-07 00:00:00    602.53    I*G;KL/MN?OPQR.STU-_+=VWXYZabcdefghi    HI*G;KL/MN?OPQR.STU-_+=VWXYZa
91    122    625429347    2865-02-22    9976-06-04 00:00:00    878.09    HI*G;KL/MN?OPQR.STU-_+=VWXYZabcd    QR.STU-_+=VWXYZabcdefghigklmnopqrstu
33    104    3258037690    6316-02-16    3647-01-21 23:59:59    439.95    EF*GHI*G;KL/MN?OPQR.STU-_+=VWXYZabcdefgh    OPQR.STU-_+=VWXYZa
create external table ex_table_6a(clo1 tinyint,clo2 smallint,clo3 int,clo4 bigint,clo5 tinyint unsigned,clo6 smallint unsigned,clo7 int unsigned,clo8 bigint unsigned,col9 float,col10 double,col11 varchar(255),col12 Date,
col13 DateTime,col14 timestamp,col15 bool,col16 decimal(5,2),col17 text,col18 varchar(255),col19 varchar(255),col20 varchar(255))infile{"filepath"='$resources/external_table_file/ex_table_sep_11.csv'} fields terminated by '\t' enclosed by '\"' lines terminated by '\n';
select clo1,clo5,clo7,col12,col13,col16 from ex_table_6a;
clo1    clo5    clo7    col12    col13    col16
-62    154    2658450361    4149-04-30    5732-08-07 00:00:00    602.53
91    122    625429347    2865-02-22    9976-06-04 00:00:00    878.09
33    104    3258037690    6316-02-16    3647-01-21 23:59:59    439.95
121    141    849972079    9948-05-08    6216-12-30 00:00:00    428.14
create external table ex_table_7(clo1 tinyint,clo2 smallint,clo3 int,clo4 bigint,clo5 tinyint unsigned,clo6 smallint unsigned,clo7 int unsigned,clo8 bigint unsigned,col9 float,col10 double,col11 varchar(255),col12 Date,
col13 DateTime,col14 timestamp,col15 bool,col16 decimal(5,2),col17 text,col18 varchar(255),col19 varchar(255),col20 varchar(255))infile{"filepath"='$resources/external_table_file/ex_table_sep_4.csv'} fields terminated by '#' enclosed by '\"' lines terminated by '\n';
select * from ex_table_7;
csv: invalid field or comment delimiter
create external table ex_table_8(clo1 tinyint,clo2 smallint,clo3 int,clo4 bigint,clo5 tinyint unsigned,clo6 smallint unsigned,clo7 int unsigned,clo8 bigint unsigned,col9 float,col10 double,col11 varchar(255),col12 Date,
col13 DateTime,col14 timestamp,col15 bool,col16 decimal(5,2),col17 text,col18 varchar(255),col19 varchar(255),col20 varchar(255))infile{"filepath"='$resources/external_table_file/ex_table_sep_5.csv'} fields terminated by '\n' enclosed by '\"' lines terminated by '\n';
select * from ex_table_8;
csv: invalid field or comment delimiter
create external table ex_table_9(clo1 tinyint,clo2 smallint,clo3 int,clo4 bigint,clo5 tinyint unsigned,clo6 smallint unsigned,clo7 int unsigned,clo8 bigint unsigned,col9 float,col10 double,col11 varchar(255),col12 Date,
col13 DateTime,col14 timestamp,col15 bool,col16 decimal(5,2),col17 text,col18 varchar(255),col19 varchar(255),col20 varchar(255))infile{"filepath"='$resources/external_table_file/ex_table_sep_6.csv'} fields terminated by '\r' enclosed by '\"' lines terminated by '\n';
select * from ex_table_9;
csv: invalid field or comment delimiter
create external table ex_table_10(clo1 tinyint,clo2 smallint,clo3 int,clo4 bigint,clo5 tinyint unsigned,clo6 smallint unsigned,clo7 int unsigned,clo8 bigint unsigned,col9 float,col10 double,col11 varchar(255),col12 Date,
col13 DateTime,col14 timestamp,col15 bool,col16 decimal(5,2),col17 text,col18 varchar(255),col19 varchar(255),col20 varchar(255))infile{"filepath"='$resources/external_table_file/ex_table_sep_7.csv'} fields terminated by ''  lines terminated by '\n';
select * from ex_table_10;
internal error: the table column is larger than input data column
create external table ex_table_10a(clo1 tinyint,clo2 smallint,clo3 int,clo4 bigint,clo5 tinyint unsigned,clo6 smallint unsigned,clo7 int unsigned,clo8 bigint unsigned,col9 float,col10 double,col11 varchar(255),col12 Date,
col13 DateTime,col14 timestamp,col15 bool,col16 decimal(5,2),col17 text,col18 varchar(255),col19 varchar(255),col20 varchar(255))infile{"filepath"='$resources/external_table_file/ex_table_sep_1.csv'} fields terminated by ',' enclosed by '@' lines terminated by '\n';
select * from ex_table_10a;
internal error: the table column is larger than input data column
create external table ex_table_11(clo1 tinyint,clo2 smallint,clo3 int,clo4 bigint,clo5 tinyint unsigned,clo6 smallint unsigned,clo7 int unsigned,clo8 bigint unsigned,col9 float,col10 double,col11 varchar(255),col12 Date,
col13 DateTime,col14 timestamp,col15 bool,col16 decimal(5,2),col17 text,col18 varchar(255),col19 varchar(255),col20 varchar(255))infile{"filepath"='$resources/external_table_file/ex_table_sep_8.csv'} fields terminated by '|'  lines terminated by '\n';
select * from ex_table_11;
internal error: the table column is larger than input data column
create external table ex_table_12(clo1 tinyint,clo2 smallint,clo3 int,clo4 bigint,clo5 tinyint unsigned,clo6 smallint unsigned,clo7 int unsigned,clo8 bigint unsigned,col9 float,col10 double,col11 varchar(255),col12 Date,
col13 DateTime,col14 timestamp,col15 bool,col16 decimal(5,2),col17 text,col18 varchar(255),col19 varchar(255),col20 varchar(255))infile{"filepath"='$resources/external_table_file/ex_table_sep_9.csv'} fields terminated by ','  enclosed by '\"' ;
select clo1,clo5,clo7,col12,col13,col16,col17,col18  from ex_table_12;
clo1    clo5    clo7    col12    col13    col16    col17    col18
-62    154    2658450361    4149-04-30    5732-08-07 00:00:00    602.53    I,G;KL/MN?OPQR.STU-_+=VWXYZabcdefghi    HI,G;KL/MN?OPQR.STU-_+=VWXYZa
91    122    625429347    2865-02-22    9976-06-04 00:00:00    878.09    HI,G;KL/MN?OPQR.STU-_+=VWXYZabcd    QR.STU-_+=VWXYZabcdefghigklmnopqrstu
create external table ex_table_13(clo1 tinyint,clo2 smallint,clo3 int,clo4 bigint,clo5 tinyint unsigned,clo6 smallint unsigned,clo7 int unsigned,clo8 bigint unsigned,col9 float,col10 double,col11 varchar(255),col12 Date,
col13 DateTime,col14 timestamp,col15 bool,col16 decimal(5,2),col17 text,col18 varchar(255),col19 varchar(255),col20 varchar(255))infile{"filepath"='$resources/external_table_file/ex_table_sep_10.csv'} fields terminated by ',' enclosed by '\"' lines terminated by '\r\n';
select clo1,clo5,clo7,col12,col13,col16,col17,col18  from ex_table_13;
clo1    clo5    clo7    col12    col13    col16    col17    col18
-62    154    2658450361    4149-04-30    5732-08-07 00:00:00    602.53    I,G;KL/MN?OPQR.STU-_+=VWXYZabcdefghi    HI,G;KL/MN?OPQR.STU-_+=VWXYZa
91    122    625429347    2865-02-22    9976-06-04 00:00:00    878.09    HI,G;KL/MN?OPQR.STU-_+=VWXYZabcd    QR.STU-_+=VWXYZabcdefghigklmnopqrstu
create external table ex_table_14(clo1 tinyint primary key,clo2 smallint,clo3 int,clo4 bigint,clo5 tinyint unsigned,clo6 smallint unsigned,clo7 int unsigned,clo8 bigint unsigned,col9 float,col10 double,col11 varchar(255),col12 Date,col13 DateTime,col14 timestamp,col15 bool,col16 decimal(5,2),col17 text,col18 varchar(255),col19 varchar(255),col20 varchar(255))infile{"filepath"='$resources/external_table_file/ex_table_sep_10.csv'};
select clo1,clo5,clo7,col12,col13,col16,col17,col18  from ex_table_14;
clo1    clo5    clo7    col12    col13    col16    col17    col18
-62    154    2658450361    4149-04-30    5732-08-07 00:00:00    602.53    I,G;KL/MN?OPQR.STU-_+=VWXYZabcdefghi    HI,G;KL/MN?OPQR.STU-_+=VWXYZa
91    122    625429347    2865-02-22    9976-06-04 00:00:00    878.09    HI,G;KL/MN?OPQR.STU-_+=VWXYZabcd    QR.STU-_+=VWXYZabcdefghigklmnopqrstu
create external table ex_table_text(char_1 char(20),char_2 varchar(10),date_1 date,date_2 datetime,date_3 timestamp)infile{"filepath"='$resources/external_table_file/ex_table_char.text'} fields terminated by ',' enclosed by '\"' lines terminated by '\n';
select char_1,char_2,date_1,date_2 from ex_table_text;
char_1    char_2    date_1    date_2
cat    yellow 芝士    2020-10-09    0001-01-01 00:00:00
123木头人    zt@126.com    1000-01-01    9999-12-31 00:00:00
abc$%*()#$    ttttt    9999-12-31    2019-10-23 23:00:09
create external table ex_table_log(char_1 char(20),char_2 varchar(10),date_1 date,date_2 datetime,date_3 timestamp)infile{"filepath"='$resources/external_table_file/ex_table_char.log'} fields terminated by ',' enclosed by '\"' lines terminated by '\n';
select char_1,char_2,date_1,date_2 from ex_table_log;
char_1    char_2    date_1    date_2
cat    yellow 芝士    2020-10-09    0001-01-01 00:00:00
123木头人    zt@126.com    1000-01-01    9999-12-31 00:00:00
abc$%*()#$    ttttt    9999-12-31    2019-10-23 23:00:09
create external table ex_table_gzip(num_col1 tinyint,num_col2 smallint,num_col3 int,num_col4 bigint,num_col5 tinyint unsigned,num_col6 smallint unsigned,num_col7 int unsigned,num_col8 bigint unsigned ,num_col9 float(5,3),num_col10 double,num_col11 decimal(38,19)) infile{"filepath"='$resources/external_table_file/ex_table_gzip.gz',"compression"='gzip'} fields terminated by ',' enclosed by '\"' lines terminated by '\n';
select * from ex_table_gzip;
num_col1    num_col2    num_col3    num_col4    num_col5    num_col6    num_col7    num_col8    num_col9    num_col10    num_col11
60    -1000    8403    -10934535423423    200    1    673892    8374    73.98    9.0002    8345398234.9838234985858298432
-128    -32768    -2147483648    -9223372036854775808    0    0    0    0    null    -1.7976931348623157E308    9345.4535000000000000000
127    32767    2147483647    9223372036854775807    255    65535    4294967295    18446744073709551615    null    1.7976931348623157E308    883453.0999320000000000000
null    null    null    null    null    null    null    null    null    null    null
create external table ex_table_bzip2(char_1 char(20),char_2 varchar(10),date_1 date,date_2 datetime,date_3 timestamp)infile{"filepath"='$resources/external_table_file/ex_table_bzip.bz2',"compression"='bz2'} fields terminated by ',' enclosed by '\"' lines terminated by '\n';
select char_1,char_2,date_1,date_2 from ex_table_bzip2;
char_1    char_2    date_1    date_2
cat    yellow 芝士    2020-10-09    0001-01-01 00:00:00
123木头人    zt@126.com    1000-01-01    9999-12-31 00:00:00
abc$%*()#$    ttttt    9999-12-31    2019-10-23 23:00:09
create external table ex_table_lz4(num_col1 tinyint,num_col2 smallint,num_col3 int,num_col4 bigint,num_col5 tinyint unsigned,num_col6 smallint unsigned,num_col7 int unsigned,num_col8 bigint unsigned ,num_col9 float(5,3),num_col10 double,num_col11 decimal(38,19)) infile{"filepath"='$resources/external_table_file/ex_table_lz4.lz4',"compression"='lz4'} fields terminated by ',' enclosed by '\"' lines terminated by '\n';
select * from ex_table_lz4;
num_col1    num_col2    num_col3    num_col4    num_col5    num_col6    num_col7    num_col8    num_col9    num_col10    num_col11
60    -1000    8403    -10934535423423    200    1    673892    8374    73.98    9.0002    8345398234.9838234985858298432
-128    -32768    -2147483648    -9223372036854775808    0    0    0    0    null    -1.7976931348623157E308    9345.4535000000000000000
127    32767    2147483647    9223372036854775807    255    65535    4294967295    18446744073709551615    null    1.7976931348623157E308    883453.0999320000000000000
null    null    null    null    null    null    null    null    null    null    null
create external table ex_table_auto(num_col1 tinyint,num_col2 smallint,num_col3 int,num_col4 bigint,num_col5 tinyint unsigned,num_col6 smallint unsigned,num_col7 int unsigned,num_col8 bigint unsigned ,num_col9 float(5,3),num_col10 double,num_col11 decimal(38,19)) infile{"filepath"='$resources/external_table_file/ex_table_lz4.lz4',"compression"='auto'} fields terminated by ',' enclosed by '\"' lines terminated by '\n';
select * from ex_table_auto;
num_col1    num_col2    num_col3    num_col4    num_col5    num_col6    num_col7    num_col8    num_col9    num_col10    num_col11
60    -1000    8403    -10934535423423    200    1    673892    8374    73.98    9.0002    8345398234.9838234985858298432
-128    -32768    -2147483648    -9223372036854775808    0    0    0    0    null    -1.7976931348623157E308    9345.4535000000000000000
127    32767    2147483647    9223372036854775807    255    65535    4294967295    18446744073709551615    null    1.7976931348623157E308    883453.0999320000000000000
null    null    null    null    null    null    null    null    null    null    null
create external table ex_table_none(clo1 tinyint,clo2 smallint,clo3 int,clo4 bigint,clo5 tinyint unsigned,clo6 smallint unsigned,clo7 int unsigned,clo8 bigint unsigned,col9 float,col10 double,col11 varchar(255),col12 Date,
col13 DateTime,col14 timestamp,col15 bool,col16 decimal(5,2),col17 text,col18 varchar(255),col19 varchar(255),col20 varchar(255)) infile{"filepath"='$resources/external_table_file/ex_table_sep_8.csv',"compression"='none'} fields terminated by ',' enclosed by '\"' lines terminated by '\n';
select clo1,clo5,clo7,col12,col13,col16,col17,col18  from ex_table_none;
clo1    clo5    clo7    col12    col13    col16    col17    col18
-62    154    2658450361    4149-04-30    5732-08-07 00:00:00    602.53    IG;KL/MN?OPQR.STU-_+=VWXYZabcdefghi    HI,G;KL/MN?OPQR.STU-_+=VWXYZa
91    122    625429347    2865-02-22    9976-06-04 00:00:00    878.09    HI,G;KL/MN?OPQR.STU-_+=VWXYZabcd    QR.STU-_+=VWXYZabcdefghigklmnopqrstu
create external table ex_table_nocomp(char_1 char(20),char_2 varchar(10),date_1 date,date_2 datetime,date_3 timestamp)infile{"filepath"='$resources/external_table_file/ex_table_bzip.bz2'} fields terminated by ',' enclosed by '\"' lines terminated by '\n';
select char_1,char_2,date_1,date_2 from ex_table_nocomp;
char_1    char_2    date_1    date_2
cat    yellow 芝士    2020-10-09    0001-01-01 00:00:00
123木头人    zt@126.com    1000-01-01    9999-12-31 00:00:00
abc$%*()#$    ttttt    9999-12-31    2019-10-23 23:00:09
create external table ex_table_cp1(num_col1 tinyint,num_col2 smallint,num_col3 int,num_col4 bigint,num_col5 tinyint unsigned,num_col6 smallint unsigned,num_col7 int unsigned,num_col8 bigint unsigned ,num_col9 float(5,3),num_col10 double(6,5),num_col11 decimal(38,19)) infile{"filepath"='$resources/external_table_file/ex_table_gzip.gz',"compression"='lz4'} fields terminated by ',' enclosed by '\"' lines terminated by '\n';
select * from ex_table_cp1;
lz4: bad magic number
create external table ex_table_cp2(num_col1 tinyint,num_col2 smallint,num_col3 int,num_col4 bigint,num_col5 tinyint unsigned,num_col6 smallint unsigned,num_col7 int unsigned,num_col8 bigint unsigned ,num_col9 float(5,3),num_col10 double(6,5),num_col11 decimal(38,19)) infile{"filepath"='$resources/external_table_file/ex_table_number.csv',"compression"='lz4'} fields terminated by ',' enclosed by '\"' lines terminated by '\n';
select * from ex_table_cp2;
lz4: bad magic number
create external table ex_table_15(clo1 tinyint,clo2 smallint,clo3 int,clo4 bigint,clo5 tinyint unsigned,clo6 smallint unsigned,clo7 int unsigned,clo8 bigint unsigned,col9 float,col10 double,col11 varchar(255),col12 Date,col13 DateTime,col14 timestamp,col15 bool,col16 decimal(5,2),col17 text,col18 varchar(255),col19 varchar(255),col20 varchar(255))infile{"filepath"='$resources/external_table_file/ex_table_sep_1.csv'} fields terminated by '|' enclosed by '' lines terminated by '\n';
create table table_15(clo1 tinyint,clo2 smallint,clo3 int,clo4 bigint,clo5 tinyint unsigned,clo6 smallint unsigned,clo7 int unsigned,clo8 bigint unsigned,col9 float,col10 double,col11 varchar(255),col12 Date,col13 DateTime,col14 timestamp,col15 bool,col16 decimal(5,2),col17 text,col18 varchar(255),col19 varchar(255),col20 varchar(255));
insert into table_15 select * from  ex_table_15;
select clo1,clo5,clo7,col12,col13,col16,col17,col18  from table_15;
clo1    clo5    clo7    col12    col13    col16    col17    col18
-62    154    2658450361    4149-04-30    5732-08-07 00:00:00    602.53    I|G;KL/MN?OPQR.STU-_+=VWXYZabcdefghi    HI|G;KL/MN?OPQR.STU-_+=VWXYZa
91    122    625429347    2865-02-22    9976-06-04 00:00:00    878.09    HI|G;KL/MN?OPQR.STU-_+=VWXYZabcd    QR.STU-_+=VWXYZabcdefghigklmnopqrstu
33    104    3258037690    6316-02-16    3647-01-21 23:59:59    439.95    EF|GHI|G;KL/MN?OPQR.STU-_+=VWXYZabcdefgh    OPQR.STU-_+=VWXYZa
121    141    849972079    9948-05-08    6216-12-30 00:00:00    428.14    U-_+=VWXYZabcdefghigklmnopqrstuvwxy    L/MN?OPQR.STU-_+=VWXYZabcdefghigklmnopqrstuvwxyz012
create external table ex_table_drop(clo1 tinyint,clo2 smallint,clo3 int,clo4 bigint,clo5 tinyint unsigned,clo6 smallint unsigned,clo7 int unsigned,clo8 bigint unsigned,col9 float,col10 double,col11 varchar(255),col12 Date,col13 DateTime,col14 timestamp,col15 bool,col16 decimal(5,2),col17 text,col18 varchar(255),col19 varchar(255),col20 varchar(255))infile{"filepath"='$resources/external_table_file/ex_table_sep_1.csv'} fields terminated by '|' enclosed by '' lines terminated by '\n';
drop table ex_table_drop;
create external table ex_table_drop(clo1 tinyint,clo2 smallint,clo3 int,clo4 bigint,clo5 tinyint unsigned,clo6 smallint unsigned,clo7 int unsigned,clo8 bigint unsigned,col9 float,col10 double,col11 varchar(255),col12 Date,col13 DateTime,col14 timestamp,col15 bool,col16 decimal(5,2),col17 text,col18 varchar(255),col19 varchar(255),col20 varchar(255))infile{"filepath"='$resources/external_table_file/ex_table_sep_1.csv'} fields terminated by '|' enclosed by '' lines terminated by '\n';
select clo1,clo5,clo7,col12,col13,col16,col17,col18  from ex_table_drop;
clo1    clo5    clo7    col12    col13    col16    col17    col18
-62    154    2658450361    4149-04-30    5732-08-07 00:00:00    602.53    I|G;KL/MN?OPQR.STU-_+=VWXYZabcdefghi    HI|G;KL/MN?OPQR.STU-_+=VWXYZa
91    122    625429347    2865-02-22    9976-06-04 00:00:00    878.09    HI|G;KL/MN?OPQR.STU-_+=VWXYZabcd    QR.STU-_+=VWXYZabcdefghigklmnopqrstu
33    104    3258037690    6316-02-16    3647-01-21 23:59:59    439.95    EF|GHI|G;KL/MN?OPQR.STU-_+=VWXYZabcdefgh    OPQR.STU-_+=VWXYZa
121    141    849972079    9948-05-08    6216-12-30 00:00:00    428.14    U-_+=VWXYZabcdefghigklmnopqrstuvwxy    L/MN?OPQR.STU-_+=VWXYZabcdefghigklmnopqrstuvwxyz012
select count(*) from ex_table_15,table_15 where ex_table_15.clo1=table_15.clo1;
count(*)
4
create external table ex_table_yccs(char_1 char(20),char_2 varchar(10),date_1 date,date_2 datetime,date_3 timestamp)infile{"filepath"='$resources/external_table_file/ex_table_char.csv'} fields terminated by ',' enclosed by '\"' lines terminated by '\n';
insert into ex_table_yccs select 'yellow','apple','2020-09-30','2020-09-30 10:20:08','2020-09-30 10:20:08.09834';
invalid input: cannot insert into external table
update ex_table_yccs set char_1="cat123";
internal error: the external table is not support update operation
delete from ex_table_yccs;
invalid input: cannot delete from external table

create table table_16(a int);
insert into table_16 values(99);
select * from table_16, ex_table_gzip;
a    num_col1    num_col2    num_col3    num_col4    num_col5    num_col6    num_col7    num_col8    num_col9    num_col10    num_col11
99    60    -1000    8403    -10934535423423    200    1    673892    8374    73.98    9.0002    8345398234.9838234985858298432
99    -128    -32768    -2147483648    -9223372036854775808    0    0    0    0    null    -1.7976931348623157E308    9345.4535000000000000000
99    127    32767    2147483647    9223372036854775807    255    65535    4294967295    18446744073709551615    null    1.7976931348623157E308    883453.0999320000000000000
99    null    null    null    null    null    null    null    null    null    null    null
drop table if exists ex_table_1;
drop table if exists ex_table_2_1;
drop table if exists ex_table_2_2;
drop table if exists ex_table_2_3;
drop table if exists ex_table_2_4;
drop table if exists ex_table_2_5;
drop table if exists ex_table_2_6;
drop table if exists ex_table_2_7;
drop table if exists ex_table_2_8;
drop table if exists ex_table_2_9;
drop table if exists ex_table_2_10;
drop table if exists ex_table_2_11;
drop table if exists ex_table_2_12;
drop table if exists ex_table_2_13;
drop table if exists ex_table_2_14;
drop table if exists ex_table_2_15;
drop table if exists ex_table_2_16;
drop table if exists ex_table_2_17;
drop table if exists ex_table_2_18;
drop table if exists ex_table_2_19;
drop table if exists ex_table_3;
drop table if exists ex_table_3_1;
drop table if exists ex_table_3_2;
drop table if exists ex_table_3_3;
drop table if exists ex_table_3_4;
drop table if exists ex_table_3_5;
drop table if exists ex_table_31;
drop table if exists ex_table_4;
drop table if exists ex_table_5;
drop table if exists ex_table_6;
drop table if exists ex_table_6a;
drop table if exists ex_table_7;
drop table if exists ex_table_8;
drop table if exists ex_table_9;
drop table if exists ex_table_10;
drop table if exists ex_table_10a;
drop table if exists ex_table_11;
drop table if exists ex_table_12;
drop table if exists ex_table_13;
drop table if exists ex_table_14;
drop table if exists ex_table_text;
drop table if exists ex_table_log;
drop table if exists ex_table_gzip;
drop table if exists ex_table_bzip2;
drop table if exists ex_table_lz4;
drop table if exists ex_table_auto;
drop table if exists ex_table_none;
drop table if exists ex_table_nocomp;
drop table if exists ex_table_cp1;
drop table if exists ex_table_cp2;
drop table if exists ex_table_15;
drop table if exists ex_table_drop;
drop table if exists table_15;
drop table if exists ex_table_yccs;
