USE mysql;
SELECT COUNT(*) FROM (SELECT * FROM user LIMIT 10) AS temp;
count(*)
0
SELECT COUNT(0) FROM (SELECT * FROM user LIMIT 10) AS temp;
count(0)
0
SELECT COUNT('') FROM (SELECT * FROM user LIMIT 10) AS temp;
count()
0
SELECT COUNT(NULL) FROM (SELECT * FROM user LIMIT 10) AS temp;
count(null)
0
SELECT COUNT(*) FROM (SELECT * FROM db LIMIT 10) AS temp;
count(*)
0
SELECT COUNT(0) FROM (SELECT * FROM db LIMIT 10) AS temp;
count(0)
0
SELECT COUNT('') FROM (SELECT * FROM db LIMIT 10) AS temp;
count()
0
SELECT COUNT(NULL) FROM (SELECT * FROM db LIMIT 10) AS temp;
count(null)
0
SELECT COUNT(*) FROM (SELECT * FROM procs_priv LIMIT 10) AS temp;
count(*)
0
SELECT COUNT(0) FROM (SELECT * FROM procs_priv LIMIT 10) AS temp;
count(0)
0
SELECT COUNT('') FROM (SELECT * FROM procs_priv LIMIT 10) AS temp;
count()
0
SELECT COUNT(NULL) FROM (SELECT * FROM procs_priv LIMIT 10) AS temp;
count(null)
0
SELECT COUNT(*) FROM (SELECT * FROM columns_priv LIMIT 10) AS temp;
count(*)
0
SELECT COUNT(0) FROM (SELECT * FROM columns_priv LIMIT 10) AS temp;
count(0)
0
SELECT COUNT('') FROM (SELECT * FROM columns_priv LIMIT 10) AS temp;
count()
0
SELECT COUNT(NULL) FROM (SELECT * FROM columns_priv LIMIT 10) AS temp;
count(null)
0
SELECT COUNT(*) FROM (SELECT * FROM tables_priv LIMIT 10) AS temp;
count(*)
0
SELECT COUNT(0) FROM (SELECT * FROM tables_priv LIMIT 10) AS temp;
count(0)
0
SELECT COUNT('') FROM (SELECT * FROM tables_priv LIMIT 10) AS temp;
count()
0
SELECT COUNT(NULL) FROM (SELECT * FROM tables_priv LIMIT 10) AS temp;
count(null)
0
USE information_schema;
SELECT COUNT(*) FROM (SELECT * FROM key_column_usage LIMIT 10) AS temp;
count(*)
0
SELECT COUNT(0) FROM (SELECT * FROM key_column_usage LIMIT 10) AS temp;
count(0)
0
SELECT COUNT('') FROM (SELECT * FROM key_column_usage LIMIT 10) AS temp;
count()
0
SELECT COUNT(NULL) FROM (SELECT * FROM key_column_usage LIMIT 10) AS temp;
count(null)
0
SELECT COUNT(*) FROM (SELECT * FROM columns LIMIT 10) AS temp;
count(*)
10
SELECT COUNT(0) FROM (SELECT * FROM columns LIMIT 10) AS temp;
count(0)
10
SELECT COUNT('') FROM (SELECT * FROM columns LIMIT 10) AS temp;
count()
10
SELECT COUNT(NULL) FROM (SELECT * FROM columns LIMIT 10) AS temp;
count(null)
0
SELECT COUNT(*) FROM (SELECT * FROM profiling LIMIT 10) AS temp;
count(*)
0
SELECT COUNT(0) FROM (SELECT * FROM profiling LIMIT 10) AS temp;
count(0)
0
SELECT COUNT('') FROM (SELECT * FROM profiling LIMIT 10) AS temp;
count()
0
SELECT COUNT(NULL) FROM (SELECT * FROM profiling LIMIT 10) AS temp;
count(null)
0
SELECT COUNT(*) FROM (SELECT * FROM user_privileges LIMIT 10) AS temp;
count(*)
0
SELECT COUNT(0) FROM (SELECT * FROM user_privileges LIMIT 10) AS temp;
count(0)
0
SELECT COUNT('') FROM (SELECT * FROM user_privileges LIMIT 10) AS temp;
count()
0
SELECT COUNT(NULL) FROM (SELECT * FROM user_privileges LIMIT 10) AS temp;
count(null)
0
SELECT COUNT(*) FROM (SELECT * FROM schemata where schema_name = 'mo_catalog' or schema_name = 'mo_task' LIMIT 10) AS temp;
count(*)
2
SELECT COUNT(0) FROM (SELECT * FROM schemata where schema_name = 'mo_catalog' or schema_name = 'mo_task' LIMIT 10) AS temp;
count(0)
2
SELECT COUNT('') FROM (SELECT * FROM schemata where schema_name = 'mo_catalog' or schema_name = 'mo_task' LIMIT 10) AS temp;
count()
2
SELECT COUNT(NULL) FROM (SELECT * FROM schemata where schema_name = 'mo_catalog' or schema_name = 'mo_task' LIMIT 10) AS temp;
count(null)
0
SELECT COUNT(*) FROM (SELECT * FROM character_sets LIMIT 10) AS temp;
count(*)
0
SELECT COUNT(0) FROM (SELECT * FROM character_sets LIMIT 10) AS temp;
count(0)
0
SELECT COUNT('') FROM (SELECT * FROM character_sets LIMIT 10) AS temp;
count()
0
SELECT COUNT(NULL) FROM (SELECT * FROM character_sets LIMIT 10) AS temp;
count(null)
0
SELECT COUNT(*) FROM (SELECT * FROM triggers LIMIT 10) AS temp;
count(*)
0
SELECT COUNT(0) FROM (SELECT * FROM triggers LIMIT 10) AS temp;
count(0)
0
SELECT COUNT('') FROM (SELECT * FROM triggers LIMIT 10) AS temp;
count()
0
SELECT COUNT(NULL) FROM (SELECT * FROM triggers LIMIT 10) AS temp;
count(null)
0
SELECT COUNT(*) FROM (SELECT * FROM tables LIMIT 10) AS temp;
count(*)
10
SELECT COUNT(0) FROM (SELECT * FROM tables LIMIT 10) AS temp;
count(0)
10
SELECT COUNT('') FROM (SELECT * FROM tables LIMIT 10) AS temp;
count()
10
SELECT COUNT(NULL) FROM (SELECT * FROM tables LIMIT 10) AS temp;
count(null)
0
USE mo_catalog;
SHOW CREATE TABLE mo_columns;
Table    Create Table
mo_columns    CREATE TABLE `mo_columns` (\n  `att_uniq_name` VARCHAR(256) DEFAULT NULL,\n  `account_id` INT UNSIGNED DEFAULT NULL,\n  `att_database_id` BIGINT UNSIGNED DEFAULT NULL,\n  `att_database` VARCHAR(256) DEFAULT NULL,\n  `att_relname_id` BIGINT UNSIGNED DEFAULT NULL,\n  `att_relname` VARCHAR(256) DEFAULT NULL,\n  `attname` VARCHAR(256) DEFAULT NULL,\n  `atttyp` VARCHAR(256) DEFAULT NULL,\n  `attnum` INT DEFAULT NULL,\n  `att_length` INT DEFAULT NULL,\n  `attnotnull` TINYINT DEFAULT NULL,\n  `atthasdef` TINYINT DEFAULT NULL,\n  `att_default` VARCHAR(2048) DEFAULT NULL,\n  `attisdropped` TINYINT DEFAULT NULL,\n  `att_constraint_type` CHAR(1) DEFAULT NULL,\n  `att_is_unsigned` TINYINT DEFAULT NULL,\n  `att_is_auto_increment` TINYINT DEFAULT NULL,\n  `att_comment` VARCHAR(2048) DEFAULT NULL,\n  `att_is_hidden` TINYINT DEFAULT NULL,\n  `attr_has_update` TINYINT DEFAULT NULL,\n  `attr_update` VARCHAR(2048) DEFAULT NULL,\n  `attr_is_clusterby` TINYINT DEFAULT NULL,\n  `attr_seqnum` SMALLINT UNSIGNED DEFAULT NULL,\n  `attr_enum` VARCHAR(65535) DEFAULT NULL,\n  PRIMARY KEY (`account_id`,`att_database`,`att_relname`,`attname`)\n)
SHOW CREATE TABLE mo_database;
Table    Create Table
mo_database    CREATE TABLE `mo_database` (\n  `dat_id` BIGINT UNSIGNED DEFAULT NULL,\n  `datname` VARCHAR(5000) DEFAULT NULL,\n  `dat_catalog_name` VARCHAR(5000) DEFAULT NULL,\n  `dat_createsql` VARCHAR(5000) DEFAULT NULL,\n  `owner` INT UNSIGNED DEFAULT NULL,\n  `creator` INT UNSIGNED DEFAULT NULL,\n  `created_time` TIMESTAMP NULL DEFAULT NULL,\n  `account_id` INT UNSIGNED DEFAULT NULL,\n  `dat_type` VARCHAR(32) DEFAULT NULL,\n  PRIMARY KEY (`account_id`,`datname`)\n)
SHOW CREATE TABLE mo_tables;
Table    Create Table
mo_tables    CREATE TABLE `mo_tables` (\n  `rel_id` BIGINT UNSIGNED DEFAULT NULL,\n  `relname` VARCHAR(5000) DEFAULT NULL,\n  `reldatabase` VARCHAR(5000) DEFAULT NULL,\n  `reldatabase_id` BIGINT UNSIGNED DEFAULT NULL,\n  `relpersistence` VARCHAR(5000) DEFAULT NULL,\n  `relkind` VARCHAR(5000) DEFAULT NULL,\n  `rel_comment` VARCHAR(5000) DEFAULT NULL,\n  `rel_createsql` TEXT DEFAULT NULL,\n  `created_time` TIMESTAMP NULL DEFAULT NULL,\n  `creator` INT UNSIGNED DEFAULT NULL,\n  `owner` INT UNSIGNED DEFAULT NULL,\n  `account_id` INT UNSIGNED DEFAULT NULL,\n  `partitioned` TINYINT DEFAULT NULL,\n  `partition_info` BLOB DEFAULT NULL,\n  `viewdef` VARCHAR(5000) DEFAULT NULL,\n  `constraint` VARCHAR(5000) DEFAULT NULL,\n  `rel_version` INT UNSIGNED DEFAULT NULL,\n  `catalog_version` INT UNSIGNED DEFAULT NULL,\n  PRIMARY KEY (`account_id`,`reldatabase`,`relname`)\n)
