drop table if exists t1;
create table t1(a int);
insert into t1 values(1),(2),(3),(4);
select count(*) from t1;
count(*)
4
begin;
truncate t1;
truncate t1;
truncate t1;
truncate t1;
truncate t1;
truncate t1;
show tables;
Tables_in_truncate_table_4
t1
commit;
show tables;
Tables_in_truncate_table_4
t1
select count(*) from t1;
count(*)
0
drop table if exists t1;
begin;
create table t1(a int);
drop table t1;
create table t1(a int);
drop table t1;
create table t1(a int);
drop table t1;
create table t1(a int);
drop table t1;
commit;
show tables;
Tables_in_truncate_table_4
drop table if exists t1;
begin;
create table t1(a int);
create table t2(a int);
create table t3(a int);
create table t4(a int);
drop table t1;
drop table t2;
drop table t3;
drop table t4;
commit;
show tables;
Tables_in_truncate_table_4
