drop table if exists t;
create table t(a int);
insert into t values(1);
insert into t select * from t;
select count(*) from t;
count(*)
2
insert into t select * from t;
select count(*) from t;
count(*)
4
insert into t select * from t;
select count(*) from t;
count(*)
8
insert into t select * from t;
select count(*) from t;
count(*)
16
insert into t select * from t;
select count(*) from t;
count(*)
32
insert into t select * from t;
select count(*) from t;
count(*)
64
insert into t select * from t;
select count(*) from t;
count(*)
128
insert into t select * from t;
select count(*) from t;
count(*)
256
insert into t select * from t;
select count(*) from t;
count(*)
512
insert into t select * from t;
select count(*) from t;
count(*)
1024
insert into t select * from t;
select count(*) from t;
count(*)
2048
insert into t select * from t;
select count(*) from t;
count(*)
4096
insert into t select * from t;
select count(*) from t;
count(*)
8192
insert into t select * from t;
select count(*) from t;
count(*)
16384
insert into t select * from t;
select count(*) from t;
count(*)
32768
insert into t select * from t;
select count(*) from t;
count(*)
65536
insert into t select * from t;
select count(*) from t;
count(*)
131072
insert into t select * from t;
select count(*) from t;
count(*)
262144
insert into t select * from t;
select count(*) from t;
count(*)
524288
insert into t select * from t;
select count(*) from t;
count(*)
1048576
insert into t select * from t;
select count(*) from t;
count(*)
2097152
insert into t select * from t;
select count(*) from t;
count(*)
4194304
insert into t select * from t;
select count(*) from t;
count(*)
8388608
insert into t select * from t;
select count(*) from t;
count(*)
16777216
begin;
insert into t select * from t;
select count(*) from t;
count(*)
33554432
commit;
select count(*) from t;
count(*)
33554432
drop table t;
create table t(a int primary key);
insert into t select * from generate_series(1,200000) g;
select count(*) from t;
count(*)
200000
insert into t select * from t;
Duplicate entry '81921' for key 'a'
begin;
insert into t select * from t;
select count(*) from t;
count(*)
400000
commit;
Duplicate entry '24577' for key 'a'
select count(*) from t;
count(*)
200000
insert into t select null;
constraint violation: Column 'a' cannot be null
Previous DML conflicts with existing constraints or data format. This transaction has to be aborted
drop table t;
create table t(a int,b int,primary key(a,b));
create table temp(c int);
insert into temp select * from generate_series(1,200000) g;
insert into t select c,c from temp;
select count(*) from t;
count(*)
200000
insert into t select * from t;
Duplicate entry '3a1660013a166001' for key '__mo_cpkey_001a001b'
begin;
insert into t select * from t;
select count(*) from t;
count(*)
400000
commit;
Duplicate entry '3a170200013a17020001' for key '__mo_cpkey_001a001b'
select count(*) from t;
count(*)
200000
insert into t select null,null;
constraint violation: Column 'a' cannot be null
drop table t;
drop table temp;
create table t(a int unique);
insert into t select * from generate_series(1,200000) g;
select count(*) from t;
count(*)
200000
insert into t select * from t;
Duplicate entry '73729' for key '__mo_index_idx_col'
begin;
insert into t select * from t;
select count(*) from t;
count(*)
400000
commit;
Duplicate entry '24577' for key '__mo_index_idx_col'
select count(*) from t;
count(*)
200000
insert into t select null;
select count(*) from t;
count(*)
200001
drop table t;
create table t(a int auto_increment,b int);
insert into t(b) select * from generate_series(1,200000) g;
select count(*) from t;
count(*)
200000
select a from t where a > 199990;
a
199991
199992
199993
199994
199995
199996
199997
199998
199999
200000
drop table t;
drop table if exists t1;
create table t1(
col1 tinyint,
col2 smallint,
col3 int,
col4 bigint,
col5 tinyint unsigned,
col6 smallint unsigned,
col7 int unsigned,
col8 bigint unsigned
);
load data infile '$resources/load_data/integer_numbers_3.csv' into table t1;
select * from t1;
col1    col2    col3    col4    col5    col6    col7    col8
127    32767    2147483647    9223372036854775807    255    65535    4294967295    18446744073709551615
drop table t1;
