drop table if exists large_table;
create table large_table (
id int,
data varchar(100)
);
insert into large_table select result, 2 from generate_series(1, 1000000) g;
/*+ {
"rewrites": {
"hint_test.large_table": "SELECT * FROM large_table WHERE id < 1000"
}
} */
select count(*) from large_table;
count(*)
1000000
select count(*) from large_table where id < 1000;
count(*)
999
