drop database if exists d1;
create database d1;
use d1;
drop table if exists t1;
drop table if exists t2;
drop table if exists t3;
create table t1(c1 int primary key);
create table t2(c1 int primary key, c2 int, c3 int);
create table t3(c1 int, c2 int, c3 int, primary key(c1,c2));
insert into t1 select * from generate_series(10000) g;
insert into t2 select c1, c1, c1 from t1;
insert into t2 select c1+10000, c1+10000, c1+10000 from t1;
insert into t3 select c1, c1, c1 from t1;
insert into t3 select c1+10000, c1+10000, c1+10000 from t1;
insert into t3 select c1+20000, c1+20000, c1+20000 from t1;
select mo_ctl('dn', 'flush', 'd1.t1');
mo_ctl(dn, flush, d1.t1)
{\n  "method": "Flush",\n  "result": [\n    {\n      "returnStr": "OK"\n    }\n  ]\n}\n
select mo_ctl('dn', 'flush', 'd1.t2');
mo_ctl(dn, flush, d1.t2)
{\n  "method": "Flush",\n  "result": [\n    {\n      "returnStr": "OK"\n    }\n  ]\n}\n
select mo_ctl('dn', 'flush', 'd1.t3');
mo_ctl(dn, flush, d1.t3)
{\n  "method": "Flush",\n  "result": [\n    {\n      "returnStr": "OK"\n    }\n  ]\n}\n
explain select * from (select * from t1 where c1%3=0 order by c1 desc limit 10) tmpt where c1 % 2 = 0;
QUERY PLAN
Project
  ->  Filter
        Filter Cond: ((cast(t1.c1 AS BIGINT) % 2) = 0)
        ->  Sort
              Sort Key: t1.c1 DESC
              Limit: 10
              ->  Table Scan on d1.t1
                    Filter Cond: ((cast(t1.c1 AS BIGINT) % 3) = 0)
explain select * from (select v2.c1 as c1, v2.c2 as c2, v2.c3 as c3 from (select * from t1 where c1!=0 limit 10) v1 join (select * from t2 where c1!=1 limit 10) v2 on v1.c1=v2.c1 where v2.c2>0 limit 10) v3 join (select * from t3 where c1!=2 limit 10) v4 on v3.c3=v4.c3 where v4.c2>0 limit 10;
QUERY PLAN
Project
  Limit: 10
  ->  Join
        Join Type: INNER
        Join Cond: (v3.c3 = t3.c3)
        ->  Project
              Limit: 10
              ->  Join
                    Join Type: INNER
                    Join Cond: (t1.c1 = t2.c1)
                    ->  Table Scan on d1.t1
                          Filter Cond: (t1.c1 <> 0)
                          Limit: 10
                    ->  Filter
                          Filter Cond: (t2.c2 > 0)
                          ->  Table Scan on d1.t2
                                Filter Cond: (t2.c1 <> 1)
                                Limit: 10
        ->  Filter
              Filter Cond: (t3.c2 > 0)
              ->  Table Scan on d1.t3
                    Filter Cond: (t3.c1 <> 2)
                    Limit: 10
explain select * from t1 left join t2 on t1.c1=t2.c1 order by t1.c1 limit 10;
QUERY PLAN
Project
  ->  Sort
        Sort Key: t1.c1 INTERNAL
        Limit: 10
        ->  Join
              Join Type: RIGHT
              Join Cond: (t2.c1 = t1.c1)
              Runtime Filter Build: #[-1,0]
              ->  Table Scan on d1.t2 [ForceOneCN]
                    Runtime Filter Probe: t2.c1
              ->  Sort
                    Sort Key: t1.c1 INTERNAL
                    Limit: 10
                    ->  Table Scan on d1.t1 [ForceOneCN]
select * from t1 left join t2 on t1.c1=t2.c1 order by t1.c1 limit 10;
c1    c1    c2    c3
1    1    1    1
2    2    2    2
3    3    3    3
4    4    4    4
5    5    5    5
6    6    6    6
7    7    7    7
8    8    8    8
9    9    9    9
10    10    10    10
explain select * from t1 left join t2 on t1.c1=t2.c1 order by t1.c1 limit 10 offset 20;
QUERY PLAN
Project
  ->  Sort
        Sort Key: t1.c1 INTERNAL
        Limit: 10, Offset: 20
        ->  Join
              Join Type: RIGHT
              Join Cond: (t2.c1 = t1.c1)
              Runtime Filter Build: #[-1,0]
              ->  Table Scan on d1.t2 [ForceOneCN]
                    Runtime Filter Probe: t2.c1
              ->  Sort
                    Sort Key: t1.c1 INTERNAL
                    Limit: 30
                    ->  Table Scan on d1.t1 [ForceOneCN]
select * from t1 left join t2 on t1.c1=t2.c1 order by t1.c1 limit 10 offset 20;
c1    c1    c2    c3
21    21    21    21
22    22    22    22
23    23    23    23
24    24    24    24
25    25    25    25
26    26    26    26
27    27    27    27
28    28    28    28
29    29    29    29
30    30    30    30
prepare s from select * from t1 left join t2 on t1.c1=t2.c1 order by t1.c1 limit ? offset ?;
set @a_var = 5;
set @b_var = 30;
execute s using @a_var,@b_var;
c1    c1    c2    c3
31    31    31    31
32    32    32    32
33    33    33    33
34    34    34    34
35    35    35    35
drop database if exists d1;
