drop database if exists d1;
create database d1;
use d1;
select enable_fault_injection();
enable_fault_injection()
true
drop table if exists t1;
drop table if exists t2;
create table t1(c1 int primary key, c2 int, c3 int);
create table t2(c1 int primary key, c2 int, c3 int);
select add_fault_point('fj/cn/flush_small_objs',':::','echo',40,'d1.t1');
add_fault_point(fj/cn/flush_small_objs, :::, echo, 40, d1.t1)
true
select add_fault_point('fj/cn/flush_small_objs',':::','echo',40,'d1.t2');
add_fault_point(fj/cn/flush_small_objs, :::, echo, 40, d1.t2)
true
insert into t1 select *,*,* from generate_series(100000) g;
insert into t2 select *,*,* from generate_series(90000) g;
explain select * from t1 order by c1 limit 100 offset 200;
QUERY PLAN
Project
  ->  Sort
        Sort Key: t1.c1 INTERNAL
        Limit: 100, Offset: 200
        Send Message: [tag 1 , type MsgTopValue]
        ->  Table Scan on d1.t1
              Sort Key: c1 INTERNAL
              Recv Message: [tag 1 , type MsgTopValue]
select * from t1 order by c1 limit 10 ;
c1    c2    c3
1    1    1
2    2    2
3    3    3
4    4    4
5    5    5
6    6    6
7    7    7
8    8    8
9    9    9
10    10    10
select * from t1 order by c1 limit 10 offset 200;
c1    c2    c3
201    201    201
202    202    202
203    203    203
204    204    204
205    205    205
206    206    206
207    207    207
208    208    208
209    209    209
210    210    210
select * from t1 order by c1 desc limit 10 ;
c1    c2    c3
100000    100000    100000
99999    99999    99999
99998    99998    99998
99997    99997    99997
99996    99996    99996
99995    99995    99995
99994    99994    99994
99993    99993    99993
99992    99992    99992
99991    99991    99991
select * from t1 order by c1 desc limit 10 offset 200;
c1    c2    c3
99800    99800    99800
99799    99799    99799
99798    99798    99798
99797    99797    99797
99796    99796    99796
99795    99795    99795
99794    99794    99794
99793    99793    99793
99792    99792    99792
99791    99791    99791
select * from t1,t2 where t1.c1=t2.c1 and t2.c2 between 22 and 44 order by t1.c1 limit 10;
c1    c2    c3    c1    c2    c3
22    22    22    22    22    22
23    23    23    23    23    23
24    24    24    24    24    24
25    25    25    25    25    25
26    26    26    26    26    26
27    27    27    27    27    27
28    28    28    28    28    28
29    29    29    29    29    29
30    30    30    30    30    30
31    31    31    31    31    31
select * from t1,t2 where t1.c1=t2.c1 and t2.c2 between 22 and 44 order by t1.c1 desc limit 10 offset 10;
c1    c2    c3    c1    c2    c3
34    34    34    34    34    34
33    33    33    33    33    33
32    32    32    32    32    32
31    31    31    31    31    31
30    30    30    30    30    30
29    29    29    29    29    29
28    28    28    28    28    28
27    27    27    27    27    27
26    26    26    26    26    26
25    25    25    25    25    25
select * from t1,t2 where t1.c1=t2.c1 and t2.c2 between 3333 and 4444 order by t1.c1 limit 10;
c1    c2    c3    c1    c2    c3
3333    3333    3333    3333    3333    3333
3334    3334    3334    3334    3334    3334
3335    3335    3335    3335    3335    3335
3336    3336    3336    3336    3336    3336
3337    3337    3337    3337    3337    3337
3338    3338    3338    3338    3338    3338
3339    3339    3339    3339    3339    3339
3340    3340    3340    3340    3340    3340
3341    3341    3341    3341    3341    3341
3342    3342    3342    3342    3342    3342
select * from t1,t2 where t1.c1=t2.c1 and t2.c2 between 3333 and 4444 order by t1.c1 desc limit 10 offset 10;
c1    c2    c3    c1    c2    c3
4434    4434    4434    4434    4434    4434
4433    4433    4433    4433    4433    4433
4432    4432    4432    4432    4432    4432
4431    4431    4431    4431    4431    4431
4430    4430    4430    4430    4430    4430
4429    4429    4429    4429    4429    4429
4428    4428    4428    4428    4428    4428
4427    4427    4427    4427    4427    4427
4426    4426    4426    4426    4426    4426
4425    4425    4425    4425    4425    4425
select * from t1,t2 where t1.c1=t2.c1 and t2.c2 between 3333 and 55555 order by t1.c1 limit 10;
c1    c2    c3    c1    c2    c3
3333    3333    3333    3333    3333    3333
3334    3334    3334    3334    3334    3334
3335    3335    3335    3335    3335    3335
3336    3336    3336    3336    3336    3336
3337    3337    3337    3337    3337    3337
3338    3338    3338    3338    3338    3338
3339    3339    3339    3339    3339    3339
3340    3340    3340    3340    3340    3340
3341    3341    3341    3341    3341    3341
3342    3342    3342    3342    3342    3342
select * from t1,t2 where t1.c1=t2.c1 and t2.c2 between 3333 and 55555 order by t1.c1 desc limit 10 offset 10;
c1    c2    c3    c1    c2    c3
55545    55545    55545    55545    55545    55545
55544    55544    55544    55544    55544    55544
55543    55543    55543    55543    55543    55543
55542    55542    55542    55542    55542    55542
55541    55541    55541    55541    55541    55541
55540    55540    55540    55540    55540    55540
55539    55539    55539    55539    55539    55539
55538    55538    55538    55538    55538    55538
55537    55537    55537    55537    55537    55537
55536    55536    55536    55536    55536    55536
explain select * from t1,t2 where t1.c1=t2.c1  order by t1.c1 desc limit 10 offset 10;
QUERY PLAN
Project
  ->  Sort
        Sort Key: t1.c1 DESC
        Limit: 10, Offset: 10
        Send Message: [tag 2 , type MsgTopValue]
        ->  Join
              Join Type: INNER   hashOnPK
              Join Cond: (t1.c1 = t2.c1)
              ->  Table Scan on d1.t1
                    Sort Key: c1 DESC
                    Recv Message: [tag 2 , type MsgTopValue]
              ->  Table Scan on d1.t2
select * from t1,t2 where t1.c1=t2.c1 and t2.c2  order by t1.c1 desc limit 10 offset 10;
c1    c2    c3    c1    c2    c3
89990    89990    89990    89990    89990    89990
89989    89989    89989    89989    89989    89989
89988    89988    89988    89988    89988    89988
89987    89987    89987    89987    89987    89987
89986    89986    89986    89986    89986    89986
89985    89985    89985    89985    89985    89985
89984    89984    89984    89984    89984    89984
89983    89983    89983    89983    89983    89983
89982    89982    89982    89982    89982    89982
89981    89981    89981    89981    89981    89981
explain select * from t1 order by c2 limit 10 offset 20;
AP QUERY PLAN ON MULTICN(4 core)
Project
  ->  Sort
        Sort Key: t1.c2 INTERNAL
        Limit: 10, Offset: 20
        Send Message: [tag 1 , type MsgTopValue]
        ->  Table Scan on d1.t1
              Sort Key: c2 INTERNAL
              Recv Message: [tag 1 , type MsgTopValue]
select * from t1 order by c2 limit 10 offset 20;
c1    c2    c3
21    21    21
22    22    22
23    23    23
24    24    24
25    25    25
26    26    26
27    27    27
28    28    28
29    29    29
30    30    30
drop table if exists t1;
create table t1 (a int primary key, b int);
insert into t1 select result, result from generate_series (1, 80000)g;
select a from t1 order by abs(b) limit 2;
a
1
2
drop database if exists d1;
select disable_fault_injection();
disable_fault_injection()
true