SELECT IN_RANGE(2, 1, 3, 0), IN_RANGE(2, 3, 1, 0);
in_range(2, 1, 3, 0)    in_range(2, 3, 1, 0)
1    0
SELECT IN_RANGE(1, 2, 3, 0);
in_range(1, 2, 3, 0)
0
SELECT IN_RANGE('b', 'a', 'c', 0);
in_range(b, a, c, 0)
1
SELECT IN_RANGE(2, 2, '3', 0);
in_range(2, 2, 3, 0)
1
SELECT IN_RANGE(TRUE, FALSE, TRUE, 0);
in_range(true, false, true, 0)
1
SELECT IN_RANGE(FALSE, TRUE, FALSE, 1);
in_range(false, true, false, 1)
0
SELECT IN_RANGE(TRUE, FALSE, TRUE, 1);
in_range(true, false, true, 1)
1
SELECT IN_RANGE(TRUE, FALSE, TRUE, 2);
in_range(true, false, true, 2)
0
SELECT IN_RANGE(TRUE, FALSE, TRUE, 3);
in_range(true, false, true, 3)
0
SELECT IN_RANGE('2022-06-15', '2022-01-01', '2022-12-31', 0);
in_range(2022-06-15, 2022-01-01, 2022-12-31, 0)
1
SELECT IN_RANGE('2021-12-31', '2022-01-01', '2022-12-31', 0);
in_range(2021-12-31, 2022-01-01, 2022-12-31, 0)
0
SELECT IN_RANGE('2022-01-01', '2022-01-01', '2022-12-31', 1);
in_range(2022-01-01, 2022-01-01, 2022-12-31, 1)
0
SELECT IN_RANGE('2022-12-31', '2022-01-01', '2022-12-31', 2);
in_range(2022-12-31, 2022-01-01, 2022-12-31, 2)
0
SELECT IN_RANGE('2022-06-15', '2022-01-01', '2022-12-31', 3);
in_range(2022-06-15, 2022-01-01, 2022-12-31, 3)
1
SELECT IN_RANGE('2022-06-15 12:00:00', '2022-01-01 00:00:00', '2022-12-31 23:59:59', 0);
in_range(2022-06-15 12:00:00, 2022-01-01 00:00:00, 2022-12-31 23:59:59, 0)
1
SELECT IN_RANGE('2023-01-01 00:00:00', '2022-01-01 00:00:00', '2022-12-31 23:59:59', 0);
in_range(2023-01-01 00:00:00, 2022-01-01 00:00:00, 2022-12-31 23:59:59, 0)
0
SELECT IN_RANGE('2022-01-01 00:00:00', '2022-01-01 00:00:00', '2022-12-31 23:59:59', 1);
in_range(2022-01-01 00:00:00, 2022-01-01 00:00:00, 2022-12-31 23:59:59, 1)
0
SELECT IN_RANGE('2022-12-31 23:59:59', '2022-01-01 00:00:00', '2022-12-31 23:59:59', 2);
in_range(2022-12-31 23:59:59, 2022-01-01 00:00:00, 2022-12-31 23:59:59, 2)
0
SELECT IN_RANGE('2022-06-15 12:00:00', '2022-01-01 00:00:00', '2022-12-31 23:59:59', 3);
in_range(2022-06-15 12:00:00, 2022-01-01 00:00:00, 2022-12-31 23:59:59, 3)
1
SELECT IN_RANGE('12:00:00', '10:00:00', '14:00:00', 0);
in_range(12:00:00, 10:00:00, 14:00:00, 0)
1
SELECT IN_RANGE('15:00:00', '10:00:00', '14:00:00', 0);
in_range(15:00:00, 10:00:00, 14:00:00, 0)
0
SELECT IN_RANGE('10:00:00', '10:00:00', '14:00:00', 1);
in_range(10:00:00, 10:00:00, 14:00:00, 1)
0
SELECT IN_RANGE('14:00:00', '10:00:00', '14:00:00', 2);
in_range(14:00:00, 10:00:00, 14:00:00, 2)
0
SELECT IN_RANGE('12:00:00', '10:00:00', '14:00:00', 3);
in_range(12:00:00, 10:00:00, 14:00:00, 3)
1
SELECT IN_RANGE(1.5, 1.0, 2.0, 0);
in_range(1.5, 1.0, 2.0, 0)
1
SELECT IN_RANGE(2.5, 1.0, 2.0, 0);
in_range(2.5, 1.0, 2.0, 0)
0
SELECT IN_RANGE(1.0, 1.0, 2.0, 1);
in_range(1.0, 1.0, 2.0, 1)
0
SELECT IN_RANGE(2.0, 1.0, 2.0, 2);
in_range(2.0, 1.0, 2.0, 2)
0
SELECT IN_RANGE(1.5, 1.0, 2.0, 3);
in_range(1.5, 1.0, 2.0, 3)
1
SELECT IN_RANGE('hello', 'a', 'z', 0);
in_range(hello, a, z, 0)
1
SELECT IN_RANGE('Hello', 'a', 'z', 0);
in_range(Hello, a, z, 0)
0
SELECT IN_RANGE('a', 'a', 'z', 1);
in_range(a, a, z, 1)
0
SELECT IN_RANGE('z', 'a', 'z', 2);
in_range(z, a, z, 2)
0
SELECT IN_RANGE('m', 'a', 'z', 3);
in_range(m, a, z, 3)
1
DROP TABLE IF EXISTS test_bool;
CREATE TABLE test_bool(
bool_primary BOOL PRIMARY KEY,
bool_normal BOOL
);
INSERT INTO test_bool VALUES(TRUE, TRUE), (FALSE, FALSE);
SELECT * FROM test_bool WHERE IN_RANGE(bool_primary, FALSE, TRUE, 0);
bool_primary    bool_normal
1    1
0    0
SELECT * FROM test_bool WHERE IN_RANGE(bool_primary, FALSE, TRUE, 1);
bool_primary    bool_normal
1    1
SELECT * FROM test_bool WHERE IN_RANGE(bool_primary, FALSE, TRUE, 2);
bool_primary    bool_normal
0    0
SELECT * FROM test_bool WHERE IN_RANGE(bool_primary, FALSE, TRUE, 3);
bool_primary    bool_normal
SELECT * FROM test_bool WHERE IN_RANGE(bool_normal, FALSE, TRUE, 0);
bool_primary    bool_normal
1    1
0    0
SELECT * FROM test_bool WHERE IN_RANGE(bool_normal, FALSE, TRUE, 1);
bool_primary    bool_normal
1    1
SELECT * FROM test_bool WHERE IN_RANGE(bool_normal, FALSE, TRUE, 2);
bool_primary    bool_normal
0    0
SELECT * FROM test_bool WHERE IN_RANGE(bool_normal, FALSE, TRUE, 3);
bool_primary    bool_normal
DROP TABLE IF EXISTS test_bool;
DROP TABLE IF EXISTS test_int;
CREATE TABLE test_int(
int_primary INT PRIMARY KEY,
int_normal INT
);
INSERT INTO test_int VALUES(5, 5), (15, 15);
SELECT * FROM test_int WHERE IN_RANGE(int_primary, 1, 10, 0);
int_primary    int_normal
5    5
SELECT * FROM test_int WHERE IN_RANGE(int_primary, 1, 10, 1);
int_primary    int_normal
5    5
SELECT * FROM test_int WHERE IN_RANGE(int_primary, 1, 10, 2);
int_primary    int_normal
5    5
SELECT * FROM test_int WHERE IN_RANGE(int_primary, 1, 10, 3);
int_primary    int_normal
5    5
SELECT * FROM test_int WHERE IN_RANGE(int_normal, 1, 10, 0);
int_primary    int_normal
5    5
SELECT * FROM test_int WHERE IN_RANGE(int_normal, 1, 10, 1);
int_primary    int_normal
5    5
SELECT * FROM test_int WHERE IN_RANGE(int_normal, 1, 10, 2);
int_primary    int_normal
5    5
SELECT * FROM test_int WHERE IN_RANGE(int_normal, 1, 10, 3);
int_primary    int_normal
5    5
DROP TABLE IF EXISTS test_int;
DROP TABLE IF EXISTS test_float;
CREATE TABLE test_float(
float_primary FLOAT PRIMARY KEY,
float_normal FLOAT
);
INSERT INTO test_float VALUES(1.5, 1.5), (2.5, 2.5);
SELECT * FROM test_float WHERE IN_RANGE(float_primary, 1.0, 2.0, 0);
float_primary    float_normal
1.5    1.5
SELECT * FROM test_float WHERE IN_RANGE(float_primary, 1.0, 2.0, 1);
float_primary    float_normal
1.5    1.5
SELECT * FROM test_float WHERE IN_RANGE(float_primary, 1.0, 2.0, 2);
float_primary    float_normal
1.5    1.5
SELECT * FROM test_float WHERE IN_RANGE(float_primary, 1.0, 2.0, 3);
float_primary    float_normal
1.5    1.5
SELECT * FROM test_float WHERE IN_RANGE(float_normal, 1.0, 2.0, 0);
float_primary    float_normal
1.5    1.5
SELECT * FROM test_float WHERE IN_RANGE(float_normal, 1.0, 2.0, 1);
float_primary    float_normal
1.5    1.5
SELECT * FROM test_float WHERE IN_RANGE(float_normal, 1.0, 2.0, 2);
float_primary    float_normal
1.5    1.5
SELECT * FROM test_float WHERE IN_RANGE(float_normal, 1.0, 2.0, 3);
float_primary    float_normal
1.5    1.5
DROP TABLE IF EXISTS test_float;
DROP TABLE IF EXISTS test_date;
CREATE TABLE test_date(
date_primary DATE PRIMARY KEY,
date_normal DATE
);
INSERT INTO test_date VALUES('2022-06-15', '2022-06-15'), ('2022-07-15', '2022-07-15');
SELECT * FROM test_date WHERE IN_RANGE(date_primary, '2022-01-01', '2022-12-31', 0);
date_primary    date_normal
2022-06-15    2022-06-15
2022-07-15    2022-07-15
SELECT * FROM test_date WHERE IN_RANGE(date_primary, '2022-01-01', '2022-12-31', 1);
date_primary    date_normal
2022-06-15    2022-06-15
2022-07-15    2022-07-15
SELECT * FROM test_date WHERE IN_RANGE(date_primary, '2022-01-01', '2022-12-31', 2);
date_primary    date_normal
2022-06-15    2022-06-15
2022-07-15    2022-07-15
SELECT * FROM test_date WHERE IN_RANGE(date_primary, '2022-01-01', '2022-12-31', 3);
date_primary    date_normal
2022-06-15    2022-06-15
2022-07-15    2022-07-15
SELECT * FROM test_date WHERE IN_RANGE(date_normal, '2022-01-01', '2022-12-31', 0);
date_primary    date_normal
2022-06-15    2022-06-15
2022-07-15    2022-07-15
SELECT * FROM test_date WHERE IN_RANGE(date_normal, '2022-01-01', '2022-12-31', 1);
date_primary    date_normal
2022-06-15    2022-06-15
2022-07-15    2022-07-15
SELECT * FROM test_date WHERE IN_RANGE(date_normal, '2022-01-01', '2022-12-31', 2);
date_primary    date_normal
2022-06-15    2022-06-15
2022-07-15    2022-07-15
SELECT * FROM test_date WHERE IN_RANGE(date_normal, '2022-01-01', '2022-12-31', 3);
date_primary    date_normal
2022-06-15    2022-06-15
2022-07-15    2022-07-15
DROP TABLE IF EXISTS test_date;
DROP TABLE IF EXISTS test_time;
CREATE TABLE test_time(
time_primary TIME PRIMARY KEY,
time_normal TIME
);
INSERT INTO test_time VALUES('12:00:00', '12:00:00'), ('13:00:00', '13:00:00');
SELECT * FROM test_time WHERE IN_RANGE(time_primary, '10:00:00', '14:00:00', 0);
time_primary    time_normal
12:00:00    12:00:00
13:00:00    13:00:00
SELECT * FROM test_time WHERE IN_RANGE(time_primary, '10:00:00', '14:00:00', 1);
time_primary    time_normal
12:00:00    12:00:00
13:00:00    13:00:00
SELECT * FROM test_time WHERE IN_RANGE(time_primary, '10:00:00', '14:00:00', 2);
time_primary    time_normal
12:00:00    12:00:00
13:00:00    13:00:00
SELECT * FROM test_time WHERE IN_RANGE(time_primary, '10:00:00', '14:00:00', 3);
time_primary    time_normal
12:00:00    12:00:00
13:00:00    13:00:00
SELECT * FROM test_time WHERE IN_RANGE(time_normal, '10:00:00', '14:00:00', 0);
time_primary    time_normal
12:00:00    12:00:00
13:00:00    13:00:00
SELECT * FROM test_time WHERE IN_RANGE(time_normal, '10:00:00', '14:00:00', 1);
time_primary    time_normal
12:00:00    12:00:00
13:00:00    13:00:00
SELECT * FROM test_time WHERE IN_RANGE(time_normal, '10:00:00', '14:00:00', 2);
time_primary    time_normal
12:00:00    12:00:00
13:00:00    13:00:00
SELECT * FROM test_time WHERE IN_RANGE(time_normal, '10:00:00', '14:00:00', 3);
time_primary    time_normal
12:00:00    12:00:00
13:00:00    13:00:00
DROP TABLE IF EXISTS test_time;
DROP TABLE IF EXISTS test_datetime;
CREATE TABLE test_datetime(
datetime_primary DATETIME PRIMARY KEY,
datetime_normal DATETIME
);
INSERT INTO test_datetime VALUES('2022-06-15 12:00:00', '2022-06-15 12:00:00'), ('2022-07-15 13:00:00', '2022-07-15 13:00:00');
SELECT * FROM test_datetime WHERE IN_RANGE(datetime_primary, '2022-01-01 00:00:00', '2022-12-31 23:59:59', 0);
datetime_primary    datetime_normal
2022-06-15 12:00:00    2022-06-15 12:00:00
2022-07-15 13:00:00    2022-07-15 13:00:00
SELECT * FROM test_datetime WHERE IN_RANGE(datetime_primary, '2022-01-01 00:00:00', '2022-12-31 23:59:59', 1);
datetime_primary    datetime_normal
2022-06-15 12:00:00    2022-06-15 12:00:00
2022-07-15 13:00:00    2022-07-15 13:00:00
SELECT * FROM test_datetime WHERE IN_RANGE(datetime_primary, '2022-01-01 00:00:00', '2022-12-31 23:59:59', 2);
datetime_primary    datetime_normal
2022-06-15 12:00:00    2022-06-15 12:00:00
2022-07-15 13:00:00    2022-07-15 13:00:00
SELECT * FROM test_datetime WHERE IN_RANGE(datetime_primary, '2022-01-01 00:00:00', '2022-12-31 23:59:59', 3);
datetime_primary    datetime_normal
2022-06-15 12:00:00    2022-06-15 12:00:00
2022-07-15 13:00:00    2022-07-15 13:00:00
SELECT * FROM test_datetime WHERE IN_RANGE(datetime_normal, '2022-01-01 00:00:00', '2022-12-31 23:59:59', 0);
datetime_primary    datetime_normal
2022-06-15 12:00:00    2022-06-15 12:00:00
2022-07-15 13:00:00    2022-07-15 13:00:00
SELECT * FROM test_datetime WHERE IN_RANGE(datetime_normal, '2022-01-01 00:00:00', '2022-12-31 23:59:59', 1);
datetime_primary    datetime_normal
2022-06-15 12:00:00    2022-06-15 12:00:00
2022-07-15 13:00:00    2022-07-15 13:00:00
SELECT * FROM test_datetime WHERE IN_RANGE(datetime_normal, '2022-01-01 00:00:00', '2022-12-31 23:59:59', 2);
datetime_primary    datetime_normal
2022-06-15 12:00:00    2022-06-15 12:00:00
2022-07-15 13:00:00    2022-07-15 13:00:00
SELECT * FROM test_datetime WHERE IN_RANGE(datetime_normal, '2022-01-01 00:00:00', '2022-12-31 23:59:59', 3);
datetime_primary    datetime_normal
2022-06-15 12:00:00    2022-06-15 12:00:00
2022-07-15 13:00:00    2022-07-15 13:00:00
DROP TABLE IF EXISTS test_datetime;
DROP TABLE IF EXISTS test_decimal;
CREATE TABLE test_decimal(
decimal_primary DECIMAL(10,2) PRIMARY KEY,
decimal_normal DECIMAL(10,2)
);
INSERT INTO test_decimal VALUES(10.50, 10.50), (20.50, 20.50);
SELECT * FROM test_decimal WHERE IN_RANGE(decimal_primary, 0.0, 15.0, 0);
decimal_primary    decimal_normal
10.50    10.50
SELECT * FROM test_decimal WHERE IN_RANGE(decimal_primary, 0.0, 15.0, 1);
decimal_primary    decimal_normal
10.50    10.50
SELECT * FROM test_decimal WHERE IN_RANGE(decimal_primary, 0.0, 15.0, 2);
decimal_primary    decimal_normal
10.50    10.50
SELECT * FROM test_decimal WHERE IN_RANGE(decimal_primary, 0.0, 15.0, 3);
decimal_primary    decimal_normal
10.50    10.50
SELECT * FROM test_decimal WHERE IN_RANGE(decimal_normal, 0.0, 15.0, 0);
decimal_primary    decimal_normal
10.50    10.50
SELECT * FROM test_decimal WHERE IN_RANGE(decimal_normal, 0.0, 15.0, 1);
decimal_primary    decimal_normal
10.50    10.50
SELECT * FROM test_decimal WHERE IN_RANGE(decimal_normal, 0.0, 15.0, 2);
decimal_primary    decimal_normal
10.50    10.50
SELECT * FROM test_decimal WHERE IN_RANGE(decimal_normal, 0.0, 15.0, 3);
decimal_primary    decimal_normal
10.50    10.50
DROP TABLE IF EXISTS test_decimal;
DROP TABLE IF EXISTS test_varchar;
CREATE TABLE test_varchar(
varchar_primary VARCHAR(50) PRIMARY KEY,
varchar_normal VARCHAR(50)
);
INSERT INTO test_varchar VALUES('hello', 'hello'), ('world', 'world');
SELECT * FROM test_varchar WHERE IN_RANGE(varchar_primary, 'a', 'z', 0);
varchar_primary    varchar_normal
hello    hello
world    world
SELECT * FROM test_varchar WHERE IN_RANGE(varchar_primary, 'a', 'z', 1);
varchar_primary    varchar_normal
hello    hello
world    world
SELECT * FROM test_varchar WHERE IN_RANGE(varchar_primary, 'a', 'z', 2);
varchar_primary    varchar_normal
hello    hello
world    world
SELECT * FROM test_varchar WHERE IN_RANGE(varchar_primary, 'a', 'z', 3);
varchar_primary    varchar_normal
hello    hello
world    world
SELECT * FROM test_varchar WHERE IN_RANGE(varchar_normal, 'a', 'z', 0);
varchar_primary    varchar_normal
hello    hello
world    world
SELECT * FROM test_varchar WHERE IN_RANGE(varchar_normal, 'a', 'z', 1);
varchar_primary    varchar_normal
hello    hello
world    world
SELECT * FROM test_varchar WHERE IN_RANGE(varchar_normal, 'a', 'z', 2);
varchar_primary    varchar_normal
hello    hello
world    world
SELECT * FROM test_varchar WHERE IN_RANGE(varchar_normal, 'a', 'z', 3);
varchar_primary    varchar_normal
hello    hello
world    world
DROP TABLE IF EXISTS test_varchar;