SELECT 'a' LIKE 'ae';
â¤ a like ae[-7,1,0]  ğ„€
0
SELECT 'ae' LIKE 'a';
â¤ ae like a[-7,1,0]  ğ„€
0
SELECT 'MYSQL' LIKE 'mysql';
â¤ MYSQL like mysql[-7,1,0]  ğ„€
0
SELECT 'David!' LIKE 'David_';
â¤ David! like David_[-7,1,0]  ğ„€
1
SELECT 'David!' LIKE '%D%v%';
â¤ David! like %D%v%[-7,1,0]  ğ„€
1
SELECT 'David!' LIKE 'David\_';
â¤ David! like David\_[-7,1,0]  ğ„€
0
SELECT 'David_' LIKE 'David\_';
â¤ David_ like David\_[-7,1,0]  ğ„€
1
SELECT '__++' LIKE '__++%';
â¤ __++ like __++%[-7,1,0]  ğ„€
1
SELECT '__++__' LIKE '__\\+';
â¤ __++__ like __\\+[-7,1,0]  ğ„€
0
SELECT '__++__' LIKE '__+';
â¤ __++__ like __+[-7,1,0]  ğ„€
0
SELECT "a+b" LIKE "a_b";
â¤ a+b like a_b[-7,1,0]  ğ„€
1
SELECT "a+b" LIKE "a%b";
â¤ a+b like a%b[-7,1,0]  ğ„€
1
SELECT "a++b" LIKE "a+%";
â¤ a++b like a+%[-7,1,0]  ğ„€
1
SELECT "a++b" LIKE "%+%";
â¤ a++b like %+%[-7,1,0]  ğ„€
1
SELECT "a+b" LIKE "a\+b";
â¤ a+b like a+b[-7,1,0]  ğ„€
1
SELECT "a\+b" LIKE "a\\+b";
â¤ a+b like a\\+b[-7,1,0]  ğ„€
1
SELECT "a+b" LIKE "a\\+b";
â¤ a+b like a\\+b[-7,1,0]  ğ„€
1
SELECT "a.b" LIKE "a.b";
â¤ a.b like a.b[-7,1,0]  ğ„€
1
SELECT "abb" LIKE "ab*";
â¤ abb like ab*[-7,1,0]  ğ„€
0
SELECT "a?b" LIKE "a?b";
â¤ a?b like a?b[-7,1,0]  ğ„€
1
SELECT "a(b)c" LIKE "a(b)c";
â¤ a(b)c like a(b)c[-7,1,0]  ğ„€
1
SELECT "+++" LIKE "++%";
â¤ +++ like ++%[-7,1,0]  ğ„€
1
SELECT " " LIKE "+";
â¤   like +[-7,1,0]  ğ„€
0
SELECT "+123" LIKE "+%";
â¤ +123 like +%[-7,1,0]  ğ„€
1
SELECT "123+" LIKE "%+";
â¤ 123+ like %+[-7,1,0]  ğ„€
1
DROP TABLE IF EXISTS like_test;
CREATE TABLE like_test(
str1 VARCHAR(50)
);
INSERT INTO like_test VALUES('D:');
INSERT INTO like_test VALUES('D:\\');
INSERT INTO like_test VALUES('D:\\System_files');
INSERT INTO like_test VALUES('D:\\System_files\\');
INSERT INTO like_test VALUES(NULL);
INSERT INTO like_test VALUES('NULL');
INSERT INTO like_test VALUES('  A');
INSERT INTO like_test VALUES('s _');
SELECT * FROM like_test WHERE str1 LIKE '%:';
â¤ str1[12,-1,0]  ğ„€
D:
SELECT * FROM like_test WHERE str1 LIKE '%\_%';
â¤ str1[12,-1,0]  ğ„€
D:\System_files  ğ„€
D:\System_files\  ğ„€
s _
SELECT * FROM like_test WHERE str1 LIKE '___';
â¤ str1[12,-1,0]  ğ„€
D:\  ğ„€
  A  ğ„€
s _
SELECT * FROM like_test WHERE str1 LIKE ' %';
â¤ str1[12,-1,0]  ğ„€
  A
SELECT * FROM like_test WHERE str1 LIKE NULL;
â¤ str1[12,-1,0]
SELECT * FROM like_test WHERE str1 LIKE '_:%';
â¤ str1[12,-1,0]  ğ„€
D:  ğ„€
D:\  ğ„€
D:\System_files  ğ„€
D:\System_files\
SELECT * FROM like_test WHERE str1 LIKE 's__';
â¤ str1[12,-1,0]  ğ„€
s _
SELECT * FROM like_test WHERE str1 LIKE '%s';
â¤ str1[12,-1,0]  ğ„€
D:\System_files
SELECT * FROM like_test WHERE str1 LIKE 'd%';
â¤ str1[12,-1,0]
SELECT * FROM like_test WHERE str1 LIKE '%%';
â¤ str1[12,-1,0]  ğ„€
D:  ğ„€
D:\  ğ„€
D:\System_files  ğ„€
D:\System_files\  ğ„€
NULL  ğ„€
  A  ğ„€
s _
SELECT * FROM like_test WHERE str1 IS NULL;
â¤ str1[12,-1,0]  ğ„€
null
SELECT * FROM like_test WHERE str1 LIKE '%U%';
â¤ str1[12,-1,0]  ğ„€
NULL
SELECT * FROM like_test WHERE str1 LIKE '%:%' AND str1 LIKE '%s%';
â¤ str1[12,-1,0]  ğ„€
D:\System_files  ğ„€
D:\System_files\
SELECT * FROM like_test WHERE str1 LIKE '' AND str1 LIKE 's%';
â¤ str1[12,-1,0]
SELECT * FROM like_test WHERE str1 LIKE '% %' AND str1 LIKE '%N%';
â¤ str1[12,-1,0]
SELECT * FROM like_test WHERE str1 LIKE '%L' OR str1 LIKE '%s%';
â¤ str1[12,-1,0]  ğ„€
D:\System_files  ğ„€
D:\System_files\  ğ„€
NULL  ğ„€
s _
SELECT * FROM like_test WHERE str1 LIKE '% %' OR str1 LIKE '%N%';
â¤ str1[12,-1,0]  ğ„€
NULL  ğ„€
  A  ğ„€
s _
SELECT * FROM (SELECT * FROM like_test WHERE str1 LIKE 'D%') AS a WHERE LENGTH(str1) > 4;
â¤ str1[12,-1,0]  ğ„€
D:\System_files  ğ„€
D:\System_files\
SELECT str1 FROM (SELECT * FROM like_test WHERE str1 LIKE '_:%') AS T WHERE str1 LIKE '%S%';
â¤ str1[12,-1,0]  ğ„€
D:\System_files  ğ„€
D:\System_files\
SELECT * FROM like_test WHERE str1 NOT LIKE '___';
â¤ str1[12,-1,0]  ğ„€
D:  ğ„€
D:\System_files  ğ„€
D:\System_files\  ğ„€
NULL
SELECT * FROM like_test WHERE str1 NOT LIKE 'D%';
â¤ str1[12,-1,0]  ğ„€
NULL  ğ„€
  A  ğ„€
s _
SELECT * FROM like_test WHERE str1 NOT LIKE '%\_%';
â¤ str1[12,-1,0]  ğ„€
D:  ğ„€
D:\  ğ„€
NULL  ğ„€
  A
SELECT * FROM like_test WHERE str1 NOT LIKE 'NULL';
â¤ str1[12,-1,0]  ğ„€
D:  ğ„€
D:\  ğ„€
D:\System_files  ğ„€
D:\System_files\  ğ„€
  A  ğ„€
s _
SELECT * FROM like_test WHERE str1 NOT LIKE NULL;
â¤ str1[12,-1,0]
SELECT * FROM like_test WHERE str1 NOT LIKE '';
â¤ str1[12,-1,0]  ğ„€
D:  ğ„€
D:\  ğ„€
D:\System_files  ğ„€
D:\System_files\  ğ„€
NULL  ğ„€
  A  ğ„€
s _
SELECT COUNT(*) FROM like_test WHERE str1 LIKE '%baz%';
â¤ COUNT(*)[-5,64,0]  ğ„€
0
SELECT COUNT(*) FROM like_test WHERE str1 NOT LIKE '%baz%';
â¤ COUNT(*)[-5,64,0]  ğ„€
7
SELECT COUNT(*) FROM like_test WHERE str1 NOT LIKE '%baz%' OR str1 IS NULL;
â¤ COUNT(*)[-5,64,0]  ğ„€
8
SELECT str1, str1 LIKE '%\\' FROM like_test;
â¤ str1[12,-1,0]  Â¦  str1 like %\\[-7,1,0]  ğ„€
D:  Â¦  0  ğ„€
D:\  Â¦  1  ğ„€
D:\System_files  Â¦  0  ğ„€
D:\System_files\  Â¦  1  ğ„€
null  Â¦  null  ğ„€
NULL  Â¦  0  ğ„€
  A  Â¦  0  ğ„€
s _  Â¦  0
SELECT str1, str1 LIKE '%\\\\' FROM like_test;
â¤ str1[12,-1,0]  Â¦  str1 like %\\\\[-7,1,0]  ğ„€
D:  Â¦  0  ğ„€
D:\  Â¦  1  ğ„€
D:\System_files  Â¦  0  ğ„€
D:\System_files\  Â¦  1  ğ„€
null  Â¦  null  ğ„€
NULL  Â¦  0  ğ„€
  A  Â¦  0  ğ„€
s _  Â¦  0
DELETE FROM like_test;
INSERT INTO like_test VALUES('99.9');
INSERT INTO like_test VALUES('88');
INSERT INTO like_test VALUES('89.88');
INSERT INTO like_test VALUES(19.88);
INSERT INTO like_test VALUES(2887.08);
SELECT * FROM like_test WHERE str1 LIKE '9%';
â¤ str1[12,-1,0]  ğ„€
99.9
SELECT * FROM like_test WHERE str1 LIKE '%9';
â¤ str1[12,-1,0]  ğ„€
99.9
SELECT * FROM like_test WHERE str1 LIKE '%88';
â¤ str1[12,-1,0]  ğ„€
88  ğ„€
89.88  ğ„€
19.88
SELECT * FROM like_test WHERE str1 NOT LIKE '%88';
â¤ str1[12,-1,0]  ğ„€
99.9  ğ„€
2887.08
DELETE FROM like_test;
INSERT INTO like_test VALUES('ABC1_23D');
INSERT INTO like_test VALUES('123ABCD\\');
INSERT INTO like_test VALUES('ABCD\\123');
INSERT INTO like_test VALUES(' ');
SELECT * FROM like_test WHERE str1 LIKE '%D\\%';
â¤ str1[12,-1,0]
SELECT * FROM like_test WHERE str1 LIKE '% ';
â¤ str1[12,-1,0]  ğ„€
 
SELECT * FROM like_test WHERE str1 LIKE '%3_';
â¤ str1[12,-1,0]  ğ„€
ABC1_23D
DROP TABLE IF EXISTS like_test;
CREATE TABLE like_test(
str1 VARCHAR(50),
str2 CHAR(50)
);
INSERT INTO like_test(str1, str2) VALUES('CHINA IS OUR HOMELAND', 'BEIJING IS THE CAPITAL');
INSERT INTO like_test(str1, str2) VALUES('DHINA IS OUR HOMELAN ', 'THIS MAN PUSH HIM');
INSERT INTO like_test(str1, str2) VALUES(' HINA IS OUR HOMELAND%', 'HE LIKE WHORE');
INSERT INTO like_test(str1, str2) VALUES('THE UNITED OF AMERICAN_', 'NORTH AMERICA');
INSERT INTO like_test(str1, str2) VALUES('AB%CDE', 'PDFXLXDOC');
INSERT INTO like_test(str1, str2) VALUES('THE UNITED OF ENGLAND\\', "KINGDOM'");
INSERT INTO like_test(str1, str2) VALUES(' ', '');
INSERT INTO like_test(str1, str2) VALUES('', NULL);
INSERT INTO like_test(str1, str2) VALUES('æ³•çš„è¨è²å„å¼ ä¸‰ä¸‰ä¸‰ä¸‰ä¸‰', 'è€ƒè™‘ç†è®ºå¯çœ‹è§å¹´å¹´å¹´å¹´å¹´å¹´');
SELECT NULL LIKE 'ABC', 'ABC' LIKE NULL;
â¤ null like ABC[-7,1,0]  Â¦  ABC like null[-7,1,0]  ğ„€
null  Â¦  null
SELECT * FROM like_test WHERE str1 LIKE 'C%';
â¤ str1[12,-1,0]  Â¦  str2[1,50,0]  ğ„€
CHINA IS OUR HOMELAND  Â¦  BEIJING IS THE CAPITAL
SELECT * FROM like_test WHERE str1 LIKE '% ';
â¤ str1[12,-1,0]  Â¦  str2[1,50,0]  ğ„€
DHINA IS OUR HOMELAN   Â¦  THIS MAN PUSH HIM  ğ„€
   Â¦  
SELECT * FROM like_test WHERE str1 LIKE '%s%';
â¤ str1[12,-1,0]  Â¦  str2[1,50,0]
SELECT * FROM like_test WHERE str1 LIKE '%C%' AND str1 LIKE '%D%';
â¤ str1[12,-1,0]  Â¦  str2[1,50,0]  ğ„€
CHINA IS OUR HOMELAND  Â¦  BEIJING IS THE CAPITAL  ğ„€
THE UNITED OF AMERICAN_  Â¦  NORTH AMERICA  ğ„€
AB%CDE  Â¦  PDFXLXDOC
SELECT * FROM like_test WHERE str2 LIKE '__I%';
â¤ str1[12,-1,0]  Â¦  str2[1,50,0]  ğ„€
CHINA IS OUR HOMELAND  Â¦  BEIJING IS THE CAPITAL  ğ„€
DHINA IS OUR HOMELAN   Â¦  THIS MAN PUSH HIM
SELECT * FROM like_test WHERE str2 LIKE '__ %';
â¤ str1[12,-1,0]  Â¦  str2[1,50,0]  ğ„€
 HINA IS OUR HOMELAND%  Â¦  HE LIKE WHORE
SELECT * FROM like_test WHERE str2 LIKE '';
â¤ str1[12,-1,0]  Â¦  str2[1,50,0]  ğ„€
   Â¦  
SELECT * FROM like_test WHERE str2 LIKE NULL;
â¤ str1[12,-1,0]  Â¦  str2[1,50,0]
SELECT * FROM like_test WHERE str1 LIKE '%\\';
â¤ str1[12,-1,0]  Â¦  str2[1,50,0]  ğ„€
THE UNITED OF ENGLAND\  Â¦  KINGDOM'
SELECT * FROM like_test WHERE str2 LIKE '%\'';
â¤ str1[12,-1,0]  Â¦  str2[1,50,0]  ğ„€
THE UNITED OF ENGLAND\  Â¦  KINGDOM'
SELECT * FROM like_test WHERE str1 LIKE '%ä¸‰__';
â¤ str1[12,-1,0]  Â¦  str2[1,50,0]  ğ„€
æ³•çš„è¨è²å„å¼ ä¸‰ä¸‰ä¸‰ä¸‰ä¸‰  Â¦  è€ƒè™‘ç†è®ºå¯çœ‹è§å¹´å¹´å¹´å¹´å¹´å¹´
SELECT * FROM like_test WHERE str1 LIKE '%\%';
â¤ str1[12,-1,0]  Â¦  str2[1,50,0]  ğ„€
 HINA IS OUR HOMELAND%  Â¦  HE LIKE WHORE
SELECT * FROM like_test WHERE str1 NOT LIKE 'D%';
â¤ str1[12,-1,0]  Â¦  str2[1,50,0]  ğ„€
CHINA IS OUR HOMELAND  Â¦  BEIJING IS THE CAPITAL  ğ„€
 HINA IS OUR HOMELAND%  Â¦  HE LIKE WHORE  ğ„€
THE UNITED OF AMERICAN_  Â¦  NORTH AMERICA  ğ„€
AB%CDE  Â¦  PDFXLXDOC  ğ„€
THE UNITED OF ENGLAND\  Â¦  KINGDOM'  ğ„€
   Â¦    ğ„€
  Â¦  null  ğ„€
æ³•çš„è¨è²å„å¼ ä¸‰ä¸‰ä¸‰ä¸‰ä¸‰  Â¦  è€ƒè™‘ç†è®ºå¯çœ‹è§å¹´å¹´å¹´å¹´å¹´å¹´
SELECT * FROM like_test WHERE str1 NOT LIKE '%E';
â¤ str1[12,-1,0]  Â¦  str2[1,50,0]  ğ„€
CHINA IS OUR HOMELAND  Â¦  BEIJING IS THE CAPITAL  ğ„€
DHINA IS OUR HOMELAN   Â¦  THIS MAN PUSH HIM  ğ„€
 HINA IS OUR HOMELAND%  Â¦  HE LIKE WHORE  ğ„€
THE UNITED OF AMERICAN_  Â¦  NORTH AMERICA  ğ„€
THE UNITED OF ENGLAND\  Â¦  KINGDOM'  ğ„€
   Â¦    ğ„€
  Â¦  null  ğ„€
æ³•çš„è¨è²å„å¼ ä¸‰ä¸‰ä¸‰ä¸‰ä¸‰  Â¦  è€ƒè™‘ç†è®ºå¯çœ‹è§å¹´å¹´å¹´å¹´å¹´å¹´
DELETE FROM like_test;
DROP TABLE like_test;
DROP TABLE IF EXISTS chinese_test;
CREATE TABLE chinese_test(
name VARCHAR(50),
home VARCHAR(100),
job VARCHAR(20)
);
INSERT INTO chinese_test VALUES('å¼ ä¸‰', 'æ²³å—çœä¿¡é˜³å¸‚æ¡¥ä¸œåŒºå¹¿å¹³å°åŒº', 'è½¯ä»¶å·¥ç¨‹å¸ˆ');
INSERT INTO chinese_test VALUES('å¼ é£', 'åŒ—äº¬å¸‚æœé˜³åŒºå¤©å®«è‹‘æ¡¥ä¸œè¡—é“', 'æ•™å¸ˆ');
INSERT INTO chinese_test VALUES('é‡Œæ–¯', 'å¹¿ä¸œçœå¹¿å·æ‘', 'å­¦ç”Ÿæ•™å¸ˆ');
INSERT INTO chinese_test VALUES('åˆ˜äº”', '%%%æ±Ÿè‹çœå—äº¬å¸‚é‡‘åŒºé™µæ–°æ‘', '%%å·¥äºº');
SELECT name FROM chinese_test WHERE home LIKE '%æ¡¥ä¸œ%';
â¤ name[12,-1,0]  ğ„€
å¼ ä¸‰  ğ„€
å¼ é£
SELECT * FROM chinese_test WHERE name LIKE 'å¼ %';
â¤ name[12,-1,0]  Â¦  home[12,-1,0]  Â¦  job[12,-1,0]  ğ„€
å¼ ä¸‰  Â¦  æ²³å—çœä¿¡é˜³å¸‚æ¡¥ä¸œåŒºå¹¿å¹³å°åŒº  Â¦  è½¯ä»¶å·¥ç¨‹å¸ˆ  ğ„€
å¼ é£  Â¦  åŒ—äº¬å¸‚æœé˜³åŒºå¤©å®«è‹‘æ¡¥ä¸œè¡—é“  Â¦  æ•™å¸ˆ
SELECT * FROM (SELECT * FROM chinese_test WHERE name LIKE 'å¼ %') AS a WHERE home LIKE '%å¹¿%';
â¤ name[12,-1,0]  Â¦  home[12,-1,0]  Â¦  job[12,-1,0]  ğ„€
å¼ ä¸‰  Â¦  æ²³å—çœä¿¡é˜³å¸‚æ¡¥ä¸œåŒºå¹¿å¹³å°åŒº  Â¦  è½¯ä»¶å·¥ç¨‹å¸ˆ
SELECT * FROm (SELECT * FROM chinese_test WHERE job LIKE '%å¸ˆ') AS a WHERE home LIKE '%å¸‚%';
â¤ name[12,-1,0]  Â¦  home[12,-1,0]  Â¦  job[12,-1,0]  ğ„€
å¼ ä¸‰  Â¦  æ²³å—çœä¿¡é˜³å¸‚æ¡¥ä¸œåŒºå¹¿å¹³å°åŒº  Â¦  è½¯ä»¶å·¥ç¨‹å¸ˆ  ğ„€
å¼ é£  Â¦  åŒ—äº¬å¸‚æœé˜³åŒºå¤©å®«è‹‘æ¡¥ä¸œè¡—é“  Â¦  æ•™å¸ˆ
SELECT name FROM chinese_test WHERE home LIKE '\%%' AND job LIKE '\%%';
â¤ name[12,-1,0]  ğ„€
åˆ˜äº”
SELECT * FROM chinese_test WHERE home LIKE '%çœ%åŒº';
â¤ name[12,-1,0]  Â¦  home[12,-1,0]  Â¦  job[12,-1,0]  ğ„€
å¼ ä¸‰  Â¦  æ²³å—çœä¿¡é˜³å¸‚æ¡¥ä¸œåŒºå¹¿å¹³å°åŒº  Â¦  è½¯ä»¶å·¥ç¨‹å¸ˆ
DROP TABLE chinese_test;
CREATE TABLE stu(
id INT PRIMARY KEY,
name VARCHAR(20),
class INT,
sex VARCHAR(2),
address VARCHAR(50)
);
CREATE TABLE score(
id INT PRIMARY KEY,
name VARCHAR(20),
chinese FLOAT,
math FLOAT,
english FLOAT
);
INSERT INTO stu VALUES('1001', 'JACK', 7, 'M', 'US');
INSERT INTO stu VALUES('1002', 'TOM', 7, '', 'UK');
INSERT INTO stu VALUES('1005', 'ROMMY', 8, 'F', 'CHINA');
INSERT INTO stu VALUES('1006', 'RACK', 8, 'M', 'ITALY');
INSERT INTO score VALUES('1001', 'JACK', 89.5, 45.2, 67.5);
INSERT INTO score VALUES('1002', 'TOM', 58.5, 76, 78);
INSERT INTO score VALUES('1005', 'ROMMY', 68, 55, 69);
SELECT * FROM stu INNER JOIN score ON stu.id = score.id WHERE stu.name LIKE '_O%';
â¤ id[4,32,0]  Â¦  name[12,-1,0]  Â¦  class[4,32,0]  Â¦  sex[12,-1,0]  Â¦  address[12,-1,0]  Â¦  id[4,32,0]  Â¦  name[12,-1,0]  Â¦  chinese[7,24,0]  Â¦  math[7,24,0]  Â¦  english[7,24,0]  ğ„€
1002  Â¦  TOM  Â¦  7  Â¦    Â¦  UK  Â¦  1002  Â¦  TOM  Â¦  58.5  Â¦  76.0  Â¦  78.0  ğ„€
1005  Â¦  ROMMY  Â¦  8  Â¦  F  Â¦  CHINA  Â¦  1005  Â¦  ROMMY  Â¦  68.0  Â¦  55.0  Â¦  69.0
SELECT * FROM stu INNER JOIN score ON stu.id = score.id WHERE score.math > 60 AND stu.address LIKE 'U%_';
â¤ id[4,32,0]  Â¦  name[12,-1,0]  Â¦  class[4,32,0]  Â¦  sex[12,-1,0]  Â¦  address[12,-1,0]  Â¦  id[4,32,0]  Â¦  name[12,-1,0]  Â¦  chinese[7,24,0]  Â¦  math[7,24,0]  Â¦  english[7,24,0]  ğ„€
1002  Â¦  TOM  Â¦  7  Â¦    Â¦  UK  Â¦  1002  Â¦  TOM  Â¦  58.5  Â¦  76.0  Â¦  78.0
SELECT * FROM stu RIGHT JOIN score ON stu.id = score.id WHERE score.english > 65 AND stu.sex LIKE '%';
â¤ id[4,32,0]  Â¦  name[12,-1,0]  Â¦  class[4,32,0]  Â¦  sex[12,-1,0]  Â¦  address[12,-1,0]  Â¦  id[4,32,0]  Â¦  name[12,-1,0]  Â¦  chinese[7,24,0]  Â¦  math[7,24,0]  Â¦  english[7,24,0]  ğ„€
1001  Â¦  JACK  Â¦  7  Â¦  M  Â¦  US  Â¦  1001  Â¦  JACK  Â¦  89.5  Â¦  45.2  Â¦  67.5  ğ„€
1002  Â¦  TOM  Â¦  7  Â¦    Â¦  UK  Â¦  1002  Â¦  TOM  Â¦  58.5  Â¦  76.0  Â¦  78.0  ğ„€
1005  Â¦  ROMMY  Â¦  8  Â¦  F  Â¦  CHINA  Â¦  1005  Â¦  ROMMY  Â¦  68.0  Â¦  55.0  Â¦  69.0
SELECT * FROM stu WHERE address LIKE '%A%' AND name LIKE '%R%';
â¤ id[4,32,0]  Â¦  name[12,-1,0]  Â¦  class[4,32,0]  Â¦  sex[12,-1,0]  Â¦  address[12,-1,0]  ğ„€
1005  Â¦  ROMMY  Â¦  8  Â¦  F  Â¦  CHINA  ğ„€
1006  Â¦  RACK  Â¦  8  Â¦  M  Â¦  ITALY
SELECT * FROM stu INNER JOIN score ON stu.id = score.id WHERE stu.address NOT LIKE 'CH%';
â¤ id[4,32,0]  Â¦  name[12,-1,0]  Â¦  class[4,32,0]  Â¦  sex[12,-1,0]  Â¦  address[12,-1,0]  Â¦  id[4,32,0]  Â¦  name[12,-1,0]  Â¦  chinese[7,24,0]  Â¦  math[7,24,0]  Â¦  english[7,24,0]  ğ„€
1001  Â¦  JACK  Â¦  7  Â¦  M  Â¦  US  Â¦  1001  Â¦  JACK  Â¦  89.5  Â¦  45.2  Â¦  67.5  ğ„€
1002  Â¦  TOM  Â¦  7  Â¦    Â¦  UK  Â¦  1002  Â¦  TOM  Â¦  58.5  Â¦  76.0  Â¦  78.0
SELECT * FROM stu WHERE name NOT LIKE '%A%';
â¤ id[4,32,0]  Â¦  name[12,-1,0]  Â¦  class[4,32,0]  Â¦  sex[12,-1,0]  Â¦  address[12,-1,0]  ğ„€
1002  Â¦  TOM  Â¦  7  Â¦    Â¦  UK  ğ„€
1005  Â¦  ROMMY  Â¦  8  Â¦  F  Â¦  CHINA
SELECT
stu.id, stu.name, stu.address, a.chinese, a.english
FROM
(SELECT * FROM score WHERE math < 60 AND name LIKE '%M__') AS a,stu
WHERE
a.id = stu.id AND stu.address LIKE '%H%';
â¤ id[4,32,0]  Â¦  name[12,-1,0]  Â¦  address[12,-1,0]  Â¦  chinese[7,24,0]  Â¦  english[7,24,0]  ğ„€
1005  Â¦  ROMMY  Â¦  CHINA  Â¦  68.0  Â¦  69.0
SELECT
stu.name, stu.address
FROM
(SELECT * FROm score WHERE chinese BETWEEN 60 AND 70) AS a, stu
WHERE
a.id = stu.id AND address LIKE SUBSTRING('THE CHINA',5);
â¤ name[12,-1,0]  Â¦  address[12,-1,0]  ğ„€
ROMMY  Â¦  CHINA
SELECT
stu.id, stu.name, stu.address, score.english
FROM
stu
INNER JOIN
score
ON
stu.id = score.id
WHERE stu.sex NOT LIKE '';
â¤ id[4,32,0]  Â¦  name[12,-1,0]  Â¦  address[12,-1,0]  Â¦  english[7,24,0]  ğ„€
1001  Â¦  JACK  Â¦  US  Â¦  67.5  ğ„€
1005  Â¦  ROMMY  Â¦  CHINA  Â¦  69.0
DROP TABLE IF EXISTS stu;
DROP TABLE IF EXISTS score;
create table t1(a tinyint, b smallint, c int, d bigint);
insert into t1 values(121, 121, 121, 121);
select * from t1 where (a like '%2%' and b like '%2%' and c like '%2%' and d like '%2%');
â¤ a[-6,8,0]  Â¦  b[5,16,0]  Â¦  c[4,32,0]  Â¦  d[-5,64,0]  ğ„€
121  Â¦  121  Â¦  121  Â¦  121
drop table t1;
create table t1(a tinyint unsigned, b smallint unsigned, c int unsigned, d bigint unsigned);
insert into t1 values(121, 121, 121, 121);
select * from t1 where (a like '%2%' and b like '%2%' and c like '%2%' and d like '%2%');
â¤ a[-6,8,0]  Â¦  b[5,16,0]  Â¦  c[4,32,0]  Â¦  d[-5,64,0]  ğ„€
121  Â¦  121  Â¦  121  Â¦  121
drop table t1;
create table t1(a text);
insert into t1 values(rpad('1',50000,'1') + rpad('1',50000,'1'));
select * from t1 where a like ".";
â¤ a[12,0,0]
drop table t1;
create table t1(a varchar(20));
insert into t1 values ('abc'), ('ABC'), ('abC');
select * from t1 where a ilike '%abC%';
â¤ a[12,-1,0]  ğ„€
abc  ğ„€
ABC  ğ„€
abC
show variables where value ilike "%matrixone%" and variable_name = "version_comment";
â¤ Variable_name[12,0,0]  Â¦  Value[12,0,0]  ğ„€
version_comment  Â¦  MatrixOne
