SELECT 'Corn' RLIKE 'Corn' AS 'Corn';
Corn
true
SELECT 'Acorn' RLIKE 'Corn' AS 'Acorn';
Acorn
false
SELECT 'Corner' RLIKE 'Corn' AS 'Corner';
Corner
true
SELECT 'Cheese' RLIKE 'Corn' AS 'Cheese';
Cheese
false
SELECT 'Corn' RLIKE '^Co' AS 'Corn';
Corn
true
SELECT 'Acorn' RLIKE '^Co' AS 'Acorn';
Acorn
false
SELECT 'Cheese' RLIKE '^Co' AS 'Cheese';
Cheese
false
SELECT 'Corn' RLIKE 'rn$' AS 'Corn';
Corn
true
SELECT 'Acorn' RLIKE 'rn$' AS 'Acorn';
Acorn
true
SELECT 'Cheese' RLIKE 'rn$' AS 'Cheese';
Cheese
false
SELECT 'Corn' RLIKE '.' AS 'Corn';
Corn
true
SELECT 'Cheese' RLIKE '.' AS 'Cheese';
Cheese
true
SELECT 'Corn' RLIKE '^C.rn$' AS 'Corn';
Corn
true
SELECT 'Crn' RLIKE '^C.rn$' AS 'Crn';
Crn
false
SELECT 'Tweet' RLIKE '^Tw..t$' AS 'Tweet';
Tweet
true
SELECT 'Tweat' RLIKE '^Tw..t$' AS 'Tweat';
Tweat
true
SELECT 'Tweet' RLIKE '^Tw.t$' AS 'Tweet';
Tweet
false
SELECT 'Twit' RLIKE '^Tw..t$' AS 'Twit';
Twit
false
SELECT 'Tweet' RLIKE '^Tw.{2}t$' AS 'Tweet';
Tweet
true
SELECT 'Tweat' RLIKE '^Tw.{2}t$' AS 'Tweat';
Tweat
true
SELECT 'Tweet' RLIKE '^Tw.{1}t$' AS 'Tweet';
Tweet
false
SELECT 'Twit' RLIKE '^Tw.{2}t$' AS 'Twit';
Twit
false
SELECT 'Twet' RLIKE '^Twe*t$' AS 'Twet';
Twet
true
SELECT 'Tweet' RLIKE '^Twe*t$' AS 'Tweet';
Tweet
true
SELECT 'Tweeet' RLIKE '^Twe*t$' AS 'Tweeet';
Tweet
true
SELECT 'Twt' RLIKE '^Twe*t$' AS 'Twt';
Twt
true
SELECT 'Twit' RLIKE '^Twe*t$' AS 'Twit';
Twit
false
SELECT 'Twiet' RLIKE '^Twe*t$' AS 'Twiet';
Twiet
false
SELECT 'Tweit' RLIKE '^Twe*t$' AS 'Tweit';
Tweit
false
SELECT 'Twet' RLIKE '^Twe+t$' AS 'Twet';
Twet
true
SELECT 'Tweet' RLIKE '^Twe+t$' AS 'Tweet';
Tweet
true
SELECT 'Tweeet' RLIKE '^Twe+t$' AS 'Tweeet';
Tweeet
true
SELECT 'Twt' RLIKE '^Twe+t$' AS 'Twt';
Twt
false
SELECT 'Twit' RLIKE '^Twe+t$' AS 'Twit';
Twit
false
SELECT 'Twiet' RLIKE '^Twe+t$' AS 'Twiet';
Twiet
false
SELECT 'Tweit' RLIKE '^Twe+t$' AS 'Tweit';
Tweit
false
SELECT 'Tweet' RLIKE 'Tw|et' AS 'Tweet';
Tweet
true
SELECT 'For Let' RLIKE 'Tw|et' AS 'For Let';
For Let
true
SELECT 'Banana' RLIKE 'Tw|et' AS 'Banana';
Banana
false
SELECT 'Cat' RLIKE 'Cat|Dog' AS 'Cat';
Cat
true
SELECT 'Dog' RLIKE 'Cat|Dog' AS 'Dog';
Dog
true
SELECT 'Doggone' RLIKE 'Cat|Dog' AS 'Doggone';
Doggone
true
SELECT 'Banana' RLIKE 'Cat|Dog' AS 'Banana';
Banana
false
SELECT 'Banana' RLIKE '(an)*' AS 'Banana';
Banana
true
SELECT 'Land' RLIKE '(an)*' AS 'Land';
Land
true
SELECT 'Cheese' RLIKE '(an)*' AS 'Cheese';
Cheese
true
SELECT 'Banana' RLIKE '^B(an)*d$' AS 'Banana';
Banana
false
SELECT 'Band' RLIKE '^B(an)*d$' AS 'Band';
Band
true
SELECT 'Bald' RLIKE '^B(an)*d$' AS 'Bald';
Bald
false
SELECT 'Bad' RLIKE '^B(an)*d$' AS 'Bad';
Bad
false
SELECT 'Tweeet' RLIKE 'e{3}' AS 'Tweeet';
Tweeet
true
SELECT 'Tweet' RLIKE 'e{3}' AS 'Tweet';
Tweet
false
SELECT 'Tweet 123' RLIKE '[0-9]' AS 'Tweet123';
Tweet123
true
SELECT 'Tweet ABC' RLIKE '[0-9]' AS 'TweetABC';
TweetABC
false
SELECT 'Tweet 123' RLIKE '[A-Z]' AS 'Tweet123';
Tweet123
true
SELECT 'ABC' RLIKE '[A-Z]' AS 'ABC';
ABC
true
SELECT '123' RLIKE '[A-Z]' AS '123';
123
false
SELECT '123' RLIKE '[1-3]' AS '123';
123
true
SELECT '012' RLIKE '[1-3]' AS '012';
012
true
SELECT '045' RLIKE '[1-3]' AS '045';
045
false
SELECT '123' RLIKE '[^1-3]' AS '123';
123
false
SELECT '012' RLIKE '[^1-3]' AS '012';
012
true
SELECT '045' RLIKE '[^1-3]' AS '045';
045
true
create table t1(a int, b varchar(100));
insert into t1 values(1 , "PowerSlave");
insert into t1 values(2 , "Powerage");
insert into t1 values( 3 , "Singing Down the Lane" );
insert into t1 values(4 , "Ziltoid the Omniscient");
insert into t1 values(5 , "Casualties of Cool");
insert into t1 values( 6 , "Epicloud");
insert into t1 values(7 , "Somewhere in Time");
insert into t1 values(8 , "Piece of Mind");
insert into t1 values( 9 , "Killers");
insert into t1 values(10 , "No Prayer for the Dying");
insert into t1 values(11 , "No Sound Without Silence");
insert into t1 values(12 , "Big Swing Face");
insert into t1 values(13 , "Blue Night");
insert into t1 values(14 , "Eternity");
insert into t1 values(15 , "Scandinavia");
insert into t1 values(16 , "Long Lost Suitcase");
insert into t1 values(17 , "Praise and Blame");
insert into t1 values(18 , "Along Came Jones");
insert into t1 values(19 , "All Night Wrong");
insert into t1 values(20 , "The Sixteen Men of Tain");
SELECT a, b
FROM t1
WHERE b RLIKE '^Power';
a    b
1    PowerSlave
2    Powerage
drop table t1;