DROP DATABASE IF EXISTS test_uint_div;
CREATE DATABASE test_uint_div;
USE test_uint_div;
CREATE TABLE t1 (a BIGINT UNSIGNED, b BIGINT UNSIGNED);
INSERT INTO t1 VALUES (100, 2), (1000, 10);
SELECT a, b, a DIV b AS result FROM t1;
â¤ a[-5,64,0]  Â¦  b[-5,64,0]  Â¦  result[-5,64,0]  ğ„€
100  Â¦  2  Â¦  50  ğ„€
1000  Â¦  10  Â¦  100
TRUNCATE t1;
INSERT INTO t1 VALUES (9223372036854775807, 1);
SELECT a, b, a DIV b AS result FROM t1;
â¤ a[-5,64,0]  Â¦  b[-5,64,0]  Â¦  result[-5,64,0]  ğ„€
9223372036854775807  Â¦  1  Â¦  9223372036854775807
TRUNCATE t1;
INSERT INTO t1 VALUES (9223372036854775806, 2);
SELECT a, b, a DIV b AS result FROM t1;
â¤ a[-5,64,0]  Â¦  b[-5,64,0]  Â¦  result[-5,64,0]  ğ„€
9223372036854775806  Â¦  2  Â¦  4611686018427387903
TRUNCATE t1;
INSERT INTO t1 VALUES (9223372036854775808, 1);
SELECT a DIV b FROM t1;
Data truncation: data out of range: data type BIGINT,
TRUNCATE t1;
INSERT INTO t1 VALUES (18446744073709551615, 1);
SELECT a DIV b FROM t1;
Data truncation: data out of range: data type BIGINT,
DROP TABLE t1;
DROP DATABASE test_uint_div;
