select CASE "b" when "a" then 1 when "b" then 2 END;
case b when a then 1 when b then 2 end
2
select CASE "c" when "a" then 1 when "b" then 2 END;
case c when a then 1 when b then 2 end
null
select CASE "c" when "a" then 1 when "b" then 2 ELSE 3 END;
case c when a then 1 when b then 2 else 3 end
3
select CASE when 1=0 then "true" else "false" END;
CASE when 1=0 then "true" else "false" END
false
select CASE 1 when 1 then "one" WHEN 2 then "two" ELSE "more" END;
case 1 when 1 then one when 2 then two else more end
one
select CASE 2.0 when 1 then "one" WHEN 2.0 then "two" ELSE "more" END;
case 2.0 when 1 then one when 2.0 then two else more end
two
select (CASE "two" when "one" then "1" WHEN "two" then "2" END) | 0;
(CASE "two" when "one" then "1" WHEN "two" then "2" END) | 0
2
select (CASE "two" when "one" then 1.00 WHEN "two" then 2.00 END) +0.0;
(CASE "two" when "one" then 1.00 WHEN "two" then 2.00 END) +0.0
2.00
select case 1/0 when "a" then "true" else "false" END;
division by zero
select case 1/0 when "a" then "true" END;
division by zero
select (case 1/0 when "a" then "true" END) | 0;
division by zero
select (case 1/0 when "a" then "true" END) + 0.0;
division by zero
select case when 1>0 then "TRUE" else "FALSE" END;
case when 1>0 then "TRUE" else "FALSE" END
TRUE
select case when 1<0 then "TRUE" else "FALSE" END;
case when 1<0 then "TRUE" else "FALSE" END
FALSE
SELECT CAST(CASE WHEN 0 THEN '2001-01-01' END AS DATE);
cast(case when 0 then 2001-01-01 end as date)
null
SELECT CAST(CASE WHEN 0 THEN DATE'2001-01-01' END AS DATE);
cast(case when 0 then 2001-01-01 end as date)
null
select case 1.0 when 0.1 then "a" when 1.0 then "b" else "c" END;
case 1.0 when 0.1 then a when 1.0 then b else c end
b
select case 0.1 when 0.1 then "a" when 1.0 then "b" else "c" END;
case 0.1 when 0.1 then a when 1.0 then b else c end
a
select case 1 when 0.1 then "a" when 1.0 then "b" else "c" END;
case 1 when 0.1 then a when 1.0 then b else c end
b
select case 1.0 when 0.1 then "a" when 1 then "b" else "c" END;
case 1.0 when 0.1 then a when 1 then b else c end
b
select case 1.001 when 0.1 then "a" when 1 then "b" else "c" END;
case 1.001 when 0.1 then a when 1 then b else c end
c
drop table if exists t1;
drop table if exists t2;
CREATE TABLE t1 (a varchar(10), PRIMARY KEY (a));
CREATE TABLE t2 (a varchar(10), b date, PRIMARY KEY(a));
INSERT INTO t1 VALUES ('test1');
INSERT INTO t2 VALUES
('test1','2016-12-13'),('test2','2016-12-14'),('test3','2016-12-15');
SELECT b, b = '20161213',
CASE b WHEN '20161213' then 'found' ELSE 'not found' END FROM t2;
b	b = '20161213'	CASE b WHEN '20161213' then 'found' ELSE 'not found' END
2016-12-13	1	found
2016-12-14	0	not found
2016-12-15	0	not found
drop table if exists t1;
create table t1 (a int);
insert into t1 values(1),(2),(3),(4);
select case a when 1 then 2 when 2 then 3 else 0 end as fcase, count(*) from t1 group by fcase;
invalid input: column fcase does not exist
select case a when 1 then 2 when 2 then 3 else 0 end as fcase, count(*) from t1 group by fcase;
invalid input: column fcase does not exist
select case a when 1 then "one" when 2 then "two" else "nothing" end as fcase, count(*) from t1 group by fcase;
invalid input: column fcase does not exist
drop table if exists t1;
create table t1 (`row` int not null, col int not null, val varchar(255) not null);
insert into t1 values (1,1,'orange'),(1,2,'large'),(2,1,'yellow'),(2,2,'medium'),(3,1,'green'),(3,2,'small');
select max(case col when 1 then val else null end) as color from t1 group by `row`;
color
orange
yellow
green
drop table if exists t1;
create table t1(a float, b int default 3);
insert into t1 (a) values (2), (11), (8);
select min(a), min(case when 1=1 then a else NULL end),
min(case when 1!=1 then NULL else a end)
from t1 where b=3 group by b;
min(a)	min(case when 1=1 then a else NULL end)	min(case when 1!=1 then NULL else a end)
2.0	2.0	2.0
drop table if exists  t1;
CREATE TABLE t1 (a INT, b INT);
INSERT INTO t1 VALUES (1,1),(2,1),(3,2),(4,2),(5,3),(6,3);
SELECT CASE WHEN AVG(a)>=0 THEN 'Positive' ELSE 'Negative' END FROM t1 GROUP BY b;
CASE WHEN AVG(a)>=0 THEN 'Positive' ELSE 'Negative' END
Positive
Positive
Positive
drop table if exists  t1;
drop table if exists  t1;
drop table if exists  t2;
create table t1 (a int, b bigint unsigned);
create table t2 (c int);
insert into t1 (a, b) values (1,4572794622775114594), (2,18196094287899841997),
(3,11120436154190595086);
insert into t2 (c) values (1), (2), (3);
select t1.a, (case t1.a when 0 then 0 else t1.b end) d from t1
join t2 on t1.a=t2.c order by d;
data out of range: data type int64, 
select t1.a, (case t1.a when 0 then 0 else t1.b end) d from t1
join t2 on t1.a=t2.c where b=11120436154190595086 order by d;
data out of range: data type int64, 
drop table if exists small;
drop table if exists big;
CREATE TABLE small (id int not null,PRIMARY KEY (id));
CREATE TABLE big (id int not null,PRIMARY KEY (id));
INSERT INTO small VALUES (1), (2);
INSERT INTO big VALUES (1), (2), (3), (4);
SELECT big.*, dt.* FROM big LEFT JOIN (SELECT id as dt_id,
CASE id WHEN 0 THEN 0 ELSE 1 END AS simple,
CASE WHEN id=0 THEN NULL ELSE 1 END AS cond
FROM small) AS dt
ON big.id=dt.dt_id;
id	dt_id	simple	cond
1	1	1	1
2	2	1	1
3	null	null	null
4	null	null	null
drop table if exists small;
drop table if exists big;
SELECT 'case+union+test'
UNION
SELECT CASE '1' WHEN '2' THEN 'BUG' ELSE 'nobug' END;
case+union+test
case+union+test
nobug
drop table t1;
CREATE TABLE t1(a int);
insert into t1 values(1),(1),(2),(1),(3),(2),(1);
SELECT 1 FROM t1 WHERE a=1 AND CASE 1 WHEN a THEN 1 ELSE 1 END;
1
1
1
1
1
DROP TABLE if exists t1;
DROP TABLE if exists t1;
create table t1 (USR_ID int not null, MAX_REQ int not null);
insert into t1 values (1, 3);
select count(*) + MAX_REQ - MAX_REQ + MAX_REQ - MAX_REQ + MAX_REQ - MAX_REQ + MAX_REQ - MAX_REQ + MAX_REQ - MAX_REQ from t1 group by MAX_REQ;
count(*) + MAX_REQ - MAX_REQ + MAX_REQ - MAX_REQ + MAX_REQ - MAX_REQ + MAX_REQ - MAX_REQ + MAX_REQ - MAX_REQ
1
select Case When Count(*) < MAX_REQ Then 1 Else 0 End from t1 where t1.USR_ID = 1 group by MAX_REQ;
Case When Count(*) < MAX_REQ Then 1 Else 0 End
1
DROP TABLE if exists t1;
