select date_add("1997-12-31 23:59:59.000002",INTERVAL "10000 99:99:99.999999" DAY_MICROSECOND);
date_add("1997-12-31 23:59:59.000002",INTERVAL "10000 99:99:99.999999" DAY_MICROSECOND)
2025-05-23 04:40:39.000001000
select date_add("1997-12-31 23:59:59.000002",INTERVAL "10000:99:99.999999" HOUR_MICROSECOND);
date_add("1997-12-31 23:59:59.000002",INTERVAL "10000:99:99.999999" HOUR_MICROSECOND)
1999-02-21 17:40:39.000001000
select date_add("1997-12-31 23:59:59.000002",INTERVAL "10000:99.999999" MINUTE_MICROSECOND);
date_add("1997-12-31 23:59:59.000002",INTERVAL "10000:99.999999" MINUTE_MICROSECOND)
1998-01-07 22:41:39.000001000
select date_add("1997-12-31 23:59:59.000002",INTERVAL "10000.999999" SECOND_MICROSECOND);
date_add("1997-12-31 23:59:59.000002",INTERVAL "10000.999999" SECOND_MICROSECOND)
1998-01-01 02:46:40.000001000
select date_add("1997-12-31 23:59:59.000002",INTERVAL "999999" MICROSECOND);
date_add("1997-12-31 23:59:59.000002",INTERVAL "999999" MICROSECOND)
1998-01-01 00:00:00.000001000
select date_add("1997-12-31 23:59:59",INTERVAL 1 SECOND);
date_add("1997-12-31 23:59:59",INTERVAL 1 SECOND)
1998-01-01 00:00:00
select date_add("1997-12-31 23:59:59",INTERVAL 1 MINUTE);
date_add("1997-12-31 23:59:59",INTERVAL 1 MINUTE)
1998-01-01 00:00:59
select date_add("1997-12-31 23:59:59",INTERVAL 1 HOUR);
date_add("1997-12-31 23:59:59",INTERVAL 1 HOUR)
1998-01-01 00:59:59
select date_add("1997-12-31 23:59:59",INTERVAL 1 DAY);
date_add("1997-12-31 23:59:59",INTERVAL 1 DAY)
1998-01-01 23:59:59
select date_add("1997-12-31 23:59:59",INTERVAL 0 DAY);
date_add("1997-12-31 23:59:59",INTERVAL 0 DAY)
1997-12-31 23:59:59
select date_add("1997-12-31 23:59:59",INTERVAL 1 MONTH);
date_add("1997-12-31 23:59:59",INTERVAL 1 MONTH)
1998-01-31 23:59:59
select date_add("1997-12-31 23:59:59",INTERVAL 1 QUARTER);
date_add("1997-12-31 23:59:59",INTERVAL 1 QUARTER)
1998-03-31 23:59:59
select date_add("1997-12-31 23:59:59",INTERVAL 1 YEAR);
date_add("1997-12-31 23:59:59",INTERVAL 1 YEAR)
1998-12-31 23:59:59
select date_add("1997-12-31 23:59:59",INTERVAL "1:1" MINUTE_SECOND);
date_add("1997-12-31 23:59:59",INTERVAL "1:1" MINUTE_SECOND)
1998-01-01 00:01:00
select date_add("1997-12-31 23:59:59",INTERVAL "1:1" HOUR_MINUTE);
date_add("1997-12-31 23:59:59",INTERVAL "1:1" HOUR_MINUTE)
1998-01-01 01:00:59
select date_add("1997-12-31 23:59:59",INTERVAL "1:1" DAY_HOUR);
date_add("1997-12-31 23:59:59",INTERVAL "1:1" DAY_HOUR)
1998-01-02 00:59:59
select date_add("1997-12-31 23:59:59",INTERVAL "1 1" YEAR_MONTH);
date_add("1997-12-31 23:59:59",INTERVAL "1 1" YEAR_MONTH)
1999-01-31 23:59:59
select date_add("1997-12-31 23:59:59",INTERVAL "1:1:1" HOUR_SECOND);
date_add("1997-12-31 23:59:59",INTERVAL "1:1:1" HOUR_SECOND)
1998-01-01 01:01:00
select date_add("1997-12-31 23:59:59",INTERVAL "1 1:1" DAY_MINUTE);
date_add("1997-12-31 23:59:59",INTERVAL "1 1:1" DAY_MINUTE)
1998-01-02 01:00:59
select date_add("1997-12-31 23:59:59",INTERVAL "1 1:1:1" DAY_SECOND);
date_add("1997-12-31 23:59:59",INTERVAL "1 1:1:1" DAY_SECOND)
1998-01-02 01:01:00
select date_add("1997-12-31 23:59:59",INTERVAL 100000 SECOND);
date_add("1997-12-31 23:59:59",INTERVAL 100000 SECOND)
1998-01-02 03:46:39
select date_add("1997-12-31 23:59:59",INTERVAL -100000 MINUTE);
date_add("1997-12-31 23:59:59",INTERVAL -100000 MINUTE)
1997-10-23 13:19:59
select date_add("1997-12-31 23:59:59",INTERVAL 100000 HOUR);
date_add("1997-12-31 23:59:59",INTERVAL 100000 HOUR)
2009-05-29 15:59:59
select date_add("1997-12-31 23:59:59",INTERVAL -100000 DAY);
date_add("1997-12-31 23:59:59",INTERVAL -100000 DAY)
1724-03-17 23:59:59
select date_add("1997-12-31 23:59:59",INTERVAL 100000 MONTH);
Beyond the range of datetime
select date_add("1997-12-31 23:59:59",INTERVAL 100000 QUARTER);
Beyond the range of datetime
select date_add("1997-12-31 23:59:59",INTERVAL -100000 YEAR);
Beyond the range of datetime
select date_add("1997-12-31 23:59:59",INTERVAL "10000:1" MINUTE_SECOND);
date_add("1997-12-31 23:59:59",INTERVAL "10000:1" MINUTE_SECOND)
1998-01-07 22:40:00
select date_add("1997-12-31 23:59:59",INTERVAL "-10000:1" HOUR_MINUTE);
date_add("1997-12-31 23:59:59",INTERVAL "-10000:1" HOUR_MINUTE)
1996-11-10 07:58:59
select date_add("1997-12-31 23:59:59",INTERVAL "10000:1" DAY_HOUR);
date_add("1997-12-31 23:59:59",INTERVAL "10000:1" DAY_HOUR)
2025-05-19 00:59:59
select date_add("1997-12-31 23:59:59",INTERVAL "-100 1" YEAR_MONTH);
date_add("1997-12-31 23:59:59",INTERVAL "-100 1" YEAR_MONTH)
1897-11-30 23:59:59
select date_add("1997-12-31 23:59:59",INTERVAL "10000:99:99" HOUR_SECOND);
date_add("1997-12-31 23:59:59",INTERVAL "10000:99:99" HOUR_SECOND)
1999-02-21 17:40:38
select date_add("1997-12-31 23:59:59",INTERVAL " -10000 99:99" DAY_MINUTE);
date_add("1997-12-31 23:59:59",INTERVAL " -10000 99:99" DAY_MINUTE)
1970-08-11 19:20:59
select date_add("1997-12-31 23:59:59",INTERVAL "10000 99:99:99" DAY_SECOND);
date_add("1997-12-31 23:59:59",INTERVAL "10000 99:99:99" DAY_SECOND)
2025-05-23 04:40:38
select date_add("1997-12-31",INTERVAL 1 SECOND);
date_add("1997-12-31",INTERVAL 1 SECOND)
1997-12-31 00:00:01
select date_add("1997-12-31",INTERVAL 1 DAY);
date_add("1997-12-31",INTERVAL 1 DAY)
1998-01-01 00:00:00
select date_add(NULL,INTERVAL 100000 SECOND);
date_add(NULL,INTERVAL 100000 SECOND)
null
select date_add("1997-12-31 23:59:59",INTERVAL NULL SECOND);
date_add("1997-12-31 23:59:59",INTERVAL NULL SECOND)
null
select date_add("1997-12-31 23:59:59",INTERVAL NULL MINUTE_SECOND);
date_add("1997-12-31 23:59:59",INTERVAL NULL MINUTE_SECOND)
null
select date_add("9999-12-31 23:59:59",INTERVAL 1 SECOND);
Beyond the range of datetime
select date_sub("0000-00-00 00:00:00",INTERVAL 1 SECOND);
Incorrect datetime format
select date_add('1998-01-30',Interval 1 month);
date_add('1998-01-30',Interval 1 month)
1998-02-28 00:00:00
select date_add('1998-01-30',Interval '2:1' year_month);
date_add('1998-01-30',Interval '2:1' year_month)
2000-02-29 00:00:00
select date_add('1996-02-29',Interval '1' year);
date_add('1996-02-29',Interval '1' year)
1997-02-28 00:00:00
select date_add('1996-02-29',Interval q year);
Column 'q' does not exist
select date_add("1997-12-31 23:59:59",INTERVAL 1.5 SECOND);
date_add("1997-12-31 23:59:59",INTERVAL 1.5 SECOND)
1998-01-01 00:00:01
select date_add("1997-12-31 23:59:59",INTERVAL 1.5 MINUTE);
date_add("1997-12-31 23:59:59",INTERVAL 1.5 MINUTE)
1998-01-01 00:01:59
select date_add("1997-12-31 23:59:59",INTERVAL 1.5 HOUR);
date_add("1997-12-31 23:59:59",INTERVAL 1.5 HOUR)
1998-01-01 01:59:59
select date_add("1997-12-31 23:59:59",INTERVAL 1.5 DAY);
date_add("1997-12-31 23:59:59",INTERVAL 1.5 DAY)
1998-01-02 23:59:59
select date_add("1997-12-31 23:59:59",INTERVAL 1.5 ABC);
You have an error in your SQL syntax; check the manual that corresponds to your MatrixOne server version for the right syntax to use. syntax error at position 55 near 'abc';
select date_sub("1998-01-01 00:00:00",INTERVAL 1 SECOND);
date_sub("1998-01-01 00:00:00",INTERVAL 1 SECOND)
1997-12-31 23:59:59
select date_sub("1998-01-01 00:00:00",INTERVAL 1 MINUTE);
date_sub("1998-01-01 00:00:00",INTERVAL 1 MINUTE)
1997-12-31 23:59:00
select date_sub("1998-01-01 00:00:00",INTERVAL 1 HOUR);
date_sub("1998-01-01 00:00:00",INTERVAL 1 HOUR)
1997-12-31 23:00:00
select date_sub("1998-01-01 00:00:00",INTERVAL 1 DAY);
date_sub("1998-01-01 00:00:00",INTERVAL 1 DAY)
1997-12-31 00:00:00
select date_sub("1998-01-01 00:00:00",INTERVAL 1 MONTH);
date_sub("1998-01-01 00:00:00",INTERVAL 1 MONTH)
1997-12-01 00:00:00
select date_sub("1998-01-01 00:00:00",INTERVAL 1 QUARTER);
date_sub("1998-01-01 00:00:00",INTERVAL 1 QUARTER)
1997-10-01 00:00:00
select date_sub("1998-01-01 00:00:00",INTERVAL 1 YEAR);
date_sub("1998-01-01 00:00:00",INTERVAL 1 YEAR)
1997-01-01 00:00:00
select date_sub("1998-01-01 00:00:00",INTERVAL 100000 SECOND);
date_sub("1998-01-01 00:00:00",INTERVAL 100000 SECOND)
1997-12-30 20:13:20
select date_sub("1998-01-01 00:00:009",INTERVAL -100000 MINUTE);
date_sub("1998-01-01 00:00:009",INTERVAL -100000 MINUTE)
1998-03-11 10:40:09
select date_sub("1998-01-01 00:00:00",INTERVAL 100000 HOUR);
date_sub("1998-01-01 00:00:00",INTERVAL 100000 HOUR)
1986-08-05 08:00:00
select date_sub("1998-01-01 00:00:00",INTERVAL 0 HOUR);
date_sub("1998-01-01 00:00:00",INTERVAL 0 HOUR)
1998-01-01 00:00:00
select date_sub("1998-01-01 00:00:00",INTERVAL -100000 DAY);
date_sub("1998-01-01 00:00:00",INTERVAL -100000 DAY)
2271-10-17 00:00:00
select date_sub("1998-01-01 00:00:00",INTERVAL 100000 MONTH);
Beyond the range of datetime
select date_sub("1998-01-01 00:00:00",INTERVAL 100000 QUARTER);
Beyond the range of datetime
select date_sub("1998-01-01 00:00:00",INTERVAL -100000 YEAR);
Beyond the range of datetime
select date_sub("1998-01-01 00:00:00",INTERVAL "1:1" MINUTE_SECOND);
date_sub("1998-01-01 00:00:00",INTERVAL "1:1" MINUTE_SECOND)
1997-12-31 23:58:59
select date_sub("1998-01-01 00:00:00",INTERVAL "1:1" HOUR_MINUTE);
date_sub("1998-01-01 00:00:00",INTERVAL "1:1" HOUR_MINUTE)
1997-12-31 22:59:00
select date_sub("1998-01-01 00:00:00",INTERVAL "1:1" DAY_HOUR);
date_sub("1998-01-01 00:00:00",INTERVAL "1:1" DAY_HOUR)
1997-12-30 23:00:00
select date_sub("1998-01-01 00:00:00",INTERVAL "1 1" YEAR_MONTH);
date_sub("1998-01-01 00:00:00",INTERVAL "1 1" YEAR_MONTH)
1996-12-01 00:00:00
select date_sub("1998-01-01 00:00:00",INTERVAL "1:1:1" HOUR_SECOND);
date_sub("1998-01-01 00:00:00",INTERVAL "1:1:1" HOUR_SECOND)
1997-12-31 22:58:59
select date_sub("1998-01-01 00:00:00",INTERVAL "1 1:1" DAY_MINUTE);
date_sub("1998-01-01 00:00:00",INTERVAL "1 1:1" DAY_MINUTE)
1997-12-30 22:59:00
select date_sub("1998-01-01 00:00:00",INTERVAL "1 1:1:1" DAY_SECOND);
date_sub("1998-01-01 00:00:00",INTERVAL "1 1:1:1" DAY_SECOND)
1997-12-30 22:58:59
select date_sub("1998-01-01 00:00:00",INTERVAL "10000:1" MINUTE_SECOND);
date_sub("1998-01-01 00:00:00",INTERVAL "10000:1" MINUTE_SECOND)
1997-12-25 01:19:59
select date_sub("1998-01-01 00:00:00",INTERVAL "-10000:1" HOUR_MINUTE);
date_sub("1998-01-01 00:00:00",INTERVAL "-10000:1" HOUR_MINUTE)
1999-02-21 16:01:00
select date_sub("1998-01-01 00:00:00",INTERVAL "10000:1" DAY_HOUR);
date_sub("1998-01-01 00:00:00",INTERVAL "10000:1" DAY_HOUR)
1970-08-15 23:00:00
select date_sub("1998-01-01 00:00:00",INTERVAL "-100 1" YEAR_MONTH);
date_sub("1998-01-01 00:00:00",INTERVAL "-100 1" YEAR_MONTH)
2098-02-01 00:00:00
select date_sub("1998-01-01 00:00:00",INTERVAL "10000:99:99" HOUR_SECOND);
date_sub("1998-01-01 00:00:00",INTERVAL "10000:99:99" HOUR_SECOND)
1996-11-10 06:19:21
select date_sub("1998-01-01 00:00:00",INTERVAL " -10000 99:99" DAY_MINUTE);
date_sub("1998-01-01 00:00:00",INTERVAL " -10000 99:99" DAY_MINUTE)
2025-05-23 04:39:00
select date_sub("1998-01-01 00:00:00",INTERVAL "10000 99:99:99" DAY_SECOND);
date_sub("1998-01-01 00:00:00",INTERVAL "10000 99:99:99" DAY_SECOND)
1970-08-11 19:19:21
select date_sub("1998-01-01 00:00:00.000001",INTERVAL "1 1:1:1.000002" DAY_MICROSECOND);
date_sub("1998-01-01 00:00:00.000001",INTERVAL "1 1:1:1.000002" DAY_MICROSECOND)
1997-12-30 22:58:58.999999000
select date_sub("1998-01-01 00:00:00.000001",INTERVAL "1:1:1.000002" HOUR_MICROSECOND);
date_sub("1998-01-01 00:00:00.000001",INTERVAL "1:1:1.000002" HOUR_MICROSECOND)
1997-12-31 22:58:58.999999000
select date_sub("1998-01-01 00:00:00.000001",INTERVAL "1:1.000002" MINUTE_MICROSECOND);
date_sub("1998-01-01 00:00:00.000001",INTERVAL "1:1.000002" MINUTE_MICROSECOND)
1997-12-31 23:58:58.999999000
select date_sub("1998-01-01 00:00:00.000001",INTERVAL "1.000002" SECOND_MICROSECOND);
date_sub("1998-01-01 00:00:00.000001",INTERVAL "1.000002" SECOND_MICROSECOND)
1997-12-31 23:59:58.999999000
select date_sub("1998-01-01 00:00:00.000001",INTERVAL "000002" MICROSECOND);
date_sub("1998-01-01 00:00:00.000001",INTERVAL "000002" MICROSECOND)
1997-12-31 23:59:59.999999000
select date_sub("1998-01-01",INTERVAL 1 SECOND);
date_sub("1998-01-01",INTERVAL 1 SECOND)
1997-12-31 23:59:59
select date_sub("1998-01-01",INTERVAL 1 DAY);
date_sub("1998-01-01",INTERVAL 1 DAY)
1997-12-31 00:00:00
select date_sub(NULL,INTERVAL 100000 SECOND);
date_sub(NULL,INTERVAL 100000 SECOND)
null
select date_sub("1998-01-01 00:00:00",INTERVAL NULL SECOND);
date_sub("1998-01-01 00:00:00",INTERVAL NULL SECOND)
null
select date_sub("1998-01-01 00:00:00",INTERVAL NULL MINUTE_SECOND);
date_sub("1998-01-01 00:00:00",INTERVAL NULL MINUTE_SECOND)
null
select date_sub("1998-01-01 00:00:00",INTERVAL 1 SECOND);
date_sub("1998-01-01 00:00:00",INTERVAL 1 SECOND)
1997-12-31 23:59:59
select date_sub("0000-00-00 00:00:00",INTERVAL 1 SECOND);
Incorrect datetime format
select date_add('1998-01-30',Interval 1 month);
date_add('1998-01-30',Interval 1 month)
1998-02-28 00:00:00
select date_sub('1998-02-01',Interval '2:1' year_month);
date_sub('1998-02-01',Interval '2:1' year_month)
1996-01-01 00:00:00
select date_sub('1996-02-29',Interval '1' year);
date_sub('1996-02-29',Interval '1' year)
1995-02-28 00:00:00
select date_add('1996-02-29',Interval a year);
Column 'a' does not exist
select date_sub("1998-01-01 00:00:00",INTERVAL 1.5 SECOND);
date_sub("1998-01-01 00:00:00",INTERVAL 1.5 SECOND)
1997-12-31 23:59:58
select date_sub("1998-01-01 00:00:00",INTERVAL 1.5 MINUTE);
date_sub("1998-01-01 00:00:00",INTERVAL 1.5 MINUTE)
1997-12-31 23:58:00
select date_sub("1998-01-01 00:00:00",INTERVAL 1.5 HOUR);
date_sub("1998-01-01 00:00:00",INTERVAL 1.5 HOUR)
1997-12-31 22:00:00
select date_sub("1998-01-01 00:00:00",INTERVAL 1.5 DAY);
date_sub("1998-01-01 00:00:00",INTERVAL 1.5 DAY)
1997-12-30 00:00:00
select date_sub("1998-01-01 00:00:00",INTERVAL 1.5 MONTH);
date_sub("1998-01-01 00:00:00",INTERVAL 1.5 MONTH)
1997-11-01 00:00:00
select date_sub("1998-01-01 00:00:00",INTERVAL 1.5 QUARTER);
date_sub("1998-01-01 00:00:00",INTERVAL 1.5 QUARTER)
1997-07-01 00:00:00
select date_sub("1998-01-01 00:00:00",INTERVAL 1 ABC);
You have an error in your SQL syntax; check the manual that corresponds to your MatrixOne server version for the right syntax to use. syntax error at position 53 near 'abc';
select date_sub(NULL,INTERVAL 100000 SECOND);
date_sub(NULL,INTERVAL 100000 SECOND)
null
select date_sub("1998-01-02",INTERVAL 31 DAY);
date_sub("1998-01-02",INTERVAL 31 DAY)
1997-12-02 00:00:00
select "1997-12-31 23:59:59" + INTERVAL 1 SECOND;
"1997-12-31 23:59:59" + INTERVAL 1 SECOND
1998-01-01 00:00:00
select INTERVAL 1 DAY + "1997-12-31";
INTERVAL 1 DAY + "1997-12-31"
1998-01-01 00:00:00
select "1998-01-01 00:00:00" - INTERVAL 1 SECOND;
"1998-01-01 00:00:00" - INTERVAL 1 SECOND
1997-12-31 23:59:59
SELECT "1900-01-01 00:00:00" + INTERVAL 2147483648 SECOND;
"1900-01-01 00:00:00" + INTERVAL 2147483648 SECOND
1968-01-20 03:14:08
SELECT "1900-01-01 00:00:00" + INTERVAL "1:2147483647" MINUTE_SECOND;
"1900-01-01 00:00:00" + INTERVAL "1:2147483647" MINUTE_SECOND
1968-01-20 03:15:07
SELECT "1900-01-01 00:00:00" + INTERVAL "100000000:214748364700" MINUTE_SECOND;
"1900-01-01 00:00:00" + INTERVAL "100000000:214748364700" MINUTE_SECOND
8895-03-27 22:11:40
SELECT "1900-01-01 00:00:00" + INTERVAL 1<<37 SECOND;
"1900-01-01 00:00:00" + INTERVAL 1<<37 SECOND
6255-04-08 15:04:32
SELECT "1900-01-01 00:00:00" + INTERVAL 1<<31 MINUTE;
"1900-01-01 00:00:00" + INTERVAL 1<<31 MINUTE
5983-01-24 02:08:00
SELECT "1900-01-01 00:00:00" + INTERVAL 1<<20 HOUR;
"1900-01-01 00:00:00" + INTERVAL 1<<20 HOUR
2019-08-15 16:00:00
SELECT "1900-01-01 00:00:00" + INTERVAL 1<<38 SECOND;
"1900-01-01 00:00:00" + INTERVAL 1<<38 SECOND
null
SELECT "1900-01-01 00:00:00" + INTERVAL 1<<33 MINUTE;
"1900-01-01 00:00:00" + INTERVAL 1<<33 MINUTE
null
SELECT "1900-01-01 00:00:00" + INTERVAL 1<<30 HOUR;
"1900-01-01 00:00:00" + INTERVAL 1<<30 HOUR
null
SELECT "1900-01-01 00:00:00" + INTERVAL "1000000000:214748364700" MINUTE_SECOND;
"1900-01-01 00:00:00" + INTERVAL "1000000000:214748364700" MINUTE_SECOND
null
SELECT "1997-12-31 23:59:59" + INTERVAL 1 SECOND;
"1997-12-31 23:59:59" + INTERVAL 1 SECOND
1998-01-01 00:00:00
create table t1(i int,a date,b date,c datetime,d char(20),e varchar(50));
insert into t1 values(1,"1997-12-31","1997-12-31","1997-12-31 23:59:59.000002","1997-12-31 23:59:59","1997-12-31 23:59:59.000002");
insert into t1 values(2,"1998-01-01","1998-01-01","1998-01-01 00:00:00.000001","1998-01-01 00:00:00","1997-12-31 23:59:59.000002");
insert into t1 values(3,NULL,NULL,NULL,NULL,NULL);
select date_add(a,INTERVAL 1 SECOND), date_add(b,INTERVAL 1 MINUTE), date_add(c,INTERVAL 1 HOUR), date_add(d,INTERVAL 1 MONTH), date_add(e,INTERVAL 1 QUARTER) from t1;
date_add(a,INTERVAL 1 SECOND)	date_add(b,INTERVAL 1 MINUTE)	date_add(c,INTERVAL 1 HOUR)	date_add(d,INTERVAL 1 MONTH)	date_add(e,INTERVAL 1 QUARTER)
1997-12-31 00:00:01	1997-12-31 00:01:00	1998-01-01 00:59:59	1998-01-31 23:59:59	1998-03-31 23:59:59.000002000
1998-01-01 00:00:01	1998-01-01 00:01:00	1998-01-01 01:00:00	1998-02-01 00:00:00	1998-03-31 23:59:59.000002000
null	null	null	null	null
select date_add(a,INTERVAL 1 YEAR), date_add(b,"1:1" MINUTE_SECOND), date_add(c,INTERVAL "1:1" HOUR_MINUTE), date_add(d,INTERVAL "1:1" DAY_HOUR), date_add(e,INTERVAL "1 1" YEAR_MONTH) from t1;
You have an error in your SQL syntax; check the manual that corresponds to your MatrixOne server version for the right syntax to use. syntax error at position 67 near 'minute_second';
select date_add(a,"1:1:1" HOUR_SECOND), date_add(b,"1:1:1" HOUR_SECOND), date_add(c,INTERVAL "1 1:1" DAY_MINUTE), date_add(d,INTERVAL "1 1:1:1" DAY_SECOND), date_add(e,INTERVAL "1 1" YEAR_MONTH) from t1;
You have an error in your SQL syntax; check the manual that corresponds to your MatrixOne server version for the right syntax to use. syntax error at position 38 near 'hour_second';
select date_sub(a,INTERVAL 1 SECOND), date_sub(b,INTERVAL 1 MINUTE), date_sub(c,INTERVAL 1 HOUR), date_sub(d,INTERVAL 1 MONTH), date_sub(e,INTERVAL 1 QUARTER) from t1;
date_sub(a,INTERVAL 1 SECOND)	date_sub(b,INTERVAL 1 MINUTE)	date_sub(c,INTERVAL 1 HOUR)	date_sub(d,INTERVAL 1 MONTH)	date_sub(e,INTERVAL 1 QUARTER)
1997-12-30 23:59:59	1997-12-30 23:59:00	1997-12-31 22:59:59	1997-11-30 23:59:59	1997-09-30 23:59:59.000002000
1997-12-31 23:59:59	1997-12-31 23:59:00	1997-12-31 23:00:00	1997-12-01 00:00:00	1997-09-30 23:59:59.000002000
null	null	null	null	null
select date_sub(a,INTERVAL 1 YEAR), date_sub(b,INTERVAL "1:1" MINUTE_SECOND), date_sub(c,INTERVAL "1:1" HOUR_MINUTE), date_sub(d,INTERVAL "1:1" DAY_HOUR), date_sub(e,INTERVAL "1 1" YEAR_MONTH) from t1;
date_sub(a,INTERVAL 1 YEAR)	date_sub(b,INTERVAL "1:1" MINUTE_SECOND)	date_sub(c,INTERVAL "1:1" HOUR_MINUTE)	date_sub(d,INTERVAL "1:1" DAY_HOUR)	date_sub(e,INTERVAL "1 1" YEAR_MONTH)
1996-12-31	1997-12-30 23:58:59	1997-12-31 22:58:59	1997-12-30 22:59:59	1996-11-30 23:59:59.000002000
1997-01-01	1997-12-31 23:58:59	1997-12-31 22:59:00	1997-12-30 23:00:00	1996-11-30 23:59:59.000002000
null	null	null	null	null
select date_sub(a,INTERVAL "1:1:1" HOUR_SECOND), date_sub(b,INTERVAL "1:1:1" HOUR_SECOND), date_sub(c,INTERVAL "1 1:1" DAY_MINUTE), date_sub(d,INTERVAL "1 1:1:1" DAY_SECOND), date_sub(e,INTERVAL "1 1" YEAR_MONTH) from t1;
date_sub(a,INTERVAL "1:1:1" HOUR_SECOND)	date_sub(b,INTERVAL "1:1:1" HOUR_SECOND)	date_sub(c,INTERVAL "1 1:1" DAY_MINUTE)	date_sub(d,INTERVAL "1 1:1:1" DAY_SECOND)	date_sub(e,INTERVAL "1 1" YEAR_MONTH)
1997-12-30 22:58:59	1997-12-30 22:58:59	1997-12-30 22:58:59	1997-12-30 22:58:58	1996-11-30 23:59:59.000002000
1997-12-31 22:58:59	1997-12-31 22:58:59	1997-12-30 22:59:00	1997-12-30 22:58:59	1996-11-30 23:59:59.000002000
null	null	null	null	null
select a + INTERVAL 1 SECOND,b + INTERVAL 1 MINUTE,c + INTERVAL 1 HOUR from t1;
a + INTERVAL 1 SECOND	b + INTERVAL 1 MINUTE	c + INTERVAL 1 HOUR
1997-12-31 00:00:01	1997-12-31 00:01:00	1998-01-01 00:59:59
1998-01-01 00:00:01	1998-01-01 00:01:00	1998-01-01 01:00:00
null	null	null
select a - INTERVAL 1 SECOND,b - INTERVAL 1 MINUTE,c - INTERVAL 1 HOUR from t1;
a - INTERVAL 1 SECOND	b - INTERVAL 1 MINUTE	c - INTERVAL 1 HOUR
1997-12-30 23:59:59	1997-12-30 23:59:00	1997-12-31 22:59:59
1997-12-31 23:59:59	1997-12-31 23:59:00	1997-12-31 23:00:00
null	null	null
select i + INTERVAL 1 SECOND from t1;
Operator '+' with parameters [INT unexpected type: 54] will be implemented in future version.
select month(date_sub("1998-01-01 00:00:00",INTERVAL 1 SECOND));
month(date_sub("1998-01-01 00:00:00",INTERVAL 1 SECOND))
12
select weekday(date_sub("1998-01-01 00:00:00",INTERVAL 1 MINUTE));
weekday(date_sub("1998-01-01 00:00:00",INTERVAL 1 MINUTE))
2
select date(date_sub("1998-01-01 00:00:00",INTERVAL 1 DAY));
date(date_sub("1998-01-01 00:00:00",INTERVAL 1 DAY))
1997-12-31
select dayofyear(date_sub("1998-01-01 00:00:00",INTERVAL 1 MONTH));
dayofyear(date_sub("1998-01-01 00:00:00",INTERVAL 1 MONTH))
335
select month(date_add("1997-12-31 23:59:59",INTERVAL "1:1" MINUTE_SECOND));
month(date_add("1997-12-31 23:59:59",INTERVAL "1:1" MINUTE_SECOND))
1
select weekday(date_add("1997-12-31 23:59:59",INTERVAL "1:1" HOUR_MINUTE));
weekday(date_add("1997-12-31 23:59:59",INTERVAL "1:1" HOUR_MINUTE))
3
select date(date_add("1997-12-31 23:59:59",INTERVAL "1 1" YEAR_MONTH));
date(date_add("1997-12-31 23:59:59",INTERVAL "1 1" YEAR_MONTH))
1999-01-31
select dayofyear(date_add("1997-12-31 23:59:59",INTERVAL "1:1:1" HOUR_SECOND));
dayofyear(date_add("1997-12-31 23:59:59",INTERVAL "1:1:1" HOUR_SECOND))
1
select date("1997-12-31 23:59:59" + INTERVAL 1 SECOND) + INTERVAL "1:1:1" HOUR_SECOND;
date("1997-12-31 23:59:59" + INTERVAL 1 SECOND) + INTERVAL "1:1:1" HOUR_SECOND
1998-01-01 01:01:01
SELECT CAST(CAST('2006-08-10 10:11:12' AS DATETIME) AS DECIMAL(20,6));
Operator 'cast' with parameters [DATETIME DECIMAL128] will be implemented in future version.
SELECT CAST(CAST('2006-08-10 10:11:12' AS DATETIME) + INTERVAL 14 MICROSECOND AS DECIMAL(20,6));
Operator 'cast' with parameters [DATETIME DECIMAL128] will be implemented in future version.
drop table if exists t1;
drop table if exists t2;
create table t1(i int,a datetime,b datetime,c datetime,d char(20),e varchar(50));
create table t2(i int,a datetime,b datetime,c datetime,d char(20),e varchar(50));
insert into t1 select 1,"1997-12-30" + INTERVAL 1 SECOND ,"1997-12-31 23:59:59" + INTERVAL 1 MINUTE,"1997-12-31 23:59:59.000002" + INTERVAL 1 HOUR,"1997-12-31 23:59:59" + INTERVAL 1 DAY,"1997-12-31 23:59:59.000002" + INTERVAL 1 MONTH;
insert into t1 select 2,"1997-12-30" + INTERVAL 1 YEAR,"1997-12-31 23:59:59" + INTERVAL "1:1" MINUTE_SECOND,"1997-12-31 23:59:59.000002" + INTERVAL "1:1" DAY_HOUR,"1997-12-31 23:59:59" + INTERVAL "1 1" YEAR_MONTH,"1997-12-31 23:59:59.000002" + INTERVAL "1:1:1" HOUR_SECOND;
insert into t1 select 3,"1997-12-30" + INTERVAL "1:1:1" HOUR_SECOND,"1997-12-31 23:59:59" + INTERVAL "1 1:1" DAY_MINUTE,"1997-12-31 23:59:59.000002" + INTERVAL "1 1:1:1" DAY_SECOND,"1997-12-31 23:59:59","1997-12-31 23:59:59.000002";
insert into t1 select 4,"1997-12-30" + INTERVAL 1 SECOND ,"1997-12-31 23:59:59" + INTERVAL 1 MINUTE,"1997-12-31 23:59:59.000002" + INTERVAL 1 HOUR,"1997-12-31 23:59:59" + INTERVAL 1 DAY,"1997-12-31 23:59:59.000002" + INTERVAL 1 MONTH;
insert into t1 select 5,"1997-12-30" + INTERVAL 1 YEAR,"1997-12-31 23:59:59" + INTERVAL "1:1" MINUTE_SECOND,"1997-12-31 23:59:59.000002" + INTERVAL "1:1" DAY_HOUR,"1997-12-31 23:59:59" + INTERVAL "1 1" YEAR_MONTH,"1997-12-31 23:59:59.000002" + INTERVAL "1:1:1" HOUR_SECOND;
insert into t1 select 6,"1997-12-30" + INTERVAL "1:1:1" HOUR_SECOND,"1997-12-31 23:59:59" + INTERVAL "1 1:1" DAY_MINUTE,"1997-12-31 23:59:59.000002" + INTERVAL "1 1:1:1" DAY_SECOND,"1997-12-31 23:59:59","1997-12-31 23:59:59.000002";
insert into t1 values(7,"1998-01-01","1998-01-01","1998-01-01 00:00:00.000001","1998-01-01 00:00:00","1997-12-31 23:59:59.000002");
insert into t1 values(8,"1998-01-01","1998-01-01","1998-01-01 00:00:00.000001","1998-01-01 00:00:00","1997-12-31 23:59:59.000002");
insert into t1 values(9,"1998-01-01","1998-01-01","1998-01-01 00:00:00.000001","1998-01-01 00:00:00","1997-12-31 23:59:59.000002");
insert into t1 select 10,"2010-11-12" + interval 14 microsecond,"1998-01-01 00:00:00","1998-01-01 00:00:00.000001","1998-01-01 00:00:00","1997-12-31 23:59:59.000002";
insert into t1 values(11,NULL,NULL,NULL,NULL,NULL);
insert into t2 select 1,"1997-12-30" + INTERVAL 1 SECOND ,"1997-12-31 23:59:59" + INTERVAL 1 MINUTE,"1997-12-31 23:59:59.000002" + INTERVAL 1 HOUR,"1997-12-31 23:59:59" + INTERVAL 1 DAY,"1997-12-31 23:59:59.000002" + INTERVAL 1 MONTH;
insert into t2 select 2,"1997-12-30" + INTERVAL 1 YEAR,"1997-12-31 23:59:59" + INTERVAL "1:1" MINUTE_SECOND,"1997-12-31 23:59:59.000002" + INTERVAL "1:1" DAY_HOUR,"1997-12-31 23:59:59" + INTERVAL "1 1" YEAR_MONTH,"1997-12-31 23:59:59.000002" + INTERVAL "1:1:1" HOUR_SECOND;
insert into t2 select 3,"1997-12-30" + INTERVAL "1:1:1" HOUR_SECOND,"1997-12-31 23:59:59" + INTERVAL "1 1:1" DAY_MINUTE,"1997-12-31 23:59:59.000002" + INTERVAL "1 1:1:1" DAY_SECOND,"1997-12-31 23:59:59","1997-12-31 23:59:59.000002";
insert into t2 select 4,"1997-12-30" + INTERVAL 1 SECOND ,"1997-12-31 23:59:59" + INTERVAL 1 MINUTE,"1997-12-31 23:59:59.000002" + INTERVAL 1 HOUR,"1997-12-31 23:59:59" + INTERVAL 1 DAY,"1997-12-31 23:59:59.000002" + INTERVAL 1 MONTH;
insert into t2 select 5,"1997-12-30" + INTERVAL 1 YEAR,"1997-12-31 23:59:59" + INTERVAL "1:1" MINUTE_SECOND,"1997-12-31 23:59:59.000002" + INTERVAL "1:1" DAY_HOUR,"1997-12-31 23:59:59" + INTERVAL "1 1" YEAR_MONTH,"1997-12-31 23:59:59.000002" + INTERVAL "1:1:1" HOUR_SECOND;
insert into t2 select 6,"1997-12-30" + INTERVAL "1:1:1" HOUR_SECOND,"1997-12-31 23:59:59" + INTERVAL "1 1:1" DAY_MINUTE,"1997-12-31 23:59:59.000002" + INTERVAL "1 1:1:1" DAY_SECOND,"1997-12-31 23:59:59","1997-12-31 23:59:59.000002";
insert into t2 values(7,"1998-01-01","1998-01-01 00:00:00","1998-01-01 00:00:00.000001","1998-01-01 00:00:00","1997-12-31 23:59:59.000002");
insert into t2 values(8,"1998-01-01","1998-01-01 00:00:00","1998-01-01 00:00:00.000001","1998-01-01 00:00:00","1997-12-31 23:59:59.000002");
insert into t2 values(9,"1998-01-01","1998-01-01 00:00:00","1998-01-01 00:00:00.000001","1998-01-01 00:00:00","1997-12-31 23:59:59.000002");
insert into t2 values(10,NULL,NULL,NULL,NULL,NULL);
select * from t1 where a = "1997-12-29" + INTERVAL 1 DAY;
i	a	b	c	d	e
1	1997-12-30	1998-01-01	1998-01-01 00:59:59	1998-01-01 23:59:59	1998-01-31 23:59:59.000002
3	1997-12-30	1998-01-02	1998-01-02 01:01:00	1997-12-31 23:59:59	1997-12-31 23:59:59.000002
4	1997-12-30	1998-01-01	1998-01-01 00:59:59	1998-01-01 23:59:59	1998-01-31 23:59:59.000002
6	1997-12-30	1998-01-02	1998-01-02 01:01:00	1997-12-31 23:59:59	1997-12-31 23:59:59.000002
select * from t1 where a > "1997-12-29" + INTERVAL 1 DAY;
i	a	b	c	d	e
2	1998-12-30	1998-01-01	1998-01-02 00:59:59	1999-01-31 23:59:59	1998-01-01 01:01:00.000002
5	1998-12-30	1998-01-01	1998-01-02 00:59:59	1999-01-31 23:59:59	1998-01-01 01:01:00.000002
7	1998-01-01	1998-01-01	1998-01-01 00:00:00	1998-01-01 00:00:00	1997-12-31 23:59:59.000002
8	1998-01-01	1998-01-01	1998-01-01 00:00:00	1998-01-01 00:00:00	1997-12-31 23:59:59.000002
9	1998-01-01	1998-01-01	1998-01-01 00:00:00	1998-01-01 00:00:00	1997-12-31 23:59:59.000002
10	2010-11-12	1998-01-01	1998-01-01 00:00:00	1998-01-01 00:00:00	1997-12-31 23:59:59.000002
select * from t1 where (a + INTERVAL 1 DAY) > "1997-12-31";
i	a	b	c	d	e
2	1998-12-30	1998-01-01	1998-01-02 00:59:59	1999-01-31 23:59:59	1998-01-01 01:01:00.000002
5	1998-12-30	1998-01-01	1998-01-02 00:59:59	1999-01-31 23:59:59	1998-01-01 01:01:00.000002
7	1998-01-01	1998-01-01	1998-01-01 00:00:00	1998-01-01 00:00:00	1997-12-31 23:59:59.000002
8	1998-01-01	1998-01-01	1998-01-01 00:00:00	1998-01-01 00:00:00	1997-12-31 23:59:59.000002
9	1998-01-01	1998-01-01	1998-01-01 00:00:00	1998-01-01 00:00:00	1997-12-31 23:59:59.000002
10	2010-11-12	1998-01-01	1998-01-01 00:00:00	1998-01-01 00:00:00	1997-12-31 23:59:59.000002
select * from t1 where (a + INTERVAL 1 DAY) <> ("1997-12-30" + INTERVAL 1 DAY);
i	a	b	c	d	e
2	1998-12-30	1998-01-01	1998-01-02 00:59:59	1999-01-31 23:59:59	1998-01-01 01:01:00.000002
5	1998-12-30	1998-01-01	1998-01-02 00:59:59	1999-01-31 23:59:59	1998-01-01 01:01:00.000002
7	1998-01-01	1998-01-01	1998-01-01 00:00:00	1998-01-01 00:00:00	1997-12-31 23:59:59.000002
8	1998-01-01	1998-01-01	1998-01-01 00:00:00	1998-01-01 00:00:00	1997-12-31 23:59:59.000002
9	1998-01-01	1998-01-01	1998-01-01 00:00:00	1998-01-01 00:00:00	1997-12-31 23:59:59.000002
10	2010-11-12	1998-01-01	1998-01-01 00:00:00	1998-01-01 00:00:00	1997-12-31 23:59:59.000002
select date_add(b,INTERVAL 1 DAY),date_add(c,INTERVAL 1 SECOND) from t1;
date_add(b,INTERVAL 1 DAY)	date_add(c,INTERVAL 1 SECOND)
1998-01-02 00:00:59	1998-01-01 01:00:00
1998-01-02 00:01:00	1998-01-02 01:00:00
1998-01-03 01:00:59	1998-01-02 01:01:01
1998-01-02 00:00:59	1998-01-01 01:00:00
1998-01-02 00:01:00	1998-01-02 01:00:00
1998-01-03 01:00:59	1998-01-02 01:01:01
1998-01-02 00:00:00	1998-01-01 00:00:01
1998-01-02 00:00:00	1998-01-01 00:00:01
1998-01-02 00:00:00	1998-01-01 00:00:01
1998-01-02 00:00:00	1998-01-01 00:00:01
null	null
select distinct(a) from t1 where c > "1998-01-01 00:59:59";
a
1998-12-30
1997-12-30
select count(a),c + INTERVAL 1 DAY as c1 from t1 group by (c + INTERVAL 1 DAY) having c1 > "1998-01-01 00:59:59";
column "c1" must appear in the GROUP BY clause or be used in an aggregate function
select i,c + INTERVAL 1 MINUTE from t1 where a - INTERVAL 1 SECOND  > "1997-01-01 00:00:00.000001" order by c + INTERVAL 1 MINUTE DESC;
i	c + INTERVAL 1 MINUTE
3	1998-01-02 01:02:00
6	1998-01-02 01:02:00
2	1998-01-02 01:00:59
5	1998-01-02 01:00:59
1	1998-01-01 01:00:59
4	1998-01-01 01:00:59
7	1998-01-01 00:01:00
8	1998-01-01 00:01:00
9	1998-01-01 00:01:00
10	1998-01-01 00:01:00
select i,c + INTERVAL 1 MINUTE from t1 where a - INTERVAL 1 SECOND  > "1997-01-01 00:00:00.000001" order by c + INTERVAL 1 MINUTE ASC;
i	c + INTERVAL 1 MINUTE
7	1998-01-01 00:01:00
8	1998-01-01 00:01:00
9	1998-01-01 00:01:00
10	1998-01-01 00:01:00
1	1998-01-01 01:00:59
4	1998-01-01 01:00:59
2	1998-01-02 01:00:59
5	1998-01-02 01:00:59
3	1998-01-02 01:02:00
6	1998-01-02 01:02:00
select t1.i,t2.i,t1.c + INTERVAL 1 MINUTE,t2.b + INTERVAL 1 YEAR from t1 join t2 where (t1.a + INTERVAL 1 DAY) = (t2.c -INTERVAL 1 DAY );
i	i	t1.c + INTERVAL 1 MINUTE	t2.b + INTERVAL 1 YEAR
select '2007-01-01' + interval i day from t2;
'2007-01-01' + interval i day
2007-01-02 00:00:00
2007-01-03 00:00:00
2007-01-04 00:00:00
2007-01-05 00:00:00
2007-01-06 00:00:00
2007-01-07 00:00:00
2007-01-08 00:00:00
2007-01-09 00:00:00
2007-01-10 00:00:00
2007-01-11 00:00:00
select b + interval i day from t2;
b + interval i day
1998-01-02 00:00:59
1998-01-03 00:01:00
1998-01-05 01:00:59
1998-01-05 00:00:59
1998-01-06 00:01:00
1998-01-08 01:00:59
1998-01-08 00:00:00
1998-01-09 00:00:00
1998-01-10 00:00:00
null
update t1 set c = c + INTERVAL 1 DAY where i > 6;
select * from t1 where i > 6;
i	a	b	c	d	e
7	1998-01-01 00:00:00	1998-01-01 00:00:00	1998-01-02 00:00:00	1998-01-01 00:00:00	1997-12-31 23:59:59.000002
8	1998-01-01 00:00:00	1998-01-01 00:00:00	1998-01-02 00:00:00	1998-01-01 00:00:00	1997-12-31 23:59:59.000002
9	1998-01-01 00:00:00	1998-01-01 00:00:00	1998-01-02 00:00:00	1998-01-01 00:00:00	1997-12-31 23:59:59.000002
10	2010-11-12 00:00:00	1998-01-01 00:00:00	1998-01-02 00:00:00	1998-01-01 00:00:00	1997-12-31 23:59:59.000002
11	null	null	null	null	null
drop table if exists t1;
drop table if exists t2;
drop table if exists t1;
CREATE TABLE t1 ( datum DATE );
INSERT INTO t1 VALUES ( "2000-1-1" );
INSERT INTO t1 VALUES ( "2000-1-2" );
INSERT INTO t1 VALUES ( "2000-1-3" );
INSERT INTO t1 VALUES ( "2000-1-4" );
INSERT INTO t1 VALUES ( "2000-1-5" );
SELECT * FROM t1 WHERE datum BETWEEN cast("2000-1-2" as date) AND cast("2000-1-4" as date);
datum
2000-01-02
2000-01-03
2000-01-04
SELECT * FROM t1 WHERE datum BETWEEN cast("2000-1-2" as date) AND datum - INTERVAL 100 DAY;
datum
SELECT CAST('2006-09-26' AS DATE) + INTERVAL 1 DAY;
CAST('2006-09-26' AS DATE) + INTERVAL 1 DAY
2006-09-27
SELECT CAST('2006-09-26' AS DATE) + INTERVAL 1 MONTH;
CAST('2006-09-26' AS DATE) + INTERVAL 1 MONTH
2006-10-26
SELECT CAST('2006-09-26' AS DATE) + INTERVAL 1 YEAR;
CAST('2006-09-26' AS DATE) + INTERVAL 1 YEAR
2007-09-26
SELECT CAST('2006-09-26' AS DATE) + INTERVAL 1 WEEK;
CAST('2006-09-26' AS DATE) + INTERVAL 1 WEEK
2006-10-03
drop table if exists t1;
create table t1 (d date);
insert into t1 (d) select date_sub('2000-01-01', INTERVAL 2001 YEAR);
Beyond the range of datetime
insert into t1 (d) select date_add('2000-01-01',interval 8000 year);
Beyond the range of datetime
insert into t1 select date_add(NULL, INTERVAL 1 DAY);
insert into t1 select date_add('2000-01-04', INTERVAL NULL DAY);
insert into t1 (d) select date_sub('2000-01-01', INTERVAL 2001 YEAR);
Beyond the range of datetime
insert into t1 (d) select date_add('2000-01-01',interval 8000 year);
Beyond the range of datetime
insert into t1 select date_add(NULL, INTERVAL 1 DAY);
insert into t1 select date_add('2000-01-04', INTERVAL NULL DAY);
select * from t1;
d
null
null
null
null
drop table t1;
