set experimental_fulltext_index=1;
create table tmp (id bigint primary key, body varchar, title text, FULLTEXT(title, body));
drop table tmp;
create table src (id bigint primary key, body varchar, title text);
insert into src values (0, 'color is red', 't1'), (1, 'car is yellow', 'crazy car'), (2, 'sky is blue', 'no limit'), (3, 'blue is not red', 'colorful'),
(4, '遠東兒童中文是針對6到9歲的小朋友精心設計的中文學習教材，共三冊，目前已出版一、二冊。', '遠東兒童中文'),
(5, '每冊均採用近百張全幅彩圖及照片，生動活潑、自然真實，加深兒童學習印象，洋溢學習樂趣。', '遠東兒童中文'),
(6, '各個單元主題內容涵蓋中華文化及生活應用的介紹。本套教材含課本、教學指引、生字卡、學生作業本與CD，中英對照，精美大字版。本系列有繁體字及簡體字兩種版本印行。', '中文短篇小說'),
(7, '59個簡單的英文和中文短篇小說', '適合初學者');
create fulltext index ftidx on src (body, title);
alter table src add fulltext index ftidx2 (body);
select * from src where match(body, title) against('red');
id    body    title
0    color is red    t1
3    blue is not red    colorful
select *, match(body, title) against('is red' in natural language mode) from src;
id    body    title    score
0    color is red    t1    6.9025326
3    blue is not red    colorful    6.9025326
1    car is yellow    crazy car    2.893864
2    sky is blue    no limit    2.893864
select * from src where match(body, title) against('教學指引');
id    body    title
6    各個單元主題內容涵蓋中華文化及生活應用的介紹。本套教材含課本、教學指引、生字卡、學生作業本與CD，中英對照，精美大字版。本系列有繁體字及簡體字兩種版本印行。    中文短篇小說
select * from src where match(body, title) against('彩圖' in natural language mode);
id    body    title
5    每冊均採用近百張全幅彩圖及照片，生動活潑、自然真實，加深兒童學習印象，洋溢學習樂趣。    遠東兒童中文
select * from src where match(body, title) against('遠東' in natural language mode);
id    body    title
4    遠東兒童中文是針對6到9歲的小朋友精心設計的中文學習教材，共三冊，目前已出版一、二冊。    遠東兒童中文
5    每冊均採用近百張全幅彩圖及照片，生動活潑、自然真實，加深兒童學習印象，洋溢學習樂趣。    遠東兒童中文
select * from src where match(body, title) against('版一、二冊' in natural language mode);
id    body    title
4    遠東兒童中文是針對6到9歲的小朋友精心設計的中文學習教材，共三冊，目前已出版一、二冊。    遠東兒童中文
select *, match(body, title) against('遠東兒童中文' in natural language mode) from src;
id    body    title    score
4    遠東兒童中文是針對6到9歲的小朋友精心設計的中文學習教材，共三冊，目前已出版一、二冊。    遠東兒童中文    34.693733
5    每冊均採用近百張全幅彩圖及照片，生動活潑、自然真實，加深兒童學習印象，洋溢學習樂趣。    遠東兒童中文    21.355536
select *, match(body) against('遠東兒童中文' in natural language mode) from src;
id    body    title    score
4    遠東兒童中文是針對6到9歲的小朋友精心設計的中文學習教材，共三冊，目前已出版一、二冊。    遠東兒童中文    19.990349
select * from src where match(body, title) against('+red +blue' in boolean mode);
id    body    title
3    blue is not red    colorful
select * from src where match(body, title) against('+red -blue' in boolean mode);
id    body    title
0    color is red    t1
select * from src where match(body, title) against('+red +blue' in boolean mode);
id    body    title
3    blue is not red    colorful
select * from src where match(body, title) against('+red ~blue' in boolean mode);
id    body    title
0    color is red    t1
3    blue is not red    colorful
select * from src where match(body, title) against('+red -(<blue >is)' in boolean mode);
id    body    title
select * from src where match(body, title) against('"is not red"' in boolean mode);
id    body    title
3    blue is not red    colorful
select src.*, match(body, title) against('blue') from src;
id    body    title    score
2    sky is blue    no limit    4.008669
3    blue is not red    colorful    4.008669
select count(*) from src where match(title, body) against('red');
count(*)
2
drop table src;
create table src2 (id1 varchar, id2 bigint, body char(128), title text, primary key (id1, id2));
insert into src2 values ('id0', 0, 'red', 't1'), ('id1', 1, 'yellow', 't2'), ('id2', 2, 'blue', 't3'), ('id3', 3, 'blue red', 't4');
create fulltext index ftidx2 on src2 (body, title);
select * from src2 where match(body, title) against('red');
id1    id2    body    title
id0    0    red    t1
id3    3    blue red    t4
select src2.*, match(body, title) against('blue') from src2;
id1    id2    body    title    score
id2    2    blue    t3    0.42668658
id3    3    blue red    t4    0.42668658
drop table src2;
