drop sequence if exists s1;
create sequence s1 as smallint increment by -40 minvalue 30 maxvalue 100 cycle; 
select nextval('s1');
nextval(s1)
100
select nextval('s1');
nextval(s1)
60
select nextval('s1');
nextval(s1)
100