drop table if exists t1(a int);
SQL parser error: You have an error in your SQL syntax; check the manual that corresponds to your MatrixOne server version for the right syntax to use. syntax error at line 1 column 24 near "(a int);";
create table t1 (a int);
insert into t1 values (1),(1),(1),(1),(1);
select * from t1 limit 0,18446744073709551615;
a
1
1
1
1
1
select * from t1 limit 18446744073709551615,18446744073709551615;
a
select * from t1 limit 18446744073709551615,0;
a
select * from t1 limit -1,18446744073709551615;
SQL syntax error: only uint64 support in limit/offset clause
select * from t1 limit 0,-1;
SQL syntax error: only uint64 support in limit/offset clause
select * from t1 limit 0,0;
a
select * from t1 limit 0,3;
a
1
1
1
select * from t1 limit 1,3;
a
1
1
1
select * from t1 limit 2,4;
a
1
1
1
select * from t1 order by a limit 0,18446744073709551615;
a
1
1
1
1
1
select * from t1 order by a limit 18446744073709551615,18446744073709551615;
a
select * from t1 order by a limit 18446744073709551615,0;
a
select * from t1 order by a limit -1,18446744073709551615;
SQL syntax error: only uint64 support in limit/offset clause
select * from t1 order by a limit 0,-1;
SQL syntax error: only uint64 support in limit/offset clause
select * from t1 order by a limit 0,0;
a
drop table if exists t1;
create table t1 (a int primary key, b int);
insert into t1 select result, 1 from generate_series (1, 800000)g;
select count(*) from (select a from t1 limit 200, 900000) a;
count( * )
799800
select * from t1 order by a limit 700000, 2;
a    b
700001    1
700002    1
drop table if exists t1;
create table t1 (a int primary key, b varchar);
insert into t1 select result, repeat("abcdefg",500) from generate_series (1, 30000)g;
select a, left(b,3) from t1 order by a desc limit 32000, 2;
a    left(b, 3)