drop table if exists t1(a int);
SQL parser error: You have an error in your SQL syntax; check the manual that corresponds to your MatrixOne server version for the right syntax to use. syntax error at line 1 column 24 near "(a int);";
create table t1 (a int);
insert into t1 values (1),(1),(1),(1),(1);
select * from t1 limit 0,18446744073709551615;
a
1
1
1
1
1
select * from t1 limit 18446744073709551615,18446744073709551615;
a
select * from t1 limit 18446744073709551615,0;
a
select * from t1 limit -1,18446744073709551615;
SQL syntax error: only uint64 support in limit/offset clause
select * from t1 limit 0,-1;
SQL syntax error: only uint64 support in limit/offset clause
select * from t1 limit 0,0;
a
select * from t1 limit 0,3;
a
1
1
1
select * from t1 limit 1,3;
a
1
1
1
select * from t1 limit 2,4;
a
1
1
1
select * from t1 order by a limit 0,18446744073709551615;
a
1
1
1
1
1
select * from t1 order by a limit 18446744073709551615,18446744073709551615;
a
select * from t1 order by a limit 18446744073709551615,0;
a
select * from t1 order by a limit -1,18446744073709551615;
SQL syntax error: only uint64 support in limit/offset clause
select * from t1 order by a limit 0,-1;
SQL syntax error: only uint64 support in limit/offset clause
select * from t1 order by a limit 0,0;
a
drop table if exists t1;
