drop table if exists t1;
create table t1 (spID int,userID int,score smallint);
insert into t1 values (1,1,1);
insert into t1 values (2,2,2);
insert into t1 values (2,1,4);
insert into t1 values (3,3,3);
insert into t1 values (1,1,5);
insert into t1 values (4,6,10);
insert into t1 values (5,11,99);
select userID, MIN(score) from t1 group by userID order by userID desc;
â¤ userID[4,32,0]  Â¦  MIN(score)[5,16,0]  ğ„€
11  Â¦  99  ğ„€
6  Â¦  10  ğ„€
3  Â¦  3  ğ„€
2  Â¦  2  ğ„€
1  Â¦  1
select userID, MIN(score) from t1 group by userID order by userID asc;
â¤ userID[4,32,0]  Â¦  MIN(score)[5,16,0]  ğ„€
1  Â¦  1  ğ„€
2  Â¦  2  ğ„€
3  Â¦  3  ğ„€
6  Â¦  10  ğ„€
11  Â¦  99
select userID, SUM(score) from t1 group by userID order by userID desc;
â¤ userID[4,32,0]  Â¦  SUM(score)[-5,64,0]  ğ„€
11  Â¦  99  ğ„€
6  Â¦  10  ğ„€
3  Â¦  3  ğ„€
2  Â¦  2  ğ„€
1  Â¦  10
select userID as a, MIN(score) as b from t1 group by userID order by userID;
â¤ a[4,32,0]  Â¦  b[5,16,0]  ğ„€
1  Â¦  1  ğ„€
2  Â¦  2  ğ„€
3  Â¦  3  ğ„€
6  Â¦  10  ğ„€
11  Â¦  99
select userID as user, MAX(score) as max from t1 group by userID order by user;
â¤ user[4,32,0]  Â¦  max[5,16,0]  ğ„€
1  Â¦  5  ğ„€
2  Â¦  2  ğ„€
3  Â¦  3  ğ„€
6  Â¦  10  ğ„€
11  Â¦  99
select userID as user, MAX(score) as max from t1 group by userID order by max desc;
â¤ user[4,32,0]  Â¦  max[5,16,0]  ğ„€
11  Â¦  99  ğ„€
6  Â¦  10  ğ„€
1  Â¦  5  ğ„€
3  Â¦  3  ğ„€
2  Â¦  2
select userID,count(score) from t1 group by userID having count(score)>1 order by userID;
â¤ userID[4,32,0]  Â¦  count(score)[-5,64,0]  ğ„€
1  Â¦  3
select userID,count(score) from t1 where userID>2 group by userID having count(score)>1 order by userID;
â¤ userID[4,32,0]  Â¦  count(score)[-5,64,0]
select distinct userID, count(score) from t1 group by userID order by userID;
â¤ userID[4,32,0]  Â¦  count(score)[-5,64,0]  ğ„€
1  Â¦  3  ğ„€
2  Â¦  1  ğ„€
3  Â¦  1  ğ„€
6  Â¦  1  ğ„€
11  Â¦  1
select distinct spID,userID from t1;
â¤ spID[4,32,0]  Â¦  userID[4,32,0]  ğ„€
1  Â¦  1  ğ„€
2  Â¦  2  ğ„€
2  Â¦  1  ğ„€
3  Â¦  3  ğ„€
4  Â¦  6  ğ„€
5  Â¦  11
select distinct spID,userID from t1 where score>2;
â¤ spID[4,32,0]  Â¦  userID[4,32,0]  ğ„€
2  Â¦  1  ğ„€
3  Â¦  3  ğ„€
1  Â¦  1  ğ„€
4  Â¦  6  ğ„€
5  Â¦  11
select distinct spID,userID from t1 where score>2 order by spID asc;
â¤ spID[4,32,0]  Â¦  userID[4,32,0]  ğ„€
1  Â¦  1  ğ„€
2  Â¦  1  ğ„€
3  Â¦  3  ğ„€
4  Â¦  6  ğ„€
5  Â¦  11
select distinct spID,userID from t1 where spID>2 order by userID desc;
â¤ spID[4,32,0]  Â¦  userID[4,32,0]  ğ„€
5  Â¦  11  ğ„€
4  Â¦  6  ğ„€
3  Â¦  3
select distinct sum(spID) as sum from t1 group by userID order by sum asc;
â¤ sum[-5,64,0]  ğ„€
2  ğ„€
3  ğ„€
4  ğ„€
5
select distinct sum(spID) as sum from t1 where score>1 group by userID order by sum asc;
â¤ sum[-5,64,0]  ğ„€
2  ğ„€
3  ğ„€
4  ğ„€
5
select userID,MAX(score) from t1 where userID between 2 and 3 group by userID order by userID;
â¤ userID[4,32,0]  Â¦  MAX(score)[5,16,0]  ğ„€
2  Â¦  2  ğ„€
3  Â¦  3
select userID,MAX(score) from t1 where userID not between 2 and 3 group by userID order by userID desc;
â¤ userID[4,32,0]  Â¦  MAX(score)[5,16,0]  ğ„€
11  Â¦  99  ğ„€
6  Â¦  10  ğ„€
1  Â¦  5
select spID,userID,score from t1 limit 2,1;
â¤ spID[4,32,0]  Â¦  userID[4,32,0]  Â¦  score[5,16,0]  ğ„€
2  Â¦  1  Â¦  4
select spID,userID,score from t1 limit 2 offset 1;
â¤ spID[4,32,0]  Â¦  userID[4,32,0]  Â¦  score[5,16,0]  ğ„€
2  Â¦  2  Â¦  2  ğ„€
2  Â¦  1  Â¦  4
select sum(score) as sum from t1 where spID=6 group by score order by sum desc;
â¤ sum[-5,64,0]
select userID, userID DIV 2 as user_dir, userID%2 as user_percent, userID MOD 2 as user_mod from t1;
â¤ userID[4,32,0]  Â¦  user_dir[-5,64,0]  Â¦  user_percent[-5,64,0]  Â¦  user_mod[-5,64,0]  ğ„€
1  Â¦  0  Â¦  1  Â¦  1  ğ„€
2  Â¦  1  Â¦  0  Â¦  0  ğ„€
1  Â¦  0  Â¦  1  Â¦  1  ğ„€
3  Â¦  1  Â¦  1  Â¦  1  ğ„€
1  Â¦  0  Â¦  1  Â¦  1  ğ„€
6  Â¦  3  Â¦  0  Â¦  0  ğ„€
11  Â¦  5  Â¦  1  Â¦  1
drop table if exists a;
create table a(a int);
insert into a values(1),(2),(3),(4),(5),(6),(7),(8);
select count(*) from a where a>=2 and a<=8;
â¤ count(*)[-5,64,0]  ğ„€
7
drop table if exists t1;
create table t1 ( id int, name varchar(50) );
insert into t1 values (1, 'aaaaa');
insert into t1 values (3, "aaaaa");
insert into t1 values (2, 'eeeeeee');
select distinct name as name1 from t1;
â¤ name1[12,-1,0]  ğ„€
aaaaa  ğ„€
eeeeeee
drop table if exists t2;
create table t2(name char(10),owner char(10), species char(10), gender char(1), weight float,age int);
insert into t2 values ('Sunsweet01','Dsant01','otter','f',30.11,2), ('Sunsweet02','Dsant02','otter','m',30.11,3);
insert into t2(name, owner, species, gender, weight, age) values ('Sunsweet03','Dsant01','otter','f',30.11,2), ('Sunsweet04','Dsant02','otter','m',30.11,3);
select * from t2 limit 2, 4;
â¤ name[1,10,0]  Â¦  owner[1,10,0]  Â¦  species[1,10,0]  Â¦  gender[1,1,0]  Â¦  weight[7,24,0]  Â¦  age[4,32,0]  ğ„€
Sunsweet03  Â¦  Dsant01  Â¦  otter  Â¦  f  Â¦  30.11  Â¦  2  ğ„€
Sunsweet04  Â¦  Dsant02  Â¦  otter  Â¦  m  Â¦  30.11  Â¦  3
drop table if exists t3;
create table t3 (spID int,userID int,score smallint);
insert into t3 values (1,1,1);
insert into t3 values (2,2,2);
insert into t3 values (2,1,4);
insert into t3 values (3,3,3);
insert into t3 values (1,1,5);
insert into t3 values (4,6,10);
insert into t3 values (5,11,99);
select userID,MAX(score) max_score from t3 where userID <2 || userID > 3 group by userID order by max_score;
â¤ userID[4,32,0]  Â¦  max_score[5,16,0]  ğ„€
1  Â¦  5  ğ„€
6  Â¦  10  ğ„€
11  Â¦  99
select userID, userID DIV 2 as user_dir, userID%2 as user_percent, userID MOD 2 as user_mod from t3 where userID > 3 ;
â¤ userID[4,32,0]  Â¦  user_dir[-5,64,0]  Â¦  user_percent[-5,64,0]  Â¦  user_mod[-5,64,0]  ğ„€
6  Â¦  3  Â¦  0  Â¦  0  ğ„€
11  Â¦  5  Â¦  1  Â¦  1
select CAST(userID AS CHAR) userid_cast, userID from t3 where CAST(spID AS CHAR)='1';
â¤ userid_cast[12,-1,0]  Â¦  userID[4,32,0]  ğ„€
1  Â¦  1  ğ„€
1  Â¦  1
select CAST(userID AS DOUBLE) cast_double, CAST(userID AS FLOAT(3)) cast_float , CAST(userID AS REAL) cast_real, CAST(userID AS SIGNED) cast_signed, CAST(userID AS UNSIGNED) cast_unsigned from t3 limit 2;
â¤ cast_double[8,54,0]  Â¦  cast_float[7,4,0]  Â¦  cast_real[8,54,0]  Â¦  cast_signed[-5,64,0]  Â¦  cast_unsigned[-5,64,0]  ğ„€
1.0  Â¦  1.0  Â¦  1.0  Â¦  1  Â¦  1  ğ„€
2.0  Â¦  2.0  Â¦  2.0  Â¦  2  Â¦  2
select * from t3 where spID>2 AND userID <2 || userID >=2 OR userID < 2 limit 3;
â¤ spid[4,32,0]  Â¦  userid[4,32,0]  Â¦  score[5,16,0]  ğ„€
1  Â¦  1  Â¦  1  ğ„€
2  Â¦  2  Â¦  2  ğ„€
2  Â¦  1  Â¦  4
select * from t3 where (spID >2  or spID <= 2) && score <> 1 AND userID/2>2;
â¤ spid[4,32,0]  Â¦  userid[4,32,0]  Â¦  score[5,16,0]  ğ„€
4  Â¦  6  Â¦  10  ğ„€
5  Â¦  11  Â¦  99
select * from t3 where spID >2  || spID <= 2 && score !=1 limit 3;
â¤ spid[4,32,0]  Â¦  userid[4,32,0]  Â¦  score[5,16,0]  ğ„€
2  Â¦  2  Â¦  2  ğ„€
2  Â¦  1  Â¦  4  ğ„€
3  Â¦  3  Â¦  3
select userID,MAX(score) max_score from t3 where userID <2 || userID > 3 group by userID order by max_score;
â¤ userID[4,32,0]  Â¦  max_score[5,16,0]  ğ„€
1  Â¦  5  ğ„€
6  Â¦  10  ğ„€
11  Â¦  99
select * from t3 where userID/2>2;
â¤ spid[4,32,0]  Â¦  userid[4,32,0]  Â¦  score[5,16,0]  ğ„€
4  Â¦  6  Â¦  10  ğ„€
5  Â¦  11  Â¦  99
drop table if exists t4;
create table t4(c1 int, c2 int);
insert into t4 values (-3, 2);
insert into t4 values (1, 2);
select c1, -c2 from t4 order by -c1 desc;
â¤ c1[4,32,0]  Â¦  -c2[4,32,0]  ğ„€
-3  Â¦  -2  ğ„€
1  Â¦  -2
drop table if exists t5;
create table t5(a int,b varchar(10),c varchar(10));
insert into t5 values(1,'ab','cd'),(2,'ba','dc'),(3,'bc','de'),(4,'cb','ed'),(5,'cd','ef'),(6,'dc','fe'),(2,'de','fg'),(1,'ed','gf');
select * from t5 where (b='ba' or b='cb') and (c='dc' or c='ed');
â¤ a[4,32,0]  Â¦  b[12,-1,0]  Â¦  c[12,-1,0]  ğ„€
2  Â¦  ba  Â¦  dc  ğ„€
4  Â¦  cb  Â¦  ed
drop table if exists tbl_01;
create table tbl_01 (col1 int, a bigint unsigned, c char(10) not null);
insert into tbl_01 values (1,1,"a");
insert into tbl_01 values (2,2,"b");
insert into tbl_01 values (2,3,"c");
insert into tbl_01 values (3,4,"E");
insert into tbl_01 values (3,5,"C");
insert into tbl_01 values (3,6,"D");
drop table if exists t1;
drop table if exists t2;
create table t1 (id int primary key);
create table t2 (id int);
insert into t1 values (75);
insert into t1 values (79);
insert into t1 values (78);
insert into t1 values (77);
insert into t1 values (104);
insert into t1 values (103);
insert into t1 values (102);
insert into t1 values (101);
insert into t1 values (105);
insert into t1 values (106);
insert into t1 values (107);
insert into t2 values (107),(75),(1000);
select t1.id, count(t2.id) from t1,t2 where t2.id = t1.id group by t1.id order by t1.id desc;
â¤ id[4,32,0]  Â¦  count(t2.id)[-5,64,0]  ğ„€
107  Â¦  1  ğ„€
75  Â¦  1
drop table t1;
create table t1 ( a int not null default 1, big bigint );
insert into t1 (big) values (-1),(12345678901234567),(9223372036854775807);
select * from t1;
â¤ a[4,32,0]  Â¦  big[-5,64,0]  ğ„€
1  Â¦  -1  ğ„€
1  Â¦  12345678901234567  ğ„€
1  Â¦  9223372036854775807
select min(big),max(big),max(big)-1 from t1;
â¤ min(big)[-5,64,0]  Â¦  max(big)[-5,64,0]  Â¦  max(big) - 1[-5,64,0]  ğ„€
-1  Â¦  9223372036854775807  Â¦  9223372036854775806
drop table t1;
create table t1 ( a int not null default 1, big bigint unsigned);
insert into t1 (big) values (12345678901234567),(9223372036854775807),(18446744073709551615);
select * from t1;
â¤ a[4,32,0]  Â¦  big[-5,64,0]  ğ„€
1  Â¦  12345678901234567  ğ„€
1  Â¦  9223372036854775807  ğ„€
1  Â¦  18446744073709551615
select min(big),max(big),max(big)-1 from t1;
â¤ min(big)[-5,64,0]  Â¦  max(big)[-5,64,0]  Â¦  max(big) - 1[3,39,0]  ğ„€
12345678901234567  Â¦  18446744073709551615  Â¦  18446744073709551614
select min(big),max(big),max(big)-1 from t1 group by a;
â¤ min(big)[-5,64,0]  Â¦  max(big)[-5,64,0]  Â¦  max(big) - 1[3,39,0]  ğ„€
12345678901234567  Â¦  18446744073709551615  Â¦  18446744073709551614
drop table if exists t1;
create table t1 (
value64 bigint unsigned not null,
value32 int not null
);
insert into t1 values(17156792991891826145, 1);
insert into t1 values(9223372036854775807, 2);
select * from t1;
â¤ value64[-5,64,0]  Â¦  value32[4,32,0]  ğ„€
17156792991891826145  Â¦  1  ğ„€
9223372036854775807  Â¦  2
drop table if exists t1;
drop table if exists t2;
drop table if exists t3;
create table t1 (libname1 varchar(21) not null primary key, city varchar(20));
create table t2 (isbn2 varchar(21) not null primary key, author varchar(20), title varchar(60));
create table t3 (isbn3 varchar(21) not null, libname3 varchar(21) not null, quantity int);
insert into t2 values ('001','Daffy','Aducklife');
insert into t2 values ('002','Bugs','Arabbitlife');
insert into t2 values ('003','Cowboy','Lifeontherange');
insert into t2 values ('000','Anonymous','Wannabuythisbook?');
insert into t2 values ('004','BestSeller','OneHeckuvabook');
insert into t2 values ('005','EveryoneBuys','Thisverybook');
insert into t2 values ('006','SanFran','Itisasanfranlifestyle');
insert into t2 values ('007','BerkAuthor','Cool.Berkley.the.book');
insert into t3 values('000','NewYorkPublicLibra',1);
insert into t3 values('001','NewYorkPublicLibra',2);
insert into t3 values('002','NewYorkPublicLibra',3);
insert into t3 values('003','NewYorkPublicLibra',4);
insert into t3 values('004','NewYorkPublicLibra',5);
insert into t3 values('005','NewYorkPublicLibra',6);
insert into t3 values('006','SanFransiscoPublic',5);
insert into t3 values('007','BerkeleyPublic1',3);
insert into t3 values('007','BerkeleyPublic2',3);
insert into t3 values('001','NYC Lib',8);
insert into t1 values ('NewYorkPublicLibra','NewYork');
insert into t1 values ('SanFransiscoPublic','SanFran');
insert into t1 values ('BerkeleyPublic1','Berkeley');
insert into t1 values ('BerkeleyPublic2','Berkeley');
insert into t1 values ('NYCLib','NewYork');
select city,libname1,count(libname1) as a from t3 join t1 on libname1=libname3 join t2 on isbn3=isbn2 group by city,libname1;
â¤ city[12,-1,0]  Â¦  libname1[12,-1,0]  Â¦  a[-5,64,0]  ğ„€
NewYork  Â¦  NewYorkPublicLibra  Â¦  6  ğ„€
SanFran  Â¦  SanFransiscoPublic  Â¦  1  ğ„€
Berkeley  Â¦  BerkeleyPublic1  Â¦  1  ğ„€
Berkeley  Â¦  BerkeleyPublic2  Â¦  1
drop table if exists t1;
create table t1(a int,b varchar(5));
insert into t1 values(1,'a');
insert into t1 values(null,null);
insert into t1 values(null,'b');
insert into t1 values(1,null);
select avg(a),b from t1 group by b order by b;
â¤ avg(a)[8,54,0]  Â¦  b[12,-1,0]  ğ„€
1.0  Â¦  null  ğ„€
1.0  Â¦  a  ğ„€
null  Â¦  b
drop table if exists t1;
CREATE TABLE t1 (a int default NULL);
INSERT INTO t1 VALUES (NULL),(NULL);
select * from t1;
â¤ a[4,32,0]  ğ„€
null  ğ„€
null
drop table if exists t1;
drop table if exists t2;
create table t1 (a int, b int);
insert into t1 values(10,null);
create table t2 (c int, d int);
insert into t2 values(20,null);
drop table if exists t1;
CREATE TABLE t1 (a int  default null, b varchar(16) default null, c datetime DEFAULT null);
INSERT INTO t1(a, c) values (1,"2003-01-14 03:54:55");
INSERT INTO t1(a, c) values (1,"2004-01-14 03:54:55");
INSERT INTO t1(a, c) values (1,"2005-01-14 03:54:55");
INSERT INTO t1(a, b) values (1,"2022year");
INSERT INTO t1(b,c) values ("2022year","2003-01-14 03:54:55");
INSERT INTO t1(b,c) values ("2021year","2003-01-14 03:54:55");
INSERT INTO t1(b,c) values ("2020year","2003-01-14 03:54:55");
select max(a),b,c from t1 group by b,c order by b,c;
â¤ max(a)[4,32,0]  Â¦  b[12,-1,0]  Â¦  c[93,64,0]  ğ„€
1  Â¦  null  Â¦  2003-01-14 03:54:55  ğ„€
1  Â¦  null  Â¦  2004-01-14 03:54:55  ğ„€
1  Â¦  null  Â¦  2005-01-14 03:54:55  ğ„€
null  Â¦  2020year  Â¦  2003-01-14 03:54:55  ğ„€
null  Â¦  2021year  Â¦  2003-01-14 03:54:55  ğ„€
1  Â¦  2022year  Â¦  null  ğ„€
null  Â¦  2022year  Â¦  2003-01-14 03:54:55
drop table if exists t1;
create table t1(i int);
insert into t1 values(1),(2),(3),(4),(5);
insert into t1 values(null);
select count(*) from t1 where i=2;
â¤ count(*)[-5,64,0]  ğ„€
1
drop table if exists t1;
CREATE TABLE t1 (c0 varchar(0) DEFAULT NULL);
insert into t1 values();
insert into t1 values('');
select * from t1;
â¤ c0[12,-1,0]  ğ„€
null  ğ„€

drop table if exists t1;
create table if not exists t1(a tinyint auto_increment);
drop table if exists t1;
create table if not exists t1(a smallint auto_increment);
drop table if exists t1;
create table if not exists t1(a int auto_increment);
select * from t1;
â¤ a[4,32,0]
show columns from t1;
â¤ Field[1,0,0]  Â¦  Type[1,0,0]  Â¦  Null[1,0,0]  Â¦  Key[1,0,0]  Â¦  Default[1,0,0]  Â¦  Extra[1,0,0]  Â¦  Comment[1,0,0]  ğ„€
a  Â¦  INT(32)  Â¦  YES  Â¦    Â¦  null  Â¦  auto_increment  Â¦  
drop table if exists t1;
create table if not exists t1(a bigint auto_increment);
select * from t1;
â¤ a[-5,64,0]
drop table if exists t1;
create table if not exists t1(a int auto_increment primary key);
drop table if exists t1;
SELECT WORD FROM INFORMATION_SCHEMA.KEYWORDS WHERE RESERVED=1 ORDER BY WORD limit 1;
â¤ WORD[12,-1,0]  ğ„€
ACCESSIBLE
;
drop table if exists t1;
create table t1 (a int primary key, b int);
select * from t1 WHERE (a IN ('1','2','3','4','5','6','7','8','9','10','11','12','13','14','15','16','17','18','19','20','21','26','27','28','29') AND b = 0) ORDER BY `a` ASC;
â¤ a[4,32,0]  Â¦  b[4,32,0]
drop table if exists t1;
create table t1 (a int primary key, b int, c int);
insert into t1 values (1, 2, 3);
select count(*) from t1;
â¤ count(*)[-5,64,0]  ğ„€
1
select count(*) from t1 where b=2;
â¤ count(*)[-5,64,0]  ğ„€
1
select count(*) from t1 where a=2;
â¤ count(*)[-5,64,0]  ğ„€
0
explain analyze select count(*) from t1;
-- @regex("(?s)Table Scan.*Aggregate Functions: starcount\\(\\*\\)", true)
â¤ tp query plan[12,-1,0]  ğ„€
Project  ğ„€
  Analyze: timeConsumed=0ms waitTime=0ms inputRows=1 outputRows=1 (min=1, max=1) InputSize=8 bytes OutputSize=8 bytes ReadSize=0 bytes|0 bytes|0 bytes MemorySize=8 bytes (min=8 bytes, max=8 bytes)  ğ„€
  ->  Aggregate  ğ„€
        Analyze: timeConsumed=0ms waitTime=0ms inputRows=2 outputRows=1 (min=1, max=1) InputSize=4 bytes OutputSize=8 bytes ReadSize=0 bytes|0 bytes|0 bytes MemorySize=0 bytes (min=0 bytes, max=0 bytes)  ğ„€
        Aggregate Functions: starcount(1)  ğ„€
        ->  Table Scan on select.t1  ğ„€
              Analyze: timeConsumed=0ms waitTime=0ms inputBlocks=1 inputRows=1 outputRows=1 (min=1, max=1) InputSize=4 bytes OutputSize=4 bytes ReadSize=0 bytes|0 bytes|0 bytes MemorySize=8 bytes (min=8 bytes, max=8 bytes)  ğ„€
              Aggregate Functions: starcount(1)
explain analyze select count(a) from t1;
-- @regex("(?s)Table Scan.*Aggregate Functions: starcount\\(t1\\.a\\)", true)
â¤ tp query plan[12,-1,0]  ğ„€
Project  ğ„€
  Analyze: timeConsumed=0ms waitTime=0ms inputRows=1 outputRows=1 (min=1, max=1) InputSize=8 bytes OutputSize=8 bytes ReadSize=0 bytes|0 bytes|0 bytes MemorySize=8 bytes (min=8 bytes, max=8 bytes)  ğ„€
  ->  Aggregate  ğ„€
        Analyze: timeConsumed=0ms waitTime=0ms inputRows=2 outputRows=1 (min=1, max=1) InputSize=4 bytes OutputSize=8 bytes ReadSize=0 bytes|0 bytes|0 bytes MemorySize=0 bytes (min=0 bytes, max=0 bytes)  ğ„€
        Aggregate Functions: count(t1.a)  ğ„€
        ->  Table Scan on select.t1  ğ„€
              Analyze: timeConsumed=0ms waitTime=0ms inputBlocks=1 inputRows=1 outputRows=1 (min=1, max=1) InputSize=4 bytes OutputSize=4 bytes ReadSize=0 bytes|0 bytes|0 bytes MemorySize=8 bytes (min=8 bytes, max=8 bytes)  ğ„€
              Aggregate Functions: starcount(t1.a)
explain analyze select count(b) from t1;
-- @regex("(?s)Table Scan.*Aggregate Functions: count\\(t1\\.b\\)", true)
â¤ tp query plan[12,-1,0]  ğ„€
Project  ğ„€
  Analyze: timeConsumed=0ms waitTime=0ms inputRows=1 outputRows=1 (min=1, max=1) InputSize=8 bytes OutputSize=8 bytes ReadSize=0 bytes|0 bytes|0 bytes MemorySize=8 bytes (min=8 bytes, max=8 bytes)  ğ„€
  ->  Aggregate  ğ„€
        Analyze: timeConsumed=0ms waitTime=0ms inputRows=2 outputRows=1 (min=1, max=1) InputSize=4 bytes OutputSize=8 bytes ReadSize=0 bytes|0 bytes|0 bytes MemorySize=0 bytes (min=0 bytes, max=0 bytes)  ğ„€
        Aggregate Functions: count(t1.b)  ğ„€
        ->  Table Scan on select.t1  ğ„€
              Analyze: timeConsumed=0ms waitTime=0ms inputBlocks=1 inputRows=1 outputRows=1 (min=1, max=1) InputSize=4 bytes OutputSize=4 bytes ReadSize=0 bytes|0 bytes|0 bytes MemorySize=8 bytes (min=8 bytes, max=8 bytes)  ğ„€
              Aggregate Functions: count(t1.b)
drop table if exists t1;
create table t1 (a int(11) unsigned);
insert into t1 values (1), (2);
select * from t1 where a != 2;
â¤ a[4,32,0]  ğ„€
1
drop database if exists db1;
create database db1;
use db1;
create table t1 (a int primary key, b int);
insert into t1 values (1,1);
select mo_ctl('dn', 'flush', 'db1.t1');
â¤ mo_ctl(dn, flush, db1.t1)[12,-1,0]  ğ„€
{
  "method": "Flush",
  "result": [
    {
      "returnStr": "OK"
    }
  ]
}

select a from t1 where a = '';
invalid argument cast to int, bad value 
drop database if exists db1;
create database db1;
use db1;
create table t1 (a int,b int, primary key(a,b));
insert into t1 values (1,1),(2,2),(3,3),(4,4),(5,5);
select count(*) from t1 where a is null;
â¤ count(*)[-5,64,0]  ğ„€
0
select count(*) from t1 where a = null;
â¤ count(*)[-5,64,0]  ğ„€
0
explain analyze select count(*) from t1;
-- @regex("(?s)Table Scan.*Aggregate Functions: starcount\\(\\*\\)", true)
â¤ tp query plan[12,-1,0]  ğ„€
Project  ğ„€
  Analyze: timeConsumed=0ms waitTime=0ms inputRows=1 outputRows=1 (min=1, max=1) InputSize=8 bytes OutputSize=8 bytes ReadSize=0 bytes|0 bytes|0 bytes MemorySize=8 bytes (min=8 bytes, max=8 bytes)  ğ„€
  ->  Aggregate  ğ„€
        Analyze: timeConsumed=0ms waitTime=0ms inputRows=6 outputRows=1 (min=1, max=1) InputSize=20 bytes OutputSize=8 bytes ReadSize=0 bytes|0 bytes|0 bytes MemorySize=0 bytes (min=0 bytes, max=0 bytes)  ğ„€
        Aggregate Functions: starcount(1)  ğ„€
        ->  Table Scan on db1.t1  ğ„€
              Analyze: timeConsumed=0ms waitTime=0ms inputBlocks=1 inputRows=5 outputRows=5 (min=5, max=5) InputSize=20 bytes OutputSize=20 bytes ReadSize=0 bytes|0 bytes|0 bytes MemorySize=40 bytes (min=40 bytes, max=40 bytes)  ğ„€
              Aggregate Functions: starcount(1)
explain analyze select count(a) from t1;
-- @regex("(?s)Table Scan.*Aggregate Functions: starcount\\(t1\\.a\\)", true)
â¤ tp query plan[12,-1,0]  ğ„€
Project  ğ„€
  Analyze: timeConsumed=0ms waitTime=0ms inputRows=1 outputRows=1 (min=1, max=1) InputSize=8 bytes OutputSize=8 bytes ReadSize=0 bytes|0 bytes|0 bytes MemorySize=8 bytes (min=8 bytes, max=8 bytes)  ğ„€
  ->  Aggregate  ğ„€
        Analyze: timeConsumed=0ms waitTime=0ms inputRows=6 outputRows=1 (min=1, max=1) InputSize=20 bytes OutputSize=8 bytes ReadSize=0 bytes|0 bytes|0 bytes MemorySize=0 bytes (min=0 bytes, max=0 bytes)  ğ„€
        Aggregate Functions: count(t1.a)  ğ„€
        ->  Table Scan on db1.t1  ğ„€
              Analyze: timeConsumed=0ms waitTime=0ms inputBlocks=1 inputRows=5 outputRows=5 (min=5, max=5) InputSize=20 bytes OutputSize=20 bytes ReadSize=0 bytes|0 bytes|0 bytes MemorySize=40 bytes (min=40 bytes, max=40 bytes)  ğ„€
              Aggregate Functions: starcount(t1.a)
explain analyze select count(b) from t1;
-- @regex("(?s)Table Scan.*Aggregate Functions: starcount\\(t1\\.b\\)", true)
â¤ tp query plan[12,-1,0]  ğ„€
Project  ğ„€
  Analyze: timeConsumed=0ms waitTime=0ms inputRows=1 outputRows=1 (min=1, max=1) InputSize=8 bytes OutputSize=8 bytes ReadSize=0 bytes|0 bytes|0 bytes MemorySize=8 bytes (min=8 bytes, max=8 bytes)  ğ„€
  ->  Aggregate  ğ„€
        Analyze: timeConsumed=0ms waitTime=0ms inputRows=6 outputRows=1 (min=1, max=1) InputSize=20 bytes OutputSize=8 bytes ReadSize=0 bytes|0 bytes|0 bytes MemorySize=0 bytes (min=0 bytes, max=0 bytes)  ğ„€
        Aggregate Functions: count(t1.b)  ğ„€
        ->  Table Scan on db1.t1  ğ„€
              Analyze: timeConsumed=0ms waitTime=0ms inputBlocks=1 inputRows=5 outputRows=5 (min=5, max=5) InputSize=20 bytes OutputSize=20 bytes ReadSize=0 bytes|0 bytes|0 bytes MemorySize=40 bytes (min=40 bytes, max=40 bytes)  ğ„€
              Aggregate Functions: starcount(t1.b)
select mo_ctl('dn', 'flush', 'db1.t1');
â¤ mo_ctl(dn, flush, db1.t1)[12,-1,0]  ğ„€
{
  "method": "Flush",
  "result": [
    {
      "returnStr": "OK"
    }
  ]
}

select count(*) from t1 where a is null;
â¤ count(*)[-5,64,0]  ğ„€
0
select count(*) from t1 where a = null;
â¤ count(*)[-5,64,0]  ğ„€
0
drop database if exists db1;
create database db1;
use db1;
create table t1 (a int,b int, primary key(a));
insert into t1 values (1,1),(2,2),(3,3),(4,4),(5,5);
select count(*) from t1 where a is null;
â¤ count(*)[-5,64,0]  ğ„€
0
select count(*) from t1 where a = null;
â¤ count(*)[-5,64,0]  ğ„€
0
explain analyze select count(*) from t1;
-- @regex("(?s)Table Scan.*Aggregate Functions: starcount\\(\\*\\)", true)
â¤ tp query plan[12,-1,0]  ğ„€
Project  ğ„€
  Analyze: timeConsumed=0ms waitTime=0ms inputRows=1 outputRows=1 (min=1, max=1) InputSize=8 bytes OutputSize=8 bytes ReadSize=0 bytes|0 bytes|0 bytes MemorySize=8 bytes (min=8 bytes, max=8 bytes)  ğ„€
  ->  Aggregate  ğ„€
        Analyze: timeConsumed=0ms waitTime=0ms inputRows=6 outputRows=1 (min=1, max=1) InputSize=20 bytes OutputSize=8 bytes ReadSize=0 bytes|0 bytes|0 bytes MemorySize=0 bytes (min=0 bytes, max=0 bytes)  ğ„€
        Aggregate Functions: starcount(1)  ğ„€
        ->  Table Scan on db1.t1  ğ„€
              Analyze: timeConsumed=0ms waitTime=0ms inputBlocks=1 inputRows=5 outputRows=5 (min=5, max=5) InputSize=20 bytes OutputSize=20 bytes ReadSize=0 bytes|0 bytes|0 bytes MemorySize=40 bytes (min=40 bytes, max=40 bytes)  ğ„€
              Aggregate Functions: starcount(1)
explain analyze select count(a) from t1;
-- @regex("(?s)Table Scan.*Aggregate Functions: starcount\\(t1\\.a\\)", true)
â¤ tp query plan[12,-1,0]  ğ„€
Project  ğ„€
  Analyze: timeConsumed=0ms waitTime=0ms inputRows=1 outputRows=1 (min=1, max=1) InputSize=8 bytes OutputSize=8 bytes ReadSize=0 bytes|0 bytes|0 bytes MemorySize=8 bytes (min=8 bytes, max=8 bytes)  ğ„€
  ->  Aggregate  ğ„€
        Analyze: timeConsumed=0ms waitTime=0ms inputRows=6 outputRows=1 (min=1, max=1) InputSize=20 bytes OutputSize=8 bytes ReadSize=0 bytes|0 bytes|0 bytes MemorySize=0 bytes (min=0 bytes, max=0 bytes)  ğ„€
        Aggregate Functions: count(t1.a)  ğ„€
        ->  Table Scan on db1.t1  ğ„€
              Analyze: timeConsumed=0ms waitTime=0ms inputBlocks=1 inputRows=5 outputRows=5 (min=5, max=5) InputSize=20 bytes OutputSize=20 bytes ReadSize=0 bytes|0 bytes|0 bytes MemorySize=40 bytes (min=40 bytes, max=40 bytes)  ğ„€
              Aggregate Functions: starcount(t1.a)
explain analyze select count(b) from t1;
-- @regex("(?s)Table Scan.*Aggregate Functions: count\\(t1\\.b\\)", true)
â¤ tp query plan[12,-1,0]  ğ„€
Project  ğ„€
  Analyze: timeConsumed=0ms waitTime=0ms inputRows=1 outputRows=1 (min=1, max=1) InputSize=8 bytes OutputSize=8 bytes ReadSize=0 bytes|0 bytes|0 bytes MemorySize=8 bytes (min=8 bytes, max=8 bytes)  ğ„€
  ->  Aggregate  ğ„€
        Analyze: timeConsumed=0ms waitTime=0ms inputRows=6 outputRows=1 (min=1, max=1) InputSize=20 bytes OutputSize=8 bytes ReadSize=0 bytes|0 bytes|0 bytes MemorySize=0 bytes (min=0 bytes, max=0 bytes)  ğ„€
        Aggregate Functions: count(t1.b)  ğ„€
        ->  Table Scan on db1.t1  ğ„€
              Analyze: timeConsumed=0ms waitTime=0ms inputBlocks=1 inputRows=5 outputRows=5 (min=5, max=5) InputSize=20 bytes OutputSize=20 bytes ReadSize=0 bytes|0 bytes|0 bytes MemorySize=40 bytes (min=40 bytes, max=40 bytes)  ğ„€
              Aggregate Functions: count(t1.b)
select mo_ctl('dn', 'flush', 'db1.t1');
â¤ mo_ctl(dn, flush, db1.t1)[12,-1,0]  ğ„€
{
  "method": "Flush",
  "result": [
    {
      "returnStr": "OK"
    }
  ]
}

select count(*) from t1 where a is null;
â¤ count(*)[-5,64,0]  ğ„€
0
select count(*) from t1 where a = null;
â¤ count(*)[-5,64,0]  ğ„€
0
select 1 > 0;
â¤ 1 > 0[-7,1,0]  ğ„€
1
SELECT TABLE_SCHEMA AS TABLE_CAT, NULL AS TABLE_SCHEM, TABLE_NAME, CASE WHEN TABLE_TYPE='BASE TABLE' THEN CASE WHEN TABLE_SCHEMA = 'mysql' OR TABLE_SCHEMA = 'performance_schema' THEN 'SYSTEM TABLE' ELSE 'TABLE' END WHEN TABLE_TYPE='TEMPORARY' THEN 'LOCAL_TEMPORARY' ELSE TABLE_TYPE END AS TABLE_TYPE, TABLE_COMMENT AS REMARKS, NULL AS TYPE_CAT, NULL AS TYPE_SCHEM, NULL AS TYPE_NAME, NULL AS SELF_REFERENCING_COL_NAME, NULL AS REF_GENERATION FROM INFORMATION_SCHEMA.TABLES WHERE TABLE_SCHEMA = 'abc' group by null HAVING TABLE_TYPE IN ('LOCAL TEMPORARY','TABLE','VIEW',null,null) ORDER BY TABLE_TYPE, TABLE_SCHEMA, TABLE_NAME;
SQL syntax error: non-integer constant in GROUP BY
use db1;
drop table if exists t11;
create table t11 (a int, b int, primary key (a));
insert into t11 (select *,* from generate_series(1, 50000, 1)g);
select count(*) from t11 where a=20000;
â¤ count(*)[-5,64,0]  ğ„€
1
select count(*) from t11 where a in (1,20000);
â¤ count(*)[-5,64,0]  ğ„€
2
explain analyze select count(*) from t11;
-- @regex("(?s)Table Scan.*Aggregate Functions: starcount\\(\\*\\)", true)
â¤ tp query plan[12,-1,0]  ğ„€
Project  ğ„€
  Analyze: timeConsumed=0ms waitTime=0ms inputRows=1 outputRows=1 (min=1, max=1) InputSize=8 bytes OutputSize=8 bytes ReadSize=0 bytes|0 bytes|0 bytes MemorySize=8 bytes (min=8 bytes, max=8 bytes)  ğ„€
  ->  Aggregate  ğ„€
        Analyze: timeConsumed=0ms waitTime=0ms inputRows=1 outputRows=1 (min=1, max=1) InputSize=0 bytes OutputSize=8 bytes ReadSize=0 bytes|0 bytes|0 bytes MemorySize=0 bytes (min=0 bytes, max=0 bytes)  ğ„€
        Aggregate Functions: starcount(1)  ğ„€
        ->  Table Scan on db1.t11  ğ„€
              Analyze: timeConsumed=0ms waitTime=0ms inputBlocks=0 inputRows=0 outputRows=0 (min=0, max=0) InputSize=0 bytes OutputSize=0 bytes ReadSize=0 bytes|0 bytes|0 bytes MemorySize=0 bytes (min=0 bytes, max=0 bytes)  ğ„€
              Aggregate Functions: starcount(1)
explain analyze select count(a) from t11;
-- @regex("(?s)Table Scan.*Aggregate Functions: starcount\\(t11\\.a\\)", true)
â¤ tp query plan[12,-1,0]  ğ„€
Project  ğ„€
  Analyze: timeConsumed=0ms waitTime=0ms inputRows=1 outputRows=1 (min=1, max=1) InputSize=8 bytes OutputSize=8 bytes ReadSize=0 bytes|0 bytes|0 bytes MemorySize=8 bytes (min=8 bytes, max=8 bytes)  ğ„€
  ->  Aggregate  ğ„€
        Analyze: timeConsumed=0ms waitTime=0ms inputRows=1 outputRows=1 (min=1, max=1) InputSize=0 bytes OutputSize=8 bytes ReadSize=0 bytes|0 bytes|0 bytes MemorySize=0 bytes (min=0 bytes, max=0 bytes)  ğ„€
        Aggregate Functions: count(t11.a)  ğ„€
        ->  Table Scan on db1.t11  ğ„€
              Analyze: timeConsumed=0ms waitTime=0ms inputBlocks=0 inputRows=0 outputRows=0 (min=0, max=0) InputSize=0 bytes OutputSize=0 bytes ReadSize=0 bytes|0 bytes|0 bytes MemorySize=0 bytes (min=0 bytes, max=0 bytes)  ğ„€
              Aggregate Functions: starcount(t11.a)
explain analyze select count(b) from t11;
-- @regex("(?s)Table Scan.*Aggregate Functions: count\\(t11\\.b\\)", true)
â¤ tp query plan[12,-1,0]  ğ„€
Project  ğ„€
  Analyze: timeConsumed=0ms waitTime=0ms inputRows=1 outputRows=1 (min=1, max=1) InputSize=8 bytes OutputSize=8 bytes ReadSize=0 bytes|0 bytes|0 bytes MemorySize=8 bytes (min=8 bytes, max=8 bytes)  ğ„€
  ->  Aggregate  ğ„€
        Analyze: timeConsumed=0ms waitTime=0ms inputRows=1 outputRows=1 (min=1, max=1) InputSize=0 bytes OutputSize=8 bytes ReadSize=0 bytes|0 bytes|0 bytes MemorySize=0 bytes (min=0 bytes, max=0 bytes)  ğ„€
        Aggregate Functions: count(t11.b)  ğ„€
        ->  Table Scan on db1.t11  ğ„€
              Analyze: timeConsumed=0ms waitTime=0ms inputBlocks=0 inputRows=0 outputRows=0 (min=0, max=0) InputSize=0 bytes OutputSize=0 bytes ReadSize=0 bytes|0 bytes|0 bytes MemorySize=0 bytes (min=0 bytes, max=0 bytes)  ğ„€
              Aggregate Functions: count(t11.b)
drop table if exists t1;
create table t1(a int primary key, b int);
insert into t1 values (1,1),(2,2),(3,3);
select mo_ctl('dn', 'flush', 'select.t1');
â¤ mo_ctl(dn, flush, select.t1)[12,-1,0]  ğ„€
{
  "method": "Flush",
  "result": [
    {
      "returnStr": "OK"
    }
  ]
}

select * from t1 where a in (3,3,3,2,1);
â¤ a[4,32,0]  Â¦  b[4,32,0]  ğ„€
1  Â¦  1  ğ„€
2  Â¦  2  ğ„€
3  Â¦  3
drop table if exists t1;
create table t1 (a int, b varchar, c int, primary key (c,a), key idx_b(b));
insert into t1 select result, result || "_a",result+100000000 from generate_series(1,10000) g;
select * from t1 where b in ("11_a","21_a");
â¤ a[4,32,0]  Â¦  b[12,-1,0]  Â¦  c[4,32,0]  ğ„€
11  Â¦  11_a  Â¦  100000011  ğ„€
21  Â¦  21_a  Â¦  100000021
drop table if exists t1;
create table t1(a int primary key, b int, c varchar(200));
insert into t1 select result, result, "aabbccddeeffgghhii_"||result from generate_series (1, 100000)g;
select a from t1 where c in ("123456789012345678901234567890","123456789012345678901234567890","aabbccddeeffgghhii_100000");
â¤ a[4,32,0]  ğ„€
100000
drop table if exists t1;
create table t1(a int primary key, b vecf32(10));
insert into t1 select result, "[0.11,0.22,0.33,0.44,0.55,0.66,0.77,0.88,0.99,0.101]" from generate_series (1, 100000)g;
select a from t1 where b in ("[1.11,1.22,1.33,1.44,1.55,1.66,1.77,1.88,1.99,1.101]","[1.11,1.22,1.33,1.44,1.55,1.66,1.77,1.88,1.99,1.102]");
â¤ a[4,32,0]
drop table if exists t1;
create table t1(a int primary key, b vecf64(10));
insert into t1 select result, "[0.11,0.22,0.33,0.44,0.55,0.66,0.77,0.88,0.99,0.101]" from generate_series (1, 100000)g;
select a from t1 where b in ("[1.11,1.22,1.33,1.44,1.55,1.66,1.77,1.88,1.99,1.101]","[1.11,1.22,1.33,1.44,1.55,1.66,1.77,1.88,1.99,1.102]");
â¤ a[4,32,0]
drop table if exists test_bigint;
create table test_bigint (a bigint unsigned);
insert into test_bigint values (0xFFFFFFFFFFFFFFFD);
insert into test_bigint values (0xFFFFFFFFFFFFFFFE);
select * from test_bigint where a -1 > 1;
â¤ a[-5,64,0]  ğ„€
18446744073709551613  ğ„€
18446744073709551614
select * from test_bigint where a > 1;
â¤ a[-5,64,0]  ğ„€
18446744073709551613  ğ„€
18446744073709551614
