drop table if exists t1;
create table t1 (spID int,userID int,score smallint);
insert into t1 values (1,1,1);
insert into t1 values (2,2,2);
insert into t1 values (2,1,4);
insert into t1 values (3,3,3);
insert into t1 values (1,1,5);
insert into t1 values (4,6,10);
insert into t1 values (5,11,99);
select userID, MIN(score) from t1 group by userID order by userID desc;
userID	MIN(score)
11	99
6	10
3	3
2	2
1	1
select userID, MIN(score) from t1 group by userID order by userID asc;
userID	MIN(score)
1	1
2	2
3	3
6	10
11	99
select userID, SUM(score) from t1 group by userID order by userID desc;
userID	SUM(score)
11	99
6	10
3	3
2	2
1	10
select userID as a, MIN(score) as b from t1 group by userID order by userID;
a	b
1	1
2	2
3	3
6	10
11	99
select userID as user, MAX(score) as max from t1 group by userID order by user;
user	max
1	5
2	2
3	3
6	10
11	99
select userID as user, MAX(score) as max from t1 group by userID order by max desc;
user	max
11	99
6	10
1	5
3	3
2	2
select userID,count(score) from t1 group by userID having count(score)>1 order by userID;
userID	count(score)
1	3
select userID,count(score) from t1 where userID>2 group by userID having count(score)>1 order by userID;
userID	count(score)
select distinct userID, count(score) from t1 group by userID order by userID;
userID	count(score)
1	3
2	1
3	1
6	1
11	1
select distinct spID,userID from t1;
spID	userID
1	1
2	2
2	1
3	3
4	6
5	11
select distinct spID,userID from t1 where score>2;
spID	userID
2	1
3	3
1	1
4	6
5	11
select distinct spID,userID from t1 where score>2 order by spID asc;
spID	userID
1	1
2	1
3	3
4	6
5	11
select distinct spID,userID from t1 where spID>2 order by userID desc;
spID	userID
5	11
4	6
3	3
select distinct sum(spID) as sum from t1 group by userID order by sum asc;
sum(spID)
2
3
4
5
select distinct sum(spID) as sum from t1 where score>1 group by userID order by sum asc;
sum(spID)
2
3
4
5
select userID,MAX(score) from t1 where userID between 2 and 3 group by userID order by userID;
userID	MAX(score)
2	2
3	3
select userID,MAX(score) from t1 where userID not between 2 and 3 group by userID order by userID desc;
userID	MAX(score)
11	99
6	10
1	5
select spID,userID,score from t1 limit 2,1;
spID	userID	score
2	1	4
select spID,userID,score from t1 limit 2 offset 1;
spID	userID	score
2	2	2
2	1	4
select sum(score) as sum from t1 where spID=6 group by score order by sum desc;
sum
select userID, userID DIV 2 as user_dir, userID%2 as user_percent, userID MOD 2 as user_mod from t1;
userID	user_dir	user_percent	user_mod
1	0	1	1
2	1	0	0
1	0	1	1
3	1	1	1
1	0	1	1
6	3	0	0
11	5	1	1
drop table if exists a;
create table a(a int);
insert into a values(1),(2),(3),(4),(5),(6),(7),(8);
select count(*) from a where a>=2 and a<=8;
count(*)
7
drop table if exists t1;
create table t1 ( id int, name varchar(50) );
insert into t1 values (1, 'aaaaa');
insert into t1 values (3, "aaaaa");
insert into t1 values (2, 'eeeeeee');
select distinct name as name1 from t1;
name1
aaaaa
eeeeeee
drop table if exists t2;
create table t2(name char(10),owner char(10), species char(10), gender char(1), weight float,age int);
insert into t2 values ('Sunsweet01','Dsant01','otter','f',30.11,2), ('Sunsweet02','Dsant02','otter','m',30.11,3);
insert into t2(name, owner, species, gender, weight, age) values ('Sunsweet03','Dsant01','otter','f',30.11,2), ('Sunsweet04','Dsant02','otter','m',30.11,3);
select * from t2 limit 2, 4;
name	owner	species	gender	weight	age
Sunsweet03	Dsant01	otter	f	30.11	2
Sunsweet04	Dsant02	otter	m	30.11	3
drop table if exists t3;
create table t3 (spID int,userID int,score smallint);
insert into t3 values (1,1,1);
insert into t3 values (2,2,2);
insert into t3 values (2,1,4);
insert into t3 values (3,3,3);
insert into t3 values (1,1,5);
insert into t3 values (4,6,10);
insert into t3 values (5,11,99);
select userID,MAX(score) max_score from t3 where userID <2 || userID > 3 group by userID order by max_score;
userID	max_score
1	5
6	10
11	99
select userID, userID DIV 2 as user_dir, userID%2 as user_percent, userID MOD 2 as user_mod from t3 where userID > 3 ;
userID	user_dir	user_percent	user_mod
6	3	0	0
11	5	1	1
select CAST(userID AS CHAR) userid_cast, userID from t3 where CAST(spID AS CHAR)='1';
userid_cast	userID
1	1
1	1
select CAST(userID AS DOUBLE) cast_double, CAST(userID AS FLOAT(3)) cast_float , CAST(userID AS REAL) cast_real, CAST(userID AS SIGNED) cast_signed, CAST(userID AS UNSIGNED) cast_unsigned from t3 limit 2;
cast_double	cast_float	cast_real	cast_signed	cast_unsigned
1.0	1.0	1.0	1	1
2.0	2.0	2.0	2	2
select * from t3 where spID>2 AND userID <2 || userID >=2 OR userID < 2 limit 3;
spID	userID	score
1	1	1
2	2	2
2	1	4
select * from t3 where (spID >2  or spID <= 2) && score <> 1 AND userID/2>2;
spID	userID	score
4	6	10
5	11	99
select * from t3 where spID >2  || spID <= 2 && score !=1 limit 3;
spID	userID	score
2	2	2
2	1	4
3	3	3
select userID,MAX(score) max_score from t3 where userID <2 || userID > 3 group by userID order by max_score;
userID	max_score
1	5
6	10
11	99
select * from t3 where userID/2>2;
spID	userID	score
4	6	10
5	11	99
drop table if exists t4;
create table t4(c1 int, c2 int);
insert into t4 values (-3, 2);
insert into t4 values (1, 2);
select c1, -c2 from t4 order by -c1 desc;
c1	-c2
-3	-2
1	-2
drop table if exists t5;
create table t5(a int,b varchar(10),c varchar(10));
insert into t5 values(1,'ab','cd'),(2,'ba','dc'),(3,'bc','de'),(4,'cb','ed'),(5,'cd','ef'),(6,'dc','fe'),(2,'de','fg'),(1,'ed','gf');
select * from t5 where (b='ba' or b='cb') and (c='dc' or c='ed');
a	b	c
2	ba	dc
4	cb	ed
drop table if exists tbl_01;
create table tbl_01 (col1 int, a bigint unsigned, c char(10) not null);
insert into tbl_01 values (1,1,"a");
insert into tbl_01 values (2,2,"b");
insert into tbl_01 values (2,3,"c");
insert into tbl_01 values (3,4,"E");
insert into tbl_01 values (3,5,"C");
insert into tbl_01 values (3,6,"D");
drop table if exists t1;
drop table if exists t2;
create table t1 (id int primary key);
create table t2 (id int);
insert into t1 values (75);
insert into t1 values (79);
insert into t1 values (78);
insert into t1 values (77);
insert into t1 values (104);
insert into t1 values (103);
insert into t1 values (102);
insert into t1 values (101);
insert into t1 values (105);
insert into t1 values (106);
insert into t1 values (107);
insert into t2 values (107),(75),(1000);
select t1.id, count(t2.id) from t1,t2 where t2.id = t1.id group by t1.id order by t1.id desc;
id	count(t2.id)
107	1
75	1
drop table t1;
create table t1 ( a int not null default 1, big bigint );
insert into t1 (big) values (-1),(12345678901234567),(9223372036854775807);
select * from t1;
a	big
1	-1
1	12345678901234567
1	9223372036854775807
select min(big),max(big),max(big)-1 from t1;
min(big)	max(big)	max(big)-1
-1	9223372036854775807	9223372036854775806
drop table t1;
create table t1 ( a int not null default 1, big bigint unsigned);
insert into t1 (big) values (12345678901234567),(9223372036854775807),(18446744073709551615);
select * from t1;
a	big
1	12345678901234567
1	9223372036854775807
1	18446744073709551615
select min(big),max(big),max(big)-1 from t1;
Data truncation: data out of range: data type int64, value '18446744073709551615'
select min(big),max(big),max(big)-1 from t1 group by a;
Data truncation: data out of range: data type int64, value '18446744073709551615'
drop table if exists t1;
create table t1 (
value64 bigint unsigned not null,
value32 int not null
);
insert into t1 values(17156792991891826145, 1);
insert into t1 values(9223372036854775807, 2);
select * from t1;
value64	value32
17156792991891826145	1
9223372036854775807	2
drop table if exists t1;
drop table if exists t2;
drop table if exists t3;
create table t1 (libname1 varchar(21) not null primary key, city varchar(20));
create table t2 (isbn2 varchar(21) not null primary key, author varchar(20), title varchar(60));
create table t3 (isbn3 varchar(21) not null, libname3 varchar(21) not null, quantity int);
insert into t2 values ('001','Daffy','Aducklife');
insert into t2 values ('002','Bugs','Arabbitlife');
insert into t2 values ('003','Cowboy','Lifeontherange');
insert into t2 values ('000','Anonymous','Wannabuythisbook?');
insert into t2 values ('004','BestSeller','OneHeckuvabook');
insert into t2 values ('005','EveryoneBuys','Thisverybook');
insert into t2 values ('006','SanFran','Itisasanfranlifestyle');
insert into t2 values ('007','BerkAuthor','Cool.Berkley.the.book');
insert into t3 values('000','NewYorkPublicLibra',1);
insert into t3 values('001','NewYorkPublicLibra',2);
insert into t3 values('002','NewYorkPublicLibra',3);
insert into t3 values('003','NewYorkPublicLibra',4);
insert into t3 values('004','NewYorkPublicLibra',5);
insert into t3 values('005','NewYorkPublicLibra',6);
insert into t3 values('006','SanFransiscoPublic',5);
insert into t3 values('007','BerkeleyPublic1',3);
insert into t3 values('007','BerkeleyPublic2',3);
insert into t3 values('001','NYC Lib',8);
insert into t1 values ('NewYorkPublicLibra','NewYork');
insert into t1 values ('SanFransiscoPublic','SanFran');
insert into t1 values ('BerkeleyPublic1','Berkeley');
insert into t1 values ('BerkeleyPublic2','Berkeley');
insert into t1 values ('NYCLib','NewYork');
select city,libname1,count(libname1) as a from t3 join t1 on libname1=libname3 join t2 on isbn3=isbn2 group by city,libname1;
city	libname1	a
NewYork	NewYorkPublicLibra	6
SanFran	SanFransiscoPublic	1
Berkeley	BerkeleyPublic1	1
Berkeley	BerkeleyPublic2	1
drop table if exists t1;
create table t1(a int,b varchar(5));
insert into t1 values(1,'a');
insert into t1 values(null,null);
insert into t1 values(null,'b');
insert into t1 values(1,null);
select avg(a),b from t1 group by b order by b;
avg(a)	b
1.0000	null
1.0000	a
null	b
drop table if exists t1;
CREATE TABLE t1 (a int default NULL);
INSERT INTO t1 VALUES (NULL),(NULL);
select * from t1;
a
null
null
drop table if exists t1;
drop table if exists t2;
create table t1 (a int, b int);
insert into t1 values(10,null);
create table t2 (c int, d int);
insert into t2 values(20,null);
drop table if exists t1;
CREATE TABLE t1 (a int  default null, b varchar(16) default null, c datetime DEFAULT null);
INSERT INTO t1(a, c) values (1,"2003-01-14 03:54:55");
INSERT INTO t1(a, c) values (1,"2004-01-14 03:54:55");
INSERT INTO t1(a, c) values (1,"2005-01-14 03:54:55");
INSERT INTO t1(a, b) values (1,"2022year");
INSERT INTO t1(b,c) values ("2022year","2003-01-14 03:54:55");
INSERT INTO t1(b,c) values ("2021year","2003-01-14 03:54:55");
INSERT INTO t1(b,c) values ("2020year","2003-01-14 03:54:55");
select max(a),b,c from t1 group by b,c order by b,c;
max(a)	b	c
1	null	2003-01-14 03:54:55
1	null	2004-01-14 03:54:55
1	null	2005-01-14 03:54:55
null	2020year	2003-01-14 03:54:55
null	2021year	2003-01-14 03:54:55
1	2022year	null
null	2022year	2003-01-14 03:54:55
drop table if exists t1;
create table t1(i int);
insert into t1 values(1),(2),(3),(4),(5);
insert into t1 values(null);
select count(*) from t1 where i=2;
count(*)
1
drop table if exists t1;
CREATE TABLE t1 (c0 varchar(0) DEFAULT NULL);
insert into t1 values();
insert into t1 values('');
select * from t1;
c0
null

drop table if exists t1;
create table if not exists t1(a tinyint auto_increment);
drop table if exists t1;
create table if not exists t1(a smallint auto_increment);
drop table if exists t1;
create table if not exists t1(a int auto_increment);
select * from t1;
a
show columns from t1;
Field    Type    Null    Key    Default    Extra    Comment
a    INT(32)    YES        null
drop table if exists t1;
create table if not exists t1(a bigint auto_increment);
select * from t1;
a
drop table if exists t1;
create table if not exists t1(a int auto_increment primary key);
drop table if exists t1;
SELECT WORD FROM INFORMATION_SCHEMA.KEYWORDS WHERE RESERVED=1 ORDER BY WORD limit 1;
word
ACCESSIBLE
;
drop table if exists t1;
create table t1 (a int primary key, b int);
select * from t1 WHERE (a IN ('1','2','3','4','5','6','7','8','9','10','11','12','13','14','15','16','17','18','19','20','21','26','27','28','29') AND b = 0) ORDER BY `a` ASC;
a    b
drop table if exists t1;
create table t1 (a int primary key, b int, c int);
insert into t1 values (1, 2, 3);
select count(*) from t1;
count(*)
1
select count(*) from t1 where b=2;
count(*)
1
select count(*) from t1 where a=2;
count(*)
0
drop table if exists t1;
create table t1 (a int(11) unsigned);
insert into t1 values (1), (2);
select * from t1 where a != 2;
a
1
drop database if exists db1;
create database db1;
use db1;
create table t1 (a int primary key, b int);
insert into t1 values (1,1);
select mo_ctl('dn', 'flush', 'db1.t1');
mo_ctl(dn, flush, db1.t1)
{\n  "method": "Flush",\n  "result": [\n    {\n      "returnStr": "OK"\n    }\n  ]\n}\n
select a from t1 where a = '';
invalid argument cast to int, bad value
drop database if exists db1;
create database db1;
use db1;
create table t1 (a int,b int, primary key(a,b));
insert into t1 values (1,1),(2,2),(3,3),(4,4),(5,5);
select count(*) from t1 where a is null;
count(*)
0
select count(*) from t1 where a = null;
count(*)
0
select mo_ctl('dn', 'flush', 'db1.t1');
mo_ctl(dn, flush, db1.t1)
{\n  "method": "Flush",\n  "result": [\n    {\n      "returnStr": "OK"\n    }\n  ]\n}\n
select count(*) from t1 where a is null;
count(*)
0
select count(*) from t1 where a = null;
count(*)
0
drop database if exists db1;
create database db1;
use db1;
create table t1 (a int,b int, primary key(a));
insert into t1 values (1,1),(2,2),(3,3),(4,4),(5,5);
select count(*) from t1 where a is null;
count(*)
0
select count(*) from t1 where a = null;
count(*)
0
select mo_ctl('dn', 'flush', 'db1.t1');
mo_ctl(dn, flush, db1.t1)
{\n  "method": "Flush",\n  "result": [\n    {\n      "returnStr": "OK"\n    }\n  ]\n}\n
select count(*) from t1 where a is null;
count(*)
0
select count(*) from t1 where a = null;
count(*)
0
select 1 > 0;
1 > 0
true
SELECT TABLE_SCHEMA AS TABLE_CAT, NULL AS TABLE_SCHEM, TABLE_NAME, CASE WHEN TABLE_TYPE='BASE TABLE' THEN CASE WHEN TABLE_SCHEMA = 'mysql' OR TABLE_SCHEMA = 'performance_schema' THEN 'SYSTEM TABLE' ELSE 'TABLE' END WHEN TABLE_TYPE='TEMPORARY' THEN 'LOCAL_TEMPORARY' ELSE TABLE_TYPE END AS TABLE_TYPE, TABLE_COMMENT AS REMARKS, NULL AS TYPE_CAT, NULL AS TYPE_SCHEM, NULL AS TYPE_NAME, NULL AS SELF_REFERENCING_COL_NAME, NULL AS REF_GENERATION FROM INFORMATION_SCHEMA.TABLES WHERE TABLE_SCHEMA = 'abc' group by null HAVING TABLE_TYPE IN ('LOCAL TEMPORARY','TABLE','VIEW',null,null) ORDER BY TABLE_TYPE, TABLE_SCHEMA, TABLE_NAME;
internal error: Invalid GROUP BY NULL
use db1;
drop table if exists t11;
create table t11 (a int, b int, primary key (a));
insert into t11 (select *,* from generate_series(1, 50000, 1)g);
select count(*) from t11 where a=20000;
count(*)
1
select count(*) from t11 where a in (1,20000);
count(*)
2
drop table if exists t1;
create table t1(a int primary key, b int);
insert into t1 values (1,1),(2,2),(3,3);
select mo_ctl('dn', 'flush', 'select.t1');
mo_ctl(dn, flush, select.t1)
{\n  "method": "Flush",\n  "result": [\n    {\n      "returnStr": "OK"\n    }\n  ]\n}\n
select * from t1 where a in (3,3,3,2,1);
a    b
1    1
2    2
3    3
