drop table if exists t1;
drop table if exists t2;
create table t1 (a int, b int);
create table t2 (aa int, bb varchar(20));
create view v1 as select * from t1;
select * from v1;
a	b
insert into t1 values (1, 11), (2, 22), (3, 33);
insert into t2 values (1, "aa"), (2, "bb");
show columns from v1;
Field	Type	Null	Key	Default	Comment
a	INT	YES		NULL	
b	INT	YES		NULL
select * from v1 where a > 1;
a	b
2	22
3	33
select * from v1, t2 where v1.a = t2.aa;
a	b	aa	bb
1	11	1	aa
2	22	2	bb
create database db2;
use db2;
select * from view.v1 where a > 1;
a	b
2	22
3	33
use view;
drop database db2;
drop table t1;
select * from v1;
SQL parser error: table "t1" does not exist
drop table v1;
no such table view.v1
drop view v1;
show create view vvvv;
invalid input: show view 'vvvv' is not a valid view
create view v1 as select "a";
show create view v1;
View    Create View
v1    create view v1 as select "a";
create view v2 as select 'a';
show create view v2;
View    Create View
v2    create view v2 as select 'a';
show create table v2;
View    Create View
v2    create view v2 as select 'a';
drop view v1;
drop view v2;
create table tt(a int);
create view vv as select * from tt;
drop table if exists tt;
drop table if exists vv;
drop view vv;

drop table if exists t1;
create table t1 (a int);
insert into t1 values(1);
drop table if exists t2;
create table t2 (a int);
insert into t2 values(1);
create view vvvv as select a from t1 union all select a from t2;
select * from vvvv;
a
1
1
drop view vvvv;
create view vn as select * from t1;
alter view vn as select a from t1 union all select a from t2;
not supported: statement 'alter view vn as select a from t1 union all select a from t2'
drop view vn;