drop table if exists t1;
drop table if exists t2;
create table t1 (a int, b int);
create table t2 (aa int, bb varchar(20));
create view v1 as select * from t1;
select * from v1;
a    b
insert into t1 values (1, 11), (2, 22), (3, 33);
insert into t2 values (1, "aa"), (2, "bb");
show columns from v1;
Field    Type    Null    Key    Default    Extra    Comment
a    INT(32)    YES        null        
b    INT(32)    YES        null        
select * from v1 where a > 1;
a    b
2    22
3    33
select * from v1, t2 where v1.a = t2.aa;
a    b    aa    bb
1    11    1    aa
2    22    2    bb
create database db2;
use db2;
select * from view.v1 where a > 1;
a    b
2    22
3    33
use view;
drop database db2;
drop table t1;
select * from v1;
SQL parser error: table "t1" does not exist
drop table v1;
no such table view.v1
drop view v1;
show create view vvvv;
invalid input: show view 'vvvv' is not a valid view
create view v1 as select "a";
show create view v1;
View    Create View
v1    create view v1 as select "a";
create view v2 as select 'a';
show create view v2;
View    Create View
v2    create view v2 as select 'a';
show create table v2;
View    Create View
v2    create view v2 as select 'a';
drop view v1;
drop view v2;
create table tt(a int);
create view vv as select * from tt;
drop table if exists tt;
drop table if exists vv;
drop view vv;
drop table if exists t1;
create table t1 (a int);
insert into t1 values(1);
drop table if exists t2;
create table t2 (a int);
insert into t2 values(1);
create view vvvv as select a from t1 union all select a from t2;
select * from vvvv;
a
1
1
drop view vvvv;
drop table if exists t1;
create table t1 (a int);
insert into t1 values(1),(2),(3),(4);
create view v5 as select * from t1;
select * from v5;
a
1
2
3
4
alter view v5 as select * from t1 where a=1;
select * from v5;
a
1
alter view v5 as select * from t1 where a > 2;
select * from v5;
a
3
4
alter view if exists v6 as select * from t1;
drop view v5;
drop table if exists t1;
create table t1( a int primary key, b varchar(15) );
insert into t1 values(1, 'aaaa'),(2, 'bbbbbb'),(3, 'cccccccc');
create view v1 as select (case when a>1 then 'NO' else 'YES' end) as IS_NULLABLE from t1;
desc v1;
Field    Type    Null    Key    Default    Extra    Comment
is_nullable    VARCHAR(3)    YES        null        
drop view v1;
drop database if exists test;
create database test;
use test;
drop table if exists t1;
create table t1(a int);
create view v1 as select * from t1;
SELECT relname, rel_createsql,relkind FROM mo_catalog.mo_tables WHERE reldatabase='test' order by relname;
relname    rel_createsql    relkind
%!%mo_increment_columns        
t1    create table t1 (a int)    r
v1    create view v1 as select * from t1;    v
drop database test;
