drop table if exists t1;
create table t1 (a int, b int);
create view v1 as select * from t1;
select * from v1;
a	b
insert into t1 values (1, 11), (2, 22), (3, 33);
show columns from v1;
Field	Type	Null	Key	Default	Comment
a	INT	YES		NULL	
b	INT	YES		NULL
select * from v1 where a > 1;
a	b
2	22
3	33
create database db2;
use db2;
select * from view.v1 where a > 1;
a	b
2	22
3	33
use view;
drop database db2;
drop table t1;
select * from v1;
table "t1" does not exist
drop table v1;
table v1 is not exists
drop view v1;

show create view vvvv;
view 'vvvv' doesn't exist
create view v1 as select "a";
show create view v1;
View    Create View
v1    create view v1 as select "a";
create view v2 as select 'a';
show create view v2;
View    Create View
v2    create view v2 as select 'a';
show create table v2;
View    Create View
v2    create view v2 as select 'a';
drop view v1;
drop view v2;

create table tt(a int);
create view vv as select * from tt;
drop table if exists tt;
drop table if exists vv;
drop view vv;