drop table if exists t1;
create table t1 (a int, b int);
create view v1 as select * from t1;
select * from v1;
a	b
insert into t1 values (1, 11), (2, 22), (3, 33);
show columns from v1;
Field	Type	Null	Key	Default	Comment
a	INT	YES		NULL	
b	INT	YES		NULL
select * from v1 where a > 1;
a	b
2	22
3	33
create database db2;
use db2;
select * from view.v1 where a > 1;
a	b
2	22
3	33
use view;
drop database db2;
drop table t1;
select * from v1;
table "t1" does not exist
drop table v1;
table v1 is not exists
drop view v1;