select cast('2020-02-01' as date) + NULL;
cast(2020-02-01 as date) + null
null
select 1 + NULL;
1 + null
null
select NULL + 1;
null + 1
null
select NULL + cast('2020-02-01 00:00:00' as datetime);
null + cast(2020-02-01 00:00:00 as datetime(26))
null
drop table if exists t1;
CREATE TABLE t1(
cint int,
cfloat float,
str1 VARCHAR(20),
str2 CHAR(20)
);
INSERT INTO t1 values(7, 5.3, '1', '1');
INSERT INTO t1 values(7, 5.3, '0', '0');
INSERT INTO t1 values(7, 5.3, '12', '0');
INSERT INTO t1 values(7, 5.3, '10', '10');
INSERT INTO t1 values(7, 5.3, '8.5', '1.2');
INSERT INTO t1 values(7, 5.3, '1.5', '6.5');
INSERT INTO t1 values(7, 5.3, '12.5', '3');
INSERT INTO t1 values(7, 5.3, 'a', '2');
INSERT INTO t1 values(7, 5.3, 'a', 'b');
INSERT INTO t1 values(7, 5.3, 'xc', 'df');
INSERT INTO t1 values(7, 5.3, 'xc', '1');
select str1+str2 from t1;
str1 + str2
2.0
0.0
12.0
20.0
9.7
8.0
15.5
2.0
0.0
0.0
1.0
select cint+str1,str1+cint from t1;
cint + str1    str1 + cint
8.0    8.0
7.0    7.0
19.0    19.0
17.0    17.0
15.5    15.5
8.5    8.5
19.5    19.5
7.0    7.0
7.0    7.0
7.0    7.0
7.0    7.0
select cint+str2,str2+cint from t1;
cint + str2    str2 + cint
8.0    8.0
7.0    7.0
7.0    7.0
17.0    17.0
8.2    8.2
13.5    13.5
10.0    10.0
9.0    9.0
7.0    7.0
7.0    7.0
8.0    8.0
select cfloat+str1,str1+cfloat from t1;
cfloat + str1    str1 + cfloat
6.300000190734863    6.300000190734863
5.300000190734863    5.300000190734863
17.300000190734863    17.300000190734863
15.300000190734863    15.300000190734863
13.800000190734863    13.800000190734863
6.800000190734863    6.800000190734863
17.800000190734863    17.800000190734863
5.300000190734863    5.300000190734863
5.300000190734863    5.300000190734863
5.300000190734863    5.300000190734863
5.300000190734863    5.300000190734863
select cfloat+str2,str2+cfloat from t1;
cfloat + str2    str2 + cfloat
6.300000190734863    6.300000190734863
5.300000190734863    5.300000190734863
5.300000190734863    5.300000190734863
15.300000190734863    15.300000190734863
6.5000001907348635    6.5000001907348635
11.800000190734863    11.800000190734863
8.300000190734863    8.300000190734863
7.300000190734863    7.300000190734863
5.300000190734863    5.300000190734863
5.300000190734863    5.300000190734863
6.300000190734863    6.300000190734863
drop table t1;
