#REGEXP
SELECT 'Corn' REGEXP 'Corn' AS 'Corn','Acorn' REGEXP 'Corn' AS 'Acorn','Corner' REGEXP 'Corn' AS 'Corner','Cheese' REGEXP 'Corn' AS 'Cheese';
Corn   Acorn  Corner  Cheese 
1     0       1      0 
SELECT 
'Corn' REGEXP '^Co' AS 'Corn',
'Acorn' REGEXP '^Co' AS 'Acorn',
'Cheese' REGEXP '^Co' AS 'Cheese';
Corn Acorn Cheese 
1     0      0 
SELECT 
'Corn' REGEXP 'rn$' AS 'Corn',
'Acorn' REGEXP 'rn$' AS 'Acorn',
'Cheese' REGEXP 'rn$' AS 'Cheese'; 
Corn Acorn Cheese 
1     1      0 
SELECT 
'Corn' REGEXP '.' AS 'Corn',
'Cheese' REGEXP '.' AS 'Cheese';
Corn Cheese 
1      1 
SELECT 
'Corn' REGEXP '^C.rn$' AS 'Corn', 
'Crn' REGEXP '^C.rn$' AS 'Crn';
Corn  Crn  
1    0 
SELECT 
'Tweet' REGEXP '^Tw..t$' AS 'Tweet', 
'Tweat' REGEXP '^Tw..t$' AS 'Tweat', 
'Tweet' REGEXP '^Tw.t$' AS 'Tweet', 
'Twit' REGEXP '^Tw..t$' AS 'Twit';
Tweet  Tweat  Tweet  Twit 
1      1     0    0 
SELECT 
'Tweet' REGEXP '^Tw.{2}t$' AS 'Tweet', 
'Tweat' REGEXP '^Tw.{2}t$' AS 'Tweat', 
'Tweet' REGEXP '^Tw.{1}t$' AS 'Tweet', 
'Twit' REGEXP '^Tw.{2}t$' AS 'Twit';
Tweet Tweat  Tweet  Twit 
1     1     0    0 
SELECT 
'Twet' REGEXP '^Twe*t$' AS 'Twet',
'Tweet' REGEXP '^Twe*t$' AS 'Tweet',
'Tweeet' REGEXP '^Twe*t$' AS 'Tweeet',
'Twt' REGEXP '^Twe*t$' AS 'Twt',
'Twit' REGEXP '^Twe*t$' AS 'Twit',
'Twiet' REGEXP '^Twe*t$' AS 'Twiet',
'Tweit' REGEXP '^Twe*t$' AS 'Tweit';
Twet  Tweet  Tweeet  Twt   Twit  Twiet  Tweit 
1      1       1     1     0      0      0 
SELECT 
'Twet' REGEXP '^Twe+t$' AS 'Twet',
'Tweet' REGEXP '^Twe+t$' AS 'Tweet',
'Tweeet' REGEXP '^Twe+t$' AS 'Tweeet',
'Twt' REGEXP '^Twe+t$' AS 'Twt',
'Twit' REGEXP '^Twe+t$' AS 'Twit',
'Twiet' REGEXP '^Twe+t$' AS 'Twiet',
'Tweit' REGEXP '^Twe+t$' AS 'Tweit';
Twet  Tweet  Tweeet  Twt   Twit  Twiet  Tweit 
1     1      1       0     0     0     0 
SELECT 
'Twet' REGEXP '^Twe?t$' AS 'Twet',
'Tweet' REGEXP '^Twe?t$' AS 'Tweet',
'Tweeet' REGEXP '^Twe?t$' AS 'Tweeet',
'Twt' REGEXP '^Twe?t$' AS 'Twt',
'Twit' REGEXP '^Twe?t$' AS 'Twit',
'Twiet' REGEXP '^Twe?t$' AS 'Twiet',
'Tweit' REGEXP '^Twe?t$' AS 'Tweit';
Twet  Tweet  Tweeet  Twt   Twit  Twiet  Tweit 
1      0       0    1     0      0      0 
SELECT 
'Tweet' REGEXP 'Tw|et' AS 'Tweet',
'For Let' REGEXP 'Tw|et' AS 'For Let',
'Banana' REGEXP 'Tw|et' AS 'Banana';
Tweet  For Let  Banana 
1        1       0 
SELECT 
'Cat' REGEXP 'Cat|Dog' AS 'Cat',
'Dog' REGEXP 'Cat|Dog' AS 'Dog',
'Doggone' REGEXP 'Cat|Dog' AS 'Doggone',
'Banana' REGEXP 'Cat|Dog' AS 'Banana';
Cat   Dog   Doggone  Banana 
1     1       1       0
SELECT 
'Banana' REGEXP '(an)*' AS 'Banana',
'Land' REGEXP '(an)*' AS 'Land',
'Cheese' REGEXP '(an)*' AS 'Cheese';
Banana  Land  Cheese 
1     1       1 
SELECT 
'Banana' REGEXP '^B(an)*d$' AS 'Banana',
'Band' REGEXP '^B(an)*d$' AS 'Band',
'Bald' REGEXP '^B(an)*d$' AS 'Bald',
'Bad' REGEXP '^B(an)*d$' AS 'Bad';
Banana  Band  Bald  Bad  
0       1      0     0 
SELECT 
'Tweeet' REGEXP 'e{3}' AS 'Tweeet',
'Tweet' REGEXP 'e{3}' AS 'Tweet';
Tweeet  Tweet 
1      0 
SELECT 
'Tweet 123' REGEXP '[0-9]' AS 'Tweet123',
'Tweet ABC' REGEXP '[0-9]' AS 'TweetABC';
Tweet123  TweetABC 
1         0 
SELECT 
'Tweet 123' REGEXP '[A-Z]' AS 'Tweet123',
'ABC' REGEXP '[A-Z]' AS 'ABC',
'123' REGEXP '[A-Z]' AS '123';
Tweet123  ABC   123  
1         1     0
SELECT 
'123' REGEXP '[1-3]' AS '123',
'012' REGEXP '[1-3]' AS '012',
'045' REGEXP '[1-3]' AS '045';
123  012  045  
1     1     0
SELECT 
'123' REGEXP '[^1-3]' AS '123',
'012' REGEXP '[^1-3]' AS '012',
'045' REGEXP '[^1-3]' AS '045';
123   012   045  
0     1     1 