drop table if exists names;
create table names(id int PRIMARY KEY,name VARCHAR(255),age int);
replace into names(id, name, age) values(1,"Abby", 24);
select name, age from names where id = 1;
name    age
Abby    24
replace into names(id, name, age) values(1,"Bobby", 25);
select name, age from names where id = 1;
name    age
Bobby    25
replace into names set id = 2, name = "Ciro";
select name, age from names where id = 2;
name    age
Ciro    null
replace into names set id = 2, name = "Ciro", age = 17;
select name, age from names where id = 2;
name    age
Ciro    17
REPLACE INTO names values (2, "Bob", 19);
select name, age from names where id = 2;
name    age
Bob    19
drop table if exists t1;
create table t1(a int, b int, c int);
insert into t1 values (1,1,1), (2,2,2), (3,3,3);
replace t1 values (1,2,3), (2,3,4);
select a, b, c from t1;
a    b    c
1    1    1
2    2    2
3    3    3
1    2    3
2    3    4
create table t4 (a int unique key, b varchar(64));
replace into t4 values (1, 'a');
select * from t4;
a    b
1    a
replace into t4 values (1, 'b');
select * from t4;
a    b
1    b