drop table if exists t5;
start transaction;
create table t5(a int);
insert into t5 values(10),(20),(30);
drop table t5;
start transaction;
show tables;
Tables_in_autocommit_1
insert into t5 values(100),(2000),(3000);
no such table drop_table_truncate.t5
Previous DML conflicts with existing constraints or data format. This transaction has to be aborted
rollback;
set @@autocommit=on;
drop table if exists t5;
drop table if exists dis_table_02;
drop table if exists dis_table_03;
create table dis_table_02(a int not null auto_increment,b varchar(25) not null,c datetime,primary key(a),key bstr (b),key cdate (c) );
insert into dis_table_02(b,c) values ('aaaa','2020-09-08');
insert into dis_table_02(b,c) values ('aaaa','2020-09-08');
create table dis_table_03(b varchar(25) primary key,c datetime);
begin ;
insert into dis_table_03 select b,c from dis_table_02;
Duplicate entry 'aaaa' for key 'b'
Previous DML conflicts with existing constraints or data format. This transaction has to be aborted
select * from dis_table_03;
b    c
use drop_table_truncate;
select * from dis_table_03;
b    c
truncate table dis_table_03;
insert into dis_table_03 select 'bbb','2012-09-30';
select * from dis_table_03;
b    c
bbb    2012-09-30 00:00:00
commit;
drop table if exists dis_table_02;
drop table if exists dis_table_03;
begin;
create table t1(a int);
show tables;
Tables_in_drop_table_truncate
t1
insert into t1 values (1);
drop table t1;
show tables;
Tables_in_drop_table_truncate
commit;
create table t1(a int);
begin;
insert into t1 values (1);
select * from t1;
a
1
use drop_table_truncate;
truncate table t1;
select * from t1;
a
select * from t1;
a
1
commit;
select * from t1;
a
begin;
create table t2(a int);
show tables;
Tables_in_drop_table_truncate
t2
t1
insert into t2 values (1);
truncate table t2;
insert into t2 values (2);
select * from t2;
a
2
drop table t2;
show tables;
Tables_in_drop_table_truncate
t1
commit;