drop table if exists pt_table_1;
drop table if exists pt_table_2;
drop table if exists pt_table_3;
drop table if exists pt_table_5;
drop table if exists pt_table_6;
drop table if exists pt_table_21;
drop table if exists pt_table_22;
drop table if exists pt_table_23;
drop table if exists pt_table_24;
drop table if exists pt_table_31;
drop table if exists pt_table_32;
drop table if exists pt_table_33;
drop table if exists pt_table_34;
drop table if exists pt_table_35;
drop table if exists pt_table_36;
drop table if exists pt_table_37;
drop table if exists pt_table_41;
drop table if exists pt_table_42;
drop table if exists pt_table_43;
drop table if exists pt_table_44;
drop table if exists pt_table_45;
create table pt_table_1(col1 tinyint,col2 smallint,col3 int,clo4 bigint,col5 tinyint unsigned,col6 smallint unsigned,col7 int unsigned,col8 bigint unsigned,col9 float,col10 double,col11 varchar(255),col12 Date,col13 DateTime,col14 timestamp,col15 bool,col16 decimal(5,2),col17 text,col18 varchar(255),col19 varchar(255),col20 text,primary key(col1))partition by hash(col1)partitions 4;
load data infile '$resources/external_table_file/pt_table_data.csv' into table  pt_table_1;
select col1 from pt_table_1;
col1
-62
91
33
121
40
-8
-75
21
-93
110
122
create table pt_table_2(col1 tinyint,col2 smallint,col3 int,clo4 bigint,col5 tinyint unsigned,col6 smallint unsigned,col7 int unsigned,col8 bigint unsigned,col9 float,col10 double,col11 varchar(255),col12 Date,col13 DateTime,col14 timestamp,col15 bool,col16 decimal(5,2),col17 text,col18 varchar(255),col19 varchar(255),col20 text,primary key(col5))partition by hash(col5);
load data infile '$resources/external_table_file/pt_table_data.csv' into table  pt_table_2;
select col5 from pt_table_2;
col5
154
122
104
141
79
82
234
28
89
98
56
create table pt_table_3(col1 tinyint not null,col2 smallint,col3 int,clo4 bigint,col5 tinyint unsigned,col6 smallint unsigned,col7 int unsigned,col8 bigint unsigned,col9 float,col10 double,col11 varchar(255),col12 Date,col13 DateTime,col14 timestamp,col15 bool,col16 decimal(5,2),col17 text,col18 varchar(255),col19 varchar(255),col20 char(255) default 'style nine',primary key(col1,col20))partition by hash(col1)partitions 4;
load data infile '$resources/external_table_file/pt_table_data.csv' into table  pt_table_3;
select col1 from pt_table_3;
col1
-62
91
33
121
40
-8
-75
21
-93
110
122
create table pt_table_5(col1 tinyint,col2 smallint,col3 int,clo4 bigint,col5 tinyint unsigned,col6 smallint unsigned,col7 int unsigned,col8 bigint unsigned,col9 float,col10 double,col11 varchar(255),col12 Date,col13 DateTime,col14 timestamp,col15 bool,col16 decimal(5,2),col17 text,col18 varchar(255),col19 varchar(255),col20 char(255))partition by hash(year(col12));
load data infile '$resources/external_table_file/pt_table_data.csv' into table  pt_table_3;
tae data: duplicate
select col12 from pt_table_5;
col12
show create table pt_table_5;
Table    Create Table
pt_table_5    CREATE TABLE `pt_table_5` (\n`col1` TINYINT DEFAULT NULL,\n`col2` SMALLINT DEFAULT NULL,\n`col3` INT DEFAULT NULL,\n`clo4` BIGINT DEFAULT NULL,\n`col5` TINYINT UNSIGNED DEFAULT NULL,\n`col6` SMALLINT UNSIGNED DEFAULT NULL,\n`col7` INT UNSIGNED DEFAULT NULL,\n`col8` BIGINT UNSIGNED DEFAULT NULL,\n`col9` FLOAT DEFAULT NULL,\n`col10` DOUBLE DEFAULT NULL,\n`col11` VARCHAR(255) DEFAULT NULL,\n`col12` DATE DEFAULT NULL,\n`col13` DATETIME DEFAULT NULL,\n`col14` TIMESTAMP DEFAULT NULL,\n`col15` BOOL DEFAULT NULL,\n`col16` DECIMAL64 DEFAULT NULL,\n`col17` TEXT DEFAULT NULL,\n`col18` VARCHAR(255) DEFAULT NULL,\n`col19` VARCHAR(255) DEFAULT NULL,\n`col20` CHAR(255) DEFAULT NULL\n) partition by hash (year(col12))
create table pt_table_6(col1 tinyint,col2 smallint,col3 int,clo4 bigint,col5 tinyint unsigned,col6 smallint unsigned,col7 int unsigned,col8 bigint unsigned,col9 float,col10 double,col11 varchar(255),col12 Date,col13 DateTime,col14 timestamp,col15 bool,col16 decimal(5,2),col17 text,col18 varchar(255),col19 varchar(255),col20 text)partition by LINEAR hash(col2)partitions 10;
load data infile '$resources/external_table_file/pt_table_data.csv' into table  pt_table_6;
select col2 from pt_table_6;
col2
5807
19514
4300
-22564
30792
-30001
11896
775
-18596
-23777
19053
create table pt_table_10(col1 tinyint,col2 smallint,col3 int,primary key(col1))partition by hash(col2);
invalid input: partition key is not part of primary key
create table pt_table_11(col1 tinyint,col2 smallint,col3 int,clo4 bigint,col5 tinyint unsigned,col6 smallint unsigned,col7 int unsigned,col8 bigint unsigned,col9 float,col10 double,col11 varchar(255),col12 Date,col13 DateTime,col14 timestamp,col15 bool,col16 decimal(5,2),col17 text,col18 varchar(255),col19 varchar(255),col20 text)partition by hash(col9) partitions 6;
SQL syntax error: type FLOAT not allowed in partition clause
create table pt_table_12(col1 tinyint,col2 smallint,col3 int,clo4 bigint,col5 tinyint unsigned,col6 smallint unsigned,col7 int unsigned,col8 bigint unsigned,col9 float,col10 double,col11 varchar(255),col12 Date,col13 DateTime,col14 timestamp,col15 bool,col16 decimal(5,2),col17 text,col18 varchar(255),col19 varchar(255),col20 char(255))partition by hash(col20);
SQL syntax error: type CHAR not allowed in partition clause
create table pt_table_13(col1 tinyint,col2 smallint,col3 int,clo4 bigint,col5 tinyint unsigned,col6 smallint unsigned,col7 int unsigned,col8 bigint unsigned,col9 float,col10 double,col11 varchar(255),col12 Date,col13 DateTime,col14 timestamp,col15 bool,col16 decimal(5,2),col17 text,col18 varchar(255),col19 varchar(255),col20 char(255))partition by hash(col12);
SQL syntax error: type DATE not allowed in partition clause
create table pt_table_13(col1 tinyint,col2 smallint,col3 int,clo4 bigint,col5 tinyint unsigned,col6 smallint unsigned,col7 int unsigned,col8 bigint unsigned,col9 float,col10 double,col11 varchar(255),col12 Date,col13 DateTime,col14 timestamp,col15 bool,col16 decimal(5,2),col17 text,col18 varchar(255),col19 varchar(255),col20 char(255))partition by (col12);
SQL parser error: You have an error in your SQL syntax; check the manual that corresponds to your MatrixOne server version for the right syntax to use. syntax error at line 1 column 351 near " (col12);";
create table pt_table_21(col1 tinyint,col2 smallint,col3 int,clo4 bigint,col5 tinyint unsigned,col6 smallint unsigned,col7 int unsigned,col8 bigint unsigned,col9 float,col10 double,col11 varchar(255),col12 Date,col13 DateTime,col14 timestamp,col15 bool,col16 decimal(5,2),col17 text,col18 varchar(255),col19 varchar(255),col20 text,primary key(col2))partition by key(col2)partitions 4;
load data infile '$resources/external_table_file/pt_table_data.csv' into table  pt_table_21;
select col2 from pt_table_21;
col2
5807
19514
4300
-22564
30792
-30001
11896
775
-18596
-23777
19053
create table pt_table_22(col1 tinyint,col2 smallint,col3 int,clo4 bigint,col5 tinyint unsigned,col6 smallint unsigned,col7 int unsigned,col8 bigint unsigned,col9 float,col10 double,col11 varchar(255),col12 Date,col13 DateTime,col14 timestamp,col15 bool,col16 decimal(5,2),col17 text,col18 varchar(255),col19 varchar(255),col20 text,primary key(col6,col18))partition by key(col6,col18)partitions 4;
load data infile '$resources/external_table_file/pt_table_data.csv' into table  pt_table_22;
select col2 from pt_table_22;
col2
5807
19514
4300
-22564
30792
-30001
11896
775
-18596
-23777
19053
create table pt_table_23(col1 tinyint,col2 smallint,col3 int,clo4 bigint,col5 tinyint unsigned,col6 smallint unsigned,col7 int unsigned,col8 bigint unsigned,col9 float,col10 double,col11 varchar(255),col12 Date,col13 DateTime,col14 timestamp,col15 bool,col16 decimal(5,2),col17 text,col18 varchar(255),col19 varchar(255),col20 text,primary key(col19))partition by key(col19)partitions 4;
load data infile '$resources/external_table_file/pt_table_data.csv' into table  pt_table_23;
select col19 from pt_table_23;
col19
+=Zab
R.STU-_+=Zabcdefghigklmnopqrstuvw
U-_+=Zabcdefghigklmno
/MN?OPQR.STU-_+=Zabcdefghigklmnopqrstuvw
STU-_+=Zabcdefghigklmnopqrstuvwxyz01
R.STU-_+=Zabcdefghigklmnopqrstuvwxyz0123456
I,G;KL/MN?OPQR.STU-_+=Zabcdefghigklmnopq
TU-_+=Zabcdefghigklmnopqrstuvwxyz01234567
DEF,GHI,G;KL/MN?OPQR.STU-_+=Zabcdefghigklmnopqrstuvwxyz0123456
;KL/MN?OPQR.STU-_+=Zabcdefghigklmno
-_+=Zabcdefghigklmnopqr
create table pt_table_24(col1 tinyint,col2 smallint,col3 int,clo4 bigint,col5 tinyint unsigned,col6 smallint unsigned,col7 int unsigned,col8 bigint unsigned,col9 float,col10 double,col11 varchar(255),col12 Date,col13 DateTime,col14 timestamp,col15 bool,col16 decimal(5,2),col17 text,col18 varchar(255),col19 varchar(255),col20 text)partition by key(col13)partitions 10;
load data infile '$resources/external_table_file/pt_table_data.csv' into table  pt_table_24;
select col13 from pt_table_24;
col13
5732-08-07 00:00:00
9976-06-04 00:00:00
3647-01-21 23:59:59
6216-12-30 00:00:00
7031-10-23 00:00:00
6868-02-03 00:00:00
4844-01-09 23:59:59
6438-11-29 00:00:00
3114-10-05 23:59:59
1014-07-01 23:59:59
4023-04-27 23:59:59
create table pt_table_31(col1 tinyint,col2 smallint,col3 int,col4 bigint,col5 tinyint unsigned,col6 smallint unsigned,col7 int unsigned,col8 bigint unsigned,col9 float,col10 double,col11 varchar(255),col12 Date,col13 DateTime,col14 timestamp,col15 bool,col16 decimal(5,2),col17 text,col18 varchar(255),col19 varchar(255),col20 text,primary key(col3))partition by range(col3)(PARTITION p0 VALUES LESS THAN (100),PARTITION p1 VALUES LESS THAN (2000),PARTITION p2 VALUES LESS THAN (4000),PARTITION p3 VALUES LESS THAN (6000),PARTITION p5 VALUES LESS THAN MAXVALUE);
load data infile '$resources/external_table_file/pt_table_data.csv' into table  pt_table_31;
select col2 from pt_table_31;
col2
5807
19514
4300
-22564
30792
-30001
11896
775
-18596
-23777
19053
create table pt_table_32(col1 tinyint,col2 smallint,col3 int,col4 bigint,col5 tinyint unsigned,col6 smallint unsigned,col7 int unsigned,col8 bigint unsigned,col9 float,col10 double,col11 varchar(255),col12 Date,col13 DateTime,col14 timestamp,col15 bool,col16 decimal(5,2),col17 text,col18 varchar(255),col19 varchar(255),col20 text)partition by range(col7)(PARTITION p0 VALUES LESS THAN (100),PARTITION p1 VALUES LESS THAN (2000),PARTITION p2 VALUES LESS THAN (4000),PARTITION p3 VALUES LESS THAN (6000),PARTITION p5 VALUES LESS THAN MAXVALUE);
load data infile '$resources/external_table_file/pt_table_data.csv' into table  pt_table_32;
select col2 from pt_table_32;
col2
5807
19514
4300
-22564
30792
-30001
11896
775
-18596
-23777
19053
create table pt_table_33(col1 tinyint,col2 smallint,col3 int,col4 bigint,col5 tinyint unsigned,col6 smallint unsigned,col7 int unsigned,col8 bigint unsigned,col9 float,col10 double,col11 varchar(255),col12 Date,col13 DateTime,col14 timestamp,col15 bool,col16 decimal(5,2),col17 text,col18 varchar(255),col19 varchar(255),col20 char(255),primary key(col3,col7))partition by range(col7)(PARTITION p0 VALUES LESS THAN (100),PARTITION p1 VALUES LESS THAN (2000),PARTITION p2 VALUES LESS THAN (4000),PARTITION p3 VALUES LESS THAN (6000),PARTITION p5 VALUES LESS THAN MAXVALUE);
load data infile '$resources/external_table_file/pt_table_data.csv' into table  pt_table_33;
select col2 from pt_table_33;
col2
5807
19514
4300
-22564
30792
-30001
11896
775
-18596
-23777
19053
create table pt_table_34(col1 tinyint,col2 smallint,col3 int,col4 bigint,col5 tinyint unsigned,col6 smallint unsigned,col7 int unsigned,col8 bigint unsigned,col9 float,col10 double,col11 varchar(255),col12 Date,col13 DateTime,col14 timestamp,col15 bool,col16 decimal(5,2),col17 text,col18 varchar(255),col19 varchar(255),col20 text)partition by range(year(col14))(PARTITION p0 VALUES LESS THAN (1991) comment ='expression range',PARTITION p1 VALUES LESS THAN (2000),PARTITION p2 VALUES LESS THAN (2009)comment ='range',PARTITION p3 VALUES LESS THAN (2010),PARTITION p5 VALUES LESS THAN MAXVALUE);
load data infile '$resources/external_table_file/pt_table_data.csv' into table  pt_table_34;
select col14 from pt_table_34;
col14
1975-09-10 07:59:59
1985-01-13 07:59:59
2034-02-10 08:00:00
2011-03-10 08:00:00
1977-03-19 07:59:59
2036-08-23 08:00:00
2037-12-04 08:00:00
2035-05-25 08:00:00
2014-09-26 08:00:00
1996-08-28 07:59:59
2011-10-04 08:00:00
create table pt_table_35(col1 tinyint not null,col2 smallint,col3 int not null,col4 bigint,col5 tinyint unsigned,col6 smallint unsigned,col7 int unsigned,col8 bigint unsigned,col9 float,col10 double,col11 varchar(255),col12 Date,col13 DateTime,col14 timestamp,col15 bool,col16 decimal(5,2),col17 text,col18 varchar(255),col19 varchar(255),col20 text,primary key(col3,col1))partition by range columns(col1,col3)(PARTITION p0 VALUES LESS THAN (100,300),PARTITION p1 VALUES LESS THAN (300,500),PARTITION p2 VALUES LESS THAN (500,MAXVALUE),PARTITION p3 VALUES LESS THAN (6000,MAXVALUE),PARTITION p4 VALUES LESS THAN (MAXVALUE,MAXVALUE));
load data infile '$resources/external_table_file/pt_table_data.csv' into table  pt_table_35;
select col14 from pt_table_35;
col14
1975-09-10 07:59:59
1985-01-13 07:59:59
2034-02-10 08:00:00
2011-03-10 08:00:00
1977-03-19 07:59:59
2036-08-23 08:00:00
2037-12-04 08:00:00
2035-05-25 08:00:00
2014-09-26 08:00:00
1996-08-28 07:59:59
2011-10-04 08:00:00
create table pt_table_36(col1 tinyint,col2 smallint,col3 int,col4 bigint,col5 tinyint unsigned,col6 smallint unsigned,col7 int unsigned,col8 bigint unsigned,col9 float,col10 double,col11 varchar(255),col12 Date,col13 DateTime,col14 timestamp,col15 bool,col16 decimal(5,2),col17 text,col18 varchar(255),col19 varchar(255),col20 text,primary key(col3))partition by range(col3)(PARTITION p0 VALUES LESS THAN (100+50),PARTITION p1 VALUES LESS THAN (2000+100),PARTITION p2 VALUES LESS THAN (4000),PARTITION p3 VALUES LESS THAN (6000),PARTITION p5 VALUES LESS THAN MAXVALUE);
load data infile '$resources/external_table_file/pt_table_data.csv' into table  pt_table_36;
select col2 from pt_table_36;
col2
5807
19514
4300
-22564
30792
-30001
11896
775
-18596
-23777
19053
create table pt_table_37(col1 tinyint,col2 smallint,col3 int,col4 bigint)partition by range(col90)(PARTITION p0 VALUES LESS THAN (100),PARTITION p1 VALUES LESS THAN (2000),PARTITION p2 VALUES LESS THAN (4000),PARTITION p3 VALUES LESS THAN (6000),PARTITION p5 VALUES LESS THAN MAXVALUE);
invalid input: column col90 does not exist
create table pt_table_37(col1 tinyint,col11 varchar(255),col12 Date)partition by range(col11)(PARTITION p0 VALUES LESS THAN (100),PARTITION p1 VALUES LESS THAN (2000),PARTITION p2 VALUES LESS THAN (4000),PARTITION p3 VALUES LESS THAN (6000),PARTITION p5 VALUES LESS THAN MAXVALUE);
SQL syntax error: type VARCHAR not allowed in partition clause
create table pt_table_37(col1 tinyint,col11 varchar(255),col12 timestamp)partition by range(col12)(PARTITION p0 VALUES LESS THAN (100),PARTITION p1 VALUES LESS THAN (2000),PARTITION p2 VALUES LESS THAN (4000),PARTITION p3 VALUES LESS THAN (6000),PARTITION p5 VALUES LESS THAN MAXVALUE);
SQL syntax error: type TIMESTAMP not allowed in partition clause
create table pt_table_37(col1 tinyint,col11 float,col12 timestamp)partition by range(col11)(PARTITION p0 VALUES LESS THAN (1991),PARTITION p1 VALUES LESS THAN (2000),PARTITION p2 VALUES LESS THAN (2009),PARTITION p3 VALUES LESS THAN (2010),PARTITION p5 VALUES LESS THAN MAXVALUE);
SQL syntax error: type FLOAT not allowed in partition clause
create table pt_table_37(col1 tinyint,col11 float,col12 timestamp)partition by range(ceil(col11))(PARTITION p0 VALUES LESS THAN (100),PARTITION p1 VALUES LESS THAN (2000),PARTITION p2 VALUES LESS THAN (4000),PARTITION p3 VALUES LESS THAN (6000),PARTITION p5 VALUES LESS THAN MAXVALUE);
SQL syntax error: type DOUBLE not allowed in partition clause
create table pt_table_37(col1 tinyint,col11 float,col12 timestamp)partition by range(col1);
invalid input: range partition cannot be empty
create table pt_table_41(col1 tinyint,col2 smallint,col3 int,col4 bigint,col5 tinyint unsigned,col6 smallint unsigned,col7 int unsigned,col8 bigint unsigned,col9 float,col10 double,col11 varchar(255),col12 Date,col13 DateTime,col14 timestamp,col15 bool,col16 decimal(5,2),col17 text,col18 varchar(255),col19 varchar(255),col20 text,primary key(col4))partition by list(col4) (PARTITION r0 VALUES IN (1, 5, 9, 13, 17, 21),PARTITION r1 VALUES IN (2, 6, 10, 14, 18, 22),PARTITION r2 VALUES IN (3, 7, 11, 15, 19, 23),PARTITION r3 VALUES IN (4, 8, 12, 16, 20, 24));
load data infile '$resources/external_table_file/pt_table_data.csv' into table  pt_table_41;
select col8 from pt_table_41;
col8
14999475422109240954
6204822205090614210
17397115807377870895
3143191107533743301
13381191796017069332
8740918055557791046
4029688785176298663
6625004793680807495
16635491969502097586
7094376021034692269
18225693328091251880
create table pt_table_42(col1 tinyint,col2 smallint,col3 int,col4 bigint,col5 tinyint unsigned,col6 smallint unsigned,col7 int unsigned,col8 bigint unsigned,col9 float,col10 double,col11 varchar(255),col12 Date,col13 DateTime,col14 timestamp,col15 bool,col16 decimal(5,2),col17 text,col18 varchar(255),col19 varchar(255),col20 text)partition by list(col8) (PARTITION r0 VALUES IN (1, 5, 9, 13, 17, 21),PARTITION r1 VALUES IN (2, 6, 10, 14, 18, 22),PARTITION r2 VALUES IN (3, 7, 11, 15, 19, 23),PARTITION r3 VALUES IN (4, 8, 12, 16, 20, 24));
load data infile '$resources/external_table_file/pt_table_data.csv' into table  pt_table_42;
select col8 from pt_table_42;
col8
14999475422109240954
6204822205090614210
17397115807377870895
3143191107533743301
13381191796017069332
8740918055557791046
4029688785176298663
6625004793680807495
16635491969502097586
7094376021034692269
18225693328091251880
create table pt_table_43(col1 tinyint,col2 smallint,col3 int,col4 bigint,col5 tinyint unsigned,col6 smallint unsigned,col7 int unsigned,col8 bigint unsigned,col9 float,col10 double,col11 varchar(255),col12 Date,col13 DateTime,col14 timestamp,col15 bool,col16 decimal(5,2),col17 text,col18 varchar(255),col19 varchar(255),col20 text)partition by list(col10) (PARTITION r0 VALUES IN (1, 5, 9, 13, 17, 21),PARTITION r1 VALUES IN (2, 6, 10, 14, 18, 22),PARTITION r2 VALUES IN (3, 7, 11, 15, 19, 23),PARTITION r3 VALUES IN (4, 8, 12, 16, 20, 24));
SQL syntax error: type DOUBLE not allowed in partition clause
create table pt_table_44(col1 tinyint,col2 smallint,col3 int,col4 bigint,col5 tinyint unsigned,col6 smallint unsigned,col7 int unsigned,col8 bigint unsigned,col9 float,col10 double,col11 varchar(255),col12 Date,col13 DateTime,col14 timestamp,col15 bool,col16 decimal(5,2),col17 text,col18 varchar(255),col19 varchar(255),col20 text,primary key(col3,col4))partition by list columns(col3,col4) (PARTITION p0 VALUES IN( (0,0), (NULL,NULL) ),PARTITION p1 VALUES IN( (0,1), (0,2), (0,3), (1,1), (1,2)) comment='list column comment' ,PARTITION p2 VALUES IN( (1,0), (2,0), (2,1), (3,0), (3,1) ),PARTITION p3 VALUES IN( (1,3), (2,2), (2,3), (3,2), (3,3) ));
load data infile '$resources/external_table_file/pt_table_data.csv' into table  pt_table_44;
select col3,col4 from pt_table_44;
col3    col4
-1889972806    7769629822818484334
-179559641    1234138289513302348
1287532466    -3038428195984464330
1124555433    -1681456935776973509
476482983    -484407619835391694
-1030254547    -5246968895134993792
-232972021    -3237107390156157130
330484802    -2998549470145089608
837702822    6123486173032718578
-1006909301    -6041648745842399623
1449911253    2267877015687134490
create table pt_table_45(col1 tinyint,col2 smallint,col3 int,col4 bigint,col5 tinyint unsigned,col6 smallint unsigned,col7 int unsigned,col8 bigint unsigned,col9 float,col10 double,col11 varchar(255),col12 Date,col13 DateTime,col14 timestamp,col15 bool,col16 decimal(5,2),col17 text,col18 varchar(255),col19 varchar(255),col20 text)partition by list(year(col13))(PARTITION r0 VALUES IN (1999, 2001, 2003),PARTITION r1 VALUES IN (2002, 2004, 2005),PARTITION r2 VALUES IN (2006, 2007, 2008));
load data infile '$resources/external_table_file/pt_table_data.csv' into table  pt_table_45;
select col3,col4 from pt_table_45;
col3    col4
-1889972806    7769629822818484334
-179559641    1234138289513302348
1287532466    -3038428195984464330
1124555433    -1681456935776973509
476482983    -484407619835391694
-1030254547    -5246968895134993792
-232972021    -3237107390156157130
330484802    -2998549470145089608
837702822    6123486173032718578
-1006909301    -6041648745842399623
1449911253    2267877015687134490
show create table pt_table_45;
Table    Create Table
pt_table_45    CREATE TABLE `pt_table_45` (\n`col1` TINYINT DEFAULT NULL,\n`col2` SMALLINT DEFAULT NULL,\n`col3` INT DEFAULT NULL,\n`col4` BIGINT DEFAULT NULL,\n`col5` TINYINT UNSIGNED DEFAULT NULL,\n`col6` SMALLINT UNSIGNED DEFAULT NULL,\n`col7` INT UNSIGNED DEFAULT NULL,\n`col8` BIGINT UNSIGNED DEFAULT NULL,\n`col9` FLOAT DEFAULT NULL,\n`col10` DOUBLE DEFAULT NULL,\n`col11` VARCHAR(255) DEFAULT NULL,\n`col12` DATE DEFAULT NULL,\n`col13` DATETIME DEFAULT NULL,\n`col14` TIMESTAMP DEFAULT NULL,\n`col15` BOOL DEFAULT NULL,\n`col16` DECIMAL64 DEFAULT NULL,\n`col17` TEXT DEFAULT NULL,\n`col18` VARCHAR(255) DEFAULT NULL,\n`col19` VARCHAR(255) DEFAULT NULL,\n`col20` TEXT DEFAULT NULL\n) partition by list(year(col13)) (partition r0 values in (1999, 2001, 2003), partition r1 values in (2002, 2004, 2005), partition r2 values in (2006, 2007, 2008))
create table pt_table_46(col1 tinyint,col2 smallint,col3 int,col4 bigint,col5 tinyint unsigned,col6 smallint unsigned,col7 int unsigned,col8 bigint unsigned,col9 float,col10 double,col11 varchar(255),col12 Date,col13 DateTime,col14 timestamp,col15 bool,col16 decimal(5,2),col17 text,col18 varchar(255),col19 varchar(255),col20 text)partition by list(col20) (PARTITION r0 VALUES IN (1, 5, 9, 13, 17, 21),PARTITION r1 VALUES IN (2, 6, 10, 14, 18, 22),PARTITION r2 VALUES IN (3, 7, 11, 15, 19, 23),PARTITION r3 VALUES IN (4, 8, 12, 16, 20, 24));
SQL syntax error: type TEXT not allowed in partition clause
create table pt_table_47(col13 DateTime,col14 timestamp,col15 bool,partition by list(col13) (PARTITION r0 VALUES IN (1, 5, 9, 13, 17, 21),PARTITION r1 VALUES IN (2, 6, 10, 14, 18, 22),PARTITION r2 VALUES IN (3, 7, 11, 15, 19, 23),PARTITION r3 VALUES IN (4, 8, 12, 16, 20, 24));
SQL parser error: You have an error in your SQL syntax; check the manual that corresponds to your MatrixOne server version for the right syntax to use. syntax error at line 1 column 76 near "partition by list(col13) (PARTITION r0 VALUES IN (1, 5, 9, 13, 17, 21),PARTITION r1 VALUES IN (2, 6, 10, 14, 18, 22),PARTITION r2 VALUES IN (3, 7, 11, 15, 19, 23),PARTITION r3 VALUES IN (4, 8, 12, 16, 20, 24));";
create table pt_table_48(col1 tinyint,col2 smallint,col10 decimal)partition by list(col10) (PARTITION r0 VALUES IN (1, 5, 9, 13, 17, 21),PARTITION r1 VALUES IN (2, 6, 10, 14, 18, 22));
SQL syntax error: type DECIMAL128 not allowed in partition clause
create table pt_table_49(col1 tinyint,col2 smallint,col15 bool)partition by list(col15) (PARTITION r0 VALUES IN (1, 5, 9, 13, 17, 21),PARTITION r1 VALUES IN (2, 6, 10, 14, 18, 22));
SQL syntax error: type BOOL not allowed in partition clause
create table pt_table_50(col1 tinyint,col2 smallint,col3 int,col4 bigint,col5 tinyint unsigned,col6 smallint unsigned,col7 int unsigned,col8 bigint unsigned,col9 float,col10 double,col11 varchar(255),col12 Date,col13 DateTime,col14 timestamp,col15 bool,col16 decimal(5,2),col17 text,col18 varchar(255),col19 varchar(255),col20 text,primary key(col4,col3,col11))partition by list(col3) (PARTITION r0 VALUES IN (1, 5*2, 9, 13, 17-20, 21),PARTITION r1 VALUES IN (2, 6, 10, 14/2, 18, 22),PARTITION r2 VALUES IN (3, 7, 11+6, 15, 19, 23),PARTITION r3 VALUES IN (4, 8, 12, 16, 20, 24));
create table pt_table_51(col1 tinyint,col2 smallint,col3 int,col4 bigint,col5 tinyint unsigned,col6 smallint unsigned,col7 int unsigned,col8 bigint unsigned,col9 float,col10 double,col11 varchar(255),col12 Date,col13 DateTime,col14 timestamp,col15 bool,col16 decimal(5,2),col17 text,col18 varchar(255),col19 varchar(255),col20 text)partition by list(year(col13))(PARTITION r0 VALUES IN (1999, 2001, 2003),PARTITION r1 VALUES IN (1999, 2001, 2003),PARTITION r2 VALUES IN (1999, 2001, 2003));
create table pt_table_52(col1 tinyint,col2 smallint,col3 int,col4 bigint,col11 varchar(255),col12 Date,col13 DateTime,primary key(col4,col3,col11))partition by list(col2) (PARTITION r0 VALUES IN (1, 5, 9, 13, 17, 21),PARTITION r1 VALUES IN (2, 6, 10, 14, 18, 22),PARTITION r2 VALUES IN (3, 7, 11, 15, 19, 23),PARTITION r3 VALUES IN (4, 8, 12, 16, 20, 24));
invalid input: partition key is not part of primary key
