create account a1 ADMIN_NAME 'admin1' IDENTIFIED BY 'test123';
select @@lower_case_table_names;
@@lower_case_table_names
1
create database test;
use test;
create table t1 (a int);
insert into t1 values (1), (2), (3);
select * from t1;
a
1
2
3
select A from t1;
A
1
2
3
select a from t1;
a
1
2
3
select A from T1;
A
1
2
3
select tmp.a from t1 as tmp;
a
1
2
3
select TMP.a from t1 as tmp;
a
1
2
3
select tmp.aA from (select a as Aa from t1) as tmp;
aA
1
2
3
select tmp.Aa from (select a as Aa from t1) as tmp;
Aa
1
2
3
select TMp.aA from (select a as Aa from t1) as tmp;
aA
1
2
3
select TMp.Aa from (select a as Aa from t1) as tmp;
Aa
1
2
3
set global lower_case_table_names = 0;
select @@lower_case_table_names;
@@lower_case_table_names
0
use test;
select A from t1;
A
1
2
3
select a from t1;
a
1
2
3
select A from T1;
SQL parser error: table "T1" does not exist
select tmp.a from t1 as tmp;
a
1
2
3
select TMP.a from t1 as tmp;
invalid input: missing FROM-clause entry for table 'TMP'
select tmp.aA from (select a as Aa from t1) as tmp;
aA
1
2
3
select tmp.Aa from (select a as Aa from t1) as tmp;
Aa
1
2
3
select TMp.aA from (select a as Aa from t1) as tmp;
invalid input: missing FROM-clause entry for table 'TMp'
select TMp.Aa from (select a as Aa from t1) as tmp;
invalid input: missing FROM-clause entry for table 'TMp'
drop database test;
select @@lower_case_table_names;
@@lower_case_table_names
0
create database test;
use test;
create table T1 (a int);
insert into T1 values (1), (2), (3);
select * from T1;
a
1
2
3
set global lower_case_table_names = 1;
select @@lower_case_table_names;
@@lower_case_table_names
1
use test;
select * from t1;
SQL parser error: table "t1" does not exist
select * from T1;
SQL parser error: table "t1" does not exist
drop database test;
drop account a1;
