create account a1 ADMIN_NAME 'admin1' IDENTIFIED BY 'test123';
select @@lower_case_table_names;
@@lower_case_table_names
1
create database test;
use test;
create table t1 (a int);
insert into t1 values (1), (2), (3);
select * from t1;
a
1
2
3
select A from t1;
A
1
2
3
select a from t1;
a
1
2
3
select A from T1;
A
1
2
3
select tmp.a from t1 as tmp;
a
1
2
3
select TMP.a from t1 as tmp;
a
1
2
3
select tmp.aA from (select a as Aa from t1) as tmp;
aA
1
2
3
select tmp.Aa from (select a as Aa from t1) as tmp;
Aa
1
2
3
select TMp.aA from (select a as Aa from t1) as tmp;
aA
1
2
3
select TMp.Aa from (select a as Aa from t1) as tmp;
Aa
1
2
3
set global lower_case_table_names = 0;
select @@lower_case_table_names;
@@lower_case_table_names
0
use test;
select A from t1;
A
1
2
3
select a from t1;
a
1
2
3
select A from T1;
SQL parser error: table "T1" does not exist
select tmp.a from t1 as tmp;
a
1
2
3
select TMP.a from t1 as tmp;
invalid input: missing FROM-clause entry for table 'TMP'
select tmp.aA from (select a as Aa from t1) as tmp;
aA
1
2
3
select tmp.Aa from (select a as Aa from t1) as tmp;
Aa
1
2
3
select TMp.aA from (select a as Aa from t1) as tmp;
invalid input: missing FROM-clause entry for table 'TMp'
select TMp.Aa from (select a as Aa from t1) as tmp;
invalid input: missing FROM-clause entry for table 'TMp'
drop database test;
select @@lower_case_table_names;
@@lower_case_table_names
0
create database test;
use test;
create table T1 (a int);
insert into T1 values (1), (2), (3);
select * from T1;
a
1
2
3
set global lower_case_table_names = 1;
select @@lower_case_table_names;
@@lower_case_table_names
1
use test;
select * from t1;
SQL parser error: table "t1" does not exist
select * from T1;
SQL parser error: table "t1" does not exist
drop database test;
set global lower_case_table_names = 0;
select @@lower_case_table_names;
@@lower_case_table_names
0
show variables like "%lower%";
Variable_name    Value
lower_case_file_system    off
lower_case_table_names    0
create database if not exists test;
use test;
drop table if exists Tt;
drop table if exists TT;
create table Tt (Aa int);
insert into Tt values (1), (2), (3);
select Aa from Tt;
Aa
1
2
3
create table TT (c1 int);
show tables;
Tables_in_test
TT
Tt
alter table TT add column c2 int; -- should work
alter table `TT` add column c3 int; -- should work as well
select * from TT;
c1    c2    c3
select * from `TT`;
c1    c2    c3
select * from Tt;
aa
1
2
3
select * from `Tt`;
aa
1
2
3
drop database test;
select @@lower_case_table_names;
@@lower_case_table_names
0
select table_name from INFORMATION_SCHEMA.TABLES limit 0;
table_name
select table_name from INFORMATION_SCHEMA.tables limit 0;
table_name
select table_name from information_schema.TABLES limit 0;
table_name
select table_name from information_schema.tables limit 0;
table_name
use INFORMATION_SCHEMA;
use information_schema;
select table_name from TABLES limit 0;
table_name
select table_name from tables limit 0;
table_name
set global lower_case_table_names = 1;
select @@lower_case_table_names;
@@lower_case_table_names
1
select table_name from INFORMATION_SCHEMA.TABLES limit 0;
table_name
select table_name from INFORMATION_SCHEMA.tables limit 0;
table_name
select table_name from information_schema.TABLES limit 0;
table_name
select table_name from information_schema.tables limit 0;
table_name
use INFORMATION_SCHEMA;
use information_schema;
select table_name from TABLES limit 0;
table_name
select table_name from tables limit 0;
table_name
set global lower_case_table_names = 0;
select @@lower_case_table_names;
@@lower_case_table_names
0
drop database if exists test;
create database test;
use test;
create table t1 (`Id` int);
show create table t1;
Table    Create Table
t1    CREATE TABLE `t1` (\n  `Id` INT DEFAULT NULL\n)
desc t1;
Field    Type    Null    Key    Default    Extra    Comment
Id    INT(32)    YES        null        
insert into t1 (`Id`) values (1);
insert into t1 (id) values (1);
insert into t1 (Id) values (1);
insert into t1 (iD) values (1);
insert into t1 (ID) values (1);
select * from t1;
id
1
1
1
1
1
set global lower_case_table_names = 1;
drop account a1;
