set interactive_timeout = default;
set net_write_timeout = default;
set wait_timeout = default;
set sql_select_limit = default;
set max_allowed_packet = default;
set wait_timeout = default;
set tx_isolation = default;
set tx_isolation = default;
show variables like 'auto%';
Variable_name    Value
auto_generate_certs    on
auto_increment_increment    1
auto_increment_offset    1
autocommit    on
automatic_sp_privileges    on
show variables like 'auto_increment_increment';
Variable_name    Value
auto_increment_increment    1
set auto_increment_increment = 2;
show variables like 'auto_increment_increment';
Variable_name    Value
auto_increment_increment    2
set auto_increment_increment = 1+1;
show variables like 'auto_increment_increment';
Variable_name    Value
auto_increment_increment    2
set auto_increment_increment = 2*3;
show variables like 'auto_increment_increment';
Variable_name    Value
auto_increment_increment    6
show variables like 'init%';
Variable_name    Value
init_connect    
init_file    
show variables like 'init_connect';
Variable_name    Value
init_connect    
show variables like 'interactive%';
Variable_name    Value
interactive_timeout    28800
show variables like 'interactive_timeout';
Variable_name    Value
interactive_timeout    28800
set interactive_timeout = 36600;
show variables like 'interactive_timeout';
Variable_name    Value
interactive_timeout    36600
set interactive_timeout = 30000+100;
show variables like 'interactive_timeout';
Variable_name    Value
interactive_timeout    30100
set global interactive_timeout = 30000+100;
show variables like 'interactive_timeout';
Variable_name    Value
interactive_timeout    30100
show variables like 'lower%';
Variable_name    Value
lower_case_file_system    off
lower_case_table_names    1
show variables like 'lower_case_table_names';
Variable_name    Value
lower_case_table_names    1
show variables like 'net_write_timeout';
Variable_name    Value
net_write_timeout    60
set net_write_timeout = 70;
show variables like 'net_write_timeout';
Variable_name    Value
net_write_timeout    70
set net_write_timeout = 20*20;
show variables like 'net_write_timeout';
Variable_name    Value
net_write_timeout    400
set net_write_timeout = 60;
show variables like 'net_write_timeout';
Variable_name    Value
net_write_timeout    60
show variables where variable_name like 'system%' and variable_name != 'system_time_zone';
Variable_name    Value
select @@system_time_zone != '';
@@system_time_zone != 
true
show variables like 'trans%';
Variable_name    Value
transaction_alloc_block_size    8192
transaction_isolation    REPEATABLE-READ
transaction_operator_open_log    off
transaction_prealloc_size    4096
transaction_read_only    0
transferred    off
show variables like 'transaction_isolation';
Variable_name    Value
transaction_isolation    REPEATABLE-READ
show variables like 'wait%';
Variable_name    Value
wait_timeout    28800
show variables like 'wait_timeout';
Variable_name    Value
wait_timeout    28800
set wait_timeout = 33600;
show variables like 'wait_timeout';
Variable_name    Value
wait_timeout    33600
set wait_timeout = 10;
show variables like 'wait_timeout';
Variable_name    Value
wait_timeout    10
drop table if exists t;
create table t(
a int,
b int,
c int,
primary key(a)
);
show indexes from t;
Table    Non_unique    Key_name    Seq_in_index    Column_name    Collation    Cardinality    Sub_part    Packed    Null    Index_type    Comment    Index_comment    Index_params    Visible    Expression
t    0    PRIMARY    1    a    A    0    NULL    NULL                        YES    NULL
create account acc_idx ADMIN_NAME 'root' IDENTIFIED BY '123456';
create database db1;
use db1;
drop table if exists t;
create table t(
a int,
b int,
c int,
primary key(a)
);
show indexes from t;
Table    Non_unique    Key_name    Seq_in_index    Column_name    Collation    Cardinality    Sub_part    Packed    Null    Index_type    Comment    Index_comment    Index_params    Visible    Expression
t    0    PRIMARY    1    a    A    0    NULL    NULL                        YES    NULL
drop database db1;
drop account acc_idx;
use information_schema;
show tables;
Tables_in_information_schema
character_sets
collations
column_privileges
columns
engines
events
files
key_column_usage
keywords
parameters
partitions
processlist
profiling
referential_constraints
routines
schema_privileges
schemata
statistics
table_constraints
table_privileges
tables
triggers
user_privileges
views
desc key_column_usage;
Field    Type    Null    Key    Default    Extra    Comment
CONSTRAINT_CATALOG    VARCHAR(64)    YES        null        
CONSTRAINT_SCHEMA    VARCHAR(64)    YES        null        
CONSTRAINT_NAME    VARCHAR(64)    YES        null        
TABLE_CATALOG    VARCHAR(64)    YES        null        
TABLE_SCHEMA    VARCHAR(64)    YES        null        
TABLE_NAME    VARCHAR(64)    YES        null        
COLUMN_NAME    VARCHAR(64)    YES        null        
ORDINAL_POSITION    INT UNSIGNED(32)    YES        null        
POSITION_IN_UNIQUE_CONSTRAINT    INT UNSIGNED(32)    YES        null        
REFERENCED_TABLE_SCHEMA    VARCHAR(64)    YES        null        
REFERENCED_TABLE_NAME    VARCHAR(64)    YES        null        
REFERENCED_COLUMN_NAME    VARCHAR(64)    YES        null        
select table_name, column_name from key_column_usage limit 2;
table_name    column_name
desc columns;
Field    Type    Null    Key    Default    Extra    Comment
table_catalog    VARCHAR(3)    NO        null        
table_schema    VARCHAR(256)    YES        null        
table_name    VARCHAR(256)    YES        null        
column_name    VARCHAR(256)    YES        null        
ordinal_position    INT(0)    YES        null        
column_default    VARCHAR(65535)    YES        null        
is_nullable    VARCHAR(3)    YES        null        
data_type    VARCHAR(65535)    YES        null        
character_maximum_length    BIGINT(0)    YES        null        
character_octet_length    BIGINT(0)    YES        null        
numeric_precision    BIGINT(0)    YES        null        
numeric_scale    BIGINT(0)    YES        null        
datetime_precision    BIGINT(0)    YES        null        
character_set_name    VARCHAR(4)    YES        null        
collation_name    VARCHAR(8)    YES        null        
column_type    VARCHAR(65535)    YES        null        
column_key    VARCHAR(3)    YES        null        
extra    VARCHAR(14)    YES        null        
privileges    VARCHAR(31)    NO        null        
column_comment    VARCHAR(2048)    YES        null        
generation_expression    VARCHAR(500)    NO        null        
srs_id    BIGINT(0)    YES        null        
select table_name, column_name from columns where table_schema = 'mo_catalog' and column_name != '__mo_index_idx_col' and column_name != '__mo_index_pri_col' order by table_name, column_name limit 5;
table_name    column_name
mo_account    account_id
mo_account    account_name
mo_account    admin_name
mo_account    comments
mo_account    create_version
desc views;
Field    Type    Null    Key    Default    Extra    Comment
table_catalog    VARCHAR(3)    NO        null        
table_schema    VARCHAR(5000)    YES        null        
table_name    VARCHAR(5000)    YES        null        
view_definition    TEXT(0)    YES        null        
check_option    VARCHAR(4)    NO        null        
is_updatable    VARCHAR(3)    NO        null        
definer    VARCHAR(65535)    YES        null        
security_type    VARCHAR(7)    NO        null        
character_set_client    VARCHAR(7)    NO        null        
collation_connection    VARCHAR(18)    NO        null        
select table_schema, table_name, definer from views where table_schema = 'system' order by table_name;
table_schema    table_name    definer
system    error_info    root@localhost
system    log_info    root@localhost
system    span_info    root@localhost
system    sql_statement_hotspot    root@localhost
desc profiling;
Field    Type    Null    Key    Default    Extra    Comment
QUERY_ID    INT(32)    NO        '0'        
SEQ    INT(32)    NO        '0'        
STATE    VARCHAR(30)    NO        ''        
DURATION    DECIMAL(9)    NO        '0.000000'        
CPU_USER    DECIMAL(9)    YES        null        
CPU_SYSTEM    DECIMAL(9)    YES        null        
CONTEXT_VOLUNTARY    INT(32)    YES        null        
CONTEXT_INVOLUNTARY    INT(32)    YES        null        
BLOCK_OPS_IN    INT(32)    YES        null        
BLOCK_OPS_OUT    INT(32)    YES        null        
MESSAGES_SENT    INT(32)    YES        null        
MESSAGES_RECEIVED    INT(32)    YES        null        
PAGE_FAULTS_MAJOR    INT(32)    YES        null        
PAGE_FAULTS_MINOR    INT(32)    YES        null        
SWAPS    INT(32)    YES        null        
SOURCE_FUNCTION    VARCHAR(30)    YES        null        
SOURCE_FILE    VARCHAR(20)    YES        null        
SOURCE_LINE    INT(32)    YES        null        
select seq, state from profiling;
seq    state
desc user_privileges;
Field    Type    Null    Key    Default    Extra    Comment
GRANTEE    VARCHAR(292)    NO        ''        
TABLE_CATALOG    VARCHAR(512)    NO        ''        
PRIVILEGE_TYPE    VARCHAR(64)    NO        ''        
IS_GRANTABLE    VARCHAR(3)    NO        ''        
select grantee, table_catalog from user_privileges limit 2;
grantee    table_catalog
desc schemata;
Field    Type    Null    Key    Default    Extra    Comment
catalog_name    VARCHAR(3)    YES        null        
schema_name    VARCHAR(5000)    YES        null        
default_character_set_name    VARCHAR(7)    NO        null        
default_collation_name    VARCHAR(18)    NO        null        
sql_path    CHAR(0)    YES        null        
default_encryption    VARCHAR(3)    NO        null        
select catalog_name, schema_name from schemata where schema_name = 'mo_catalog' or schema_name = 'mo_task' order by catalog_name, schema_name;
catalog_name    schema_name
def    mo_task
def    mo_catalog
desc character_sets;
Field    Type    Null    Key    Default    Extra    Comment
CHARACTER_SET_NAME    VARCHAR(64)    YES        null        
DEFAULT_COLLATE_NAME    VARCHAR(64)    YES        null        
DESCRIPTION    VARCHAR(2048)    YES        null        
MAXLEN    INT UNSIGNED(32)    YES        null        
select character_set_name, description, maxlen from character_sets limit 5;
character_set_name    description    maxlen
desc triggers;
Field    Type    Null    Key    Default    Extra    Comment
TRIGGER_CATALOG    VARCHAR(64)    YES        null        
TRIGGER_SCHEMA    VARCHAR(64)    YES        null        
TRIGGER_NAME    VARCHAR(64)    YES        null        
EVENT_MANIPULATION    VARCHAR(10)    YES        null        
EVENT_OBJECT_CATALOG    VARCHAR(64)    YES        null        
EVENT_OBJECT_SCHEMA    VARCHAR(64)    YES        null        
EVENT_OBJECT_TABLE    VARCHAR(64)    YES        null        
ACTION_ORDER    INT UNSIGNED(32)    YES        null        
ACTION_CONDITION    BINARY(0)    YES        null        
ACTION_STATEMENT    TEXT(0)    YES        null        
ACTION_ORIENTATION    VARCHAR(3)    YES        null        
ACTION_TIMING    VARCHAR(10)    YES        null        
ACTION_REFERENCE_OLD_TABLE    BINARY(0)    YES        null        
ACTION_REFERENCE_NEW_TABLE    BINARY(0)    YES        null        
ACTION_REFERENCE_OLD_ROW    VARCHAR(3)    YES        null        
ACTION_REFERENCE_NEW_ROW    VARCHAR(3)    YES        null        
CREATED    TIMESTAMP(2)    YES        null        
SQL_MODE    VARCHAR(10)    YES        null        
DEFINER    VARCHAR(288)    YES        null        
CHARACTER_SET_CLIENT    VARCHAR(64)    YES        null        
COLLATION_CONNECTION    VARCHAR(64)    YES        null        
DATABASE_COLLATION    VARCHAR(64)    YES        null        
select trigger_name, action_order from triggers limit 3;
trigger_name    action_order
use mysql;
select host, user from user limit 2;
host    user
desc db;
Field    Type    Null    Key    Default    Extra    Comment
Host    CHAR(255)    NO    PRI    ''        
Db    CHAR(64)    NO    PRI    ''        
User    CHAR(32)    NO    PRI    ''        
Select_priv    VARCHAR(10)    NO        'N'        
Insert_priv    VARCHAR(10)    NO        'N'        
Update_priv    VARCHAR(10)    NO        'N'        
Delete_priv    VARCHAR(10)    NO        'N'        
Create_priv    VARCHAR(10)    NO        'N'        
Drop_priv    VARCHAR(10)    NO        'N'        
Grant_priv    VARCHAR(10)    NO        'N'        
References_priv    VARCHAR(10)    NO        'N'        
Index_priv    VARCHAR(10)    NO        'N'        
Alter_priv    VARCHAR(10)    NO        'N'        
Create_tmp_table_priv    VARCHAR(10)    NO        'N'        
Lock_tables_priv    VARCHAR(10)    NO        'N'        
Create_view_priv    VARCHAR(10)    NO        'N'        
Show_view_priv    VARCHAR(10)    NO        'N'        
Create_routine_priv    VARCHAR(10)    NO        'N'        
Alter_routine_priv    VARCHAR(10)    NO        'N'        
Execute_priv    VARCHAR(10)    NO        'N'        
Event_priv    VARCHAR(10)    NO        'N'        
Trigger_priv    VARCHAR(10)    NO        'N'        
select db, user from db limit 5;
db    user
desc procs_priv;
Field    Type    Null    Key    Default    Extra    Comment
Host    CHAR(255)    NO    PRI    ''        
Db    CHAR(64)    NO    PRI    ''        
User    CHAR(32)    NO    PRI    ''        
Routine_name    CHAR(64)    NO    PRI    ''        
Routine_type    VARCHAR(10)    NO    PRI    null        
Grantor    VARCHAR(288)    NO    MUL    ''        
Proc_priv    VARCHAR(10)    NO        ''        
Timestamp    TIMESTAMP(0)    NO        CURRENT_TIMESTAMP()        
select routine_name, routine_type from procs_priv limit 5;
routine_name    routine_type
desc columns_priv;
Field    Type    Null    Key    Default    Extra    Comment
Host    CHAR(255)    NO    PRI    ''        
Db    CHAR(64)    NO    PRI    ''        
User    CHAR(32)    NO    PRI    ''        
Table_name    CHAR(64)    NO    PRI    ''        
Column_name    CHAR(64)    NO    PRI    ''        
Timestamp    TIMESTAMP(0)    NO        CURRENT_TIMESTAMP()        
Column_priv    VARCHAR(10)    NO        ''        
select table_name, column_name from columns_priv limit 5;
table_name    column_name
desc tables_priv;
Field    Type    Null    Key    Default    Extra    Comment
Host    CHAR(255)    NO    PRI    ''        
Db    CHAR(64)    NO    PRI    ''        
User    CHAR(32)    NO    PRI    ''        
Table_name    CHAR(64)    NO    PRI    ''        
Grantor    VARCHAR(288)    NO    MUL    ''        
Timestamp    TIMESTAMP(0)    NO        CURRENT_TIMESTAMP()        
Table_priv    VARCHAR(10)    NO        ''        
Column_priv    VARCHAR(10)    NO        ''        
select host, table_name from tables_priv limit 5;
host    table_name
show variables like 'sql_select_limit';
Variable_name    Value
sql_select_limit    18446744073709551615
set sql_select_limit = 100000;
show variables like 'sql_select_limit';
Variable_name    Value
sql_select_limit    100000
set sql_select_limit = 1;
show variables like 'sql_select_limit';
Variable_name    Value
sql_select_limit    1
SET SQL_SELECT_LIMIT = Default;
show variables like 'sql_select_limit';
Variable_name    Value
sql_select_limit    18446744073709551615
show variables like 'max_allowed_packet';
Variable_name    Value
max_allowed_packet    67108864
set max_allowed_packet = 10000;
show variables like 'max_allowed_packet';
Variable_name    Value
max_allowed_packet    10000
set max_allowed_packet = default;
show variables like 'max_allowed_packet';
Variable_name    Value
max_allowed_packet    67108864
show variables like 'wait_timeout';
Variable_name    Value
wait_timeout    10
set wait_timeout = 10000;
show variables like 'wait_timeout';
Variable_name    Value
wait_timeout    10000
set wait_timeout = default;
show variables like 'wait_timeout';
Variable_name    Value
wait_timeout    28800
show variables like 'character_set_results';
Variable_name    Value
character_set_results    utf8
set character_set_server = default;
show variables like 'character_set_results';
Variable_name    Value
character_set_results    utf8
show variables like 'character_set_server';
Variable_name    Value
character_set_server    utf8mb4
set character_set_server = default;
show variables like 'character_set_server';
Variable_name    Value
character_set_server    utf8mb4
show variables like 'transaction_isolation';
Variable_name    Value
transaction_isolation    REPEATABLE-READ
set transaction_isolation = default;
show variables like 'transaction_isolation';
Variable_name    Value
transaction_isolation    REPEATABLE-READ
show variables like 'tx_isolation';
Variable_name    Value
tx_isolation    REPEATABLE-READ
set tx_isolation = default;
show variables like 'tx_isolation';
Variable_name    Value
tx_isolation    REPEATABLE-READ
select @@sql_mode;
@@sql_mode
ERROR_FOR_DIVISION_BY_ZERO,NO_ENGINE_SUBSTITUTION,NO_ZERO_DATE,NO_ZERO_IN_DATE,ONLY_FULL_GROUP_BY,STRICT_TRANS_TABLES
set @@sql_mode ='';
select @@sql_mode;
@@sql_mode

set @@sql_mode = 'ONLY_FULL_GROUP_BY';
select @@sql_mode;
@@sql_mode
ONLY_FULL_GROUP_BY
set @@sql_mode = "ONLY_FULL_GROUP_BY,STRICT_TRANS_TABLES";
select @@sql_mode;
@@sql_mode
ONLY_FULL_GROUP_BY,STRICT_TRANS_TABLES
set @@sql_mode = default;
set global long_query_time = 1.1;
show global variables like 'long_query_time';
Variable_name    Value
long_query_time    1.1
set global long_query_time = default;
show global variables like 'long_query_time';
Variable_name    Value
long_query_time    10
create account acc_idx ADMIN_NAME 'root' IDENTIFIED BY '123456';
create database test_for_navicat;
create database test_for_navicat;
SELECT SCHEMA_NAME, DEFAULT_CHARACTER_SET_NAME, DEFAULT_COLLATION_NAME FROM information_schema.SCHEMATA where SCHEMA_NAME = 'test_for_navicat';
SCHEMA_NAME    DEFAULT_CHARACTER_SET_NAME    DEFAULT_COLLATION_NAME
test_for_navicat    utf8mb4    utf8mb4_0900_ai_ci
drop database test_for_navicat;
drop account acc_idx;
