DROP TABLE IF EXISTS emp;
create table emp(
empno int auto_increment COMMENT '雇员编号',
ename varchar(15) COMMENT '雇员姓名',
job varchar(10) COMMENT '雇员职位',
mgr int unsigned COMMENT '雇员对应的领导的编号',
hiredate date COMMENT '雇员的雇佣日期',
sal decimal(7,2) COMMENT '雇员的基本工资',
comm decimal(7,2) COMMENT '奖金',
deptno int unsigned COMMENT '所在部门',
primary key(empno)
) COMMENT='雇员表';
INSERT INTO emp VALUES (1,'SMITH','CLERK',7902,'1980-12-17',800,NULL,20);
INSERT INTO emp VALUES (2,'ALLEN','SALESMAN',7698,'1981-02-20',1600,300,30);
INSERT INTO emp VALUES (3,'WARD','SALESMAN',7698,'1981-02-22',1250,500,30);
INSERT INTO emp VALUES (4,'JONES','MANAGER',7839,'1981-04-02',2975,NULL,20);
INSERT INTO emp VALUES (5,'MARTIN','SALESMAN',7698,'1981-09-28',1250,1400,30);
INSERT INTO emp VALUES (6,'BLAKE','MANAGER',7839,'1981-05-01',2850,NULL,30);
INSERT INTO emp VALUES (7,'CLARK','MANAGER',7839,'1981-06-09',2450,NULL,10);
INSERT INTO emp VALUES (8,'SCOTT','ANALYST',7566,'0087-07-13',3000,NULL,20);
INSERT INTO emp VALUES (9,'KING','PRESIDENT',NULL,'1981-11-17',5000,NULL,10);
INSERT INTO emp VALUES (10,'TURNER','SALESMAN',7698,'1981-09-08',1500,0,30);
SELECT * FROM EMP;
empno    ename    job    mgr    hiredate    sal    comm    deptno
1    SMITH    CLERK    7902    1980-12-17    800.00    null    20
2    ALLEN    SALESMAN    7698    1981-02-20    1600.00    300.00    30
3    WARD    SALESMAN    7698    1981-02-22    1250.00    500.00    30
4    JONES    MANAGER    7839    1981-04-02    2975.00    null    20
5    MARTIN    SALESMAN    7698    1981-09-28    1250.00    1400.00    30
6    BLAKE    MANAGER    7839    1981-05-01    2850.00    null    30
7    CLARK    MANAGER    7839    1981-06-09    2450.00    null    10
8    SCOTT    ANALYST    7566    0087-07-13    3000.00    null    20
9    KING    PRESIDENT    null    1981-11-17    5000.00    null    10
10    TURNER    SALESMAN    7698    1981-09-08    1500.00    0.00    30
truncate table emp;
INSERT INTO emp VALUES (1,'SMITH','CLERK',7902,'1980-12-17',800,NULL,20);
INSERT INTO emp VALUES (2,'ALLEN','SALESMAN',7698,'1981-02-20',1600,300,30);
INSERT INTO emp VALUES (3,'WARD','SALESMAN',7698,'1981-02-22',1250,500,30);
INSERT INTO emp VALUES (4,'JONES','MANAGER',7839,'1981-04-02',2975,NULL,20);
INSERT INTO emp VALUES (5,'MARTIN','SALESMAN',7698,'1981-09-28',1250,1400,30);
INSERT INTO emp VALUES (6,'BLAKE','MANAGER',7839,'1981-05-01',2850,NULL,30);
INSERT INTO emp VALUES (7,'CLARK','MANAGER',7839,'1981-06-09',2450,NULL,10);
INSERT INTO emp VALUES (8,'SCOTT','ANALYST',7566,'0087-07-13',3000,NULL,20);
INSERT INTO emp VALUES (9,'KING','PRESIDENT',NULL,'1981-11-17',5000,NULL,10);
INSERT INTO emp VALUES (10,'TURNER','SALESMAN',7698,'1981-09-08',1500,0,30);
SELECT * FROM EMP;
empno    ename    job    mgr    hiredate    sal    comm    deptno
1    SMITH    CLERK    7902    1980-12-17    800.00    null    20
2    ALLEN    SALESMAN    7698    1981-02-20    1600.00    300.00    30
3    WARD    SALESMAN    7698    1981-02-22    1250.00    500.00    30
4    JONES    MANAGER    7839    1981-04-02    2975.00    null    20
5    MARTIN    SALESMAN    7698    1981-09-28    1250.00    1400.00    30
6    BLAKE    MANAGER    7839    1981-05-01    2850.00    null    30
7    CLARK    MANAGER    7839    1981-06-09    2450.00    null    10
8    SCOTT    ANALYST    7566    0087-07-13    3000.00    null    20
9    KING    PRESIDENT    null    1981-11-17    5000.00    null    10
10    TURNER    SALESMAN    7698    1981-09-08    1500.00    0.00    30
DROP TABLE emp;
