drop database if exists parq;
create database parq;
use parq;
create table t1(id bigint,name varchar);
load data infile {'filepath'='$resources/load_data/simple.parq', 'format'='parquet'} into table t1;
select * from t1;
id    name
1    user1
2    user2
7    user7
8    user8
10    user10
12    user12
15    user15
16    user16
create table t2(id bigint not null, name varchar not null, sex bool, f32 float(5,2));
load data infile {'filepath'='$resources/load_data/simple2.parq', 'format'='parquet'} into table t2;
select * from t2;
id    name    sex    f32
1    user1    false    1.0
2    user2    false    null
7    user7    false    7.0
8    user8    true    null
10    user10    false    10.0
12    user12    false    null
15    user15    false    null
16    user16    true    null
create table t3(c varchar);
load data infile {'filepath'='$resources/load_data/indexed_str.parq', 'format'='parquet'} into table t3;
select * from t3;
c
null
aa
null
bb
aa
789$&@789$&@789$&@789$&@789$&@789$&@789$&@789$&@789$&@789$&@
789$&@789$&@789$&@789$&@789$&@789$&@789$&@789$&@789$&@789$&@
aa
bb
xyzABCxyzABCxyzABCxyzABCxyzABCxyzABCxyzABCxyzABCxyzABCxyzABC
null
null
xyzABCxyzABCxyzABCxyzABCxyzABCxyzABCxyzABCxyzABCxyzABCxyzABC
create table t4(id bigint not null, name varchar not null, sex bool, f32 float(5,2));
create stage parqstage URL='file:///$resources/load_data/';
load data infile {'filepath'='stage://parqstage/simple2.parq', 'format'='parquet'} into table t4;
select * from t4;
id    name    sex    f32
1    user1    false    1.0
2    user2    false    null
7    user7    false    7.0
8    user8    true    null
10    user10    false    10.0
12    user12    false    null
15    user15    false    null
16    user16    true    null
drop stage parqstage;
create table t5(id bigint, name varchar, int8column tinyint, int16column smallint, binarycolumn binary, varbinarycolumn varbinary(32), blobcolumn blob);
load data infile {'filepath'='$resources/load_data/int8_int16_binary_varbinary_blob.parq', 'format'='parquet'} into table t5;
select * from t5;
id    name    int8column    int16column    binarycolumn    varbinarycolumn    blobcolumn
1    Alice    1    100    binary1    varbinary1    blob1
2    Bob    2    200    binary2    varbinary2    blob2
3    Charlie    3    300    binary3    varbinary3    blob3
4    Diana    4    400    binary4    varbinary4    blob4
5    Eve    5    500    binary5    varbinary5    blob5
drop database parq;
