SET experimental_ivf_index = 0;
create table vector_index_00(a int primary key, b vecf32(128),c int,key c_k(c), KEY idx using ivfflat(b) lists = 256 op_type 'vector_l2_ops');
internal error: experimental_ivf_index is not enabled
SET experimental_ivf_index = 1;
SET probe_limit=1;
create table vector_index_01(a int primary key, b vecf32(128),c int,key c_k(c));
insert into vector_index_01 values(9774 ,"[1, 0, 1, 6, 6, 17, 47, 39, 2, 0, 1, 25, 27, 10, 56, 130, 18, 5, 2, 6, 15, 2, 19, 130, 42, 28, 1, 1, 2, 1, 0, 5, 0, 2, 4, 4, 31, 34, 44, 35, 9, 3, 8, 11, 33, 12, 61, 130, 130, 17, 0, 1, 6, 2, 9, 130, 111, 36, 0, 0, 11, 9, 1, 12, 2, 100, 130, 28, 7, 2, 6, 7, 9, 27, 130, 83, 5, 0, 1, 18, 130, 130, 84, 9, 0, 0, 2, 24, 111, 24, 0, 1, 37, 24, 2, 10, 12, 62, 33, 3, 0, 0, 0, 1, 3, 16, 106, 28, 0, 0, 0, 0, 17, 46, 85, 10, 0, 0, 1, 4, 11, 4, 2, 2, 9, 14, 8, 8]",3),(9775,"[0, 1, 1, 3, 0, 3, 46, 20, 1, 4, 17, 9, 1, 17, 108, 15, 0, 3, 37, 17, 6, 15, 116, 16, 6, 1, 4, 7, 7, 7, 9, 6, 0, 8, 10, 4, 26, 129, 27, 9, 0, 0, 5, 2, 11, 129, 129, 12, 103, 4, 0, 0, 2, 31, 129, 129, 94, 4, 0, 0, 0, 3, 13, 42, 0, 15, 38, 2, 70, 129, 1, 0, 5, 10, 40, 12, 74, 129, 6, 1, 129, 39, 6, 1, 2, 22, 9, 33, 122, 13, 0, 0, 0, 0, 5, 23, 4, 11, 9, 12, 45, 38, 1, 0, 0, 4, 36, 38, 57, 32, 0, 0, 82, 22, 9, 5, 13, 11, 3, 94, 35, 3, 0, 0, 0, 1, 16, 97]",5),(9776,"[10, 3, 8, 5, 48, 26, 5, 16, 17, 0, 0, 2, 132, 53, 1, 16, 112, 6, 0, 0, 7, 2, 1, 48, 48, 15, 18, 31, 3, 0, 0, 9, 6, 10, 19, 27, 50, 46, 17, 9, 18, 1, 4, 48, 132, 23, 3, 5, 132, 9, 4, 3, 11, 0, 2, 46, 84, 12, 10, 10, 1, 0, 12, 76, 26, 22, 16, 26, 35, 15, 3, 16, 15, 1, 51, 132, 125, 8, 1, 2, 132, 51, 67, 91, 8, 0, 0, 30, 126, 39, 32, 38, 4, 0, 1, 12, 24, 2, 2, 2, 4, 7, 2, 19, 93, 19, 70, 92, 2, 3, 1, 21, 36, 58, 132, 94, 0, 0, 0, 0, 21, 25, 57, 48, 1, 0, 0, 1]",3);
insert into vector_index_01 values(9777, " [16, 15, 0, 0, 5, 46, 5, 5, 4, 0, 0, 0, 28, 118, 12, 5, 75, 44, 5, 0, 6, 32, 6, 49, 41, 74, 9, 1, 0, 0, 0, 9, 1, 9, 16, 41, 71, 80, 3, 0, 0, 4, 3, 5, 51, 106, 11, 3, 112, 28, 13, 1, 4, 8, 3, 104, 118, 14, 1, 1, 0, 0, 0, 88, 3, 27, 46, 118, 108, 49, 2, 0, 1, 46, 118, 118, 27, 12, 0, 0, 33, 118, 118, 8, 0, 0, 0, 4, 118, 95, 40, 0, 0, 0, 1, 11, 27, 38, 12, 12, 18, 29, 3, 2, 13, 30, 94, 78, 30, 19, 9, 3, 31, 45, 70, 42, 15, 1, 3, 12, 14, 22, 16, 2, 3, 17, 24, 13]",4),(9778,"[41, 0, 0, 7, 1, 1, 20, 67, 9, 0, 0, 0, 0, 31, 120, 61, 25, 0, 0, 0, 0, 10, 120, 90, 32, 0, 0, 1, 13, 11, 22, 50, 4, 0, 2, 93, 40, 15, 37, 18, 12, 2, 2, 19, 8, 44, 120, 25, 120, 5, 0, 0, 0, 2, 48, 97, 102, 14, 3, 3, 11, 9, 34, 41, 0, 0, 4, 120, 56, 3, 4, 5, 6, 15, 37, 116, 28, 0, 0, 3, 120, 120, 24, 6, 2, 0, 1, 28, 53, 90, 51, 11, 11, 2, 12, 14, 8, 6, 4, 30, 9, 1, 4, 22, 25, 79, 120, 66, 5, 0, 0, 6, 42, 120, 91, 43, 15, 2, 4, 39, 12, 9, 9, 12, 15, 5, 24, 36]",4);
create index idx01 using ivfflat on vector_index_01(b) lists=5 op_type "vector_l2_ops" ASYNC;
show create table vector_index_01;
Table    Create Table
vector_index_01    CREATE TABLE `vector_index_01` (\n  `a` int NOT NULL,\n  `b` vecf32(128) DEFAULT NULL,\n  `c` int DEFAULT NULL,\n  PRIMARY KEY (`a`),\n  KEY `c_k` (`c`),\n  KEY `idx01` USING ivfflat (`b`) lists = 5  op_type 'vector_l2_ops'  async \n)
desc vector_index_01;
Field    Type    Null    Key    Default    Extra    Comment
a    INT(32)    NO    PRI    null        
b    VECF32(128)    YES    MUL    null        
c    INT(32)    YES    MUL    null        
select sleep(20);
sleep(20)
0
select * from vector_index_01 order by  L2_DISTANCE(b, "[16, 15, 0, 0, 5, 46, 5, 5, 4, 0, 0, 0, 28, 118, 12, 5, 75, 44, 5, 0, 6, 32, 6, 49, 41, 74, 9, 1, 0, 0, 0, 9, 1, 9, 16, 41, 71, 80, 3, 0, 0, 4, 3, 5, 51, 106, 11, 3, 112, 28, 13, 1, 4, 8, 3, 104, 118, 14, 1, 1, 0, 0, 0, 88, 3, 27, 46, 118, 108, 49, 2, 0, 1, 46, 118, 118, 27, 12, 0, 0, 33, 118, 118, 8, 0, 0, 0, 4, 118, 95, 40, 0, 0, 0, 1, 11, 27, 38, 12, 12, 18, 29, 3, 2, 13, 30, 94, 78, 30, 19, 9, 3, 31, 45, 70, 42, 15, 1, 3, 12, 14, 22, 16, 2, 3, 17, 24, 13]") ASC LIMIT 2;
a    b    c
9777    [16, 15, 0, 0, 5, 46, 5, 5, 4, 0, 0, 0, 28, 118, 12, 5, 75, 44, 5, 0, 6, 32, 6, 49, 41, 74, 9, 1, 0, 0, 0, 9, 1, 9, 16, 41, 71, 80, 3, 0, 0, 4, 3, 5, 51, 106, 11, 3, 112, 28, 13, 1, 4, 8, 3, 104, 118, 14, 1, 1, 0, 0, 0, 88, 3, 27, 46, 118, 108, 49, 2, 0, 1, 46, 118, 118, 27, 12, 0, 0, 33, 118, 118, 8, 0, 0, 0, 4, 118, 95, 40, 0, 0, 0, 1, 11, 27, 38, 12, 12, 18, 29, 3, 2, 13, 30, 94, 78, 30, 19, 9, 3, 31, 45, 70, 42, 15, 1, 3, 12, 14, 22, 16, 2, 3, 17, 24, 13]    4
select * from vector_index_01 where a>9774 order by  L2_DISTANCE(b, "[4, 6, 1, 42, 119, 4, 1, 0, 9, 96, 58, 2, 14, 0, 0, 0, 0, 57, 119, 24, 15, 2, 0, 0, 0, 0, 48, 26, 26, 7, 0, 0, 66, 21, 0, 4, 107, 92, 42, 7, 119, 119, 45, 2, 21, 18, 0, 9, 0, 39, 67, 43, 101, 66, 0, 0, 0, 3, 38, 75, 76, 17, 0, 0, 89, 0, 0, 0, 6, 26, 21, 20, 119, 1, 0, 0, 10, 43, 72, 92, 2, 8, 22, 25, 22, 46, 119, 60, 1, 13, 45, 48, 75, 69, 45, 15, 13, 0, 0, 2, 6, 0, 1, 11, 24, 0, 0, 0, 0, 24, 92, 49, 0, 0, 0, 0, 0, 18, 119, 40, 0, 0, 0, 0, 4, 47, 81, 10]") desc limit 2;
a    b    c
9775    [0, 1, 1, 3, 0, 3, 46, 20, 1, 4, 17, 9, 1, 17, 108, 15, 0, 3, 37, 17, 6, 15, 116, 16, 6, 1, 4, 7, 7, 7, 9, 6, 0, 8, 10, 4, 26, 129, 27, 9, 0, 0, 5, 2, 11, 129, 129, 12, 103, 4, 0, 0, 2, 31, 129, 129, 94, 4, 0, 0, 0, 3, 13, 42, 0, 15, 38, 2, 70, 129, 1, 0, 5, 10, 40, 12, 74, 129, 6, 1, 129, 39, 6, 1, 2, 22, 9, 33, 122, 13, 0, 0, 0, 0, 5, 23, 4, 11, 9, 12, 45, 38, 1, 0, 0, 4, 36, 38, 57, 32, 0, 0, 82, 22, 9, 5, 13, 11, 3, 94, 35, 3, 0, 0, 0, 1, 16, 97]    5
insert into vector_index_01 values(9779, " [10, 15, 0, 0, 5, 46, 5, 5, 4, 0, 0, 0, 28, 118, 12, 5, 75, 44, 5, 0, 6, 32, 6, 49, 41, 74, 9, 1, 0, 0, 0, 9, 1, 9, 16, 41, 71, 80, 3, 0, 0, 4, 3, 5, 51, 106, 11, 3, 112, 28, 13, 1, 4, 8, 3, 104, 118, 14, 1, 1, 0, 0, 0, 88, 3, 27, 46, 118, 108, 49, 2, 0, 1, 46, 118, 118, 27, 12, 0, 0, 33, 118, 118, 8, 0, 0, 0, 4, 118, 95, 40, 0, 0, 0, 1, 11, 27, 38, 12, 12, 18, 29, 3, 2, 13, 30, 94, 78, 30, 19, 9, 3, 31, 45, 70, 42, 15, 1, 3, 12, 14, 22, 16, 2, 3, 17, 24, 13]",4);
select sleep(10);
sleep(10)
0
select * from vector_index_01 order by L2_DISTANCE(b, "[10, 15, 0, 0, 5, 46, 5, 5, 4, 0, 0, 0, 28, 118, 12, 5, 75, 44, 5, 0, 6, 32, 6, 49, 41, 74, 9, 1, 0, 0, 0, 9, 1, 9, 16, 41, 71, 80, 3, 0, 0, 4, 3, 5, 51, 106, 11, 3, 112, 28, 13, 1, 4, 8, 3, 104, 118, 14, 1, 1, 0, 0, 0, 88, 3, 27, 46, 118, 108, 49, 2, 0, 1, 46, 118, 118, 27, 12, 0, 0, 33, 118, 118, 8, 0, 0, 0, 4, 118, 95, 40, 0, 0, 0, 1, 11, 27, 38, 12, 12, 18, 29, 3, 2, 13, 30, 94, 78, 30, 19, 9, 3, 31, 45, 70, 42, 15, 1, 3, 12, 14, 22, 16, 2, 3, 17, 24, 13]") ASC LIMIT 2;
a    b    c
9779    [10, 15, 0, 0, 5, 46, 5, 5, 4, 0, 0, 0, 28, 118, 12, 5, 75, 44, 5, 0, 6, 32, 6, 49, 41, 74, 9, 1, 0, 0, 0, 9, 1, 9, 16, 41, 71, 80, 3, 0, 0, 4, 3, 5, 51, 106, 11, 3, 112, 28, 13, 1, 4, 8, 3, 104, 118, 14, 1, 1, 0, 0, 0, 88, 3, 27, 46, 118, 108, 49, 2, 0, 1, 46, 118, 118, 27, 12, 0, 0, 33, 118, 118, 8, 0, 0, 0, 4, 118, 95, 40, 0, 0, 0, 1, 11, 27, 38, 12, 12, 18, 29, 3, 2, 13, 30, 94, 78, 30, 19, 9, 3, 31, 45, 70, 42, 15, 1, 3, 12, 14, 22, 16, 2, 3, 17, 24, 13]    4
9777    [16, 15, 0, 0, 5, 46, 5, 5, 4, 0, 0, 0, 28, 118, 12, 5, 75, 44, 5, 0, 6, 32, 6, 49, 41, 74, 9, 1, 0, 0, 0, 9, 1, 9, 16, 41, 71, 80, 3, 0, 0, 4, 3, 5, 51, 106, 11, 3, 112, 28, 13, 1, 4, 8, 3, 104, 118, 14, 1, 1, 0, 0, 0, 88, 3, 27, 46, 118, 108, 49, 2, 0, 1, 46, 118, 118, 27, 12, 0, 0, 33, 118, 118, 8, 0, 0, 0, 4, 118, 95, 40, 0, 0, 0, 1, 11, 27, 38, 12, 12, 18, 29, 3, 2, 13, 30, 94, 78, 30, 19, 9, 3, 31, 45, 70, 42, 15, 1, 3, 12, 14, 22, 16, 2, 3, 17, 24, 13]    4
drop table vector_index_01;
create table ivf3(a bigint primary key, b vecf32(128));
load data infile {'filepath'='$resources/vector/sift128_base_10k.csv.gz', 'compression'='gzip'} into table ivf3 fields terminated by ':' parallel 'true';
select count(*) from ivf3;
count(*)
10000
create index idx3 using ivfflat on ivf3(b) op_type "vector_l2_ops" LISTS=100 ASYNC;
select sleep(10);
sleep(10)
0
load data infile {'filepath'='$resources/vector/sift128_base_10k_2.csv.gz', 'compression'='gzip'} into table ivf3 fields terminated by ':' parallel 'true';
select count(*) from ivf3;
count(*)
20000
select sleep(20);
sleep(20)
0
select * from ivf3 order by L2_DISTANCE(b, "[14, 2, 0, 0, 0, 2, 42, 55, 9, 1, 0, 0, 18, 100, 77, 32, 89, 1, 0, 0, 19, 85, 15, 68, 52, 4, 0, 0, 0, 0, 2, 28, 34, 13, 5, 12, 49, 40, 39, 37, 24, 2, 0, 0, 34, 83, 88, 28, 119, 20, 0, 0, 41, 39, 13, 62, 119, 16, 2, 0, 0, 0, 10, 42, 9, 46, 82, 79, 64, 19, 2, 5, 10, 35, 26, 53, 84, 32, 34, 9, 119, 119, 21, 3, 3, 11, 17, 14, 119, 25, 8, 5, 0, 0, 11, 22, 23, 17, 42, 49, 17, 12, 5, 5, 12, 78, 119, 90, 27, 0, 4, 2, 48, 92, 112, 85, 15, 0, 2, 7, 50, 36, 15, 11, 1, 0, 0, 7]") ASC LIMIT 1;
a    b
9999    [14, 2, 0, 0, 0, 2, 42, 55, 9, 1, 0, 0, 18, 100, 77, 32, 89, 1, 0, 0, 19, 85, 15, 68, 52, 4, 0, 0, 0, 0, 2, 28, 34, 13, 5, 12, 49, 40, 39, 37, 24, 2, 0, 0, 34, 83, 88, 28, 119, 20, 0, 0, 41, 39, 13, 62, 119, 16, 2, 0, 0, 0, 10, 42, 9, 46, 82, 79, 64, 19, 2, 5, 10, 35, 26, 53, 84, 32, 34, 9, 119, 119, 21, 3, 3, 11, 17, 14, 119, 25, 8, 5, 0, 0, 11, 22, 23, 17, 42, 49, 17, 12, 5, 5, 12, 78, 119, 90, 27, 0, 4, 2, 48, 92, 112, 85, 15, 0, 2, 7, 50, 36, 15, 11, 1, 0, 0, 7]
select * from ivf3 order by L2_DISTANCE(b, "[0, 16, 35, 5, 32, 31, 14, 10, 11, 78, 55, 10, 45, 83, 11, 6, 14, 57, 102, 75, 20, 8, 3, 5, 67, 17, 19, 26, 5, 0, 1, 22, 60, 26, 7, 1, 18, 22, 84, 53, 85, 119, 119, 4, 24, 18, 7, 7, 1, 81, 106, 102, 72, 30, 6, 0, 9, 1, 9, 119, 72, 1, 4, 33, 119, 29, 6, 1, 0, 1, 14, 52, 119, 30, 3, 0, 0, 55, 92, 111, 2, 5, 4, 9, 22, 89, 96, 14, 1, 0, 1, 82, 59, 16, 20, 5, 25, 14, 11, 4, 0, 0, 1, 26, 47, 23, 4, 0, 0, 4, 38, 83, 30, 14, 9, 4, 9, 17, 23, 41, 0, 0, 2, 8, 19, 25, 23, 1]") ASC LIMIT 1;
a    b
0    [0, 16, 35, 5, 32, 31, 14, 10, 11, 78, 55, 10, 45, 83, 11, 6, 14, 57, 102, 75, 20, 8, 3, 5, 67, 17, 19, 26, 5, 0, 1, 22, 60, 26, 7, 1, 18, 22, 84, 53, 85, 119, 119, 4, 24, 18, 7, 7, 1, 81, 106, 102, 72, 30, 6, 0, 9, 1, 9, 119, 72, 1, 4, 33, 119, 29, 6, 1, 0, 1, 14, 52, 119, 30, 3, 0, 0, 55, 92, 111, 2, 5, 4, 9, 22, 89, 96, 14, 1, 0, 1, 82, 59, 16, 20, 5, 25, 14, 11, 4, 0, 0, 1, 26, 47, 23, 4, 0, 0, 4, 38, 83, 30, 14, 9, 4, 9, 17, 23, 41, 0, 0, 2, 8, 19, 25, 23, 1]
select * from ivf3 order by L2_DISTANCE(b, "[59, 0, 0, 1, 1, 1, 5, 100, 41, 0, 0, 4, 57, 34, 31, 115, 4, 0, 0, 12, 30, 33, 43, 85, 21, 0, 0, 14, 25, 9, 10, 60, 99, 11, 0, 0, 0, 0, 10, 55, 68, 1, 0, 3, 115, 65, 42, 115, 32, 3, 0, 4, 13, 21, 104, 115, 81, 15, 15, 23, 9, 2, 21, 75, 43, 20, 1, 0, 10, 2, 2, 20, 52, 35, 32, 61, 79, 8, 7, 41, 50, 106, 96, 20, 8, 2, 11, 39, 115, 48, 53, 11, 3, 0, 2, 43, 35, 11, 0, 1, 13, 7, 0, 1, 115, 58, 54, 29, 1, 2, 0, 3, 32, 115, 99, 34, 1, 0, 0, 0, 35, 15, 52, 44, 9, 0, 0, 18]") ASC LIMIT 1;
a    b
10000    [59, 0, 0, 1, 1, 1, 5, 100, 41, 0, 0, 4, 57, 34, 31, 115, 4, 0, 0, 12, 30, 33, 43, 85, 21, 0, 0, 14, 25, 9, 10, 60, 99, 11, 0, 0, 0, 0, 10, 55, 68, 1, 0, 3, 115, 65, 42, 115, 32, 3, 0, 4, 13, 21, 104, 115, 81, 15, 15, 23, 9, 2, 21, 75, 43, 20, 1, 0, 10, 2, 2, 20, 52, 35, 32, 61, 79, 8, 7, 41, 50, 106, 96, 20, 8, 2, 11, 39, 115, 48, 53, 11, 3, 0, 2, 43, 35, 11, 0, 1, 13, 7, 0, 1, 115, 58, 54, 29, 1, 2, 0, 3, 32, 115, 99, 34, 1, 0, 0, 0, 35, 15, 52, 44, 9, 0, 0, 18]
select * from ivf3 order by L2_DISTANCE(b, "[0, 0, 0, 0, 0, 101, 82, 4, 2, 0, 0, 0, 3, 133, 133, 8, 46, 1, 2, 13, 15, 29, 87, 50, 22, 1, 0, 16, 25, 6, 18, 49, 5, 2, 0, 2, 3, 59, 70, 19, 18, 2, 0, 11, 42, 37, 30, 13, 133, 13, 4, 53, 28, 3, 8, 42, 77, 6, 11, 103, 36, 0, 0, 32, 7, 15, 59, 27, 2, 0, 2, 5, 14, 5, 55, 52, 51, 3, 2, 5, 133, 21, 10, 38, 26, 1, 0, 64, 71, 3, 10, 118, 53, 5, 6, 28, 33, 26, 73, 15, 0, 0, 0, 22, 13, 15, 133, 133, 4, 0, 0, 15, 107, 62, 46, 91, 9, 1, 7, 16, 28, 4, 0, 27, 33, 4, 15, 25]") ASC LIMIT 1;
a    b
19999    [0, 0, 0, 0, 0, 101, 82, 4, 2, 0, 0, 0, 3, 133, 133, 8, 46, 1, 2, 13, 15, 29, 87, 50, 22, 1, 0, 16, 25, 6, 18, 49, 5, 2, 0, 2, 3, 59, 70, 19, 18, 2, 0, 11, 42, 37, 30, 13, 133, 13, 4, 53, 28, 3, 8, 42, 77, 6, 11, 103, 36, 0, 0, 32, 7, 15, 59, 27, 2, 0, 2, 5, 14, 5, 55, 52, 51, 3, 2, 5, 133, 21, 10, 38, 26, 1, 0, 64, 71, 3, 10, 118, 53, 5, 6, 28, 33, 26, 73, 15, 0, 0, 0, 22, 13, 15, 133, 133, 4, 0, 0, 15, 107, 62, 46, 91, 9, 1, 7, 16, 28, 4, 0, 27, 33, 4, 15, 25]
drop table ivf3;
create table ivf4(a bigint, b int, c vecf32(3), primary key (a, b));
insert into ivf4 values (0, 1, "[1,2,3]"), (1, 2, "[2,2,3]"), (2, 3, "[1,3,3]"), (3, 4, "[1,2,4]"), (4, 5, "[1,2,5]"), (5,6, NULL);
create index idx01 using ivfflat on ivf4(c) op_type "vector_l2_ops" LISTS=1 ASYNC;
select sleep(20);
sleep(20)
0
select *, L2_DISTANCE(c, "[2,2,3]") from ivf4 order by L2_DISTANCE(c, "[2,2,3]") LIMIT 6;
a    b    c    L2_DISTANCE(c, [2,2,3])
1    2    [2, 2, 3]    0.0
0    1    [1, 2, 3]    1.0
2    3    [1, 3, 3]    1.4142135623730951
3    4    [1, 2, 4]    1.4142135623730951
4    5    [1, 2, 5]    2.23606797749979
drop table ivf4;
