SET GLOBAL default_password_lifetime = default;
select @@default_password_lifetime;
@@default_password_lifetime
0
select @@global.default_password_lifetime;
@@default_password_lifetime
0
drop user if exists user1;
CREATE USER user1  IDENTIFIED BY '123456';
select @@global.default_password_lifetime;
@@default_password_lifetime
0
SET GLOBAL default_password_lifetime = 1;
select @@global.default_password_lifetime;
@@default_password_lifetime
1
alter user 'user1' identified by '12345678';
select @@global.default_password_lifetime;
@@default_password_lifetime
1
drop user if exists user1;
SET GLOBAL default_password_lifetime = default;
