create account default_1 ADMIN_NAME admin IDENTIFIED BY '111111';
create role role1;
grant create database on account * to role1;
create user user1 identified by '123456' default role role1;
create database db1;
create table db1.t1(a int);
insert into db1.t1 values(1);
select * from db1.t1;
a
1
truncate table db1.t1;
insert into db1.t1 values(2);
select * from db1.t1;
a
2
drop account default_1;