show table_number from mo_task;
â¤ Number of tables in mo_task[-5,64,0]  ğ„€
3
show table_number from information_schema;
â¤ Number of tables in information_schema[-5,64,0]  ğ„€
24
show table_number from mysql;
â¤ Number of tables in mysql[-5,64,0]  ğ„€
6
show table_number from mo_catalog;
â¤ Number of tables in mo_catalog[-5,64,0]  ğ„€
41
show table_number from system;
[unknown result because it is related to issue#23182]
use mo_task;
show column_number from sys_async_task;
â¤ Number of columns in sys_async_task[-5,64,0]  ğ„€
14
show column_number from sys_cron_task;
â¤ Number of columns in sys_cron_task[-5,64,0]  ğ„€
10
use information_schema;
show column_number from key_column_usage;
â¤ Number of columns in key_column_usage[-5,64,0]  ğ„€
12
show column_number from columns;
â¤ Number of columns in columns[-5,64,0]  ğ„€
22
show column_number from profiling;
â¤ Number of columns in profiling[-5,64,0]  ğ„€
18
show column_number from processlist;
â¤ Number of columns in processlist[-5,64,0]  ğ„€
19
show column_number from schemata;
â¤ Number of columns in schemata[-5,64,0]  ğ„€
6
show column_number from character_sets;
â¤ Number of columns in character_sets[-5,64,0]  ğ„€
4
show column_number from triggers;
â¤ Number of columns in triggers[-5,64,0]  ğ„€
22
show column_number from tables;
â¤ Number of columns in tables[-5,64,0]  ğ„€
21
show column_number from engines;
â¤ Number of columns in engines[-5,64,0]  ğ„€
6
show column_number from routines;
â¤ Number of columns in routines[-5,64,0]  ğ„€
31
show column_number from parameters;
â¤ Number of columns in parameters[-5,64,0]  ğ„€
16
show column_number from keywords;
â¤ Number of columns in keywords[-5,64,0]  ğ„€
2
use mysql;
show column_number from user;
â¤ Number of columns in user[-5,64,0]  ğ„€
51
show column_number from db;
â¤ Number of columns in db[-5,64,0]  ğ„€
22
show column_number from procs_priv;
â¤ Number of columns in procs_priv[-5,64,0]  ğ„€
8
show column_number from columns_priv;
â¤ Number of columns in columns_priv[-5,64,0]  ğ„€
7
show column_number from tables_priv;
â¤ Number of columns in tables_priv[-5,64,0]  ğ„€
8
use mo_catalog;
show column_number from mo_user;
â¤ Number of columns in mo_user[-5,64,0]  ğ„€
15
show column_number from mo_account;
â¤ Number of columns in mo_account[-5,64,0]  ğ„€
9
show column_number from mo_role;
â¤ Number of columns in mo_role[-5,64,0]  ğ„€
6
show column_number from mo_user_grant;
â¤ Number of columns in mo_user_grant[-5,64,0]  ğ„€
4
show column_number from mo_role_grant;
â¤ Number of columns in mo_role_grant[-5,64,0]  ğ„€
6
show column_number from mo_role_privs;
â¤ Number of columns in mo_role_privs[-5,64,0]  ğ„€
10
show column_number from mo_user_defined_function;
â¤ Number of columns in mo_user_defined_function[-5,64,0]  ğ„€
17
show column_number from mo_tables;
â¤ Number of columns in mo_tables[-5,64,0]  ğ„€
19
show column_number from mo_database;
â¤ Number of columns in mo_database[-5,64,0]  ğ„€
9
show column_number from mo_columns;
â¤ Number of columns in mo_columns[-5,64,0]  ğ„€
24
show column_number from mo_indexes;
â¤ Number of columns in mo_indexes[-5,64,0]  ğ„€
15
show column_number from mo_table_partitions;
[unknown result because it is related to issue#16438]
use system_metrics;
show column_number from metric;
â¤ Number of columns in metric[-5,64,0]  ğ„€
8
show column_number from sql_statement_cu;
â¤ Number of columns in sql_statement_cu[-5,64,0]  ğ„€
6
show column_number from sql_statement_total;
[unknown result because it is related to issue#23182]
show column_number from sql_statement_errors;
[unknown result because it is related to issue#23182]
show column_number from sql_transaction_total;
[unknown result because it is related to issue#23182]
show column_number from sql_transaction_errors;
[unknown result because it is related to issue#23182]
show column_number from server_connections;
[unknown result because it is related to issue#23182]
show column_number from process_cpu_percent;
â¤ Number of columns in process_cpu_percent[-5,64,0]  ğ„€
5
show column_number from process_resident_memory_bytes;
â¤ Number of columns in process_resident_memory_bytes[-5,64,0]  ğ„€
5
show column_number from process_open_fds;
â¤ Number of columns in process_open_fds[-5,64,0]  ğ„€
5
show column_number from sys_cpu_seconds_total;
â¤ Number of columns in sys_cpu_seconds_total[-5,64,0]  ğ„€
5
show column_number from sys_cpu_combined_percent;
â¤ Number of columns in sys_cpu_combined_percent[-5,64,0]  ğ„€
5
show column_number from sys_memory_used;
â¤ Number of columns in sys_memory_used[-5,64,0]  ğ„€
5
show column_number from sys_memory_available;
â¤ Number of columns in sys_memory_available[-5,64,0]  ğ„€
5
show column_number from sys_disk_read_bytes;
â¤ Number of columns in sys_disk_read_bytes[-5,64,0]  ğ„€
5
show column_number from sys_disk_write_bytes;
â¤ Number of columns in sys_disk_write_bytes[-5,64,0]  ğ„€
5
show column_number from sys_net_recv_bytes;
â¤ Number of columns in sys_net_recv_bytes[-5,64,0]  ğ„€
5
show column_number from sys_net_sent_bytes;
â¤ Number of columns in sys_net_sent_bytes[-5,64,0]  ğ„€
5
use system;
show column_number from statement_info;
â¤ Number of columns in statement_info[-5,64,0]  ğ„€
31
show column_number from rawlog;
â¤ Number of columns in rawlog[-5,64,0]  ğ„€
23
show column_number from log_info;
â¤ Number of columns in log_info[-5,64,0]  ğ„€
14
show column_number from error_info;
â¤ Number of columns in error_info[-5,64,0]  ğ„€
9
show column_number from span_info;
â¤ Number of columns in span_info[-5,64,0]  ğ„€
12
show column_number from sql_statement_hotspot;
â¤ Number of columns in sql_statement_hotspot[-5,64,0]  ğ„€
9
drop database if exists test_db;
create database test_db;
show table_number from test_db;
â¤ Number of tables in test_db[-5,64,0]  ğ„€
0
use test_db;
drop table if exists t1;
create table t1(
col1 int,
col2 float,
col3 varchar,
col4 blob,
col6 date,
col7 bool
);
show table_number from test_db;
â¤ Number of tables in test_db[-5,64,0]  ğ„€
1
show table_values from t1;
â¤ max(col1)[4,32,0]  Â¦  min(col1)[4,32,0]  Â¦  max(col2)[7,24,0]  Â¦  min(col2)[7,24,0]  Â¦  max(col3)[12,-1,0]  Â¦  min(col3)[12,-1,0]  Â¦  max(col4)[12,0,0]  Â¦  min(col4)[12,0,0]  Â¦  max(col6)[91,64,0]  Â¦  min(col6)[91,64,0]  Â¦  max(col7)[12,4,0]  Â¦  min(col7)[12,4,0]  ğ„€
null  Â¦  null  Â¦  null  Â¦  null  Â¦  null  Â¦  null  Â¦  null  Â¦  null  Â¦  null  Â¦  null  Â¦  null  Â¦  null
select mo_table_rows("test_db","t1"),mo_table_size("test_db","t1");
â¤ mo_table_rows(test_db, t1)[-5,64,0]  Â¦  mo_table_size(test_db, t1)[-5,64,0]  ğ„€
0  Â¦  0
insert into t1 values(100,10.34,"ä½ å¥½",'aaa','2011-10-10',0);
show table_values from t1;
â¤ max(col1)[4,32,0]  Â¦  min(col1)[4,32,0]  Â¦  max(col2)[7,24,0]  Â¦  min(col2)[7,24,0]  Â¦  max(col3)[12,-1,0]  Â¦  min(col3)[12,-1,0]  Â¦  max(col4)[12,0,0]  Â¦  min(col4)[12,0,0]  Â¦  max(col6)[91,64,0]  Â¦  min(col6)[91,64,0]  Â¦  max(col7)[12,4,0]  Â¦  min(col7)[12,4,0]  ğ„€
100  Â¦  100  Â¦  10.34  Â¦  10.34  Â¦  ä½ å¥½  Â¦  ä½ å¥½  Â¦  aaa  Â¦  aaa  Â¦  2011-10-10  Â¦  2011-10-10  Â¦  false  Â¦  false
insert into t1 values(10,1.34,"ä½ ",'aa','2011-10-11',1);
show table_values from t1;
â¤ max(col1)[4,32,0]  Â¦  min(col1)[4,32,0]  Â¦  max(col2)[7,24,0]  Â¦  min(col2)[7,24,0]  Â¦  max(col3)[12,-1,0]  Â¦  min(col3)[12,-1,0]  Â¦  max(col4)[12,0,0]  Â¦  min(col4)[12,0,0]  Â¦  max(col6)[91,64,0]  Â¦  min(col6)[91,64,0]  Â¦  max(col7)[12,4,0]  Â¦  min(col7)[12,4,0]  ğ„€
100  Â¦  10  Â¦  10.34  Â¦  1.34  Â¦  ä½ å¥½  Â¦  ä½   Â¦  aaa  Â¦  aa  Â¦  2011-10-11  Â¦  2011-10-10  Â¦  true  Â¦  false
set mo_table_stats.use_old_impl = yes;
select mo_table_rows("test_db","t1"),mo_table_size("test_db","t1");
â¤ mo_table_rows(test_db, t1)[-5,64,0]  Â¦  mo_table_size(test_db, t1)[-5,64,0]  ğ„€
2  Â¦  186
set mo_table_stats.use_old_impl = no;
drop table if exists t11;
create table t11(
col1 int primary key,
col2 float,
col3 varchar,
col4 blob,
col6 date,
col7 bool
);
show table_number from test_db;
â¤ Number of tables in test_db[-5,64,0]  ğ„€
2
show table_values from t11;
â¤ max(col1)[4,32,0]  Â¦  min(col1)[4,32,0]  Â¦  max(col2)[7,24,0]  Â¦  min(col2)[7,24,0]  Â¦  max(col3)[12,-1,0]  Â¦  min(col3)[12,-1,0]  Â¦  max(col4)[12,0,0]  Â¦  min(col4)[12,0,0]  Â¦  max(col6)[91,64,0]  Â¦  min(col6)[91,64,0]  Â¦  max(col7)[12,4,0]  Â¦  min(col7)[12,4,0]  ğ„€
null  Â¦  null  Â¦  null  Â¦  null  Â¦  null  Â¦  null  Â¦  null  Â¦  null  Â¦  null  Â¦  null  Â¦  null  Â¦  null
select mo_table_rows("test_db","t11"),mo_table_size("test_db","t11");
â¤ mo_table_rows(test_db, t11)[-5,64,0]  Â¦  mo_table_size(test_db, t11)[-5,64,0]  ğ„€
0  Â¦  0
insert into t11 values(100,10.34,"ä½ å¥½",'aaa','2011-10-10',0);
show table_values from t11;
â¤ max(col1)[4,32,0]  Â¦  min(col1)[4,32,0]  Â¦  max(col2)[7,24,0]  Â¦  min(col2)[7,24,0]  Â¦  max(col3)[12,-1,0]  Â¦  min(col3)[12,-1,0]  Â¦  max(col4)[12,0,0]  Â¦  min(col4)[12,0,0]  Â¦  max(col6)[91,64,0]  Â¦  min(col6)[91,64,0]  Â¦  max(col7)[12,4,0]  Â¦  min(col7)[12,4,0]  ğ„€
100  Â¦  100  Â¦  10.34  Â¦  10.34  Â¦  ä½ å¥½  Â¦  ä½ å¥½  Â¦  aaa  Â¦  aaa  Â¦  2011-10-10  Â¦  2011-10-10  Â¦  false  Â¦  false
insert into t11 values(10,1.34,"ä½ ",'aa','2011-10-11',1);
show table_values from t11;
â¤ max(col1)[4,32,0]  Â¦  min(col1)[4,32,0]  Â¦  max(col2)[7,24,0]  Â¦  min(col2)[7,24,0]  Â¦  max(col3)[12,-1,0]  Â¦  min(col3)[12,-1,0]  Â¦  max(col4)[12,0,0]  Â¦  min(col4)[12,0,0]  Â¦  max(col6)[91,64,0]  Â¦  min(col6)[91,64,0]  Â¦  max(col7)[12,4,0]  Â¦  min(col7)[12,4,0]  ğ„€
100  Â¦  10  Â¦  10.34  Â¦  1.34  Â¦  ä½ å¥½  Â¦  ä½   Â¦  aaa  Â¦  aa  Â¦  2011-10-11  Â¦  2011-10-10  Â¦  true  Â¦  false
set mo_table_stats.use_old_impl = yes;
select mo_table_rows("test_db","t11"),mo_table_size("test_db","t11");
â¤ mo_table_rows(test_db, t11)[-5,64,0]  Â¦  mo_table_size(test_db, t11)[-5,64,0]  ğ„€
2  Â¦  170
set mo_table_stats.use_old_impl = no;
create external table external_table(
col1 int,
col2 float,
col3 varchar,
col4 blob,
col6 date,
col7 bool
)infile{"filepath"='$resources/external_table_file/external_table.csv'} fields terminated by ',' enclosed by '\"' lines terminated by '\n';
select * from external_table;
â¤ col1[4,32,0]  Â¦  col2[7,24,0]  Â¦  col3[12,-1,0]  Â¦  col4[12,0,0]  Â¦  col6[91,64,0]  Â¦  col7[12,4,0]  ğ„€
null  Â¦  null  Â¦    Â¦    Â¦  null  Â¦  null  ğ„€
100  Â¦  10.34  Â¦  ä½ å¥½  Â¦  aaa  Â¦  2011-10-10  Â¦  false  ğ„€
10  Â¦  1.34  Â¦  ä½   Â¦  aa  Â¦  2011-10-11  Â¦  true
show table_number from test_db;
â¤ Number of tables in test_db[-5,64,0]  ğ„€
3
show table_values from external_table;
â¤ max(col1)[4,32,0]  Â¦  min(col1)[4,32,0]  Â¦  max(col2)[7,24,0]  Â¦  min(col2)[7,24,0]  Â¦  max(col3)[12,-1,0]  Â¦  min(col3)[12,-1,0]  Â¦  max(col4)[12,0,0]  Â¦  min(col4)[12,0,0]  Â¦  max(col6)[91,64,0]  Â¦  min(col6)[91,64,0]  Â¦  max(col7)[12,4,0]  Â¦  min(col7)[12,4,0]  ğ„€
100  Â¦  10  Â¦  10.34  Â¦  1.34  Â¦  ä½ å¥½  Â¦    Â¦  aaa  Â¦    Â¦  2011-10-11  Â¦  2011-10-10  Â¦  true  Â¦  false
DROP TABLE IF EXISTS partition_table;
[unknown result because it is related to issue#16438]
create table partition_table(
empno int unsigned auto_increment,
ename varchar(15),
job varchar(10),
mgr int unsigned ,
hiredate date,
sal decimal(7,2),
comm decimal(7,2),
deptno int unsigned,
primary key(empno, deptno)
)
PARTITION BY KEY(deptno)
PARTITIONS 4;
[unknown result because it is related to issue#16438]
show table_number from test_db;
[unknown result because it is related to issue#16438]
show table_values from partition_table;
[unknown result because it is related to issue#16438]
select mo_table_rows("test_db", "partition_table"),mo_table_size("test_db", "partition_table");
[unknown result because it is related to issue#16438]
INSERT INTO partition_table VALUES (7369,'SMITH','CLERK',7902,'1980-12-17',800,NULL,20);
[unknown result because it is related to issue#16438]
INSERT INTO partition_table VALUES (7499,'ALLEN','SALESMAN',7698,'1981-02-20',1600,300,30);
[unknown result because it is related to issue#16438]
show table_values from partition_table;
[unknown result because it is related to issue#16438]
INSERT INTO partition_table VALUES (7521,'WARD','SALESMAN',7698,'1981-02-22',1250,500,30);
[unknown result because it is related to issue#16438]
INSERT INTO partition_table VALUES (7566,'JONES','MANAGER',7839,'1981-04-02',2975,NULL,20);
[unknown result because it is related to issue#16438]
show table_values from partition_table;
[unknown result because it is related to issue#16438]
set mo_table_stats.use_old_impl = yes;
[unknown result because it is related to issue#16438]
select mo_table_rows("test_db", "partition_table"),mo_table_size("test_db", "partition_table");
[unknown result because it is related to issue#16438]
set mo_table_stats.use_old_impl = no;
[unknown result because it is related to issue#16438]
create table t2(
col1 json
);
show table_values from t2;
â¤ max(col1)[12,4,0]  Â¦  min(col1)[12,4,0]
insert into t2 values();
show table_values from t2;
â¤ max(col1)[12,4,0]  Â¦  min(col1)[12,4,0]  ğ„€
null  Â¦  null
insert into t2 values(('{"x": 17}'));
show table_values from t2;
â¤ max(col1)[12,4,0]  Â¦  min(col1)[12,4,0]  ğ„€
null  Â¦  null
insert into t2 values (('{"x": [18]}'));
show table_values from t2;
â¤ max(col1)[12,4,0]  Â¦  min(col1)[12,4,0]  ğ„€
null  Â¦  null
create table t3(
col1 decimal(5,2)
);
show table_values from t3;
â¤ max(col1)[3,5,2]  Â¦  min(col1)[3,5,2]  ğ„€
null  Â¦  null
insert into t3 values();
show table_values from t3;
â¤ max(col1)[3,5,2]  Â¦  min(col1)[3,5,2]  ğ„€
null  Â¦  null
insert into t3 values(3.3);
show table_values from t3;
â¤ max(col1)[3,5,2]  Â¦  min(col1)[3,5,2]  ğ„€
3.30  Â¦  3.30
insert into t3 values(3.2);
show table_values from t3;
â¤ max(col1)[3,5,2]  Â¦  min(col1)[3,5,2]  ğ„€
3.30  Â¦  3.20
drop database test_db;
drop account if exists test_account;
create account test_account admin_name = 'test_user' identified by '111';
show table_number from information_schema;
â¤ Number of tables in information_schema[-5,64,0]  ğ„€
24
show table_number from mysql;
â¤ Number of tables in mysql[-5,64,0]  ğ„€
6
show table_number from mo_catalog;
â¤ Number of tables in mo_catalog[-5,64,0]  ğ„€
24
show table_number from system_metrics;
â¤ Number of tables in system_metrics[-5,64,0]  ğ„€
11
show table_number from system;
â¤ Number of tables in system[-5,64,0]  ğ„€
1
use information_schema;
show column_number from key_column_usage;
â¤ Number of columns in key_column_usage[-5,64,0]  ğ„€
12
show column_number from columns;
â¤ Number of columns in columns[-5,64,0]  ğ„€
22
show column_number from profiling;
â¤ Number of columns in profiling[-5,64,0]  ğ„€
18
show column_number from processlist;
â¤ Number of columns in processlist[-5,64,0]  ğ„€
19
show column_number from schemata;
â¤ Number of columns in schemata[-5,64,0]  ğ„€
6
show column_number from character_sets;
â¤ Number of columns in character_sets[-5,64,0]  ğ„€
4
show column_number from triggers;
â¤ Number of columns in triggers[-5,64,0]  ğ„€
22
show column_number from tables;
â¤ Number of columns in tables[-5,64,0]  ğ„€
21
show column_number from engines;
â¤ Number of columns in engines[-5,64,0]  ğ„€
6
show column_number from routines;
â¤ Number of columns in routines[-5,64,0]  ğ„€
31
show column_number from parameters;
â¤ Number of columns in parameters[-5,64,0]  ğ„€
16
show column_number from keywords;
â¤ Number of columns in keywords[-5,64,0]  ğ„€
2
show column_number from partitions;
[unknown result because it is related to issue#16438]
use mysql;
show column_number from user;
â¤ Number of columns in user[-5,64,0]  ğ„€
51
show column_number from db;
â¤ Number of columns in db[-5,64,0]  ğ„€
22
show column_number from procs_priv;
â¤ Number of columns in procs_priv[-5,64,0]  ğ„€
8
show column_number from columns_priv;
â¤ Number of columns in columns_priv[-5,64,0]  ğ„€
7
show column_number from tables_priv;
â¤ Number of columns in tables_priv[-5,64,0]  ğ„€
8
use mo_catalog;
show column_number from mo_user;
â¤ Number of columns in mo_user[-5,64,0]  ğ„€
15
show column_number from mo_role;
â¤ Number of columns in mo_role[-5,64,0]  ğ„€
6
show column_number from mo_user_grant;
â¤ Number of columns in mo_user_grant[-5,64,0]  ğ„€
4
show column_number from mo_role_grant;
â¤ Number of columns in mo_role_grant[-5,64,0]  ğ„€
6
show column_number from mo_role_privs;
â¤ Number of columns in mo_role_privs[-5,64,0]  ğ„€
10
show column_number from mo_user_defined_function;
â¤ Number of columns in mo_user_defined_function[-5,64,0]  ğ„€
17
show column_number from mo_tables;
â¤ Number of columns in mo_tables[-5,64,0]  ğ„€
19
show column_number from mo_database;
â¤ Number of columns in mo_database[-5,64,0]  ğ„€
9
show column_number from mo_columns;
â¤ Number of columns in mo_columns[-5,64,0]  ğ„€
24
use system;
show column_number from statement_info;
â¤ Number of columns in statement_info[-5,64,0]  ğ„€
31
drop database if exists test_db;
create database test_db;
show table_number from test_db;
â¤ Number of tables in test_db[-5,64,0]  ğ„€
0
use test_db;
drop table if exists t1;
create table t1(
col1 int,
col2 float,
col3 varchar,
col4 blob,
col6 date,
col7 bool
);
show table_number from test_db;
â¤ Number of tables in test_db[-5,64,0]  ğ„€
1
show table_values from t1;
â¤ max(col1)[4,32,0]  Â¦  min(col1)[4,32,0]  Â¦  max(col2)[7,24,0]  Â¦  min(col2)[7,24,0]  Â¦  max(col3)[12,-1,0]  Â¦  min(col3)[12,-1,0]  Â¦  max(col4)[12,0,0]  Â¦  min(col4)[12,0,0]  Â¦  max(col6)[91,64,0]  Â¦  min(col6)[91,64,0]  Â¦  max(col7)[12,4,0]  Â¦  min(col7)[12,4,0]  ğ„€
null  Â¦  null  Â¦  null  Â¦  null  Â¦  null  Â¦  null  Â¦  null  Â¦  null  Â¦  null  Â¦  null  Â¦  null  Â¦  null
select mo_table_rows("test_db","t1"),mo_table_size("test_db","t1");
â¤ mo_table_rows(test_db, t1)[-5,64,0]  Â¦  mo_table_size(test_db, t1)[-5,64,0]  ğ„€
0  Â¦  0
insert into t1 values(100,10.34,"ä½ å¥½",'aaa','2011-10-10',0);
show table_values from t1;
â¤ max(col1)[4,32,0]  Â¦  min(col1)[4,32,0]  Â¦  max(col2)[7,24,0]  Â¦  min(col2)[7,24,0]  Â¦  max(col3)[12,-1,0]  Â¦  min(col3)[12,-1,0]  Â¦  max(col4)[12,0,0]  Â¦  min(col4)[12,0,0]  Â¦  max(col6)[91,64,0]  Â¦  min(col6)[91,64,0]  Â¦  max(col7)[12,4,0]  Â¦  min(col7)[12,4,0]  ğ„€
100  Â¦  100  Â¦  10.34  Â¦  10.34  Â¦  ä½ å¥½  Â¦  ä½ å¥½  Â¦  aaa  Â¦  aaa  Â¦  2011-10-10  Â¦  2011-10-10  Â¦  false  Â¦  false
insert into t1 values(10,1.34,"ä½ ",'aa','2011-10-11',1);
show table_values from t1;
â¤ max(col1)[4,32,0]  Â¦  min(col1)[4,32,0]  Â¦  max(col2)[7,24,0]  Â¦  min(col2)[7,24,0]  Â¦  max(col3)[12,-1,0]  Â¦  min(col3)[12,-1,0]  Â¦  max(col4)[12,0,0]  Â¦  min(col4)[12,0,0]  Â¦  max(col6)[91,64,0]  Â¦  min(col6)[91,64,0]  Â¦  max(col7)[12,4,0]  Â¦  min(col7)[12,4,0]  ğ„€
100  Â¦  10  Â¦  10.34  Â¦  1.34  Â¦  ä½ å¥½  Â¦  ä½   Â¦  aaa  Â¦  aa  Â¦  2011-10-11  Â¦  2011-10-10  Â¦  true  Â¦  false
set mo_table_stats.use_old_impl = yes;
select mo_table_rows("test_db","t1"),mo_table_size("test_db","t1");
â¤ mo_table_rows(test_db, t1)[-5,64,0]  Â¦  mo_table_size(test_db, t1)[-5,64,0]  ğ„€
2  Â¦  186
set mo_table_stats.use_old_impl = no;
drop table if exists t11;
create table t11(
col1 int primary key,
col2 float,
col3 varchar,
col4 blob,
col6 date,
col7 bool
);
show table_number from test_db;
â¤ Number of tables in test_db[-5,64,0]  ğ„€
2
show table_values from t11;
â¤ max(col1)[4,32,0]  Â¦  min(col1)[4,32,0]  Â¦  max(col2)[7,24,0]  Â¦  min(col2)[7,24,0]  Â¦  max(col3)[12,-1,0]  Â¦  min(col3)[12,-1,0]  Â¦  max(col4)[12,0,0]  Â¦  min(col4)[12,0,0]  Â¦  max(col6)[91,64,0]  Â¦  min(col6)[91,64,0]  Â¦  max(col7)[12,4,0]  Â¦  min(col7)[12,4,0]  ğ„€
null  Â¦  null  Â¦  null  Â¦  null  Â¦  null  Â¦  null  Â¦  null  Â¦  null  Â¦  null  Â¦  null  Â¦  null  Â¦  null
select mo_table_rows("test_db","t11"),mo_table_size("test_db","t11");
â¤ mo_table_rows(test_db, t11)[-5,64,0]  Â¦  mo_table_size(test_db, t11)[-5,64,0]  ğ„€
0  Â¦  0
insert into t11 values(100,10.34,"ä½ å¥½",'aaa','2011-10-10',0);
show table_values from t11;
â¤ max(col1)[4,32,0]  Â¦  min(col1)[4,32,0]  Â¦  max(col2)[7,24,0]  Â¦  min(col2)[7,24,0]  Â¦  max(col3)[12,-1,0]  Â¦  min(col3)[12,-1,0]  Â¦  max(col4)[12,0,0]  Â¦  min(col4)[12,0,0]  Â¦  max(col6)[91,64,0]  Â¦  min(col6)[91,64,0]  Â¦  max(col7)[12,4,0]  Â¦  min(col7)[12,4,0]  ğ„€
100  Â¦  100  Â¦  10.34  Â¦  10.34  Â¦  ä½ å¥½  Â¦  ä½ å¥½  Â¦  aaa  Â¦  aaa  Â¦  2011-10-10  Â¦  2011-10-10  Â¦  false  Â¦  false
insert into t11 values(10,1.34,"ä½ ",'aa','2011-10-11',1);
show table_values from t11;
â¤ max(col1)[4,32,0]  Â¦  min(col1)[4,32,0]  Â¦  max(col2)[7,24,0]  Â¦  min(col2)[7,24,0]  Â¦  max(col3)[12,-1,0]  Â¦  min(col3)[12,-1,0]  Â¦  max(col4)[12,0,0]  Â¦  min(col4)[12,0,0]  Â¦  max(col6)[91,64,0]  Â¦  min(col6)[91,64,0]  Â¦  max(col7)[12,4,0]  Â¦  min(col7)[12,4,0]  ğ„€
100  Â¦  10  Â¦  10.34  Â¦  1.34  Â¦  ä½ å¥½  Â¦  ä½   Â¦  aaa  Â¦  aa  Â¦  2011-10-11  Â¦  2011-10-10  Â¦  true  Â¦  false
set mo_table_stats.use_old_impl = yes;
select mo_table_rows("test_db","t11"),mo_table_size("test_db","t11");
â¤ mo_table_rows(test_db, t11)[-5,64,0]  Â¦  mo_table_size(test_db, t11)[-5,64,0]  ğ„€
2  Â¦  170
set mo_table_stats.use_old_impl = no;
create external table external_table(
col1 int,
col2 float,
col3 varchar,
col4 blob,
col6 date,
col7 bool
)infile{"filepath"='$resources/external_table_file/external_table.csv'} fields terminated by ',' enclosed by '\"' lines terminated by '\n';
select * from external_table;
â¤ col1[4,32,0]  Â¦  col2[7,24,0]  Â¦  col3[12,-1,0]  Â¦  col4[12,0,0]  Â¦  col6[91,64,0]  Â¦  col7[12,4,0]  ğ„€
null  Â¦  null  Â¦    Â¦    Â¦  null  Â¦  null  ğ„€
100  Â¦  10.34  Â¦  ä½ å¥½  Â¦  aaa  Â¦  2011-10-10  Â¦  false  ğ„€
10  Â¦  1.34  Â¦  ä½   Â¦  aa  Â¦  2011-10-11  Â¦  true
show table_number from test_db;
â¤ Number of tables in test_db[-5,64,0]  ğ„€
3
show table_values from external_table;
â¤ max(col1)[4,32,0]  Â¦  min(col1)[4,32,0]  Â¦  max(col2)[7,24,0]  Â¦  min(col2)[7,24,0]  Â¦  max(col3)[12,-1,0]  Â¦  min(col3)[12,-1,0]  Â¦  max(col4)[12,0,0]  Â¦  min(col4)[12,0,0]  Â¦  max(col6)[91,64,0]  Â¦  min(col6)[91,64,0]  Â¦  max(col7)[12,4,0]  Â¦  min(col7)[12,4,0]  ğ„€
100  Â¦  10  Â¦  10.34  Â¦  1.34  Â¦  ä½ å¥½  Â¦    Â¦  aaa  Â¦    Â¦  2011-10-11  Â¦  2011-10-10  Â¦  true  Â¦  false
create table t2(
col1 json
);
show table_values from t2;
â¤ max(col1)[12,4,0]  Â¦  min(col1)[12,4,0]
insert into t2 values();
show table_values from t2;
â¤ max(col1)[12,4,0]  Â¦  min(col1)[12,4,0]  ğ„€
null  Â¦  null
insert into t2 values(('{"x": 17}'));
show table_values from t2;
â¤ max(col1)[12,4,0]  Â¦  min(col1)[12,4,0]  ğ„€
null  Â¦  null
insert into t2 values (('{"x": [18]}'));
show table_values from t2;
â¤ max(col1)[12,4,0]  Â¦  min(col1)[12,4,0]  ğ„€
null  Â¦  null
create table t3(
col1 decimal
);
show table_values from t3;
â¤ max(col1)[3,39,0]  Â¦  min(col1)[3,39,0]  ğ„€
null  Â¦  null
insert into t3 values();
show table_values from t3;
â¤ max(col1)[3,39,0]  Â¦  min(col1)[3,39,0]  ğ„€
null  Â¦  null
insert into t3 values(3.3);
show table_values from t3;
â¤ max(col1)[3,39,0]  Â¦  min(col1)[3,39,0]  ğ„€
3  Â¦  3
insert into t3 values(3.2);
show table_values from t3;
â¤ max(col1)[3,39,0]  Â¦  min(col1)[3,39,0]  ğ„€
3  Â¦  3
drop database test_db;
drop account if exists test_account;
