drop database if exists db1;
create database db1;
use db1;
CREATE TABLE t (
a int NOT NULL PRIMARY KEY,
b int NOT NULL DEFAULT 10,
c int NULL DEFAULT 20,
d varchar(20) not null default 'xxx',
e timestamp DEFAULT NULL,
f timestamp NULL DEFAULT CURRENT_TIMESTAMP
);
desc t;
Field    Type    Null    Key    Default    Extra    Comment
a    INT(32)    NO    PRI    null        
b    INT(32)    NO        10        
c    INT(32)    YES        20        
d    VARCHAR(20)    NO        'xxx'        
e    TIMESTAMP(0)    YES        null        
f    TIMESTAMP(0)    YES        CURRENT_TIMESTAMP()        
show create table t;
Table    Create Table
t    CREATE TABLE `t` (\n  `a` INT NOT NULL,\n  `b` INT NOT NULL DEFAULT 10,\n  `c` INT DEFAULT 20,\n  `d` VARCHAR(20) NOT NULL DEFAULT 'xxx',\n  `e` TIMESTAMP NULL DEFAULT NULL,\n  `f` TIMESTAMP DEFAULT CURRENT_TIMESTAMP(),\n  PRIMARY KEY (`a`)\n)
INSERT INTO t (a, b, d) VALUES (1, 15, 'Hello');
INSERT INTO t (a, b, d) VALUES (2, 25, 'World');
INSERT INTO t (a, b, d) VALUES (3, 35, 'Dolor Sit');
alter table t add column yy varchar(50) not null default 'foo';
desc t;
Field    Type    Null    Key    Default    Extra    Comment
a    INT(32)    NO    PRI    null        
b    INT(32)    NO        10        
c    INT(32)    YES        20        
d    VARCHAR(20)    NO        'xxx'        
e    TIMESTAMP(0)    YES        null        
f    TIMESTAMP(0)    YES        CURRENT_TIMESTAMP()        
yy    VARCHAR(50)    NO        'foo'        
show create table t;
Table    Create Table
t    CREATE TABLE `t` (\n  `a` INT NOT NULL,\n  `b` INT NOT NULL DEFAULT 10,\n  `c` INT DEFAULT 20,\n  `d` VARCHAR(20) NOT NULL DEFAULT 'xxx',\n  `e` TIMESTAMP NULL DEFAULT NULL,\n  `f` TIMESTAMP DEFAULT CURRENT_TIMESTAMP(),\n  `yy` VARCHAR(50) NOT NULL DEFAULT 'foo',\n  PRIMARY KEY (`a`)\n)
INSERT INTO t (a, b, d, yy) VALUES (4, 45, 'Lorem Ipsum', null);
constraint violation: Column 'yy' cannot be null
alter table t add column zz varchar(50) not null;
desc t;
Field    Type    Null    Key    Default    Extra    Comment
a    INT(32)    NO    PRI    null        
b    INT(32)    NO        10        
c    INT(32)    YES        20        
d    VARCHAR(20)    NO        'xxx'        
e    TIMESTAMP(0)    YES        null        
f    TIMESTAMP(0)    YES        CURRENT_TIMESTAMP()        
yy    VARCHAR(50)    NO        'foo'        
zz    VARCHAR(50)    NO        null        
show create table t;
Table    Create Table
t    CREATE TABLE `t` (\n  `a` INT NOT NULL,\n  `b` INT NOT NULL DEFAULT 10,\n  `c` INT DEFAULT 20,\n  `d` VARCHAR(20) NOT NULL DEFAULT 'xxx',\n  `e` TIMESTAMP NULL DEFAULT NULL,\n  `f` TIMESTAMP DEFAULT CURRENT_TIMESTAMP(),\n  `yy` VARCHAR(50) NOT NULL DEFAULT 'foo',\n  `zz` VARCHAR(50) NOT NULL,\n  PRIMARY KEY (`a`)\n)
INSERT INTO t (a, b, d, yy) VALUES (5, 55, 'Horem Ypsum', 'zzz');
invalid input: invalid default value for column 'zz'
CREATE TABLE t1 (
a int NOT NULL PRIMARY KEY,
b int NOT NULL DEFAULT 10,
c int NULL DEFAULT 20,
d varchar(20) not null default 'xxx',
e timestamp DEFAULT NULL,
f timestamp NULL DEFAULT CURRENT_TIMESTAMP
);
desc t1;
Field    Type    Null    Key    Default    Extra    Comment
a    INT(32)    NO    PRI    null        
b    INT(32)    NO        10        
c    INT(32)    YES        20        
d    VARCHAR(20)    NO        'xxx'        
e    TIMESTAMP(0)    YES        null        
f    TIMESTAMP(0)    YES        CURRENT_TIMESTAMP()        
show create table t1;
Table    Create Table
t1    CREATE TABLE `t1` (\n  `a` INT NOT NULL,\n  `b` INT NOT NULL DEFAULT 10,\n  `c` INT DEFAULT 20,\n  `d` VARCHAR(20) NOT NULL DEFAULT 'xxx',\n  `e` TIMESTAMP NULL DEFAULT NULL,\n  `f` TIMESTAMP DEFAULT CURRENT_TIMESTAMP(),\n  PRIMARY KEY (`a`)\n)
INSERT INTO t1 (a, b, d) VALUES (1, 15, 'Hello');
INSERT INTO t1 (a, b, d) VALUES (2, 25, 'World');
INSERT INTO t1 (a, b, d) VALUES (3, 35, 'Dolor Sit');
alter table t1 modify c bigint not null default 100;
INSERT INTO t1 (a, b, d, c) VALUES (4, 45, 'Lorem Ipsum', null);
constraint violation: Column 'c' cannot be null
desc t1;
Field    Type    Null    Key    Default    Extra    Comment
a    INT(32)    NO    PRI    null        
b    INT(32)    NO        10        
c    BIGINT(64)    NO        100        
d    VARCHAR(20)    NO        'xxx'        
e    TIMESTAMP(0)    YES        null        
f    TIMESTAMP(0)    YES        CURRENT_TIMESTAMP()        
show create table t1;
Table    Create Table
t1    CREATE TABLE `t1` (\n  `a` INT NOT NULL,\n  `b` INT NOT NULL DEFAULT 10,\n  `c` BIGINT NOT NULL DEFAULT 100,\n  `d` VARCHAR(20) NOT NULL DEFAULT 'xxx',\n  `e` TIMESTAMP NULL DEFAULT NULL,\n  `f` TIMESTAMP DEFAULT CURRENT_TIMESTAMP(),\n  PRIMARY KEY (`a`)\n)
CREATE TABLE t2 (
a int NOT NULL PRIMARY KEY,
b int NOT NULL DEFAULT 10,
c int NULL DEFAULT 20,
d varchar(20) not null default 'xxx',
e timestamp DEFAULT NULL,
f timestamp NULL DEFAULT CURRENT_TIMESTAMP
);
desc t2;
Field    Type    Null    Key    Default    Extra    Comment
a    INT(32)    NO    PRI    null        
b    INT(32)    NO        10        
c    INT(32)    YES        20        
d    VARCHAR(20)    NO        'xxx'        
e    TIMESTAMP(0)    YES        null        
f    TIMESTAMP(0)    YES        CURRENT_TIMESTAMP()        
show create table t2;
Table    Create Table
t2    CREATE TABLE `t2` (\n  `a` INT NOT NULL,\n  `b` INT NOT NULL DEFAULT 10,\n  `c` INT DEFAULT 20,\n  `d` VARCHAR(20) NOT NULL DEFAULT 'xxx',\n  `e` TIMESTAMP NULL DEFAULT NULL,\n  `f` TIMESTAMP DEFAULT CURRENT_TIMESTAMP(),\n  PRIMARY KEY (`a`)\n)
INSERT INTO t2 (a, b, d) VALUES (1, 15, 'Hello');
INSERT INTO t2 (a, b, d) VALUES (2, 25, 'World');
INSERT INTO t2 (a, b, d) VALUES (3, 35, 'Dolor Sit');
alter table t2 modify c bigint default 100;
desc t2;
Field    Type    Null    Key    Default    Extra    Comment
a    INT(32)    NO    PRI    null        
b    INT(32)    NO        10        
c    BIGINT(64)    YES        100        
d    VARCHAR(20)    NO        'xxx'        
e    TIMESTAMP(0)    YES        null        
f    TIMESTAMP(0)    YES        CURRENT_TIMESTAMP()        
show create table t2;
Table    Create Table
t2    CREATE TABLE `t2` (\n  `a` INT NOT NULL,\n  `b` INT NOT NULL DEFAULT 10,\n  `c` BIGINT DEFAULT 100,\n  `d` VARCHAR(20) NOT NULL DEFAULT 'xxx',\n  `e` TIMESTAMP NULL DEFAULT NULL,\n  `f` TIMESTAMP DEFAULT CURRENT_TIMESTAMP(),\n  PRIMARY KEY (`a`)\n)
INSERT INTO t2 (a, b, d, c) VALUES (4, 45, 'Lorem Ipsum', null);
alter table t2 modify c bigint not null default 200;
constraint violation: Column 'c' cannot be null
desc t2;
Field    Type    Null    Key    Default    Extra    Comment
a    INT(32)    NO    PRI    null        
b    INT(32)    NO        10        
c    BIGINT(64)    YES        100        
d    VARCHAR(20)    NO        'xxx'        
e    TIMESTAMP(0)    YES        null        
f    TIMESTAMP(0)    YES        CURRENT_TIMESTAMP()        
show create table t2;
Table    Create Table
t2    CREATE TABLE `t2` (\n  `a` INT NOT NULL,\n  `b` INT NOT NULL DEFAULT 10,\n  `c` BIGINT DEFAULT 100,\n  `d` VARCHAR(20) NOT NULL DEFAULT 'xxx',\n  `e` TIMESTAMP NULL DEFAULT NULL,\n  `f` TIMESTAMP DEFAULT CURRENT_TIMESTAMP(),\n  PRIMARY KEY (`a`)\n)
create table t3(id int not null primary key, i int, j int, t text);
desc t3;
Field    Type    Null    Key    Default    Extra    Comment
id    INT(32)    NO    PRI    null        
i    INT(32)    YES        null        
j    INT(32)    YES        null        
t    TEXT(0)    YES        null        
show create table t3;
Table    Create Table
t3    CREATE TABLE `t3` (\n  `id` INT NOT NULL,\n  `i` INT DEFAULT NULL,\n  `j` INT DEFAULT NULL,\n  `t` TEXT DEFAULT NULL,\n  PRIMARY KEY (`id`)\n)
INSERT INTO t3 (id, i, j, t) VALUES (1, 10, 20, 'Example text 1');
INSERT INTO t3 (id, i, j, t) VALUES (2, 30, 40, 'Example text 2');
INSERT INTO t3 (id, i, j, t) VALUES (3, NULL, 50, 'Example text 3');
select * from t3 order by id;
id    i    j    t
1    10    20    Example text 1
2    30    40    Example text 2
3    null    50    Example text 3
alter table t3 add column e enum('Y', 'N') not null default 'Y';
desc t3;
Field    Type    Null    Key    Default    Extra    Comment
id    INT(32)    NO    PRI    null        
i    INT(32)    YES        null        
j    INT(32)    YES        null        
t    TEXT(0)    YES        null        
e    ENUM('Y','N')    NO        'Y'        
show create table t3;
Table    Create Table
t3    CREATE TABLE `t3` (\n  `id` INT NOT NULL,\n  `i` INT DEFAULT NULL,\n  `j` INT DEFAULT NULL,\n  `t` TEXT DEFAULT NULL,\n  `e` ENUM('Y','N') NOT NULL DEFAULT 'Y',\n  PRIMARY KEY (`id`)\n)
INSERT INTO t3 (id, i, j, t, e) VALUES (4, NULL, 50, 'Example text 4', null);
constraint violation: Column 'e' cannot be null
select * from t3 order by id;
id    i    j    t    e
1    10    20    Example text 1    Y
2    30    40    Example text 2    Y
3    null    50    Example text 3    Y
CREATE TABLE t4 (
id INT PRIMARY KEY,
a VARCHAR(30) NULL default 'foo',
b VARCHAR(30) NOT NULL default 'foo',
c INT NULL DEFAULT 1000,
d INT NOT NULL DEFAULT 2000
);
desc t4;
Field    Type    Null    Key    Default    Extra    Comment
id    INT(32)    NO    PRI    null        
a    VARCHAR(30)    YES        'foo'        
b    VARCHAR(30)    NO        'foo'        
c    INT(32)    YES        1000        
d    INT(32)    NO        2000        
show create table t4;
Table    Create Table
t4    CREATE TABLE `t4` (\n  `id` INT NOT NULL,\n  `a` VARCHAR(30) DEFAULT 'foo',\n  `b` VARCHAR(30) NOT NULL DEFAULT 'foo',\n  `c` INT DEFAULT 1000,\n  `d` INT NOT NULL DEFAULT 2000,\n  PRIMARY KEY (`id`)\n)
CREATE TABLE t5 (
y datetime NOT NULL DEFAULT '2023-06-21 00:00:00' PRIMARY KEY,
a int DEFAULT NULL,
b char(10) DEFAULT NULL
);
desc t5;
Field    Type    Null    Key    Default    Extra    Comment
y    DATETIME(0)    NO    PRI    '2023-06-21 00:00:00'        
a    INT(32)    YES        null        
b    CHAR(10)    YES        null        
show create table t5;
Table    Create Table
t5    CREATE TABLE `t5` (\n  `y` DATETIME NOT NULL DEFAULT '2023-06-21 00:00:00',\n  `a` INT DEFAULT NULL,\n  `b` CHAR(10) DEFAULT NULL,\n  PRIMARY KEY (`y`)\n)
create external table extable1(n1 int)infile{"filepath"='$resources/external_table_file/extable.csv'} ;
desc extable1;
Field    Type    Null    Key    Default    Extra    Comment
n1    INT(32)    YES        null        
show create table extable1;
Table    Create Table
extable1    CREATE EXTERNAL TABLE `extable1` (\n  `n1` INT DEFAULT NULL\n) INFILE{'FILEPATH'='','COMPRESSION'='','FORMAT'='csv','JSONDATA'=''}
drop database if exists db1;
