drop database if exists test01;
create database test01;
use test01;
create table tt(col2 float comment '"%$^&*()_+@!\'');
show create table tt;
â¤ Table[12,-1,0]  Â¦  Create Table[12,-1,0]  ğ„€
tt  Â¦  CREATE TABLE `tt` (
  `col2` float DEFAULT NULL COMMENT '"%$^&*()_+@!'''
)
drop table tt;
create table t1 (id int not null, str char(10),name varchar(10));
create table t2 (a int);
show tables;
â¤ Tables_in_test01[12,-1,0]  ğ„€
t1  ğ„€
t2
show tables from test01;
â¤ Tables_in_test01[12,-1,0]  ğ„€
t1  ğ„€
t2
show columns from t1;
â¤ Field[1,0,0]  Â¦  Type[1,0,0]  Â¦  Null[1,0,0]  Â¦  Key[1,0,0]  Â¦  Default[1,0,0]  Â¦  Extra[1,0,0]  Â¦  Comment[1,0,0]  ğ„€
id  Â¦  INT(32)  Â¦  NO  Â¦    Â¦  null  Â¦    Â¦    ğ„€
str  Â¦  CHAR(10)  Â¦  YES  Â¦    Â¦  null  Â¦    Â¦    ğ„€
name  Â¦  VARCHAR(10)  Â¦  YES  Â¦    Â¦  null  Â¦    Â¦  
show full columns from t1;
â¤ Field[1,0,0]  Â¦  Type[1,0,0]  Â¦  Collation[1,0,0]  Â¦  Null[1,0,0]  Â¦  Key[1,0,0]  Â¦  Default[1,0,0]  Â¦  Extra[1,0,0]  Â¦  Privileges[1,0,0]  Â¦  Comment[1,0,0]  ğ„€
id  Â¦  INT(32)  Â¦  null  Â¦  NO  Â¦    Â¦  null  Â¦    Â¦  select,insert,update,references  Â¦    ğ„€
str  Â¦  CHAR(10)  Â¦  null  Â¦  YES  Â¦    Â¦  null  Â¦    Â¦  select,insert,update,references  Â¦    ğ„€
name  Â¦  VARCHAR(10)  Â¦  null  Â¦  YES  Â¦    Â¦  null  Â¦    Â¦  select,insert,update,references  Â¦  
show full columns from t1 like '%';
â¤ Field[1,0,0]  Â¦  Type[1,0,0]  Â¦  Collation[1,0,0]  Â¦  Null[1,0,0]  Â¦  Key[1,0,0]  Â¦  Default[1,0,0]  Â¦  Extra[1,0,0]  Â¦  Privileges[1,0,0]  Â¦  Comment[1,0,0]  ğ„€
id  Â¦  INT(32)  Â¦  null  Â¦  NO  Â¦    Â¦  null  Â¦    Â¦  select,insert,update,references  Â¦    ğ„€
str  Â¦  CHAR(10)  Â¦  null  Â¦  YES  Â¦    Â¦  null  Â¦    Â¦  select,insert,update,references  Â¦    ğ„€
name  Â¦  VARCHAR(10)  Â¦  null  Â¦  YES  Â¦    Â¦  null  Â¦    Â¦  select,insert,update,references  Â¦  
show full columns from t1 where Field ='id';
â¤ Field[1,0,0]  Â¦  Type[1,0,0]  Â¦  Collation[1,0,0]  Â¦  Null[1,0,0]  Â¦  Key[1,0,0]  Â¦  Default[1,0,0]  Â¦  Extra[1,0,0]  Â¦  Privileges[1,0,0]  Â¦  Comment[1,0,0]  ğ„€
id  Â¦  INT(32)  Â¦  null  Â¦  NO  Â¦    Â¦  null  Â¦    Â¦  select,insert,update,references  Â¦  
drop database if exists test01;
show charset;
â¤ Charset[1,0,0]  Â¦  Description[1,0,0]  Â¦  Default collation[1,0,0]  Â¦  Maxlen[1,0,0]
drop database if exists test02;
create database test02;
use test02;
create table t1(a tinyint, b smallint, c int, d bigint);
create database test01;
use test01;
show columns from test02.t1;
â¤ Field[1,0,0]  Â¦  Type[1,0,0]  Â¦  Null[1,0,0]  Â¦  Key[1,0,0]  Â¦  Default[1,0,0]  Â¦  Extra[1,0,0]  Â¦  Comment[1,0,0]  ğ„€
a  Â¦  TINYINT(8)  Â¦  YES  Â¦    Â¦  null  Â¦    Â¦    ğ„€
b  Â¦  SMALLINT(16)  Â¦  YES  Â¦    Â¦  null  Â¦    Â¦    ğ„€
c  Â¦  INT(32)  Â¦  YES  Â¦    Â¦  null  Â¦    Â¦    ğ„€
d  Â¦  BIGINT(64)  Â¦  YES  Â¦    Â¦  null  Â¦    Â¦  
create database if not exists db11111111111;
CREATE TABLE db11111111111.t1 (col1 int DEFAULT NULL);
create table db11111111111.t2(col1 int auto_increment) comment 't2';
insert into db11111111111.t2 values (10);
show table status from db11111111111;
â¤ Name[12,-1,0]  Â¦  Engine[12,-1,0]  Â¦  Row_format[12,-1,0]  Â¦  Rows[-5,64,0]  Â¦  Avg_row_length[-5,64,0]  Â¦  Data_length[-5,64,0]  Â¦  Max_data_length[-5,64,0]  Â¦  Index_length[-5,64,0]  Â¦  Data_free[12,-1,0]  Â¦  Auto_increment[-5,64,0]  Â¦  Create_time[93,64,0]  Â¦  Update_time[12,-1,0]  Â¦  Check_time[12,-1,0]  Â¦  Collation[12,-1,0]  Â¦  Checksum[12,-1,0]  Â¦  Create_options[1,0,0]  Â¦  Comment[12,-1,0]  Â¦  Role_id[4,32,0]  Â¦  Role_name[12,-1,0]  ğ„€
t1  Â¦  Tae  Â¦  Dynamic  Â¦  0  Â¦  0  Â¦  0  Â¦  0  Â¦  0  Â¦  NULL  Â¦  1  Â¦  2026-02-06 13:57:00  Â¦  NULL  Â¦  NULL  Â¦  utf8mb4_bin  Â¦  NULL  Â¦    Â¦    Â¦  0  Â¦  moadmin  ğ„€
t2  Â¦  Tae  Â¦  Dynamic  Â¦  1  Â¦  48  Â¦  48  Â¦  0  Â¦  0  Â¦  NULL  Â¦  2  Â¦  2026-02-06 13:57:00  Â¦  NULL  Â¦  NULL  Â¦  utf8mb4_bin  Â¦  NULL  Â¦    Â¦  t2  Â¦  0  Â¦  moadmin
drop database db11111111111;
show variables where value = 'MatrixOne';
â¤ Variable_name[12,0,0]  Â¦  Value[12,0,0]  ğ„€
version_comment  Â¦  MatrixOne
select privilege_name, obj_type, privilege_level from mo_catalog.mo_role_privs where privilege_name = 'values';
â¤ privilege_name[12,-1,0]  Â¦  obj_type[12,-1,0]  Â¦  privilege_level[12,-1,0]  ğ„€
values  Â¦  table  Â¦  *.*
show grants;
â¤ Grants for dump@localhost[12,-1,0]  ğ„€
GRANT create account ON account  `dump`@`localhost`  ğ„€
GRANT drop account ON account  `dump`@`localhost`  ğ„€
GRANT alter account ON account  `dump`@`localhost`  ğ„€
GRANT create user ON account  `dump`@`localhost`  ğ„€
GRANT drop user ON account  `dump`@`localhost`  ğ„€
GRANT alter user ON account  `dump`@`localhost`  ğ„€
GRANT create role ON account  `dump`@`localhost`  ğ„€
GRANT drop role ON account  `dump`@`localhost`  ğ„€
GRANT create database ON account  `dump`@`localhost`  ğ„€
GRANT drop database ON account  `dump`@`localhost`  ğ„€
GRANT show databases ON account  `dump`@`localhost`  ğ„€
GRANT connect ON account  `dump`@`localhost`  ğ„€
GRANT manage grants ON account  `dump`@`localhost`  ğ„€
GRANT account all ON account  `dump`@`localhost`  ğ„€
GRANT upgrade account ON account  `dump`@`localhost`  ğ„€
GRANT show tables ON database * `dump`@`localhost`  ğ„€
GRANT create table ON database * `dump`@`localhost`  ğ„€
GRANT create view ON database * `dump`@`localhost`  ğ„€
GRANT drop table ON database * `dump`@`localhost`  ğ„€
GRANT drop view ON database * `dump`@`localhost`  ğ„€
GRANT alter table ON database * `dump`@`localhost`  ğ„€
GRANT alter view ON database * `dump`@`localhost`  ğ„€
GRANT database all ON database * `dump`@`localhost`  ğ„€
GRANT database ownership ON database * `dump`@`localhost`  ğ„€
GRANT select ON table *.* `dump`@`localhost`  ğ„€
GRANT insert ON table *.* `dump`@`localhost`  ğ„€
GRANT update ON table *.* `dump`@`localhost`  ğ„€
GRANT truncate ON table *.* `dump`@`localhost`  ğ„€
GRANT delete ON table *.* `dump`@`localhost`  ğ„€
GRANT reference ON table *.* `dump`@`localhost`  ğ„€
GRANT index ON table *.* `dump`@`localhost`  ğ„€
GRANT table all ON table *.* `dump`@`localhost`  ğ„€
GRANT table ownership ON table *.* `dump`@`localhost`  ğ„€
GRANT values ON table *.* `dump`@`localhost`  ğ„€
GRANT connect ON account  `dump`@`localhost`
show grants for 'root'@'localhost';
â¤ Grants for root@localhost[12,-1,0]  ğ„€
GRANT create account ON account  `root`@`localhost`  ğ„€
GRANT drop account ON account  `root`@`localhost`  ğ„€
GRANT alter account ON account  `root`@`localhost`  ğ„€
GRANT create user ON account  `root`@`localhost`  ğ„€
GRANT drop user ON account  `root`@`localhost`  ğ„€
GRANT alter user ON account  `root`@`localhost`  ğ„€
GRANT create role ON account  `root`@`localhost`  ğ„€
GRANT drop role ON account  `root`@`localhost`  ğ„€
GRANT create database ON account  `root`@`localhost`  ğ„€
GRANT drop database ON account  `root`@`localhost`  ğ„€
GRANT show databases ON account  `root`@`localhost`  ğ„€
GRANT connect ON account  `root`@`localhost`  ğ„€
GRANT manage grants ON account  `root`@`localhost`  ğ„€
GRANT account all ON account  `root`@`localhost`  ğ„€
GRANT upgrade account ON account  `root`@`localhost`  ğ„€
GRANT show tables ON database * `root`@`localhost`  ğ„€
GRANT create table ON database * `root`@`localhost`  ğ„€
GRANT create view ON database * `root`@`localhost`  ğ„€
GRANT drop table ON database * `root`@`localhost`  ğ„€
GRANT drop view ON database * `root`@`localhost`  ğ„€
GRANT alter table ON database * `root`@`localhost`  ğ„€
GRANT alter view ON database * `root`@`localhost`  ğ„€
GRANT database all ON database * `root`@`localhost`  ğ„€
GRANT database ownership ON database * `root`@`localhost`  ğ„€
GRANT select ON table *.* `root`@`localhost`  ğ„€
GRANT insert ON table *.* `root`@`localhost`  ğ„€
GRANT update ON table *.* `root`@`localhost`  ğ„€
GRANT truncate ON table *.* `root`@`localhost`  ğ„€
GRANT delete ON table *.* `root`@`localhost`  ğ„€
GRANT reference ON table *.* `root`@`localhost`  ğ„€
GRANT index ON table *.* `root`@`localhost`  ğ„€
GRANT table all ON table *.* `root`@`localhost`  ğ„€
GRANT table ownership ON table *.* `root`@`localhost`  ğ„€
GRANT values ON table *.* `root`@`localhost`  ğ„€
GRANT connect ON account  `root`@`localhost`
show grants for 'test'@'localhost';
â¤ Grants for test@localhost[12,-1,0]
create role role1;
grant all on table *.* to role1;
grant create table, drop table on database *.* to role1;
create user user1 identified by 'pass1';
grant role1 to user1;
show grants for 'user1'@'localhost';
â¤ Grants for user1@localhost[12,-1,0]  ğ„€
GRANT table all ON table *.* `user1`@`localhost`  ğ„€
GRANT create table ON database *.* `user1`@`localhost`  ğ„€
GRANT drop table ON database *.* `user1`@`localhost`  ğ„€
GRANT connect ON account  `user1`@`localhost`
drop user user1;
drop role role1;
create database if not exists test03;
use test03;
drop view if exists v1;
drop table if exists t1;
create table t1(a int, b int);
insert into t1 values(1,1);
create view v1 as select * from t1;
show full tables;
â¤ Tables_in_test03[12,-1,0]  Â¦  Table_type[12,-1,0]  ğ„€
t1  Â¦  BASE TABLE  ğ„€
v1  Â¦  VIEW
show full tables from test03;
â¤ Tables_in_test03[12,-1,0]  Â¦  Table_type[12,-1,0]  ğ„€
t1  Â¦  BASE TABLE  ğ„€
v1  Â¦  VIEW
show full tables from `1;drop table t1;`;
Unknown database 1;drop table t1;
show tables like `1;drop table t1;`;
invalid input: column 1;drop table t1; does not exist
show full tables from "1;drop table t1;";
SQL parser error: You have an error in your SQL syntax; check the manual that corresponds to your MatrixOne server version for the right syntax to use. syntax error at line 1 column 40 near " "1;drop table t1;";";
show create database `1;drop table t1;`;
Unknown database 1;drop table t1;
show create table `1;drop table t1;`;
no such table test03.1;drop table t1;
show columns from `1;drop table t1;`;
no such table test03.1;drop table t1;
show table status from `1;drop table t1;`;
Unknown database 1;drop table t1;
show index from `1;drop table t1;`;
no such table test03.1;drop table t1;
show variables like `1;drop table t1;`;
â¤ Variable_name[12,0,0]  Â¦  Value[12,0,0]
select * from t1;
â¤ a[4,32,0]  Â¦  b[4,32,0]  ğ„€
1  Â¦  1
show collation like 'utf8mb4_general_ci';
â¤ Collation[12,0,0]  Â¦  Charset[12,0,0]  Â¦  Id[-5,0,0]  Â¦  Default[12,0,0]  Â¦  Compiled[12,0,0]  Â¦  Sortlen[4,0,0]  Â¦  Pad_attribute[12,0,0]  ğ„€
utf8mb4_general_ci  Â¦  utf8mb4  Â¦  45  Â¦    Â¦  Yes  Â¦  1  Â¦  PAD SPACE
show collation like 'utf8mb4_general_ci%';
â¤ Collation[12,0,0]  Â¦  Charset[12,0,0]  Â¦  Id[-5,0,0]  Â¦  Default[12,0,0]  Â¦  Compiled[12,0,0]  Â¦  Sortlen[4,0,0]  Â¦  Pad_attribute[12,0,0]  ğ„€
utf8mb4_general_ci  Â¦  utf8mb4  Â¦  45  Â¦    Â¦  Yes  Â¦  1  Â¦  PAD SPACE
show collation where Charset='utf8mb4'and Collation ='utf8mb4_general_ci';
â¤ Collation[12,0,0]  Â¦  Charset[12,0,0]  Â¦  Id[-5,0,0]  Â¦  Default[12,0,0]  Â¦  Compiled[12,0,0]  Â¦  Sortlen[4,0,0]  Â¦  Pad_attribute[12,0,0]  ğ„€
utf8mb4_general_ci  Â¦  utf8mb4  Â¦  45  Â¦    Â¦  Yes  Â¦  1  Â¦  PAD SPACE
show variables like 'sql_safe_updates';
â¤ Variable_name[12,0,0]  Â¦  Value[12,0,0]  ğ„€
sql_safe_updates  Â¦  0
set sql_safe_updates=1;
show variables like 'sql_safe_updates';
â¤ Variable_name[12,0,0]  Â¦  Value[12,0,0]  ğ„€
sql_safe_updates  Â¦  1
set autocommit = on;
show variables like 'autocommit';
â¤ Variable_name[12,0,0]  Â¦  Value[12,0,0]  ğ„€
autocommit  Â¦  on
set autocommit = off;
show variables like 'autocommit';
â¤ Variable_name[12,0,0]  Â¦  Value[12,0,0]  ğ„€
autocommit  Â¦  off
set autocommit = 1;
show variables like 'autocommit';
â¤ Variable_name[12,0,0]  Â¦  Value[12,0,0]  ğ„€
autocommit  Â¦  on
drop table if exists t1;
create table t1(c1 int primary key auto_increment,c2 tinyint not null default 4,c3 smallint,c4 bigint,c5 tinyint unsigned,c6 smallint unsigned,c7 int unsigned,c8 bigint unsigned,c9 float,c10 double,c11 date,c12 datetime,c13 timestamp on update current_timestamp,c14 char,c15 varchar default 'q',c16 json,c17 decimal,c18 text,c19 blob,c20 uuid);
show create table t1;
â¤ Table[12,-1,0]  Â¦  Create Table[12,-1,0]  ğ„€
t1  Â¦  CREATE TABLE `t1` (
  `c1` int NOT NULL AUTO_INCREMENT,
  `c2` tinyint NOT NULL DEFAULT 4,
  `c3` smallint DEFAULT NULL,
  `c4` bigint DEFAULT NULL,
  `c5` tinyint unsigned DEFAULT NULL,
  `c6` smallint unsigned DEFAULT NULL,
  `c7` int unsigned DEFAULT NULL,
  `c8` bigint unsigned DEFAULT NULL,
  `c9` float DEFAULT NULL,
  `c10` double DEFAULT NULL,
  `c11` date DEFAULT NULL,
  `c12` datetime DEFAULT NULL,
  `c13` timestamp NULL DEFAULT NULL ON UPDATE current_timestamp(),
  `c14` char(1) DEFAULT NULL,
  `c15` varchar(65535) DEFAULT 'q',
  `c16` json DEFAULT NULL,
  `c17` decimal(38,0) DEFAULT NULL,
  `c18` text DEFAULT NULL,
  `c19` blob DEFAULT NULL,
  `c20` uuid DEFAULT NULL,
  PRIMARY KEY (`c1`)
)
SHOW TRIGGERS;
â¤ Trigger[12,-1,0]  Â¦  Event[12,-1,0]  Â¦  Table[12,-1,0]  Â¦  Statement[12,0,0]  Â¦  Timing[12,-1,0]  Â¦  Created[93,64,0]  Â¦  sql_mode[12,-1,0]  Â¦  Definer[12,-1,0]  Â¦  character_set_client[12,-1,0]  Â¦  collation_connection[12,-1,0]  Â¦  Database Collation[12,-1,0]
SHOW TRIGGERS like '*%';
â¤ Trigger[12,-1,0]  Â¦  Event[12,-1,0]  Â¦  Table[12,-1,0]  Â¦  Statement[12,0,0]  Â¦  Timing[12,-1,0]  Â¦  Created[93,64,0]  Â¦  sql_mode[12,-1,0]  Â¦  Definer[12,-1,0]  Â¦  character_set_client[12,-1,0]  Â¦  collation_connection[12,-1,0]  Â¦  Database Collation[12,-1,0]
use mo_catalog;
show tables;
â¤ Tables_in_mo_catalog[12,-1,0]  ğ„€
mo_account  ğ„€
mo_branch_metadata  ğ„€
mo_cache  ğ„€
mo_cdc_task  ğ„€
mo_cdc_watermark  ğ„€
mo_columns  ğ„€
mo_configurations  ğ„€
mo_data_key  ğ„€
mo_database  ğ„€
mo_feature_limit  ğ„€
mo_feature_registry  ğ„€
mo_foreign_keys  ğ„€
mo_index_update  ğ„€
mo_indexes  ğ„€
mo_iscp_log  ğ„€
mo_locks  ğ„€
mo_merge_settings  ğ„€
mo_mysql_compatibility_mode  ğ„€
mo_partition_metadata  ğ„€
mo_partition_tables  ğ„€
mo_pitr  ğ„€
mo_pubs  ğ„€
mo_role  ğ„€
mo_role_grant  ğ„€
mo_role_privs  ğ„€
mo_sessions  ğ„€
mo_shards  ğ„€
mo_shards_metadata  ğ„€
mo_snapshots  ğ„€
mo_stages  ğ„€
mo_stored_procedure  ğ„€
mo_subs  ğ„€
mo_table_partitions  ğ„€
mo_table_stats_alpha  ğ„€
mo_tables  ğ„€
mo_transactions  ğ„€
mo_upgrade  ğ„€
mo_upgrade_tenant  ğ„€
mo_user  ğ„€
mo_user_defined_function  ğ„€
mo_user_grant  ğ„€
mo_variables  ğ„€
mo_version
show table_number from mo_catalog;
â¤ Number of tables in mo_catalog[-5,64,0]  ğ„€
43
show column_number from mo_database;
â¤ Number of columns in mo_database[-5,64,0]  ğ„€
9
show column_number from hdjshdj;
no such table mo_catalog.hdjshdj
drop database if exists test01;
create database test01;
use test01;
create table t(a int, b int);
insert into t values(1, 1), (2, 2), (3, 3), (4, 4), (5, 5), (6, 6);
show table_values from t;
â¤ max(a)[4,32,0]  Â¦  min(a)[4,32,0]  Â¦  max(b)[4,32,0]  Â¦  min(b)[4,32,0]  ğ„€
6  Â¦  1  Â¦  6  Â¦  1
drop table t;
show node list;
â¤ 1[-5,64,0]
show locks;
â¤ 1[-5,64,0]
create role role1;
grant all on table *.* to role1;
grant create table, drop table on database *.* to role1;
create user user1 identified by 'pass1';
grant role1 to user1;
show grants for 'user1'@'localhost';
â¤ Grants for user1@localhost[12,-1,0]  ğ„€
GRANT table all ON table *.* `user1`@`localhost`  ğ„€
GRANT create table ON database *.* `user1`@`localhost`  ğ„€
GRANT drop table ON database *.* `user1`@`localhost`  ğ„€
GRANT connect ON account  `user1`@`localhost`
show grants for ROLE role1;
â¤ Grants for role1[12,-1,0]  ğ„€
GRANT table all ON table *.* `role1`  ğ„€
GRANT create table ON database *.* `role1`  ğ„€
GRANT drop table ON database *.* `role1`
drop user user1;
drop role role1;
drop database if exists test01;
create database test01;
use test01;
create table t1(a int unique key, b int, c int);
show table_number from test01;
â¤ Number of tables in test01[-5,64,0]  ğ„€
1
drop table t1;
drop database if exists test01;
create database test01;
use test01;
create table t(a int, b int, c json);
insert into t values(1, 1, '{"a":1,"b":2,"c":3}'), (2, 2, '{"a":1,"b":2,"c":3}'), (3, 3, '{"a":1,"b":2,"c":3}'), (4, 4, '{"a":1,"b":2,"c":3}'), (5, 5, '{"a":1,"b":2,"c":3}'), (6, 6, '{"a":1,"b":2,"c":3}');
show table_values from t;
â¤ max(a)[4,32,0]  Â¦  min(a)[4,32,0]  Â¦  max(b)[4,32,0]  Â¦  min(b)[4,32,0]  Â¦  max(c)[12,4,0]  Â¦  min(c)[12,4,0]  ğ„€
6  Â¦  1  Â¦  6  Â¦  1  Â¦  null  Â¦  null
drop table t;
create database `.quote`;
show tables from `.quote`;
â¤ Tables_in_.quote[12,-1,0]
drop database if exists `.quote`;
drop database if exists showDB;
create database showDB;
use showDB;
create table a (a int,b int);
create view va as select a from a;
begin;
show create table a;
â¤ Table[12,-1,0]  Â¦  Create Table[12,-1,0]  ğ„€
a  Â¦  CREATE TABLE `a` (
  `a` int DEFAULT NULL,
  `b` int DEFAULT NULL
)
show create table va;
â¤ View[12,-1,0]  Â¦  Create View[12,-1,0]  Â¦  character_set_client[12,-1,0]  Â¦  collation_connection[12,-1,0]  ğ„€
va  Â¦  create view va as select a from a;  Â¦  utf8mb4  Â¦  utf8mb4_general_ci
show create view va;
â¤ View[12,-1,0]  Â¦  Create View[12,-1,0]  Â¦  character_set_client[12,-1,0]  Â¦  collation_connection[12,-1,0]  ğ„€
va  Â¦  create view va as select a from a;  Â¦  utf8mb4  Â¦  utf8mb4_general_ci
show collation like 'utf8mb4_general_ci';
â¤ Collation[12,0,0]  Â¦  Charset[12,0,0]  Â¦  Id[-5,0,0]  Â¦  Default[12,0,0]  Â¦  Compiled[12,0,0]  Â¦  Sortlen[4,0,0]  Â¦  Pad_attribute[12,0,0]  ğ„€
utf8mb4_general_ci  Â¦  utf8mb4  Â¦  45  Â¦    Â¦  Yes  Â¦  1  Â¦  PAD SPACE
show collation like 'utf8mb4_general_ci%';
â¤ Collation[12,0,0]  Â¦  Charset[12,0,0]  Â¦  Id[-5,0,0]  Â¦  Default[12,0,0]  Â¦  Compiled[12,0,0]  Â¦  Sortlen[4,0,0]  Â¦  Pad_attribute[12,0,0]  ğ„€
utf8mb4_general_ci  Â¦  utf8mb4  Â¦  45  Â¦    Â¦  Yes  Â¦  1  Â¦  PAD SPACE
rollback;
drop database if exists showDb;
DROP DATABASE IF EXISTS test;
CREATE DATABASE test;
USE test;
DROP TABLE IF EXISTS show_01;
CREATE TABLE show_01(sname varchar(30),id int);
show INDEX FROM show_01;
â¤ Table[12,-1,0]  Â¦  Non_unique[-5,64,0]  Â¦  Key_name[12,-1,0]  Â¦  Seq_in_index[4,32,0]  Â¦  Column_name[12,-1,0]  Â¦  Collation[12,-1,0]  Â¦  Cardinality[-5,64,0]  Â¦  Sub_part[12,-1,0]  Â¦  Packed[12,-1,0]  Â¦  Null[12,-1,0]  Â¦  Index_type[12,-1,0]  Â¦  Comment[1,0,0]  Â¦  Index_comment[12,-1,0]  Â¦  Index_params[12,-1,0]  Â¦  Visible[12,-1,0]  Â¦  Expression[12,-1,0]
DROP TABLE show_01;
DROP TABLE IF EXISTS show_02;
CREATE TABLE show_02 (
h1 varchar(16) NOT NULL default '',
u1 varchar(16) NOT NULL default '',
PRIMARY KEY  (h1,u1)
);
show INDEX FROM show_02;
â¤ Table[12,-1,0]  Â¦  Non_unique[-5,64,0]  Â¦  Key_name[12,-1,0]  Â¦  Seq_in_index[4,32,0]  Â¦  Column_name[12,-1,0]  Â¦  Collation[12,-1,0]  Â¦  Cardinality[-5,64,0]  Â¦  Sub_part[12,-1,0]  Â¦  Packed[12,-1,0]  Â¦  Null[12,-1,0]  Â¦  Index_type[12,-1,0]  Â¦  Comment[1,0,0]  Â¦  Index_comment[12,-1,0]  Â¦  Index_params[12,-1,0]  Â¦  Visible[12,-1,0]  Â¦  Expression[12,-1,0]  ğ„€
show_02  Â¦  0  Â¦  PRIMARY  Â¦  1  Â¦  h1  Â¦  A  Â¦  0  Â¦  NULL  Â¦  NULL  Â¦    Â¦    Â¦    Â¦    Â¦    Â¦  YES  Â¦  h1  ğ„€
show_02  Â¦  0  Â¦  PRIMARY  Â¦  2  Â¦  u1  Â¦  A  Â¦  0  Â¦  NULL  Â¦  NULL  Â¦    Â¦    Â¦    Â¦    Â¦    Â¦  YES  Â¦  u1
DROP TABLE show_02;
DROP TABLE IF EXISTS show_03;
CREATE TABLE show_03(a int, b int);
CREATE unique index x ON show_03(a) comment 'x';
show CREATE table show_03;
â¤ Table[12,-1,0]  Â¦  Create Table[12,-1,0]  ğ„€
show_03  Â¦  CREATE TABLE `show_03` (
  `a` int DEFAULT NULL,
  `b` int DEFAULT NULL,
  UNIQUE KEY `x` (`a`) COMMENT 'x'
)
show INDEX FROM show_03;
â¤ Table[12,-1,0]  Â¦  Non_unique[-5,64,0]  Â¦  Key_name[12,-1,0]  Â¦  Seq_in_index[4,32,0]  Â¦  Column_name[12,-1,0]  Â¦  Collation[12,-1,0]  Â¦  Cardinality[-5,64,0]  Â¦  Sub_part[12,-1,0]  Â¦  Packed[12,-1,0]  Â¦  Null[12,-1,0]  Â¦  Index_type[12,-1,0]  Â¦  Comment[1,0,0]  Â¦  Index_comment[12,-1,0]  Â¦  Index_params[12,-1,0]  Â¦  Visible[12,-1,0]  Â¦  Expression[12,-1,0]  ğ„€
show_03  Â¦  0  Â¦  x  Â¦  1  Â¦  a  Â¦  A  Â¦  0  Â¦  NULL  Â¦  NULL  Â¦  YES  Â¦    Â¦    Â¦  x  Â¦    Â¦  YES  Â¦  a
DROP TABLE show_03;
CREATE TABLE show_04(a int, b int, unique key(a));
show CREATE TABLE show_04;
â¤ Table[12,-1,0]  Â¦  Create Table[12,-1,0]  ğ„€
show_04  Â¦  CREATE TABLE `show_04` (
  `a` int DEFAULT NULL,
  `b` int DEFAULT NULL,
  UNIQUE KEY `a` (`a`)
)
CREATE INDEX b ON show_04(b);
show INDEX FROM show_04;
â¤ Table[12,-1,0]  Â¦  Non_unique[-5,64,0]  Â¦  Key_name[12,-1,0]  Â¦  Seq_in_index[4,32,0]  Â¦  Column_name[12,-1,0]  Â¦  Collation[12,-1,0]  Â¦  Cardinality[-5,64,0]  Â¦  Sub_part[12,-1,0]  Â¦  Packed[12,-1,0]  Â¦  Null[12,-1,0]  Â¦  Index_type[12,-1,0]  Â¦  Comment[1,0,0]  Â¦  Index_comment[12,-1,0]  Â¦  Index_params[12,-1,0]  Â¦  Visible[12,-1,0]  Â¦  Expression[12,-1,0]  ğ„€
show_04  Â¦  0  Â¦  a  Â¦  1  Â¦  a  Â¦  A  Â¦  0  Â¦  NULL  Â¦  NULL  Â¦  YES  Â¦    Â¦    Â¦    Â¦    Â¦  YES  Â¦  a  ğ„€
show_04  Â¦  1  Â¦  b  Â¦  1  Â¦  b  Â¦  A  Â¦  0  Â¦  NULL  Â¦  NULL  Â¦  YES  Â¦    Â¦    Â¦    Â¦    Â¦  YES  Â¦  b
DROP TABLE show_04;
DROP DATABASE test;
create database test;
use test;
drop table if exists t1;
create table t1(a int, b int, c int, primary key(a));
show columns from t1;
â¤ Field[1,0,0]  Â¦  Type[1,0,0]  Â¦  Null[1,0,0]  Â¦  Key[1,0,0]  Â¦  Default[1,0,0]  Â¦  Extra[1,0,0]  Â¦  Comment[1,0,0]  ğ„€
a  Â¦  INT(32)  Â¦  NO  Â¦  PRI  Â¦  null  Â¦    Â¦    ğ„€
b  Â¦  INT(32)  Â¦  YES  Â¦    Â¦  null  Â¦    Â¦    ğ„€
c  Â¦  INT(32)  Â¦  YES  Â¦    Â¦  null  Â¦    Â¦  
drop table t1;
drop table if exists t2;
create table t2(a int, b int, c int, primary key(a, b));
show columns from t2;
â¤ Field[1,0,0]  Â¦  Type[1,0,0]  Â¦  Null[1,0,0]  Â¦  Key[1,0,0]  Â¦  Default[1,0,0]  Â¦  Extra[1,0,0]  Â¦  Comment[1,0,0]  ğ„€
a  Â¦  INT(32)  Â¦  NO  Â¦  PRI  Â¦  null  Â¦    Â¦    ğ„€
b  Â¦  INT(32)  Â¦  NO  Â¦  PRI  Â¦  null  Â¦    Â¦    ğ„€
c  Â¦  INT(32)  Â¦  YES  Â¦    Â¦  null  Â¦    Â¦  
drop table t2;
drop table if exists t3;
create table t3(a int, b int, c int, primary key(a, b, c));
show columns from t3;
â¤ Field[1,0,0]  Â¦  Type[1,0,0]  Â¦  Null[1,0,0]  Â¦  Key[1,0,0]  Â¦  Default[1,0,0]  Â¦  Extra[1,0,0]  Â¦  Comment[1,0,0]  ğ„€
a  Â¦  INT(32)  Â¦  NO  Â¦  PRI  Â¦  null  Â¦    Â¦    ğ„€
b  Â¦  INT(32)  Â¦  NO  Â¦  PRI  Â¦  null  Â¦    Â¦    ğ„€
c  Â¦  INT(32)  Â¦  NO  Â¦  PRI  Â¦  null  Â¦    Â¦  
drop table t3;
drop database test;
DROP DATABASE test;
Can't drop database 'test'; database doesn't exist
create database test;
use test;
drop table if exists t1;
CREATE TABLE t1 (
col1 INT NOT NULL PRIMARY KEY,
col2 DATE NOT NULL,
col3 INT NOT NULL,
col4 INT NOT NULL,
INDEX (col2,col3)
);
show index from t1;
â¤ Table[12,-1,0]  Â¦  Non_unique[-5,64,0]  Â¦  Key_name[12,-1,0]  Â¦  Seq_in_index[4,32,0]  Â¦  Column_name[12,-1,0]  Â¦  Collation[12,-1,0]  Â¦  Cardinality[-5,64,0]  Â¦  Sub_part[12,-1,0]  Â¦  Packed[12,-1,0]  Â¦  Null[12,-1,0]  Â¦  Index_type[12,-1,0]  Â¦  Comment[1,0,0]  Â¦  Index_comment[12,-1,0]  Â¦  Index_params[12,-1,0]  Â¦  Visible[12,-1,0]  Â¦  Expression[12,-1,0]  ğ„€
t1  Â¦  1  Â¦  col2  Â¦  1  Â¦  col2  Â¦  A  Â¦  0  Â¦  NULL  Â¦  NULL  Â¦    Â¦    Â¦    Â¦    Â¦    Â¦  YES  Â¦  col2  ğ„€
t1  Â¦  1  Â¦  col2  Â¦  2  Â¦  col3  Â¦  A  Â¦  0  Â¦  NULL  Â¦  NULL  Â¦    Â¦    Â¦    Â¦    Â¦    Â¦  YES  Â¦  col3  ğ„€
t1  Â¦  0  Â¦  PRIMARY  Â¦  1  Â¦  col1  Â¦  A  Â¦  0  Â¦  NULL  Â¦  NULL  Â¦    Â¦    Â¦    Â¦    Â¦    Â¦  YES  Â¦  col1
drop table t1;
drop table if exists t2;
CREATE TABLE t2 (
col1 INT NOT NULL PRIMARY KEY,
col2 DATE NOT NULL UNIQUE KEY,
col3 INT NOT NULL,
col4 INT NOT NULL
);
show index from t2;
â¤ Table[12,-1,0]  Â¦  Non_unique[-5,64,0]  Â¦  Key_name[12,-1,0]  Â¦  Seq_in_index[4,32,0]  Â¦  Column_name[12,-1,0]  Â¦  Collation[12,-1,0]  Â¦  Cardinality[-5,64,0]  Â¦  Sub_part[12,-1,0]  Â¦  Packed[12,-1,0]  Â¦  Null[12,-1,0]  Â¦  Index_type[12,-1,0]  Â¦  Comment[1,0,0]  Â¦  Index_comment[12,-1,0]  Â¦  Index_params[12,-1,0]  Â¦  Visible[12,-1,0]  Â¦  Expression[12,-1,0]  ğ„€
t2  Â¦  0  Â¦  col2  Â¦  1  Â¦  col2  Â¦  A  Â¦  0  Â¦  NULL  Â¦  NULL  Â¦    Â¦    Â¦    Â¦    Â¦    Â¦  YES  Â¦  col2  ğ„€
t2  Â¦  0  Â¦  PRIMARY  Â¦  1  Â¦  col1  Â¦  A  Â¦  0  Â¦  NULL  Â¦  NULL  Â¦    Â¦    Â¦    Â¦    Â¦    Â¦  YES  Â¦  col1
drop table t2;
drop table if exists t3;
CREATE TABLE t3 (
col1 INT NOT NULL PRIMARY KEY,
col2 DATE NOT NULL,
col3 INT NOT NULL,
col4 INT NOT NULL,
UNIQUE KEY (col1),
UNIQUE KEY (col1, col3)
);
show index from t3;
â¤ Table[12,-1,0]  Â¦  Non_unique[-5,64,0]  Â¦  Key_name[12,-1,0]  Â¦  Seq_in_index[4,32,0]  Â¦  Column_name[12,-1,0]  Â¦  Collation[12,-1,0]  Â¦  Cardinality[-5,64,0]  Â¦  Sub_part[12,-1,0]  Â¦  Packed[12,-1,0]  Â¦  Null[12,-1,0]  Â¦  Index_type[12,-1,0]  Â¦  Comment[1,0,0]  Â¦  Index_comment[12,-1,0]  Â¦  Index_params[12,-1,0]  Â¦  Visible[12,-1,0]  Â¦  Expression[12,-1,0]  ğ„€
t3  Â¦  0  Â¦  col1  Â¦  1  Â¦  col1  Â¦  A  Â¦  0  Â¦  NULL  Â¦  NULL  Â¦    Â¦    Â¦    Â¦    Â¦    Â¦  YES  Â¦  col1  ğ„€
t3  Â¦  0  Â¦  col1_2  Â¦  1  Â¦  col1  Â¦  A  Â¦  0  Â¦  NULL  Â¦  NULL  Â¦    Â¦    Â¦    Â¦    Â¦    Â¦  YES  Â¦  col1  ğ„€
t3  Â¦  0  Â¦  col1_2  Â¦  2  Â¦  col3  Â¦  A  Â¦  0  Â¦  NULL  Â¦  NULL  Â¦    Â¦    Â¦    Â¦    Â¦    Â¦  YES  Â¦  col3  ğ„€
t3  Â¦  0  Â¦  PRIMARY  Â¦  1  Â¦  col1  Â¦  A  Â¦  0  Â¦  NULL  Â¦  NULL  Â¦    Â¦    Â¦    Â¦    Â¦    Â¦  YES  Â¦  col1
drop table t3;
drop database test;
drop database if exists test;
create database test;
use test;
SHOW CREATE TABLE information_schema.columns;
â¤ View[12,-1,0]  Â¦  Create View[12,-1,0]  Â¦  character_set_client[12,-1,0]  Â¦  collation_connection[12,-1,0]  ğ„€
columns  Â¦  CREATE VIEW information_schema.COLUMNS AS select 'def' as TABLE_CATALOG,mc.att_database as TABLE_SCHEMA,mc.att_relname AS TABLE_NAME,mc.attname AS COLUMN_NAME,mc.attnum AS ORDINAL_POSITION,mo_show_visible_bin(mc.att_default,1) as COLUMN_DEFAULT,(case when mc.attnotnull != 0 then 'NO' else 'YES' end) as IS_NULLABLE,mo_show_visible_bin(mc.atttyp,2) as DATA_TYPE,internal_char_length(mc.atttyp) AS CHARACTER_MAXIMUM_LENGTH,internal_char_size(mc.atttyp) AS CHARACTER_OCTET_LENGTH,internal_numeric_precision(mc.atttyp) AS NUMERIC_PRECISION,internal_numeric_scale(mc.atttyp) AS NUMERIC_SCALE,internal_datetime_scale(mc.atttyp) AS DATETIME_PRECISION,(case internal_column_character_set(mc.atttyp) WHEN 0 then 'utf8' WHEN 1 then 'utf8' else NULL end) AS CHARACTER_SET_NAME,(case internal_column_character_set(mc.atttyp) WHEN 0 then 'utf8_bin' WHEN 1 then 'utf8_bin' else NULL end) AS COLLATION_NAME,mo_show_visible_bin(mc.atttyp,3) as COLUMN_TYPE,case when mc.att_constraint_type = 'p' then 'PRI' when mo_show_col_unique(mt.`constraint`, mc.attname) then 'UNI' else '' end as COLUMN_KEY,case when mc.att_is_auto_increment = 1 then 'auto_increment' else '' end as EXTRA,'select,insert,update,references' as `PRIVILEGES`,mc.att_comment as COLUMN_COMMENT,cast('' as varchar(500)) as GENERATION_EXPRESSION,if(true, NULL, 0) as SRS_ID from mo_catalog.mo_columns mc join mo_catalog.mo_tables mt ON mc.account_id = mt.account_id AND mc.att_database = mt.reldatabase AND mc.att_relname = mt.relname where mc.account_id = current_account_id() and mc.att_relname!='mo_increment_columns' and mc.att_relname not like '__mo_cpkey_%' and mc.attname != '__mo_rowid' and mc.att_relname not like '\%!\%%\%!\%%' and mc.att_relname != '__mo_account_lock'  Â¦  utf8mb4  Â¦  utf8mb4_general_ci
drop database test;
