select * from plugin_exec('cat', '[1,2,3]') as f;
result
1
2
3
select * from plugin_exec('cat', '["1","2","3"]') as f;
result
"1"
"2"
"3"
select * from plugin_exec('cat', '["a","b","c"]') as f;
result
"a"
"b"
"c"
select * from plugin_exec('cat', '["a","b",null]') as f;
result
"a"
"b"
null
select * from plugin_exec('cat', '[false,true,null]') as f;
result
false
true
null
select * from plugin_exec('cat', cast('file:///$resources/plugin/result.json' as datalink)) as f;
result
{"chunk": 0, "e": "[1.1, 2.2, 3.3]"}
{"chunk": "1", "e": "[2.5, 3.5, 4.5]"}
{"chunk": "2", "e": "[9.1, 8.2, 7.3]"}
select json_extract(result, "$.id") from plugin_exec('cat', '[{"id":1},{"id":2},{"id":3}]') as f;
json_extract(result, $.id)
1
2
3
create table t1 (chunk int, e vecf32(3));
insert into t1 select json_unquote(json_extract(result, "$.chunk")), json_unquote(json_extract(result, "$.e"))
from plugin_exec('cat', cast('file:///$resources/plugin/result.json' as datalink)) as f;
select * from t1;
chunk    e
0    [1.1, 2.2, 3.3]
1    [2.5, 3.5, 4.5]
2    [9.1, 8.2, 7.3]
drop table t1;
