drop database if exists testdb;
create database testdb;
use testdb;
select enable_fault_injection();
enable_fault_injection()
true
create table t1(a int, b int, index(b));
select add_fault_point('fj/cn/flush_small_objs',':::','echo',40,'testdb.t1');
add_fault_point(fj/cn/flush_small_objs, :::, echo, 40, testdb.t1)
true
insert into t1 select *, * from generate_series(1, 40960)g;
select a from t1 where b = 1;
a
1
select a from t1 where b between 1 and 3;
a
1
2
3
select a from t1 where b in (1,2,3);
a
1
2
3
drop table t1;
create table t2(a varchar, b varchar, index(b));
select add_fault_point('fj/cn/flush_small_objs',':::','echo',40,'testdb.t2');
add_fault_point(fj/cn/flush_small_objs, :::, echo, 40, tesdb.t2)
true
insert into t2 values('1','2'),('3','4'),('5','6'),('7','8'),('a','b'),('c','d'),('e','f'),('g','h');
insert into t2 select * from t2;
insert into t2 select * from t2;
insert into t2 select * from t2;
insert into t2 select * from t2;
insert into t2 select * from t2;
insert into t2 select * from t2;
insert into t2 select * from t2;
insert into t2 select * from t2;
insert into t2 select * from t2;
insert into t2 select * from t2;
insert into t2 select * from t2;
insert into t2 select * from t2;
insert into t2 select * from t2;
select count(*) from t2;
count(*)
65536
select distinct a from t2 where b = '2';
distinct a
1
select distinct a from t2 where b between '2' and '6';
distinct a
1
3
5
select distinct a from t2 where b in ('2','4','6');
distinct a
1
3
5
drop table t2;
create table t3 (a float, b float, index(b));
select add_fault_point('fj/cn/flush_small_objs',':::','echo',40,'testdb.t3');
add_fault_point(fj/cn/flush_small_objs, :::, echo, 40, testdb.t1)
true
insert into t3 select *, * from generate_series(1, 40960)g;
select a from t3 where b = 1;
a
1
select a from t3 where b between 1 and 3;
a
1
2
3
select a from t3 where b in (1,2,3);
a
1
2
3
drop table t3;
create table t4(a int primary key, b int);
select add_fault_point('fj/cn/flush_small_objs',':::','echo',40,'testdb.t4');
add_fault_point(fj/cn/flush_small_objs, :::, echo, 40, testdb.t4)
true
insert into t4 select *, * from generate_series(1, 40960)g;
select b from t4 where a < 3;
b
1
2
select b from t4 where a <= 3;
b
1
2
3
select b from t4 where a > 1 and a < 3;
b
2
select b from t4 where a >= 1 and a < 3;
b
1
2
select b from t4 where a > 1 and a <= 3;
b
2
3
select b from t4 where a >= 1 and a <= 3;
b
1
2
3
select b from t4 where a < 3 and a = 3;
b
select b from t4 where a < 1 or a < 3;
b
1
2
select b from t4 where a <= 1 or a <= 3;
b
1
2
3
select b from t4 where a < 2 or a = 3;
b
1
3
select b from t4 where a < 3 or a = 2;
b
1
2
drop table t4;
drop database testdb;
select disable_fault_injection();
disable_fault_injection()
true