drop table if exists t1;
drop table if exists t2;
drop table if exists t3;
create table temporary t1 (libname1 varchar(21) not null primary key, city varchar(20));
create table temporary t2 (isbn2 varchar(21) not null primary key, author varchar(20), title varchar(60));
create table temporary t3 (isbn3 varchar(21) not null, libname3 varchar(21) not null, quantity int);
insert into t2 values ('001','Daffy','Aducklife');
insert into t2 values ('002','Bugs','Arabbitlife');
insert into t2 values ('003','Cowboy','Lifeontherange');
insert into t2 values ('000','Anonymous','Wannabuythisbook?');
insert into t2 values ('004','BestSeller','OneHeckuvabook');
insert into t2 values ('005','EveryoneBuys','Thisverybook');
insert into t2 values ('006','SanFran','Itisasanfranlifestyle');
insert into t2 values ('007','BerkAuthor','Cool.Berkley.the.book');
insert into t3 values('000','NewYorkPublicLibra',1);
insert into t3 values('001','NewYorkPublicLibra',2);
insert into t3 values('002','NewYorkPublicLibra',3);
insert into t3 values('003','NewYorkPublicLibra',4);
insert into t3 values('004','NewYorkPublicLibra',5);
insert into t3 values('005','NewYorkPublicLibra',6);
insert into t3 values('006','SanFransiscoPublic',5);
insert into t3 values('007','BerkeleyPublic1',3);
insert into t3 values('007','BerkeleyPublic2',3);
insert into t3 values('001','NYC Lib',8);
insert into t1 values ('NewYorkPublicLibra','NewYork');
insert into t1 values ('SanFransiscoPublic','SanFran');
insert into t1 values ('BerkeleyPublic1','Berkeley');
insert into t1 values ('BerkeleyPublic2','Berkeley');
insert into t1 values ('NYCLib','NewYork');
select * from (select city,libname1,count(libname1) as a from t3 join t1 on libname1=libname3 join t2 on isbn3=isbn2 group by city,libname1) sub ;
city	libname1	a
NewYork	NewYorkPublicLibra	6
SanFran	SanFransiscoPublic	1
Berkeley	BerkeleyPublic1	1
Berkeley	BerkeleyPublic2	1
drop table if exists t1;
create temporary table t1(
a bigint primary key auto_increment,
b varchar(10)
);
insert into t1(b) values ('bbb');
insert into t1 values (1, 'ccc');
insert into t1 values (3, 'ccc');
insert into t1(b) values ('bbb1111');
select * from t1 order by a;
a    b
1    bbb
3    ccc
4    bbb1111
drop table if exists t1;
create temporary table t1(
a int,
b varchar(10)
);
insert into t1 values (111, 'a'),(110, 'a'),(100, 'a'),(000, 'b'),(001, 'b'),(011,'b');
select distinct b from t1;
b
a
b
select distinct b, a from t1;
b    a
a    111
a    110
a    100
b    0
b    1
b    11
select count(distinct a) from t1;
count(distinct a)
6
select sum(distinct a) from t1;
sum(distinct a)
333
select avg(distinct a) from t1;
avg(distinct a)
55.5
select min(distinct a) from t1;
min(distinct a)
0
select max(distinct a) from t1;
max(distinct a)
111
drop table t1;
