drop table if exists names;
create table names(id int PRIMARY KEY,name VARCHAR(255),age int);
insert into names(id, name, age) values(1,"Abby", 24);
insert into names(id, name, age) values(2,"Bob", 25);
insert into names(id, name, age) values(3,"Carol", 23);
insert into names(id, name, age) values(4,"Dora", 29);
select id,name,age from names;
id	name	age
1	Abby	24
2	Bob	25
3	Carol	23
4	Dora	29
drop table if exists weights;
create table weights(a int unique);
insert into weights values(1);
select * from weights;
a
1
drop table if exists test;
create table test(id int primary key, name varchar(10), age int);
insert into test values(1, 'Abby', 20);
insert into test values(2, 'Bob', 21);
select id,name,age from test;
id	name	age
1	Abby	20
2	Bob	21
drop table if exists pet;
create table pet(name char(10),owner char(10), species char(10), gender char(1), weight float,age int);
insert into pet values ('Sunsweet01','Dsant01','otter','f',30.11,2),
('Sunsweet02','Dsant02','otter','m',30.11,3);
insert into pet(name, owner, species, gender, weight, age) values ('Sunsweet03','Dsant01','otter','f',30.11,2),
('Sunsweet04','Dsant02','otter','m',30.11,3);
select * from pet;
name	owner	species	gender	weight	age
Sunsweet01	Dsant01	otter	f	30.11	2
Sunsweet02	Dsant02	otter	m	30.11	3
Sunsweet03	Dsant01	otter	f	30.11	2
Sunsweet04	Dsant02	otter	m	30.11	3
drop table if exists t1;
create table t1 (a bigint unsigned not null, primary key(a));
insert into t1 values (18446744073709551615), (0xFFFFFFFFFFFFFFFE), (18446744073709551613), (18446744073709551612);
select * from t1;
a
18446744073709551612
18446744073709551613
18446744073709551614
18446744073709551615
drop table if exists t1;
create table t1(a int, b int);
insert into t1 values(), ();
select * from t1;
a	b
null	null
null	null
drop table if exists t1;
create table t1(a int default (1+12), b int);
insert into t1(b) values(1), (1);
select * from t1;
a	b
13	1
13	1
drop table if exists t1;
create table t1(a int primary key default (1+12));
insert into t1 values();
select * from t1;
a
13
drop table if exists t1;
create table t1(a int, b int);
insert into t1(a) values(1), (2);
select * from t1;
a	b
1	null
2	null
drop table if exists t1;
create table t1 (a int);
insert into t1 values (1+2), (2*2);
select * from t1;
a
3
4
drop table if exists t1;
create table t1 (a datetime default now());
insert into t1 values();
insert into t1 values(now());
drop table if exists t1;
create table t1 (a int);
insert into t1 values(1+2*3), (666/2);
select * from t1;
a
7
333
drop table if exists t;
CREATE TABLE t (i1 INT, d1 DOUBLE, e2 DECIMAL(5,2));
INSERT INTO t VALUES ( 6, 6.0, 10.0/3), ( null, 9.0, 10.0/3), ( 1, null, 10.0/3), ( 2, 2.0, null );
select * from t;
i1	d1	e2
6	6.0	3.33
null	9.0	3.33
1	null	3.33
2	2.0	null
drop table if exists t1;
create table t1 (a date);
insert into t1 values(DATE("2017-06-15 09:34:21")),(DATE("2019-06-25 10:12:21")),(DATE("2019-06-25 18:20:49"));
select * from t1;
a
2017-06-15
2019-06-25
2019-06-25
drop table if exists t1;
create table t1 (a date default DATE("2017-06-15 09:34:21"));
insert into t1 (a) values (default), (default), (default);
select * from t1;
a
2017-06-15
2017-06-15
2017-06-15
drop table if exists t1;
create table t1(a int auto_increment, b int);
insert into t1 values(null, 2), (3, null), (null, null);
select * from t1;
a    b
1    2
3    null
4    null
drop table if exists t1;
create table t1(a int auto_increment, b bigint auto_increment);
insert into t1 values(null, 2), (3, null), (null, null);
select * from t1;
a    b
1    2
3    3
4    4
insert into t1 values(100, 2), (null, null), (null, null);
select * from t1;
a    b
1    2
3    3
4    4
100     2
101     5
102     6
drop table if exists t1;
create table t1(a int, b int, primary key(a));
insert into t1 values(null, 1);
constraint vialation: Column 'a' cannot be null
drop table if exists t1;
create table t1(a int, b int, primary key(a, b));
insert into t1 values(null, 1);
constraint vialation: Column 'a' cannot be null
drop table if exists t1;
create table t1(a int, b varchar(20), primary key(a, b));
insert into t1 values(1, '2');
insert into t1 values(1, '3');
insert into t1 values(2, '2');
insert into t1 values(2, '3');
select * from t1;
a    b
1    2
1    3
2    2
2    3
insert into t1 values(2, '3');
tae data: duplicate
drop table if exists t1;
create table t1(a int, b int, c int);
insert into t1 values(1, 2, 3) on duplicate key update a=5;
not supported: INSERT ... ON DUPLICATE KEY UPDATE ...
insert into t1 values(1, 2, 3) on duplicate key update a=5, b=6, c=7;
not supported: INSERT ... ON DUPLICATE KEY UPDATE ...
insert into t1 values(1, 2, 3) on duplicate key update a=values(b)+values(c);
not supported: INSERT ... ON DUPLICATE KEY UPDATE ...