drop database if exists test;
create database test;
use test;
create table t1(a int not null, b int);
create table t2(a int, b int);
create table t3(a int, b int);
insert into t1 values (null, 0);
constraint violation: Column 'a' cannot be null
insert into t2 values (null, null);
insert into t3 values (0, 0);
insert into t1 select * from t3;
select * from t1;
a    b
0    0
insert into t1 select * from t2;
constraint violation: Column 'a' cannot be null
select * from t1;
a    b
0    0
drop table if exists t1;
drop table if exists t2;
drop table if exists t3;
create table t(a int not null, b int);
insert into t values (1, 1);
insert into t values (1, null);
insert into t values (2, null);
insert into t values (3, null);
update t set a=null;
constraint violation: Column 'a' cannot be null