drop table if exists t1;
drop table if exists t2;
CREATE TABLE t1 (S1 INT);
CREATE TABLE t2 (S1 INT);
INSERT INTO t1 VALUES (1),(3),(4),(6);
INSERT INTO t2 VALUES (2),(4),(5);
SELECT * FROM t1 JOIN t2 on t1.S1=t2.S1;
S1	S1
4	4
drop table if exists t1;
drop table if exists t2;
create table t1 (id int);
create table t2 (id int);
insert into t1 values (75);
insert into t1 values (79);
insert into t1 values (78);
insert into t1 values (77);
insert into t1 values (76);
insert into t1 values (76);
insert into t1 values (104);
insert into t1 values (103);
insert into t1 values (102);
insert into t1 values (101);
insert into t1 values (105);
insert into t1 values (106);
insert into t1 values (107);
insert into t2 values (107),(75),(1000);
select t1.id, t2.id from t1, t2 where t2.id = t1.id;
id	id
75	75
107	107
select t1.id, count(t2.id) from t1,t2 where t2.id = t1.id group by t1.id;
id	count(t2.id)
75	1
107	1
select t1.id,t2.id from t2 join t1 on t1.id=t2.id where t2.id=75;
id	id
75	75
drop table if exists t1;
drop table if exists t2;
CREATE TABLE t1 (
id int,
token varchar(100) DEFAULT '' NOT NULL,
count int DEFAULT 0 NOT NULL,
qty int,
phone char(1) DEFAULT '' NOT NULL,
times datetime DEFAULT '2000-01-01 00:00:00' NOT NULL
);
INSERT INTO t1 VALUES (21,'e45703b64de71482360de8fec94c3ade',3,7800,'n','1999-12-23 17:22:21');
INSERT INTO t1 VALUES (22,'e45703b64de71482360de8fec94c3ade',4,5000,'y','1999-12-23 17:22:21');
INSERT INTO t1 VALUES (18,'346d1cb63c89285b2351f0ca4de40eda',3,13200,'b','1999-12-23 11:58:04');
INSERT INTO t1 VALUES (17,'ca6ddeb689e1b48a04146b1b5b6f936a',4,15000,'b','1999-12-23 11:36:53');
INSERT INTO t1 VALUES (16,'ca6ddeb689e1b48a04146b1b5b6f936a',3,13200,'b','1999-12-23 11:36:53');
INSERT INTO t1 VALUES (26,'a71250b7ed780f6ef3185bfffe027983',5,1500,'b','1999-12-27 09:44:24');
INSERT INTO t1 VALUES (24,'4d75906f3c37ecff478a1eb56637aa09',3,5400,'y','1999-12-23 17:29:12');
INSERT INTO t1 VALUES (25,'4d75906f3c37ecff478a1eb56637aa09',4,6500,'y','1999-12-23 17:29:12');
INSERT INTO t1 VALUES (27,'a71250b7ed780f6ef3185bfffe027983',3,6200,'b','1999-12-27 09:44:24');
INSERT INTO t1 VALUES (28,'a71250b7ed780f6ef3185bfffe027983',3,5400,'y','1999-12-27 09:44:36');
INSERT INTO t1 VALUES (29,'a71250b7ed780f6ef3185bfffe027983',4,17700,'b','1999-12-27 09:45:05');
CREATE TABLE t2 (
id int,
category int DEFAULT 0 NOT NULL,
county int DEFAULT 0 NOT NULL,
state int DEFAULT 0 NOT NULL,
phones int DEFAULT 0 NOT NULL,
nophones int DEFAULT 0 NOT NULL
);
INSERT INTO t2 VALUES (3,2,11,12,5400,7800);
INSERT INTO t2 VALUES (4,2,25,12,6500,11200);
INSERT INTO t2 VALUES (5,1,37,6,10000,12000);
select t1.id, category as catid, state as stateid, county as countyid from t1 join t2 on count=t2.id where token='a71250b7ed780f6ef3185bfffe027983';
id	catid	stateid	countyid
28	2	12	11
27	2	12	11
29	2	12	25
26	1	6	37
select t1.id, category as catid, state as stateid, county as countyid from t1 join t2 on count=t2.id where token='a71250b7ed780f6ef3185bfffe027983' and t1.id>26 order by t1.id;
id	catid	stateid	countyid
27	2	12	11
28	2	12	11
29	2	12	25
drop table if exists t1;
drop table if exists t2;
drop table if exists t3;
CREATE TABLE t1 (
t1_id int default NULL,
t2_id int default NULL,
type varchar(12) default NULL,
cost_unit varchar(5) default NULL,
min_value double default NULL,
max_value double default NULL,
t3_id int default NULL,
item_id int default NULL
);
CREATE TABLE t2 (
id int  NOT NULL,
name varchar(255) default NULL,
PRIMARY KEY  (id)
);
INSERT INTO t1 VALUES (12,5,'Percent','Cost',-1,0,-1,-1),(14,4,'Percent','Cost',-1,0,-1,-1),(18,5,'Percent','Cost',-1,0,-1,-1),(19,4,'Percent','Cost',-1,0,-1,-1),(20,5,'Percent','Cost',100,-1,22,291),(21,5,'Percent','Cost',100,-1,18,291),(22,1,'Percent','Cost',100,-1,6,291),(23,1,'Percent','Cost',100,-1,21,291),(24,1,'Percent','Cost',100,-1,9,291),(25,1,'Percent','Cost',100,-1,4,291),(26,1,'Percent','Cost',100,-1,20,291),(27,4,'Percent','Cost',100,-1,7,202),(28,1,'Percent','Cost',50,-1,-1,137),(29,2,'Percent','Cost',100,-1,4,354),(30,2,'Percent','Cost',100,-1,9,137),(93,2,'Cost','Cost',-1,10000000,-1,-1);
INSERT INTO t2 VALUES (1,'s1'),(2,'s2'),(3,'s3'),(4,'s4'),(5,'s5');
select t2_id,name, type  from t1 join t2 on t2.id=t1.t2_id order by id;
t2_id	name	type
1	s1	Percent
1	s1	Percent
1	s1	Percent
1	s1	Percent
1	s1	Percent
1	s1	Percent
2	s2	Percent
2	s2	Percent
2	s2	Cost
4	s4	Percent
4	s4	Percent
4	s4	Percent
5	s5	Percent
5	s5	Percent
5	s5	Percent
5	s5	Percent
drop table t1;
drop table t2;
CREATE TABLE t1 (ID INTEGER NOT NULL PRIMARY KEY, Value1 VARCHAR(255));
CREATE TABLE t2 (ID INTEGER NOT NULL PRIMARY KEY, Value2 VARCHAR(255));
INSERT INTO t1 VALUES (1, 'A');
INSERT INTO t2 VALUES (1, 'B');
SELECT t1.ID,Value2 FROM t1 JOIN t2 on t1.ID=t2.ID WHERE Value1 = 'A';
ID	Value2
1	B
SELECT t1.ID,Value2 FROM t1 JOIN t2 on t1.ID=t2.ID WHERE Value1 = 'A' and Value2 <> 'B';
ID	Value2
drop table if exists t1;
drop table if exists t2;
drop table if exists t3;
CREATE TABLE t1 (a int);
CREATE TABLE t2 (b int);
CREATE TABLE t3 (c int);
insert into t1 values(1),(2),(3),(4),(5);
insert into t2 values(1),(3),(5),(7),(9);
insert into t3 values(1),(1),(3),(4),(7);
select a,b,c from t1 join t2 on t1.a=t2.b join t3 on t1.a=t3.c where a>1;
a	b	c
3	3	3
drop table if exists t1;
drop table if exists t2;
drop table if exists t3;
create table t1 (i int);
create table t2 (i int);
create table t3 (i int);
insert into t1 values(1),(2);
insert into t2 values(2),(3);
insert into t3 values (2),(4);
select t3.i from t1 join t2 on t1.i=t2.i join t3 on t2.i=t3.i;
i
2
drop table if exists t1;
drop table if exists t2;
drop table if exists t3;
drop table if exists t4;
drop table if exists t5;
drop table if exists t6;
create table t1 (c int, b int);
create table t2 (a int, b int);
create table t3 (b int, c int);
create table t4 (y int, c int);
create table t5 (y int, z int);
create table t6 (a int, c int);
insert into t1 values (10,1);
insert into t1 values (3 ,1);
insert into t1 values (3 ,2);
insert into t2 values (2, 1);
insert into t3 values (1, 3);
insert into t3 values (1,10);
insert into t4 values (11,3);
insert into t4 values (2, 3);
insert into t5 values (11,4);
insert into t6 values (2, 3);
select distinct a,t1.b,t3.c from t1 join t2 on t1.b=t2.b join t3 on t1.b=t3.c;
a	b	c
drop table if exists t1;
drop table if exists t2;
drop table if exists t3;
drop table if exists t4;
create table t1 (a1 int, a2 int);
create table t2 (a1 int, b int);
create table t3 (c1 int, c2 int);
create table t4 (c2 int);
insert into t1 values (1,1);
insert into t2 values (1,1);
insert into t3 values (1,1);
insert into t4 values (1);
select * from t1 join t2 on t1.a1=t2.a1 join t3 on b=c1 join t4 on t3.c2=t4.c2;
a1	a2	a1	b	c1	c2	c2
1	1	1	1	1	1	1
drop table if exists t1;
create table t1 (a int);
insert into t1 values(1);
drop table if exists t2;
create table t2 (a int);
insert into t2 values(1);
select * from (t1 join t2 on t1.a = t2.a);
a    a   
1    1
drop table if exists tt;
drop table if exists tt2;
create table tt(a text,b text,c int);
create table tt2(a text,b text,c int);
insert into tt values("a","bc",1);
insert into tt2 values("ab","c",2);
select * from tt as t11 join tt2 as t12 on t11.a = t12.a and t11.b = t12.b;
a    b    c    a    b    c