drop database if exists vecdb2;
create database vecdb2;
use vecdb2;
drop table if exists t1;
create table t1(a int primary key,b vecf32(3), c vecf64(5));
insert into t1 values(1, "[1,2,3]" , "[1,2,3,4,5");
internal error: malformed vector input: [1,2,3,4,5
insert into t1 values(2, "[1,2,4]", "[1,2,4,4,5]");
insert into t1 values(3, "[1,2.4,4]", "[1,2.4,4,4,5]");
insert into t1 values(4, "[1,2,5]", "[1,2,5,4,5]");
insert into t1 values(5, "[1,3,5]", "[1,3,5,4,5]");
insert into t1 values(6, "[100,44,50]", "[100,44,50,60,70]");
insert into t1 values(7, "[120,50,70]", "[120,50,70,80,90]");
insert into t1 values(8, "[130,40,90]", "[130,40,90,100,110]");
select a,b,normalize_l2(b) from t1;
a    b    normalize_l2(b)
2    [1, 2, 4]    [0.2182179, 0.4364358, 0.8728716]
3    [1, 2.4, 4]    [0.20961091, 0.5030662, 0.83844364]
4    [1, 2, 5]    [0.18257418, 0.36514837, 0.91287094]
5    [1, 3, 5]    [0.16903085, 0.50709254, 0.8451542]
6    [100, 44, 50]    [0.8322936, 0.36620918, 0.4161468]
7    [120, 50, 70]    [0.81274253, 0.33864272, 0.4740998]
8    [130, 40, 90]    [0.7970811, 0.24525574, 0.5518254]
select cluster_centers(b spherical_kmeans '2,vector_l2_ops') from t1;
cluster_centers(b, 2,vector_l2_ops)
[ [0.8140391, 0.31670254, 0.4806907],[0.19485846, 0.45293573, 0.8673351] ]
select cluster_centers(b spherical_kmeans '2,vector_ip_ops') from t1;
cluster_centers(b, 2,vector_ip_ops)
[ [0.8140391, 0.31670254, 0.4806907],[0.19485846, 0.45293573, 0.8673351] ]
select cluster_centers(b spherical_kmeans '2,vector_cosine_ops') from t1;
cluster_centers(b, 2,vector_cosine_ops)
[ [0.8140391, 0.31670254, 0.4806907],[0.19485846, 0.45293573, 0.8673351] ]
SELECT value FROM  (SELECT cluster_centers(b spherical_kmeans '2,vector_cosine_ops') AS centers FROM t1) AS subquery CROSS JOIN  UNNEST(subquery.centers) AS u;
value
[0.8140391, 0.31670254, 0.4806907]
[0.19485846, 0.45293573, 0.8673351]
select a,c,normalize_l2(c) from t1;
a    c    normalize_l2(c)
2    [1, 2, 4, 4, 5]    [0.1270001270001905, 0.254000254000381, 0.508000508000762, 0.508000508000762, 0.6350006350009525]
3    [1, 2.4, 4, 4, 5]    [0.12523503624640606, 0.30056408699137455, 0.5009401449856242, 0.5009401449856242, 0.6261751812320303]
4    [1, 2, 5, 4, 5]    [0.11867816581938535, 0.2373563316387707, 0.5933908290969268, 0.4747126632775414, 0.5933908290969268]
5    [1, 3, 5, 4, 5]    [0.1147078669352809, 0.3441236008058427, 0.5735393346764045, 0.4588314677411236, 0.5735393346764045]
6    [100, 44, 50, 60, 70]    [0.6602997913373754, 0.29053190818844515, 0.3301498956686877, 0.3961798748024252, 0.46220985393616276]
7    [120, 50, 70, 80, 90]    [0.6298366572977735, 0.26243194054073893, 0.3674047167570345, 0.41989110486518233, 0.4723774929733301]
8    [130, 40, 90, 100, 110]    [0.5890862307582769, 0.1812573017717775, 0.4078289289864994, 0.4531432544294438, 0.49845757987238815]
select cluster_centers(c spherical_kmeans '2,vector_l2_ops') from t1;
cluster_centers(c, 2,vector_l2_ops)
[ [0.6264075597978086, 0.24474038350032057, 0.3684611804707405, 0.42307141136568377, 0.477681642260627],[0.1214052990003157, 0.28401106835909223, 0.5439677041899293, 0.4856211960012628, 0.6070264950015785] ]
select cluster_centers(c spherical_kmeans '2,vector_ip_ops') from t1;
cluster_centers(c, 2,vector_ip_ops)
[ [0.6264075597978086, 0.24474038350032057, 0.3684611804707405, 0.42307141136568377, 0.477681642260627],[0.1214052990003157, 0.28401106835909223, 0.5439677041899293, 0.4856211960012628, 0.6070264950015785] ]
select cluster_centers(c spherical_kmeans '2,vector_cosine_ops') from t1;
cluster_centers(c, 2,vector_cosine_ops)
[ [0.6264075597978086, 0.24474038350032057, 0.3684611804707405, 0.42307141136568377, 0.477681642260627],[0.1214052990003157, 0.28401106835909223, 0.5439677041899293, 0.4856211960012628, 0.6070264950015785] ]
SELECT value FROM  (SELECT cluster_centers(c spherical_kmeans '2,vector_cosine_ops') AS centers FROM t1) AS subquery CROSS JOIN  UNNEST(subquery.centers) AS u;
value
[0.6264075597978086, 0.24474038350032057, 0.3684611804707405, 0.42307141136568377, 0.477681642260627]
[0.1214052990003157, 0.28401106835909223, 0.5439677041899293, 0.4856211960012628, 0.6070264950015785]
drop table if exists tbl;
create table tbl(id int primary key, embedding vecf32(3));
insert into tbl values(1, "[1,2,3]");
insert into tbl values(2, "[1,2,4]");
insert into tbl values(3, "[1,2.4,4]");
insert into tbl values(4, "[1,2,5]");
insert into tbl values(5, "[1,3,5]");
insert into tbl values(6, "[100,44,50]");
insert into tbl values(7, "[120,50,70]");
insert into tbl values(8, "[130,40,90]");
create index idx1 using IVFFLAT on tbl(embedding) lists = 2 op_type 'vector_l2_ops';
show index from tbl;
Table    Non_unique    Key_name    Seq_in_index    Column_name    Collation    Cardinality    Sub_part    Packed    Null    Index_type    Comment    Index_comment    Index_params    Visible    Expression
tbl    0    PRIMARY    1    id    A    0    NULL    NULL                        YES    NULL
tbl    1    idx1    1    embedding    A    0    NULL    NULL    YES    ivfflat            {"lists":"2","op_type":"vector_l2_ops"}    YES    NULL
show create table tbl;
Table    Create Table
tbl    CREATE TABLE `tbl` (\n`id` INT NOT NULL,\n`embedding` VECF32(3) DEFAULT NULL,\nPRIMARY KEY (`id`),\nKEY `idx1` USING `ivfflat` (`embedding`) lists = 2  op_type 'vector_l2_ops' \n)
select name, type, column_name, algo, algo_table_type,algo_params from mo_catalog.mo_indexes where name="idx1";
name    type    column_name    algo    algo_table_type    algo_params
idx1    MULTIPLE    embedding    ivfflat    metadata    {"lists":"2","op_type":"vector_l2_ops"}
idx1    MULTIPLE    embedding    ivfflat    centroids    {"lists":"2","op_type":"vector_l2_ops"}
idx1    MULTIPLE    embedding    ivfflat    entries    {"lists":"2","op_type":"vector_l2_ops"}
alter table tbl alter reindex idx1 ivfflat lists=3;
show index from tbl;
Table    Non_unique    Key_name    Seq_in_index    Column_name    Collation    Cardinality    Sub_part    Packed    Null    Index_type    Comment    Index_comment    Index_params    Visible    Expression
tbl    0    PRIMARY    1    id    A    0    NULL    NULL                        YES    NULL
tbl    1    idx1    1    embedding    A    0    NULL    NULL    YES    ivfflat            {"lists":"3","op_type":"vector_l2_ops"}    YES    NULL
show create table tbl;
Table    Create Table
tbl    CREATE TABLE `tbl` (\n`id` INT NOT NULL,\n`embedding` VECF32(3) DEFAULT NULL,\nPRIMARY KEY (`id`),\nKEY `idx1` USING `ivfflat` (`embedding`) lists = 2  op_type 'vector_l2_ops' \n)
select name, type, column_name, algo, algo_table_type,algo_params from mo_catalog.mo_indexes where name="idx1";
name    type    column_name    algo    algo_table_type    algo_params
idx1    MULTIPLE    embedding    ivfflat    metadata    {"lists":"3","op_type":"vector_l2_ops"}
idx1    MULTIPLE    embedding    ivfflat    centroids    {"lists":"3","op_type":"vector_l2_ops"}
idx1    MULTIPLE    embedding    ivfflat    entries    {"lists":"3","op_type":"vector_l2_ops"}
alter table tbl add c vecf32(3);
show index from tbl;
Table    Non_unique    Key_name    Seq_in_index    Column_name    Collation    Cardinality    Sub_part    Packed    Null    Index_type    Comment    Index_comment    Index_params    Visible    Expression
tbl    1    idx1    1    embedding    A    0    NULL    NULL    YES    ivfflat            {"lists":"2","op_type":"vector_l2_ops"}    YES    NULL
tbl    0    PRIMARY    1    id    A    0    NULL    NULL                        YES    NULL
show create table tbl;
Table    Create Table
tbl    CREATE TABLE `tbl` (\n`id` INT NOT NULL,\n`embedding` VECF32(3) DEFAULT NULL,\n`c` VECF32(3) DEFAULT NULL,\nPRIMARY KEY (`id`),\nKEY `idx1` USING `ivfflat` (`embedding`) lists = 2  op_type 'vector_l2_ops' \n)
select name, type, column_name, algo, algo_table_type,algo_params from mo_catalog.mo_indexes where name="idx1";
name    type    column_name    algo    algo_table_type    algo_params
idx1    MULTIPLE    embedding    ivfflat    metadata    {"lists":"2","op_type":"vector_l2_ops"}
idx1    MULTIPLE    embedding    ivfflat    centroids    {"lists":"2","op_type":"vector_l2_ops"}
idx1    MULTIPLE    embedding    ivfflat    entries    {"lists":"2","op_type":"vector_l2_ops"}
drop table if exists tbl;
create table tbl(a int primary key,b vecf32(3), c vecf64(5));
create index idx2 using IVFFLAT on tbl(b) lists = 2 op_type 'vector_l2_ops';
not supported: table should have some data
drop table if exists tbl;
create table tbl(a int primary key,b vecf32(3), c vecf32(3));
insert into tbl values(1, "[1,2,3]","[1,2,3]");
insert into tbl values(2, "[1,2,4]","[1,2,4]");
insert into tbl values(3, "[1,2.4,4]","[1,2.4,4]");
insert into tbl values(4, "[1,2,5]","[1,2,5]");
create index idx3 using IVFFLAT on tbl(a) lists = 2 op_type 'vector_l2_ops';
not supported: IVFFLAT only supports VECFXX column types
create index idx4 using IVFFLAT on tbl(b,c) lists = 2 op_type 'vector_l2_ops';
not supported: don't support multi column  IVF vector index
create index idx5 using IVFFLAT on tbl(b) lists = -1;
SQL parser error: You have an error in your SQL syntax; check the manual that corresponds to your MatrixOne server version for the right syntax to use. syntax error at line 1 column 51 near " -1;";
create index idx6 using IVFFLAT on tbl(b) op_type 'vector_l1_ops';
internal error: invalid op_type. not of type 'vector_ip_ops', 'vector_l2_ops', 'vector_cosine_ops'
drop table if exists tbl;
create table tbl(a int primary key,b vecf32(3), c vecf32(3));
insert into tbl values(1, "[1,2,3]","[1,2,3]");
insert into tbl values(2, "[1,2,4]","[1,2,4]");
insert into tbl values(3, "[1,2.4,4]","[1,2.4,4]");
insert into tbl values(4, "[1,2,5]","[1,2,5]");
create index idx7 using IVFFLAT on tbl(b);
show index from tbl;
Table    Non_unique    Key_name    Seq_in_index    Column_name    Collation    Cardinality    Sub_part    Packed    Null    Index_type    Comment    Index_comment    Index_params    Visible    Expression
tbl    0    PRIMARY    1    a    A    0    NULL    NULL                        YES    NULL
tbl    1    idx7    1    b    A    0    NULL    NULL    YES    ivfflat            {"lists":"1","op_type":"vector_l2_ops"}    YES    NULL
show create table tbl;
Table    Create Table
tbl    CREATE TABLE `tbl` (\n`a` INT NOT NULL,\n`b` VECF32(3) DEFAULT NULL,\n`c` VECF32(3) DEFAULT NULL,\nPRIMARY KEY (`a`),\nKEY `idx7` USING `ivfflat` (`b`) lists = 1  op_type 'vector_l2_ops' \n)
select name, type, column_name, algo, algo_table_type,algo_params from mo_catalog.mo_indexes where name="idx7";
name    type    column_name    algo    algo_table_type    algo_params
idx7    MULTIPLE    b    ivfflat    metadata    {"lists":"1","op_type":"vector_l2_ops"}
idx7    MULTIPLE    b    ivfflat    centroids    {"lists":"1","op_type":"vector_l2_ops"}
idx7    MULTIPLE    b    ivfflat    entries    {"lists":"1","op_type":"vector_l2_ops"}
drop table if exists tbl;
create table tbl(a int primary key, b vecf32(3));
insert into tbl values(1, "[1,2,3]");
insert into tbl values(2, "[1,2,4]");
insert into tbl values(3, "[1,2.4,4]");
insert into tbl values(4, "[1,2,5]");
insert into tbl values(5, "[1,3,5]");
insert into tbl values(6, "[100,44,50]");
insert into tbl values(7, "[100,44,50]");
insert into tbl values(8, "[130,40,90]");
insert into tbl values(9, null);
insert into tbl values(10, null);
create index idx8 using IVFFLAT on tbl(b) lists = 2 op_type 'vector_l2_ops';
invalid input: vecfxx column contains nulls.
show index from tbl;
Table    Non_unique    Key_name    Seq_in_index    Column_name    Collation    Cardinality    Sub_part    Packed    Null    Index_type    Comment    Index_comment    Index_params    Visible    Expression
tbl    0    PRIMARY    1    a    A    0    NULL    NULL                        YES    NULL
show create table tbl;
Table    Create Table
tbl    CREATE TABLE `tbl` (\n`a` INT NOT NULL,\n`b` VECF32(3) DEFAULT NULL,\nPRIMARY KEY (`a`)\n)
select name, type, column_name, algo, algo_table_type,algo_params from mo_catalog.mo_indexes where name="idx8";
name    type    column_name    algo    algo_table_type    algo_params
drop database vecdb2;
