drop database if exists vecdb3;
create database vecdb3;
use vecdb3;
drop table if exists t1;
create table t1(a int primary key,b vecf32(4), c varchar(3) );
insert into t1 values(1, "[1,0,0,0]" , "1");
insert into t1 values(2, "[2,0,0,0]", "2");
insert into t1 values(3, "[3,0,0,0]", "3");
insert into t1 values(4, "[1,1,0,0]", "4");
insert into t1 values(5, "[2,2,0,0]", "5");
insert into t1 values(6, "[3,3,0,0]", "6");
insert into t1 values(7, "[1,1,1,0]", "7");
insert into t1 values(8, "[2,2,2,0]", "8");
insert into t1 values(9, "[3,3,3,0]", "9");
select a, b from t1 order by l2_distance(normalize_l2(b), normalize_l2("[1,1,1,0]")) limit 3;
a    b
8    [2, 2, 2, 0]
9    [3, 3, 3, 0]
7    [1, 1, 1, 0]
create index idx1 using ivfflat on t1(b) lists=3 op_type "vector_l2_ops";
select a, b from t1 order by l2_distance(b, "[1,1,1,0]") limit 4;
a    b
7    [1, 1, 1, 0]
8    [2, 2, 2, 0]
9    [3, 3, 3, 0]
insert into t1 values(10, "[4,4,4,0]", "10");
select a, b from t1 order by l2_distance(b, "[1,1,1,0]") limit 4;
a    b
7    [1, 1, 1, 0]
8    [2, 2, 2, 0]
9    [3, 3, 3, 0]
10    [4, 4, 4, 0]
select a,b,c from t1 order by l2_distance(b, "[1,1,1,0]") limit 4;
a    b    c
7    [1, 1, 1, 0]    7
8    [2, 2, 2, 0]    8
9    [3, 3, 3, 0]    9
10    [4, 4, 4, 0]    10
insert into t1 values(11, "[1,1,1,1]", "11");
insert into t1 values(12, "[2,2,2,2]", "12");
insert into t1 values(13, "[3,3,3,3]", "13");
alter table t1 alter reindex idx1 ivfflat lists=4;
select a, b from t1 order by l2_distance(b, "[1,0,0,0]") limit 4;
a    b
1    [1, 0, 0, 0]
2    [2, 0, 0, 0]
3    [3, 0, 0, 0]
select a, b from t1 order by l2_distance(b, "[1,1,0,0]") limit 4;
a    b
4    [1, 1, 0, 0]
5    [2, 2, 0, 0]
6    [3, 3, 0, 0]
select a, b from t1 order by l2_distance(b, "[1,1,1,0]") limit 4;
a    b
7    [1, 1, 1, 0]
8    [2, 2, 2, 0]
9    [3, 3, 3, 0]
10    [4, 4, 4, 0]
select a, b from t1 order by l2_distance(b, "[1,1,1,1]") limit 4;
a    b
11    [1, 1, 1, 1]
12    [2, 2, 2, 2]
13    [3, 3, 3, 3]
drop table if exists t3;
create table t2(a int,b vecf32(4), c varchar(3), d int, primary key(a,d));
insert into t2 values(1, "[1,0,0,0]" , "1", 1);
insert into t2 values(2, "[2,0,0,0]", "2", 2);
insert into t2 values(3, "[3,0,0,0]", "3", 3);
insert into t2 values(4, "[1,1,0,0]", "4", 4);
insert into t2 values(5, "[2,2,0,0]", "5", 5);
insert into t2 values(6, "[3,3,0,0]", "6", 6);
insert into t2 values(7, "[1,1,1,0]", "7", 7);
insert into t2 values(8, "[2,2,2,0]", "8", 8);
insert into t2 values(9, "[3,3,3,0]", "9", 9);
select a, b from t2 order by l2_distance(normalize_l2(b), normalize_l2("[1,1,1,0]")) limit 3;
a    b
8    [2, 2, 2, 0]
9    [3, 3, 3, 0]
7    [1, 1, 1, 0]
create index idx2 using ivfflat on t2(b) lists=3 op_type "vector_l2_ops";
select b from t2 order by l2_distance(b, "[1,1,1,0]") limit 4; -- speed path (should output only 3 rows)
b
[1, 1, 1, 0]
[2, 2, 2, 0]
[3, 3, 3, 0]
select a, b from t2 order by l2_distance(b, "[1,1,1,0]") limit 4; -- slow path
a    b
7    [1, 1, 1, 0]
8    [2, 2, 2, 0]
9    [3, 3, 3, 0]
insert into t2 values(10, "[4,4,4,0]", "10", 10);
select b from t2 order by l2_distance(b, "[1,1,1,0]") limit 4; -- speed path
b
[1, 1, 1, 0]
[2, 2, 2, 0]
[3, 3, 3, 0]
[4, 4, 4, 0]
select a, b from t2 order by l2_distance(b, "[1,1,1,0]") limit 4; -- slow path
a    b
7    [1, 1, 1, 0]
8    [2, 2, 2, 0]
9    [3, 3, 3, 0]
10    [4, 4, 4, 0]
select a,b,c from t2 order by l2_distance(b, "[1,1,1,0]") limit 4;
a    b    c
7    [1, 1, 1, 0]    7
8    [2, 2, 2, 0]    8
9    [3, 3, 3, 0]    9
10    [4, 4, 4, 0]    10
insert into t2 values(11, "[1,1,1,1]", "11", 11);
insert into t2 values(12, "[2,2,2,2]", "12", 12);
insert into t2 values(13, "[3,3,3,3]", "13", 13);
alter table t2 alter reindex idx2 ivfflat lists=4;
select a, b from t2 order by l2_distance(b, "[1,0,0,0]") limit 4;
a    b
1    [1, 0, 0, 0]
2    [2, 0, 0, 0]
3    [3, 0, 0, 0]
select a, b from t2 order by l2_distance(b, "[1,1,0,0]") limit 4;
a    b
4    [1, 1, 0, 0]
5    [2, 2, 0, 0]
6    [3, 3, 0, 0]
select a, b from t2 order by l2_distance(b, "[1,1,1,0]") limit 4;
a    b
7    [1, 1, 1, 0]
8    [2, 2, 2, 0]
9    [3, 3, 3, 0]
10    [4, 4, 4, 0]
select a, b from t2 order by l2_distance(b, "[1,1,1,1]") limit 4;
a    b
11    [1, 1, 1, 1]
12    [2, 2, 2, 2]
13    [3, 3, 3, 3]
drop table if exists t3;
create table t3(a int,b vecf32(4), c varchar(3));
insert into t3 values(1, "[1,0,0,0]" , "1");
insert into t3 values(2, "[2,0,0,0]", "2");
insert into t3 values(3, "[3,0,0,0]", "3");
insert into t3 values(4, "[1,1,0,0]", "4");
insert into t3 values(5, "[2,2,0,0]", "5");
insert into t3 values(6, "[3,3,0,0]", "6");
insert into t3 values(7, "[1,1,1,0]", "7");
insert into t3 values(8, "[2,2,2,0]", "8");
insert into t3 values(9, "[3,3,3,0]", "9");
select a, b from t3 order by l2_distance(normalize_l2(b), normalize_l2("[1,1,1,0]")) limit 3;
a    b
8    [2, 2, 2, 0]
9    [3, 3, 3, 0]
7    [1, 1, 1, 0]
create index idx3 using ivfflat on t3(b) lists=3 op_type "vector_l2_ops";
select a, b from t3 order by l2_distance(b, "[1,1,1,0]") limit 4;
a    b
7    [1, 1, 1, 0]
8    [2, 2, 2, 0]
9    [3, 3, 3, 0]
insert into t3 values(10, "[4,4,4,0]", "10");
select a, b from t3 order by l2_distance(b, "[1,1,1,0]") limit 4;
a    b
7    [1, 1, 1, 0]
8    [2, 2, 2, 0]
9    [3, 3, 3, 0]
10    [4, 4, 4, 0]
select a,b,c from t3 order by l2_distance(b, "[1,1,1,0]") limit 4;
a    b    c
7    [1, 1, 1, 0]    7
8    [2, 2, 2, 0]    8
9    [3, 3, 3, 0]    9
10    [4, 4, 4, 0]    10
insert into t3 values(11, "[1,1,1,1]", "11");
insert into t3 values(12, "[2,2,2,2]", "12");
insert into t3 values(13, "[3,3,3,3]", "13");
alter table t3 alter reindex idx3 ivfflat lists=4;
select a, b from t3 order by l2_distance(b, "[1,0,0,0]") limit 4;
a    b
1    [1, 0, 0, 0]
2    [2, 0, 0, 0]
3    [3, 0, 0, 0]
select a, b from t3 order by l2_distance(b, "[1,1,0,0]") limit 4;
a    b
4    [1, 1, 0, 0]
5    [2, 2, 0, 0]
6    [3, 3, 0, 0]
select a, b from t3 order by l2_distance(b, "[1,1,1,0]") limit 4;
a    b
7    [1, 1, 1, 0]
8    [2, 2, 2, 0]
9    [3, 3, 3, 0]
10    [4, 4, 4, 0]
select a, b from t3 order by l2_distance(b, "[1,1,1,1]") limit 4;
a    b
11    [1, 1, 1, 1]
12    [2, 2, 2, 2]
13    [3, 3, 3, 3]
drop database vecdb3;
