SET experimental_ivf_index = 1;
drop database if exists vecdb3;
create database vecdb3;
use vecdb3;
drop table if exists t6;
create table t6(a int primary key,b vecf32(4), c varchar(3) );
insert into t6 values(1, "[1,0,0,0]" , "1");
insert into t6 values(2, "[2,0,0,0]", "2");
insert into t6 values(3, "[3,0,0,0]", "3");
insert into t6 values(4, "[11,11,0,0]", "4");
insert into t6 values(5, "[12,12,0,0]", "5");
insert into t6 values(6, "[13,13,0,0]", "6");
SET experimental_ivf_index = 0;
create index idx6 using ivfflat on t6(b) lists=2 op_type "vector_l2_ops";
internal error: IVF index is not enabled
SET experimental_ivf_index = 1;
create index idx6 using ivfflat on t6(b) lists=2 op_type "vector_l2_ops";
select a, b from t6 order by l2_distance(b, "[1,0,0,0]") limit 4;
a    b
1    [1, 0, 0, 0]
2    [2, 0, 0, 0]
3    [3, 0, 0, 0]
drop table if exists t1;
create table t1(a int primary key,b vecf32(4), c varchar(3) );
insert into t1 values(1, "[1,0,0,0]" , "1");
insert into t1 values(2, "[2,0,0,0]", "2");
insert into t1 values(3, "[3,0,0,0]", "3");
insert into t1 values(4, "[11,11,0,0]", "4");
insert into t1 values(5, "[12,12,0,0]", "5");
insert into t1 values(6, "[13,13,0,0]", "6");
insert into t1 values(7, "[111,111,111,0]", "7");
insert into t1 values(8, "[112,112,112,0]", "8");
insert into t1 values(9, "[113,113,113,0]", "9");
select a, b from t1 order by l2_distance(b, "[111,111,111,0]") limit 3;
a    b
7    [111, 111, 111, 0]
8    [112, 112, 112, 0]
9    [113, 113, 113, 0]
create index idx1 using ivfflat on t1(b) lists=3 op_type "vector_l2_ops";
select a, b from t1 order by l2_distance(b, "[111,111,111,0]") limit 4;
a    b
7    [111, 111, 111, 0]
8    [112, 112, 112, 0]
9    [113, 113, 113, 0]
insert into t1 values(10, "[114,114,114,0]", "10");
select a, b from t1 order by l2_distance(b, "[111,111,111,0]") limit 4;
a    b
7    [111, 111, 111, 0]
8    [112, 112, 112, 0]
9    [113, 113, 113, 0]
10    [114, 114, 114, 0]
select a,b,c from t1 order by l2_distance(b, "[111,111,111,0]") limit 4;
a    b    c
7    [111, 111, 111, 0]    7
8    [112, 112, 112, 0]    8
9    [113, 113, 113, 0]    9
10    [114, 114, 114, 0]    10
insert into t1 values(11, "[1111,1111,1111,1111]", "11");
insert into t1 values(12, "[1112,1112,1112,1112]", "12");
insert into t1 values(13, "[1113,1113,1113,1113]", "13");
alter table t1 alter reindex idx1 ivfflat lists=4;
select a, b from t1 order by l2_distance(b, "[1,0,0,0]") limit 4;
a    b
1    [1, 0, 0, 0]
2    [2, 0, 0, 0]
3    [3, 0, 0, 0]
select a, b from t1 order by l2_distance(b, "[11,11,0,0]") limit 4;
a    b
4    [11, 11, 0, 0]
5    [12, 12, 0, 0]
6    [13, 13, 0, 0]
select a, b from t1 order by l2_distance(b, "[111,111,111,0]") limit 4;
a    b
7    [111, 111, 111, 0]
8    [112, 112, 112, 0]
9    [113, 113, 113, 0]
10    [114, 114, 114, 0]
select a, b from t1 order by l2_distance(b, "[1111,1111,1111,1111]") limit 4;
a    b
11    [1111, 1111, 1111, 1111]
12    [1112, 1112, 1112, 1112]
13    [1113, 1113, 1113, 1113]
drop table if exists t3;
create table t2(a int,b vecf32(4), c varchar(3), d int, primary key(a,d));
insert into t2 values(1, "[1,0,0,0]" , "1", 1);
insert into t2 values(2, "[2,0,0,0]", "2", 2);
insert into t2 values(3, "[3,0,0,0]", "3", 3);
insert into t2 values(4, "[11,11,0,0]", "4", 4);
insert into t2 values(5, "[12,12,0,0]", "5", 5);
insert into t2 values(6, "[13,13,0,0]", "6", 6);
insert into t2 values(7, "[111,111,111,0]", "7", 7);
insert into t2 values(8, "[112,112,112,0]", "8", 8);
insert into t2 values(9, "[113,113,113,0]", "9", 9);
select a, b from t2 order by l2_distance(b, "[111,111,111,0]") limit 3;
a    b
7    [111, 111, 111, 0]
8    [112, 112, 112, 0]
9    [113, 113, 113, 0]
create index idx2 using ivfflat on t2(b) lists=3 op_type "vector_l2_ops";
select b from t2 order by l2_distance(b, "[111,111,111,0]") limit 4; -- speed path (should output only 3 rows)
b
[111, 111, 111, 0]
[112, 112, 112, 0]
[113, 113, 113, 0]
select a, b from t2 order by l2_distance(b, "[111,111,111,0]") limit 4; -- slow path
a    b
7    [111, 111, 111, 0]
8    [112, 112, 112, 0]
9    [113, 113, 113, 0]
insert into t2 values(10, "[114,114,114,0]", "10", 10);
select b from t2 order by l2_distance(b, "[111,111,111,0]") limit 4; -- speed path
b
[111, 111, 111, 0]
[112, 112, 112, 0]
[113, 113, 113, 0]
[114, 114, 114, 0]
select a, b from t2 order by l2_distance(b, "[111,111,111,0]") limit 4; -- slow path
a    b
7    [111, 111, 111, 0]
8    [112, 112, 112, 0]
9    [113, 113, 113, 0]
10    [114, 114, 114, 0]
select a,b,c from t2 order by l2_distance(b, "[111,111,111,0]") limit 4;
a    b    c
7    [111, 111, 111, 0]    7
8    [112, 112, 112, 0]    8
9    [113, 113, 113, 0]    9
10    [114, 114, 114, 0]    10
insert into t2 values(11, "[1111,1111,1111,1111]", "11", 11);
insert into t2 values(12, "[1112,1112,1112,1112]", "12", 12);
insert into t2 values(13, "[1113,1113,1113,1113]", "13", 13);
alter table t2 alter reindex idx2 ivfflat lists=4;
select a, b from t2 order by l2_distance(b, "[1,0,0,0]") limit 4;
a    b
1    [1, 0, 0, 0]
2    [2, 0, 0, 0]
3    [3, 0, 0, 0]
select a, b from t2 order by l2_distance(b, "[11,11,0,0]") limit 4;
a    b
4    [11, 11, 0, 0]
5    [12, 12, 0, 0]
6    [13, 13, 0, 0]
select a, b from t2 order by l2_distance(b, "[111,111,111,0]") limit 4;
a    b
7    [111, 111, 111, 0]
8    [112, 112, 112, 0]
9    [113, 113, 113, 0]
10    [114, 114, 114, 0]
select a, b from t2 order by l2_distance(b, "[1111,1111,1111,1111]") limit 4;
a    b
11    [1111, 1111, 1111, 1111]
12    [1112, 1112, 1112, 1112]
13    [1113, 1113, 1113, 1113]
drop table if exists t3;
create table t3(a int,b vecf32(4), c varchar(3));
insert into t3 values(1, "[1,0,0,0]" , "1");
insert into t3 values(2, "[2,0,0,0]", "2");
insert into t3 values(3, "[3,0,0,0]", "3");
insert into t3 values(4, "[11,11,0,0]", "4");
insert into t3 values(5, "[12,12,0,0]", "5");
insert into t3 values(6, "[13,13,0,0]", "6");
insert into t3 values(7, "[111,111,111,0]", "7");
insert into t3 values(8, "[112,112,112,0]", "8");
insert into t3 values(9, "[113,113,113,0]", "9");
select a, b from t3 order by l2_distance(b, "[111,111,111,0]") limit 3;
a    b
7    [111, 111, 111, 0]
8    [112, 112, 112, 0]
9    [113, 113, 113, 0]
create index idx3 using ivfflat on t3(b) lists=3 op_type "vector_l2_ops";
select a, b from t3 order by l2_distance(b, "[111,111,111,0]") limit 4;
a    b
7    [111, 111, 111, 0]
8    [112, 112, 112, 0]
9    [113, 113, 113, 0]
insert into t3 values(10, "[114,114,114,0]", "10");
select a, b from t3 order by l2_distance(b, "[111,111,111,0]") limit 4;
a    b
7    [111, 111, 111, 0]
8    [112, 112, 112, 0]
9    [113, 113, 113, 0]
10    [114, 114, 114, 0]
select a,b,c from t3 order by l2_distance(b, "[111,111,111,0]") limit 4;
a    b    c
7    [111, 111, 111, 0]    7
8    [112, 112, 112, 0]    8
9    [113, 113, 113, 0]    9
10    [114, 114, 114, 0]    10
insert into t3 values(11, "[1111,1111,1111,1111]", "11");
insert into t3 values(12, "[1112,1112,1112,1112]", "12");
insert into t3 values(13, "[1113,1113,1113,1113]", "13");
alter table t3 alter reindex idx3 ivfflat lists=4;
select a, b from t3 order by l2_distance(b, "[1,0,0,0]") limit 4;
a    b
1    [1, 0, 0, 0]
2    [2, 0, 0, 0]
3    [3, 0, 0, 0]
select a, b from t3 order by l2_distance(b, "[11,11,0,0]") limit 4;
a    b
4    [11, 11, 0, 0]
5    [12, 12, 0, 0]
6    [13, 13, 0, 0]
select a, b from t3 order by l2_distance(b, "[111,111,111,0]") limit 4;
a    b
7    [111, 111, 111, 0]
8    [112, 112, 112, 0]
9    [113, 113, 113, 0]
10    [114, 114, 114, 0]
select a, b from t3 order by l2_distance(b, "[1111,1111,1111,1111]") limit 4;
a    b
11    [1111, 1111, 1111, 1111]
12    [1112, 1112, 1112, 1112]
13    [1113, 1113, 1113, 1113]
drop table if exists t4;
create table t4(a int primary key,b vecf32(4), c varchar(3) );
insert into t4 values(1, "[1,0,0,0]" , "1");
insert into t4 values(2, "[2,0,0,0]", "2");
insert into t4 values(3, "[3,0,0,0]", "3");
insert into t4 values(4, "[11,11,0,0]", "4");
insert into t4 values(5, "[12,12,0,0]", "5");
insert into t4 values(6, "[13,13,0,0]", "6");
insert into t4 values(7, "[111,111,111,0]", "7");
insert into t4 values(8, "[112,112,112,0]", "8");
insert into t4 values(9, NULL, "9");
select a, b from t4 order by l2_distance(b, "[111,111,111,0]") limit 3;
a    b
9    null
7    [111, 111, 111, 0]
8    [112, 112, 112, 0]
create index idx4 using ivfflat on t4(b) lists=3 op_type "vector_l2_ops";
select a, b from t4 order by l2_distance(b, "[111,111,111,0]") limit 4;
a    b
7    [111, 111, 111, 0]
8    [112, 112, 112, 0]
insert into t4 values(10, "[114,114,114,0]", "10");
select a, b from t4 order by l2_distance(b, "[111,111,111,0]") limit 4;
a    b
7    [111, 111, 111, 0]
8    [112, 112, 112, 0]
10    [114, 114, 114, 0]
drop table if exists t5;
create table t5(a int primary key,b vecf32(4), c varchar(3) );
insert into t5 values(1, "[1,0,0,0]" , "1");
insert into t5 values(2, "[2,0,0,0]", "2");
insert into t5 values(3, "[3,0,0,0]", "3");
insert into t5 values(4, "[11,11,0,0]", "4");
insert into t5 values(5, "[12,12,0,0]", "5");
insert into t5 values(6, "[13,13,0,0]", "6");
insert into t5 values(7, "[111,111,111,0]", "7");
insert into t5 values(8, "[112,112,112,0]", "8");
insert into t5 values(9, "[1113,1113,1113,1113]", "9");
insert into t5 values(10, "[0,0,0,0]", "10");
select a, b from t5 order by l2_distance(b, "[111,111,111,0]") limit 3;
a    b
7    [111, 111, 111, 0]
8    [112, 112, 112, 0]
6    [13, 13, 0, 0]
create index idx5 using ivfflat on t5(b) lists=3 op_type "vector_l2_ops";
select a, b from t5 order by l2_distance(b, "[111,111,111,0]") limit 7;
a    b
7    [111, 111, 111, 0]
8    [112, 112, 112, 0]
insert into t5 values(11, "[114,114,114,0]", "11");
select a, b from t5 order by l2_distance(b, "[111,111,111,0]") limit 7;
a    b
7    [111, 111, 111, 0]
8    [112, 112, 112, 0]
11    [114, 114, 114, 0]
SET experimental_ivf_index = 0;
drop database vecdb3;
