drop table if exists t1;
create table t1(a binary(3));
insert into t1 values("6");
insert into t1 values("6 ");
insert into t1 values("6");
select * from t1;
a
0x360000
0x362000
0x360000
insert into t1 values("65");
select * from t1 order by a;
a
0x360000
0x360000
0x362000
0x363500
select * from t1 where a > '6 ';
a
0x362000
0x363500
select * from t1 where a = '6';
a
select * from t1 where a = '6 \0';
a
0x362000