drop table if exists t1;
create table t1(a binary(2));
insert into t1 values("6");
insert into t1 values("66");
insert into t1 values("6");
select * from t1 where a != '6\0';
a
66
insert into t1 values("65");
select * from t1 where a > '6 ';
a
65
66
select * from t1 where a = '6';
a
select * from t1 where a = '6 ';
a