DROP TABLE IF EXISTS t;
CREATE TABLE t (d DECIMAL(10, 2));
INSERT INTO t VALUES ('1.23456789e+06');
SELECT * FROM t;
d
1234567.89
TRUNCATE TABLE t;
INSERT INTO t VALUES ('1.23456789e6');
SELECT * FROM t;
d
1234567.89
TRUNCATE TABLE t;
INSERT INTO t VALUES ('1.23456789e+06'), ('1.23456789e6');
SELECT COUNT(DISTINCT d) FROM t;
count(distinct d)
1
TRUNCATE TABLE t;
INSERT INTO t VALUES ('12.34e+2');
SELECT * FROM t;
d
1234.00
DROP TABLE IF EXISTS t2;
CREATE TABLE t2 (d DECIMAL(10, 8));
INSERT INTO t2 VALUES ('1.23456789e-06');
SELECT * FROM t2;
d
0.00000123
TRUNCATE TABLE t;
INSERT INTO t VALUES ('1.1e+1'), ('2.2e+2'), ('3.3e+3');
SELECT * FROM t ORDER BY d;
d
11.00
220.00
3300.00
TRUNCATE TABLE t;
INSERT INTO t VALUES ('-1.23456789e+06');
SELECT * FROM t;
d
-1234567.89
DROP TABLE t;
DROP TABLE t2;

