create table typec(a int,b enum('4','3','2','1'));
insert into typec values(1,1);
insert into typec values(2,'1');
select * from typec;
a    b
1    1
2    4
drop table typec;
CREATE TABLE orders (
id INT PRIMARY KEY,
order_number VARCHAR(20),
status ENUM('Pending', 'Processing', 'Completed', 'Cancelled')
);
insert into orders values(1,'111',1),(2,'222',2),(3,'333',3),(4,'444','Cancelled');
select * from orders;
id    order_number    status
1    111    Pending
2    222    Processing
3    333    Completed
4    444    Cancelled
update orders set status= 1 where status= 'Processing';
select * from orders;
id    order_number    status
1    111    Pending
3    333    Completed
4    444    Cancelled
2    222    Pending
delete from orders where status= 'Completed';
select * from orders;
id    order_number    status
1    111    Pending
4    444    Cancelled
2    222    Pending
update orders set status='Pending' where status = 'Processing';
select * from orders;
id    order_number    status
1    111    Pending
4    444    Cancelled
2    222    Pending
select * from orders where status='Cancelled';
id    order_number    status
4    444    Cancelled
select * from orders where status in ('Pending','Cancelled');
id    order_number    status
1    111    Pending
4    444    Cancelled
2    222    Pending
insert into orders values(3,'333',null);
insert into orders(id,order_number) values(5,'555');
select * from orders;
id    order_number    status
1    111    Pending
4    444    Cancelled
2    222    Pending
3    333    null
5    555    null
insert into orders values(6,'666','New');
internal error: convert to MySQL enum failed: item New is not in enum [Pending Processing Completed Cancelled]
select count(*),status from orders group by status;
count(*)    status
2    Pending
1    Cancelled
2    null
select substring(status,2,3) from orders;
substring(status, 2, 3)
end
anc
end
null
null
select length(status) from orders;
length(status)
7
9
7
null
null
drop table orders;
create table t4 (a enum('abc', 'def'));
insert into t4 values (0);
internal error: convert to MySQL enum failed: number 0 overflow enum boundary [1, 2]
insert into t4 values (1);
insert into t4 values (2);
select * from t4;
a
abc
def
drop table t4;
create table t4 (a enum('abc', 'def'));
create table t5 (col1 int);
create table t6 (col1 char(10));
insert into t5 values(1);
insert into t5 values(2);
insert into t4 select * from t5;
select * from t4;
a
abc
def
delete from t4;
insert into t6 values ('abc');
insert into t6 values ('def');
insert into t4 select * from t6;
select * from t4;
a
abc
def
delete from t4;
insert into t5 values(3);
insert into t4 select * from t5;
internal error: convert to MySQL enum failed: number 3 overflow enum boundary [1, 2]
insert into t6 values('pkg');
insert into t4 select * from t6;
internal error: convert to MySQL enum failed: item pkg is not in enum [abc def]
drop table t4;
drop table t5;
drop table t6;
drop table if exists table01;
create table table01 (
id int auto_increment primary key,
col1 varchar(255) not null ,
col2 int,
col3 decimal(10, 2),
col4 date,
col5 boolean,
col6 enum('apple', 'banana', 'orange'),
col7 text,
col8 timestamp,
col9 blob,
col10 char,
unique index(col8, col10)
);
insert into table01 (col1, col2, col3, col4, col5, col6, col7, col8, col9, col10) values
('Value2', 456, 78.90, '2023-10-24', false, 'banana', 'Another text', '2022-01-01 01:01:01.000', 'More binary data', 'D'),
('Value3', 789, 12.34, '2023-10-25', true, 'orange', 'Yet another text', '1979-01-01 01:01:01.123', 'Even more binary data', 'E');
create table table02 as select * from table01;
insert into table02 values (12, 'Value1', 123, 45.67, '2023-10-23', TRUE, 'apple', 'This is a text', '2019-01-01 01:01:01.000', 'Some binary data', 'C');
select * from table02;
id    col1    col2    col3    col4    col5    col6    col7    col8    col9    col10
1    Value2    456    78.90    2023-10-24    false    banana    Another text    2022-01-01 01:01:01    More binary data    D
2    Value3    789    12.34    2023-10-25    true    orange    Yet another text    1979-01-01 01:01:01    Even more binary data    E
12    Value1    123    45.67    2023-10-23    true    apple    This is a text    2019-01-01 01:01:01    Some binary data    C
update table02 set col1 = 'newvalue' where col2 = 456;
select * from table02;
id    col1    col2    col3    col4    col5    col6    col7    col8    col9    col10
2    Value3    789    12.34    2023-10-25    true    orange    Yet another text    1979-01-01 01:01:01    Even more binary data    E
12    Value1    123    45.67    2023-10-23    true    apple    This is a text    2019-01-01 01:01:01    Some binary data    C
1    newvalue    456    78.90    2023-10-24    false    banana    Another text    2022-01-01 01:01:01    More binary data    D
update table02 set col6 = 'apple' where col2 = 789;
select * from table02;
id    col1    col2    col3    col4    col5    col6    col7    col8    col9    col10
12    Value1    123    45.67    2023-10-23    true    apple    This is a text    2019-01-01 01:01:01    Some binary data    C
1    newvalue    456    78.90    2023-10-24    false    banana    Another text    2022-01-01 01:01:01    More binary data    D
2    Value3    789    12.34    2023-10-25    true    apple    Yet another text    1979-01-01 01:01:01    Even more binary data    E
drop table table01;
drop table table02;
drop table if exists table01;
create table table03(type enum('1','2','3','4','5') not null comment 'type');
show create table table03;
Table    Create Table
table03    CREATE TABLE `table03` (\n`type` ENUM('1','2','3','4','5') NOT NULL COMMENT 'type'\n)
desc table03;
Field    Type    Null    Key    Default    Extra    Comment
type    ENUM('1','2','3','4','5')    NO        null        type
drop table table03;
create table t3 (id int);
insert into t3 values (1);
alter table t3 add column name enum ('A','B','C');
select * from t3;
id    name
1    null
insert into t3 values (2,'B');
insert into t3 values (3,'D');
internal error: convert to MySQL enum failed: item D is not in enum [A B C]
select * from t3;
id    name
1    null
2    B
drop table t3;
create table t1(name varchar(25));
insert into t1 values ('A'),('B'),('C');
select * from t1;
name
A
B
C
alter table t1 modify column name enum('A','B');
internal error: convert to MySQL enum failed: item C is not in enum [A B]
alter table t1 modify column name enum('A','B','C');
select * from t1;
name
A
B
C
drop table t1;
