DROP TABLE IF EXISTS t_mul_test;
CREATE TABLE t_mul_test (
id INT PRIMARY KEY,
bigint_val BIGINT,
int_val INT
);
INSERT INTO t_mul_test VALUES (1, 9223372036854775807, 2147483647);
INSERT INTO t_mul_test VALUES (2, 4611686018427387904, 1000000);
INSERT INTO t_mul_test VALUES (3, -9223372036854775808, -1);
SELECT id, bigint_val, bigint_val * 2 AS result FROM t_mul_test WHERE id = 1;
Data truncation: data out of range: data type int64, (9223372036854775807 * 2)
SELECT id, bigint_val, bigint_val * 2 AS result FROM t_mul_test WHERE id = 2;
Data truncation: data out of range: data type int64, (4611686018427387904 * 2)
SELECT id, bigint_val, bigint_val * -1 AS result FROM t_mul_test WHERE id = 3;
Data truncation: data out of range: data type int64, (-9223372036854775808 * -1)
SELECT id, bigint_val, bigint_val * 0 AS result FROM t_mul_test WHERE id = 1;
id    bigint_val    result
1    9223372036854775807    0
SELECT id, bigint_val, bigint_val * 1 AS result FROM t_mul_test WHERE id = 1;
id    bigint_val    result
1    9223372036854775807    9223372036854775807
DROP TABLE IF EXISTS t_mul_test2;
CREATE TABLE t_mul_test2 (
id INT PRIMARY KEY,
val1 BIGINT,
val2 BIGINT
);
INSERT INTO t_mul_test2 VALUES (1, 9223372036854775807, 2);
INSERT INTO t_mul_test2 VALUES (2, 1000000, 1000000);
SELECT id, val1, val2, val1 * val2 AS result FROM t_mul_test2 WHERE id = 1;
Data truncation: data out of range: data type int64, (9223372036854775807 * 2)
SELECT id, val1, val2, val1 * val2 AS result FROM t_mul_test2 WHERE id = 2;
id    val1    val2    result
2    1000000    1000000    1000000000000
DROP TABLE t_mul_test;
DROP TABLE t_mul_test2;
