drop table if exists t1;
create table t1(a uuid);
desc t1;
Field    Type    Null    Key    Default    Extra    Comment
a    UUID(0)    YES        null    
show create table t1;
Table    Create Table
t1    CREATE TABLE `t1` (\n  `a` uuid DEFAULT NULL\n)
drop table t1;
drop table if exists t1;
create table t1 (a int default uuid());
invalid input: invalid default value for column 'a'
drop table t1;
no such table uuid_type_and_uuid_func.t1
drop table if exists t2;
create table t2(a uuid primary key);
desc t2;
Field    Type    Null    Key    Default    Extra    Comment
a    UUID(0)    NO    PRI    null
show create table t2;
Table    Create Table
t2    CREATE TABLE `t2` (\n  `a` uuid NOT NULL,\n  PRIMARY KEY (`a`)\n)
drop table t2;
drop table if exists t3;
create table t3(a uuid primary key );
insert into t3 values (uuid());
select length(cast(a as varchar)) from t3;
length(cast(a as varchar))
36
drop table t3;
drop table if exists t4;
create table t4(a uuid default uuid());
desc t4;
Field    Type    Null    Key    Default    Extra    Comment
a    UUID(0)    YES        uuid()
show create table t4;
Table    Create Table
t4    CREATE TABLE `t4` (\n  `a` uuid DEFAULT uuid()\n)
insert into t4 values ();
insert into t4 values (uuid());
select length(cast(a as varchar)) from t4;
length(cast(a as varchar))
36
36
drop table t4;
select length(cast(uuid() as varchar));
length(cast(uuid() as varchar))
36
select length(cast(uuid() as char));
length(cast(uuid() as char))
36
select length(cast(uuid() as text));
length(cast(uuid() as text))
36
CREATE TABLE ratings (   `book_id` bigint,   `user_id` bigint,   `score` tinyint,   `rated_at` datetime DEFAULT NOW(),   PRIMARY KEY (`book_id`,`user_id`) );
desc ratings;
Field    Type    Null    Key    Default    Extra    Comment
book_id    BIGINT(64)    NO    PRI    null        
user_id    BIGINT(64)    NO    PRI    null        
score    TINYINT(8)    YES        null        
rated_at    DATETIME(0)    YES        NOW()        
drop table ratings;
