drop database if exists temp_db;
create database temp_db;
use temp_db;
drop table if exists temp_basic;
create temporary table temp_basic (
id int,
name varchar(50),
age int
);
insert into temp_basic values (1, 'alice', 25);
insert into temp_basic values (2, 'bob', 30);
insert into temp_basic values (3, 'charlie', 35);
select * from temp_basic;
â¤ id[4,32,0]  Â¦  name[12,-1,0]  Â¦  age[4,32,0]  ğ„€
1  Â¦  alice  Â¦  25  ğ„€
2  Â¦  bob  Â¦  30  ğ„€
3  Â¦  charlie  Â¦  35
drop table temp_basic;
select * from temp_basic;
SQL parser error: table "temp_basic" does not exist
create temporary table temp_datatypes (
col_int int,
col_bigint bigint,
col_float float,
col_double double,
col_decimal decimal(15,2),
col_varchar varchar(255),
col_text text,
col_date date,
col_datetime datetime,
col_timestamp timestamp,
col_bool boolean
);
insert into temp_datatypes values (
100,
9223372036854775807,
3.14,
2.718281828,
12345.67,
'test string',
'long text content',
'2024-01-15',
'2024-01-15 10:30:00',
'2024-01-15 10:30:00',
true
);
select * from temp_datatypes;
â¤ col_int[4,32,0]  Â¦  col_bigint[-5,64,0]  Â¦  col_float[7,24,0]  Â¦  col_double[8,54,0]  Â¦  col_decimal[3,15,2]  Â¦  col_varchar[12,-1,0]  Â¦  col_text[12,0,0]  Â¦  col_date[91,64,0]  Â¦  col_datetime[93,64,0]  Â¦  col_timestamp[93,64,0]  Â¦  col_bool[-7,1,0]  ğ„€
100  Â¦  9223372036854775807  Â¦  3.14  Â¦  2.718281828  Â¦  12345.67  Â¦  test string  Â¦  long text content  Â¦  2024-01-15  Â¦  2024-01-15 10:30:00  Â¦  2024-01-15 10:30:00  Â¦  1
drop table temp_datatypes;
create temporary table temp_pk (
id int primary key,
name varchar(50)
);
insert into temp_pk values (1, 'alice');
insert into temp_pk values (2, 'bob');
insert into temp_pk values (1, 'charlie');  -- åº”è¯¥å¤±è´¥
Duplicate entry '1' for key 'id'
select * from temp_pk;
â¤ id[4,32,0]  Â¦  name[12,-1,0]  ğ„€
1  Â¦  alice  ğ„€
2  Â¦  bob
drop table temp_pk;
create temporary table temp_not_null (
id int not null,
name varchar(50) not null,
description varchar(200)
);
insert into temp_not_null values (1, 'item1', 'description');
insert into temp_not_null values (2, 'item2', null);
insert into temp_not_null values (null, 'item3', 'description');  -- åº”è¯¥å¤±è´¥
constraint violation: Column 'id' cannot be null
select * from temp_not_null;
â¤ id[4,32,0]  Â¦  name[12,-1,0]  Â¦  description[12,-1,0]  ğ„€
1  Â¦  item1  Â¦  description  ğ„€
2  Â¦  item2  Â¦  null
drop table temp_not_null;
create temporary table temp_default (
id int,
status varchar(20) default 'active',
created_at timestamp default current_timestamp
);
insert into temp_default (id) values (1);
insert into temp_default (id, status) values (2, 'inactive');
select * from temp_default;
â¤ id[4,32,0]  Â¦  status[12,-1,0]  Â¦  created_at[93,64,0]  ğ„€
1  Â¦  active  Â¦  2026-02-05 18:23:08  ğ„€
2  Â¦  inactive  Â¦  2026-02-05 18:23:08
drop table temp_default;
create temporary table temp_auto_inc (
id bigint primary key auto_increment,
name varchar(50)
);
insert into temp_auto_inc(name) values ('alice');
insert into temp_auto_inc(name) values ('bob');
insert into temp_auto_inc(name) values ('charlie');
select * from temp_auto_inc;
â¤ id[-5,64,0]  Â¦  name[12,-1,0]  ğ„€
1  Â¦  alice  ğ„€
2  Â¦  bob  ğ„€
3  Â¦  charlie
drop table temp_auto_inc;
create temporary table temp_auto_inc2 (
id bigint primary key auto_increment,
value varchar(10)
);
insert into temp_auto_inc2(value) values ('aaa');
insert into temp_auto_inc2(id, value) values (10, 'bbb');
insert into temp_auto_inc2(value) values ('ccc');  -- idåº”è¯¥æ˜¯11
select * from temp_auto_inc2;
â¤ id[-5,64,0]  Â¦  value[12,-1,0]  ğ„€
1  Â¦  aaa  ğ„€
10  Â¦  bbb  ğ„€
11  Â¦  ccc
drop table temp_auto_inc2;
create temporary table temp_dml (
id int,
name varchar(50),
value decimal(10,2)
);
insert into temp_dml values (1, 'item1', 100.50);
insert into temp_dml values (2, 'item2', 200.75);
insert into temp_dml (id, name) values (3, 'item3');
select * from temp_dml;
â¤ id[4,32,0]  Â¦  name[12,-1,0]  Â¦  value[3,10,2]  ğ„€
1  Â¦  item1  Â¦  100.50  ğ„€
2  Â¦  item2  Â¦  200.75  ğ„€
3  Â¦  item3  Â¦  null
update temp_dml set value = 150.00 where id = 1;
update temp_dml set name = 'updated item' where id = 2;
select * from temp_dml;
â¤ id[4,32,0]  Â¦  name[12,-1,0]  Â¦  value[3,10,2]  ğ„€
3  Â¦  item3  Â¦  null  ğ„€
1  Â¦  item1  Â¦  150.00  ğ„€
2  Â¦  updated item  Â¦  200.75
delete from temp_dml where id = 3;
select * from temp_dml;
â¤ id[4,32,0]  Â¦  name[12,-1,0]  Â¦  value[3,10,2]  ğ„€
1  Â¦  item1  Â¦  150.00  ğ„€
2  Â¦  updated item  Â¦  200.75
delete from temp_dml where value > 150;
select * from temp_dml;
â¤ id[4,32,0]  Â¦  name[12,-1,0]  Â¦  value[3,10,2]  ğ„€
1  Â¦  item1  Â¦  150.00
drop table temp_dml;
create temporary table temp_batch (
id int,
value varchar(50)
);
insert into temp_batch values
(1, 'value1'),
(2, 'value2'),
(3, 'value3'),
(4, 'value4'),
(5, 'value5');
select count(*) from temp_batch;
â¤ count(*)[-5,64,0]  ğ„€
5
drop table temp_batch;
create temporary table temp_select (
id int,
category varchar(50),
amount decimal(10,2)
);
insert into temp_select values
(1, 'food', 50.00),
(2, 'transport', 30.00),
(3, 'food', 70.00),
(4, 'entertainment', 100.00),
(5, 'transport', 25.00);
select * from temp_select where category = 'food';
â¤ id[4,32,0]  Â¦  category[12,-1,0]  Â¦  amount[3,10,2]  ğ„€
1  Â¦  food  Â¦  50.00  ğ„€
3  Â¦  food  Â¦  70.00
select * from temp_select order by amount desc;
â¤ id[4,32,0]  Â¦  category[12,-1,0]  Â¦  amount[3,10,2]  ğ„€
4  Â¦  entertainment  Â¦  100.00  ğ„€
3  Â¦  food  Â¦  70.00  ğ„€
1  Â¦  food  Â¦  50.00  ğ„€
2  Â¦  transport  Â¦  30.00  ğ„€
5  Â¦  transport  Â¦  25.00
select * from temp_select order by id limit 3;
â¤ id[4,32,0]  Â¦  category[12,-1,0]  Â¦  amount[3,10,2]  ğ„€
1  Â¦  food  Â¦  50.00  ğ„€
2  Â¦  transport  Â¦  30.00  ğ„€
3  Â¦  food  Â¦  70.00
select distinct category from temp_select;
â¤ category[12,-1,0]  ğ„€
food  ğ„€
transport  ğ„€
entertainment
drop table temp_select;
create temporary table temp_agg (
id int,
category varchar(50),
amount decimal(10,2)
);
insert into temp_agg values
(1, 'food', 50.00),
(2, 'transport', 30.00),
(3, 'food', 70.00),
(4, 'entertainment', 100.00),
(5, 'transport', 25.00);
select count(*) from temp_agg;
â¤ count(*)[-5,64,0]  ğ„€
5
select sum(amount) from temp_agg;
â¤ sum(amount)[3,38,2]  ğ„€
275.00
select avg(amount) from temp_agg;
â¤ avg(amount)[3,38,8]  ğ„€
55.00000000
select min(amount), max(amount) from temp_agg;
â¤ min(amount)[3,10,2]  Â¦  max(amount)[3,10,2]  ğ„€
25.00  Â¦  100.00
select
category,
count(*) as count,
sum(amount) as total,
avg(amount) as average
from temp_agg
group by category;
â¤ category[12,-1,0]  Â¦  count[-5,64,0]  Â¦  total[3,38,2]  Â¦  average[3,38,8]  ğ„€
food  Â¦  2  Â¦  120.00  Â¦  60.00000000  ğ„€
transport  Â¦  2  Â¦  55.00  Â¦  27.50000000  ğ„€
entertainment  Â¦  1  Â¦  100.00  Â¦  100.00000000
select
category,
sum(amount) as total
from temp_agg
group by category
having sum(amount) > 50;
â¤ category[12,-1,0]  Â¦  total[3,38,2]  ğ„€
food  Â¦  120.00  ğ„€
transport  Â¦  55.00  ğ„€
entertainment  Â¦  100.00
drop table temp_agg;
create temporary table temp_subquery (
id int,
product varchar(50),
price decimal(10,2)
);
insert into temp_subquery values
(1, 'laptop', 999.99),
(2, 'mouse', 29.99),
(3, 'keyboard', 79.99),
(4, 'monitor', 299.99),
(5, 'headset', 59.99);
select * from temp_subquery
where price > (select avg(price) from temp_subquery);
â¤ id[4,32,0]  Â¦  product[12,-1,0]  Â¦  price[3,10,2]  ğ„€
1  Â¦  laptop  Â¦  999.99  ğ„€
4  Â¦  monitor  Â¦  299.99
select
count(*) as total_products,
avg(avg_price) as overall_avg
from (
select avg(price) as avg_price from temp_subquery
) sub;
â¤ total_products[-5,64,0]  Â¦  overall_avg[3,38,12]  ğ„€
1  Â¦  293.990000000000
select * from temp_subquery
where price in (
select price from temp_subquery where price < 100
);
â¤ id[4,32,0]  Â¦  product[12,-1,0]  Â¦  price[3,10,2]  ğ„€
2  Â¦  mouse  Â¦  29.99  ğ„€
3  Â¦  keyboard  Â¦  79.99  ğ„€
5  Â¦  headset  Â¦  59.99
drop table temp_subquery;
create temporary table temp_show (
id int primary key,
name varchar(50)
);
show create table temp_show;
â¤ Table[12,-1,0]  Â¦  Create Table[12,-1,0]  ğ„€
temp_show  Â¦  CREATE TEMPORARY TABLE `temp_show` (
  `id` int NOT NULL,
  `name` varchar(50) DEFAULT NULL,
  PRIMARY KEY (`id`)
)
drop table temp_show;
create table permanent_table (id int);
create temporary table temp_invisible (id int);
show tables;  -- åº”è¯¥åªæ˜¾ç¤º permanent_table
â¤ Tables_in_temp_db[12,-1,0]  ğ„€
permanent_table
drop table temp_invisible;
drop table permanent_table;
drop database temp_db;
