drop database if exists temp_advanced;
create database temp_advanced;
use temp_advanced;
create table customers (
customer_id int,
customer_name varchar(50)
);
insert into customers values (1, 'alice');
insert into customers values (2, 'bob');
insert into customers values (3, 'charlie');
create temporary table temp_orders (
order_id int,
customer_id int,
amount decimal(10,2)
);
insert into temp_orders values (101, 1, 500.00);
insert into temp_orders values (102, 2, 750.00);
insert into temp_orders values (103, 1, 300.00);
select
c.customer_name,
t.order_id,
t.amount
from customers c
inner join temp_orders t on c.customer_id = t.customer_id;
â¤ customer_name[12,-1,0]  Â¦  order_id[4,32,0]  Â¦  amount[3,10,2]  ğ„€
alice  Â¦  101  Â¦  500.00  ğ„€
alice  Â¦  103  Â¦  300.00  ğ„€
bob  Â¦  102  Â¦  750.00
select
c.customer_name,
t.order_id,
t.amount
from customers c
left join temp_orders t on c.customer_id = t.customer_id;
â¤ customer_name[12,-1,0]  Â¦  order_id[4,32,0]  Â¦  amount[3,10,2]  ğ„€
alice  Â¦  101  Â¦  500.00  ğ„€
alice  Â¦  103  Â¦  300.00  ğ„€
bob  Â¦  102  Â¦  750.00  ğ„€
charlie  Â¦  null  Â¦  null
select
c.customer_name,
t.order_id,
t.amount
from customers c
right join temp_orders t on c.customer_id = t.customer_id;
â¤ customer_name[12,-1,0]  Â¦  order_id[4,32,0]  Â¦  amount[3,10,2]  ğ„€
alice  Â¦  101  Â¦  500.00  ğ„€
bob  Â¦  102  Â¦  750.00  ğ„€
alice  Â¦  103  Â¦  300.00
drop table temp_orders;
drop table customers;
create temporary table temp_products (
product_id int,
product_name varchar(50),
price decimal(10,2)
);
create temporary table temp_inventory (
product_id int,
quantity int,
warehouse varchar(50)
);
insert into temp_products values (1, 'laptop', 999.99);
insert into temp_products values (2, 'mouse', 29.99);
insert into temp_products values (3, 'keyboard', 79.99);
insert into temp_inventory values (1, 50, 'warehouse a');
insert into temp_inventory values (2, 200, 'warehouse b');
insert into temp_inventory values (3, 100, 'warehouse a');
select
p.product_name,
p.price,
i.quantity,
i.warehouse,
(p.price * i.quantity) as total_value
from temp_products p
join temp_inventory i on p.product_id = i.product_id;
â¤ product_name[12,-1,0]  Â¦  price[3,10,2]  Â¦  quantity[4,32,0]  Â¦  warehouse[12,-1,0]  Â¦  total_value[3,38,2]  ğ„€
laptop  Â¦  999.99  Â¦  50  Â¦  warehouse a  Â¦  49999.50  ğ„€
mouse  Â¦  29.99  Â¦  200  Â¦  warehouse b  Â¦  5998.00  ğ„€
keyboard  Â¦  79.99  Â¦  100  Â¦  warehouse a  Â¦  7999.00
drop table temp_products;
drop table temp_inventory;
create temporary table temp_categories (
cat_id int,
cat_name varchar(50)
);
create temporary table temp_products2 (
prod_id int,
prod_name varchar(50),
cat_id int,
price decimal(10,2)
);
create temporary table temp_sales (
sale_id int,
prod_id int,
quantity int
);
insert into temp_categories values (1, 'electronics');
insert into temp_categories values (2, 'books');
insert into temp_products2 values (101, 'laptop', 1, 999.99);
insert into temp_products2 values (102, 'novel', 2, 19.99);
insert into temp_products2 values (103, 'tablet', 1, 499.99);
insert into temp_sales values (1, 101, 5);
insert into temp_sales values (2, 102, 10);
insert into temp_sales values (3, 103, 3);
select
c.cat_name,
p.prod_name,
s.quantity,
p.price,
(s.quantity * p.price) as revenue
from temp_categories c
join temp_products2 p on c.cat_id = p.cat_id
join temp_sales s on p.prod_id = s.prod_id;
â¤ cat_name[12,-1,0]  Â¦  prod_name[12,-1,0]  Â¦  quantity[4,32,0]  Â¦  price[3,10,2]  Â¦  revenue[3,38,2]  ğ„€
electronics  Â¦  laptop  Â¦  5  Â¦  999.99  Â¦  4999.95  ğ„€
electronics  Â¦  tablet  Â¦  3  Â¦  499.99  Â¦  1499.97  ğ„€
books  Â¦  novel  Â¦  10  Â¦  19.99  Â¦  199.90
drop table temp_sales;
drop table temp_products2;
drop table temp_categories;
create temporary table temp_employees (
emp_id int,
emp_name varchar(50),
salary decimal(10,2),
dept varchar(50)
);
insert into temp_employees values (1, 'alice', 60000, 'it');
insert into temp_employees values (2, 'bob', 55000, 'hr');
insert into temp_employees values (3, 'charlie', 70000, 'it');
insert into temp_employees values (4, 'david', 50000, 'hr');
insert into temp_employees values (5, 'eve', 80000, 'it');
select * from temp_employees
where salary > (select avg(salary) from temp_employees);
â¤ emp_id[4,32,0]  Â¦  emp_name[12,-1,0]  Â¦  salary[3,10,2]  Â¦  dept[12,-1,0]  ğ„€
3  Â¦  charlie  Â¦  70000.00  Â¦  it  ğ„€
5  Â¦  eve  Â¦  80000.00  Â¦  it
select
dept,
avg_salary,
emp_count
from (
select
dept,
avg(salary) as avg_salary,
count(*) as emp_count
from temp_employees
group by dept
) dept_stats
where emp_count > 1;
â¤ dept[12,-1,0]  Â¦  avg_salary[3,38,8]  Â¦  emp_count[-5,64,0]  ğ„€
it  Â¦  70000.00000000  Â¦  3  ğ„€
hr  Â¦  52500.00000000  Â¦  2
select * from temp_employees
where dept in (
select dept from temp_employees
group by dept
having avg(salary) > 60000
);
â¤ emp_id[4,32,0]  Â¦  emp_name[12,-1,0]  Â¦  salary[3,10,2]  Â¦  dept[12,-1,0]  ğ„€
1  Â¦  alice  Â¦  60000.00  Â¦  it  ğ„€
3  Â¦  charlie  Â¦  70000.00  Â¦  it  ğ„€
5  Â¦  eve  Â¦  80000.00  Â¦  it
create temporary table temp_projects (
project_id int,
emp_id int,
project_name varchar(50)
);
insert into temp_projects values (1, 1, 'project a');
insert into temp_projects values (2, 3, 'project b');
insert into temp_projects values (3, 5, 'project c');
select * from temp_employees e
where exists (
select 1 from temp_projects p
where p.emp_id = e.emp_id
);
â¤ emp_id[4,32,0]  Â¦  emp_name[12,-1,0]  Â¦  salary[3,10,2]  Â¦  dept[12,-1,0]  ğ„€
1  Â¦  alice  Â¦  60000.00  Â¦  it  ğ„€
3  Â¦  charlie  Â¦  70000.00  Â¦  it  ğ„€
5  Â¦  eve  Â¦  80000.00  Â¦  it
drop table temp_projects;
drop table temp_employees;
create temporary table temp_sales_data (
sale_id int,
product varchar(50),
amount decimal(10,2),
sale_date date
);
insert into temp_sales_data values (1, 'laptop', 999.99, '2024-01-15');
insert into temp_sales_data values (2, 'mouse', 29.99, '2024-01-16');
insert into temp_sales_data values (3, 'keyboard', 79.99, '2024-01-17');
insert into temp_sales_data values (4, 'monitor', 299.99, '2024-01-18');
insert into temp_sales_data values (5, 'laptop', 999.99, '2024-01-19');
with sales_summary as (
select
product,
count(*) as sale_count,
sum(amount) as total_amount
from temp_sales_data
group by product
)
select * from sales_summary
where total_amount > 100;
â¤ product[12,-1,0]  Â¦  sale_count[-5,64,0]  Â¦  total_amount[3,38,2]  ğ„€
laptop  Â¦  2  Â¦  1999.98  ğ„€
monitor  Â¦  1  Â¦  299.99
with
high_value_sales as (
select * from temp_sales_data where amount > 100
),
product_stats as (
select
product,
count(*) as count,
avg(amount) as avg_amount
from high_value_sales
group by product
)
select * from product_stats;
â¤ product[12,-1,0]  Â¦  count[-5,64,0]  Â¦  avg_amount[3,38,8]  ğ„€
laptop  Â¦  2  Â¦  999.99000000  ğ„€
monitor  Â¦  1  Â¦  299.99000000
drop table temp_sales_data;
create table permanent_users (
id int,
name varchar(50),
source varchar(20)
);
insert into permanent_users values (1, 'alice', 'permanent');
insert into permanent_users values (2, 'bob', 'permanent');
create temporary table temp_users (
id int,
name varchar(50),
source varchar(20)
);
insert into temp_users values (3, 'charlie', 'temporary');
insert into temp_users values (4, 'david', 'temporary');
select * from permanent_users
union
select * from temp_users;
â¤ id[4,32,0]  Â¦  name[12,-1,0]  Â¦  source[12,-1,0]  ğ„€
3  Â¦  charlie  Â¦  temporary  ğ„€
4  Â¦  david  Â¦  temporary  ğ„€
1  Â¦  alice  Â¦  permanent  ğ„€
2  Â¦  bob  Â¦  permanent
select * from permanent_users
union all
select * from temp_users;
â¤ id[4,32,0]  Â¦  name[12,-1,0]  Â¦  source[12,-1,0]  ğ„€
1  Â¦  alice  Â¦  permanent  ğ„€
2  Â¦  bob  Â¦  permanent  ğ„€
3  Â¦  charlie  Â¦  temporary  ğ„€
4  Â¦  david  Â¦  temporary
drop table temp_users;
drop table permanent_users;
create database if not exists db1;
create database if not exists db2;
use db1;
create temporary table temp_db1 (
id int,
data varchar(50)
);
insert into temp_db1 values (1, 'data from db1');
insert into temp_db1 values (2, 'more data from db1');
use db2;
select * from db1.temp_db1;
â¤ id[4,32,0]  Â¦  data[12,-1,0]  ğ„€
1  Â¦  data from db1  ğ„€
2  Â¦  more data from db1
create temporary table temp_db2 (
id int,
ref_id int,
info varchar(50)
);
insert into temp_db2 values (1, 1, 'info for id 1');
insert into temp_db2 values (2, 2, 'info for id 2');
select
t1.id,
t1.data,
t2.info
from db1.temp_db1 t1
join temp_db2 t2 on t1.id = t2.ref_id;
â¤ id[4,32,0]  Â¦  data[12,-1,0]  Â¦  info[12,-1,0]  ğ„€
1  Â¦  data from db1  Â¦  info for id 1  ğ„€
2  Â¦  more data from db1  Â¦  info for id 2
drop table temp_db2;
use db1;
drop table temp_db1;
drop database db1;
drop database db2;
use temp_advanced;
create temporary table temp_scores (
student_id int,
subject varchar(50),
score int
);
insert into temp_scores values (1, 'math', 85);
insert into temp_scores values (1, 'english', 90);
insert into temp_scores values (2, 'math', 92);
insert into temp_scores values (2, 'english', 88);
insert into temp_scores values (3, 'math', 78);
insert into temp_scores values (3, 'english', 95);
select
student_id,
subject,
score,
rank() over (partition by subject order by score desc) as rank_in_subject
from temp_scores;
â¤ student_id[4,32,0]  Â¦  subject[12,-1,0]  Â¦  score[4,32,0]  Â¦  rank_in_subject[-5,64,0]  ğ„€
3  Â¦  english  Â¦  95  Â¦  1  ğ„€
1  Â¦  english  Â¦  90  Â¦  2  ğ„€
2  Â¦  english  Â¦  88  Â¦  3  ğ„€
2  Â¦  math  Â¦  92  Â¦  1  ğ„€
1  Â¦  math  Â¦  85  Â¦  2  ğ„€
3  Â¦  math  Â¦  78  Â¦  3
drop table temp_scores;
create temporary table temp_transactions (
trans_id int,
customer_id int,
product_category varchar(50),
amount decimal(10,2),
trans_date date
);
insert into temp_transactions values (1, 1, 'electronics', 999.99, '2024-01-15');
insert into temp_transactions values (2, 1, 'books', 29.99, '2024-01-16');
insert into temp_transactions values (3, 2, 'electronics', 499.99, '2024-01-17');
insert into temp_transactions values (4, 2, 'electronics', 299.99, '2024-01-18');
insert into temp_transactions values (5, 3, 'books', 19.99, '2024-01-19');
select
customer_id,
product_category,
count(*) as purchase_count,
sum(amount) as total_spent,
avg(amount) as avg_purchase,
min(amount) as min_purchase,
max(amount) as max_purchase
from temp_transactions
group by customer_id, product_category
having sum(amount) > 50
order by total_spent desc;
â¤ customer_id[4,32,0]  Â¦  product_category[12,-1,0]  Â¦  purchase_count[-5,64,0]  Â¦  total_spent[3,38,2]  Â¦  avg_purchase[3,38,8]  Â¦  min_purchase[3,10,2]  Â¦  max_purchase[3,10,2]  ğ„€
1  Â¦  electronics  Â¦  1  Â¦  999.99  Â¦  999.99000000  Â¦  999.99  Â¦  999.99  ğ„€
2  Â¦  electronics  Â¦  2  Â¦  799.98  Â¦  399.99000000  Â¦  299.99  Â¦  499.99
drop table temp_transactions;
create table source_data (
id int,
value varchar(50)
);
insert into source_data values (1, 'value1');
insert into source_data values (2, 'value2');
insert into source_data values (3, 'value3');
create temporary table temp_target (
id int,
value varchar(50)
);
insert into temp_target select * from source_data;
select * from temp_target;
â¤ id[4,32,0]  Â¦  value[12,-1,0]  ğ„€
1  Â¦  value1  ğ„€
2  Â¦  value2  ğ„€
3  Â¦  value3
drop table temp_target;
drop table source_data;
create temporary table temp_source (
id int,
data varchar(50)
);
insert into temp_source values (1, 'temp data 1');
insert into temp_source values (2, 'temp data 2');
create table target_table (
id int,
data varchar(50)
);
insert into target_table select * from temp_source;
select * from target_table;
â¤ id[4,32,0]  Â¦  data[12,-1,0]  ğ„€
1  Â¦  temp data 1  ğ„€
2  Â¦  temp data 2
drop table target_table;
drop table temp_source;
create temporary table temp_source2 (
id int,
name varchar(50)
);
insert into temp_source2 values (1, 'alice');
insert into temp_source2 values (2, 'bob');
create temporary table temp_target2 (
id int,
name varchar(50)
);
insert into temp_target2 select * from temp_source2;
select * from temp_target2;
â¤ id[4,32,0]  Â¦  name[12,-1,0]  ğ„€
1  Â¦  alice  ğ„€
2  Â¦  bob
drop table temp_target2;
drop table temp_source2;
create table base_data (
id int,
category varchar(50),
value decimal(10,2)
);
insert into base_data values (1, 'a', 100.00);
insert into base_data values (2, 'b', 200.00);
insert into base_data values (3, 'a', 150.00);
insert into base_data values (4, 'c', 300.00);
create temporary table temp_summary as
select
category,
count(*) as count,
sum(value) as total,
avg(value) as average
from base_data
group by category;
select * from temp_summary;
â¤ category[12,-1,0]  Â¦  count[-5,64,0]  Â¦  total[3,38,2]  Â¦  average[3,38,8]  ğ„€
a  Â¦  2  Â¦  250.00  Â¦  125.00000000  ğ„€
b  Â¦  1  Â¦  200.00  Â¦  200.00000000  ğ„€
c  Â¦  1  Â¦  300.00  Â¦  300.00000000
drop table temp_summary;
drop table base_data;
create temporary table temp_trans (
id int,
value varchar(50)
);
start transaction;
insert into temp_trans values (1, 'value1');
insert into temp_trans values (2, 'value2');
select * from temp_trans;
â¤ id[4,32,0]  Â¦  value[12,-1,0]  ğ„€
1  Â¦  value1  ğ„€
2  Â¦  value2
commit;
select * from temp_trans;  -- é¢„æœŸç»“æœ: æ•°æ®ä»ç„¶å­˜åœ¨
â¤ id[4,32,0]  Â¦  value[12,-1,0]  ğ„€
1  Â¦  value1  ğ„€
2  Â¦  value2
start transaction;
insert into temp_trans values (3, 'value3');
insert into temp_trans values (4, 'value4');
select * from temp_trans;  -- é¢„æœŸç»“æœ: 4æ¡è®°å½•
â¤ id[4,32,0]  Â¦  value[12,-1,0]  ğ„€
3  Â¦  value3  ğ„€
4  Â¦  value4  ğ„€
1  Â¦  value1  ğ„€
2  Â¦  value2
rollback;
select * from temp_trans;  -- é¢„æœŸç»“æœ: åªæœ‰2æ¡è®°å½•ï¼ˆvalue1, value2ï¼‰
â¤ id[4,32,0]  Â¦  value[12,-1,0]  ğ„€
1  Â¦  value1  ğ„€
2  Â¦  value2
drop table temp_trans;
drop database if exists temp_advanced;
