drop table if exists t1;
create table t1(
cdate varchar(20),
ctime varchar(20),
cdatetime varchar(20)
);
insert into t1 values('04/31/2004','09:30:17', '2022-05-27 11:30:00');
insert into t1 values('05/31/2012','11:30:17', '2012-05-26 12:30:00');
insert into t1 values('04/23/2009','01:30:17', '2002-07-26 02:30:01');
insert into t1 values('01/31/2004','12:30:17', '2001-03-26 08:10:01');
insert into t1 values('07/03/2018','05:30:17', '2011-08-26 07:15:01');
insert into t1 values('08/25/2014','09:30:17', '2011-11-26 06:15:01');
insert into t1 values('06/30/2022','04:30:17', '2011-12-26 06:15:01');
SELECT cdate,STR_TO_DATE(cdate,'%m/%d/%Y') from t1;
cdate    str_to_date(cdate, %m/%d/%Y)
04/31/2004    null
05/31/2012    2012-05-31
04/23/2009    2009-04-23
01/31/2004    2004-01-31
07/03/2018    2018-07-03
08/25/2014    2014-08-25
06/30/2022    2022-06-30
SELECT ctime,STR_TO_DATE(ctime,'%h:%i:%s')  from t1;
ctime    str_to_date(ctime, %h:%i:%s)
09:30:17    09:30:17
11:30:17    11:30:17
01:30:17    01:30:17
12:30:17    00:30:17
05:30:17    05:30:17
09:30:17    09:30:17
04:30:17    04:30:17
SELECT cdatetime,STR_TO_DATE(cdatetime,'%Y-%m-%d %H:%i:%s') from t1;
cdatetime    str_to_date(cdatetime, %Y-%m-%d %H:%i:%s)
2022-05-27 11:30:00    2022-05-27 11:30:00
2012-05-26 12:30:00    2012-05-26 12:30:00
2002-07-26 02:30:01    2002-07-26 02:30:01
2001-03-26 08:10:01    2001-03-26 08:10:01
2011-08-26 07:15:01    2011-08-26 07:15:01
2011-11-26 06:15:01    2011-11-26 06:15:01
2011-12-26 06:15:01    2011-12-26 06:15:01
SELECT cdate,TO_DATE(cdate,'%m/%d/%Y') from t1;
cdate    to_date(cdate, %m/%d/%Y)
04/31/2004    null
05/31/2012    2012-05-31
04/23/2009    2009-04-23
01/31/2004    2004-01-31
07/03/2018    2018-07-03
08/25/2014    2014-08-25
06/30/2022    2022-06-30
SELECT ctime,TO_DATE(ctime,'%h:%i:%s')  from t1;
ctime    to_date(ctime, %h:%i:%s)
09:30:17    09:30:17
11:30:17    11:30:17
01:30:17    01:30:17
12:30:17    00:30:17
05:30:17    05:30:17
09:30:17    09:30:17
04:30:17    04:30:17
SELECT cdatetime,TO_DATE(cdatetime,'%Y-%m-%d %H:%i:%s') from t1;
cdatetime    to_date(cdatetime, %Y-%m-%d %H:%i:%s)
2022-05-27 11:30:00    2022-05-27 11:30:00
2012-05-26 12:30:00    2012-05-26 12:30:00
2002-07-26 02:30:01    2002-07-26 02:30:01
2001-03-26 08:10:01    2001-03-26 08:10:01
2011-08-26 07:15:01    2011-08-26 07:15:01
2011-11-26 06:15:01    2011-11-26 06:15:01
2011-12-26 06:15:01    2011-12-26 06:15:01
drop table t1;
drop table if exists t2;
create table t2(
cdate varchar(20),
ctime varchar(20),
cdatetime varchar(30)
);
insert into t2 values('May 1, 2013','11:13:56','8:10:2.123456 13-01-02');
insert into t2 values('Feb 28, 2022','12:33:51','12:19:2.123456 06-01-02');
insert into t2 values('Jul 20, 2022','03:23:36','15:21:2.123456 22-01-02');
insert into t2 values('Aug 1, 2013','01:43:46','11:11:2.123456 25-01-02');
insert into t2 values('Nov 28, 2022','10:53:41','19:31:2.123456 11-01-02');
insert into t2 values('Dec 20, 2022','09:23:46','1:41:2.123456 02-01-02');
SELECT cdate,STR_TO_DATE(cdate,'%b %d,%Y') from t2;
cdate    str_to_date(cdate, %b %d,%Y)
May 1, 2013    2013-05-01
Feb 28, 2022    2022-02-28
Jul 20, 2022    2022-07-20
Aug 1, 2013    2013-08-01
Nov 28, 2022    2022-11-28
Dec 20, 2022    2022-12-20
SELECT ctime,STR_TO_DATE(ctime,'%r')  from t2;
ctime    str_to_date(ctime, %r)
11:13:56    11:13:56
12:33:51    00:33:51
03:23:36    03:23:36
01:43:46    01:43:46
10:53:41    10:53:41
09:23:46    09:23:46
SELECT cdatetime,STR_TO_DATE(cdatetime,'%H:%i:%S.%f %y-%m-%d') from t2;
cdatetime    str_to_date(cdatetime, %H:%i:%S.%f %y-%m-%d)
8:10:2.123456 13-01-02    2013-01-02 08:10:02
12:19:2.123456 06-01-02    2006-01-02 12:19:02
15:21:2.123456 22-01-02    2022-01-02 15:21:02
11:11:2.123456 25-01-02    2025-01-02 11:11:02
19:31:2.123456 11-01-02    2011-01-02 19:31:02
1:41:2.123456 02-01-02    2002-01-02 01:41:02
SELECT cdate,TO_DATE(cdate,'%b %d,%Y') from t2;
cdate    to_date(cdate, %b %d,%Y)
May 1, 2013    2013-05-01
Feb 28, 2022    2022-02-28
Jul 20, 2022    2022-07-20
Aug 1, 2013    2013-08-01
Nov 28, 2022    2022-11-28
Dec 20, 2022    2022-12-20
SELECT ctime,TO_DATE(ctime,'%r')  from t2;
ctime    to_date(ctime, %r)
11:13:56    11:13:56
12:33:51    00:33:51
03:23:36    03:23:36
01:43:46    01:43:46
10:53:41    10:53:41
09:23:46    09:23:46
SELECT cdatetime,TO_DATE(cdatetime,'%H:%i:%S.%f %y-%m-%d') from t2;
cdatetime    to_date(cdatetime, %H:%i:%S.%f %y-%m-%d)
8:10:2.123456 13-01-02    2013-01-02 08:10:02
12:19:2.123456 06-01-02    2006-01-02 12:19:02
15:21:2.123456 22-01-02    2022-01-02 15:21:02
11:11:2.123456 25-01-02    2025-01-02 11:11:02
19:31:2.123456 11-01-02    2011-01-02 19:31:02
1:41:2.123456 02-01-02    2002-01-02 01:41:02
drop table t2;
SELECT STR_TO_DATE('04/31/2004', '%m/%d/%Y');
str_to_date(04/31/2004, %m/%d/%Y)
null
SELECT str_to_date('May 1, 2013','%M %d,%Y');
str_to_date(May 1, 2013, %M %d,%Y)
2013-05-01
SELECT str_to_date('February 28, 2022','%M %d,%Y');
str_to_date(February 28, 2022, %M %d,%Y)
2022-02-28
select str_to_date('8:10:2.123456 13-01-02','%H:%i:%S.%f %y-%m-%d');
str_to_date(8:10:2.123456 13-01-02, %H:%i:%S.%f %y-%m-%d)
2013-01-02 08:10:02
select str_to_date('11:13:56', '%r');
str_to_date(11:13:56, %r)
11:13:56
SELECT DATE_ADD(str_to_date('9999-12-30 23:59:00','%Y-%m-%d %H:%i:%s'), INTERVAL 1 MINUTE);
date_add(str_to_date(9999-12-30 23:59:00, %Y-%m-%d %H:%i:%s), interval(1, minute))
9999-12-31 00:00:00
SELECT str_to_date('01,5,2013','%d,%m,%Y');
str_to_date(01,5,2013, %d,%m,%Y)
2013-05-01
SELECT str_to_date('May 1, 2013','%M %d,%Y');
str_to_date(May 1, 2013, %M %d,%Y)
2013-05-01
SELECT str_to_date('a09:30:17','a%h:%i:%s');
str_to_date(a09:30:17, a%h:%i:%s)
09:30:17
SELECT str_to_date('a09:30:17','%h:%i:%s');
str_to_date(a09:30:17, %h:%i:%s)
null
SELECT str_to_date('09:30:17a','%h:%i:%s');
str_to_date(09:30:17a, %h:%i:%s)
09:30:17
SELECT str_to_date('abc','abc');
str_to_date(abc, abc)
null
SELECT str_to_date('9','%m');
str_to_date(9, %m)
null
SELECT str_to_date('9','%s');
str_to_date(9, %s)
00:00:09
SELECT str_to_date('00/00/0000', '%m/%d/%Y');
str_to_date(00/00/0000, %m/%d/%Y)
null
SELECT str_to_date('04/31/2004', '%m/%d/%Y');
str_to_date(04/31/2004, %m/%d/%Y)
null
SELECT str_to_date('00/00/0000', '%m/%d/%Y');
str_to_date(00/00/0000, %m/%d/%Y)
null
SELECT str_to_date('200442 Monday', '%X%V %W');
str_to_date(200442 Monday, %X%V %W)
null
select str_to_date(concat_ws(' ','15-01-2001'), ' 2:59:58.999');
str_to_date(concat_ws( , 15-01-2001),  2:59:58.999)
null
select concat_ws('',str_to_date('8:11:2.123456 03-01-02','%H:%i:%S.%f %y-%m-%d'));
concat_ws(, str_to_date(8:11:2.123456 03-01-02, %H:%i:%S.%f %y-%m-%d))
2003-01-02 08:11:02
select str_to_date('04 /30/2004', '%m /%d/%Y');
str_to_date(04 /30/2004, %m /%d/%Y)
2004-04-30
select str_to_date('04/30 /2004', '%m /%d /%Y');
str_to_date(04/30 /2004, %m /%d /%Y)
2004-04-30
select str_to_date('04/30/2004 ', '%m/%d/%Y ');
str_to_date(04/30/2004 , %m/%d/%Y )
2004-04-30
SELECT DATE_SUB(str_to_date('9999-12-31 00:01:00','%Y-%m-%d %H:%i:%s'), INTERVAL 1 MINUTE);
date_sub(str_to_date(9999-12-31 00:01:00, %Y-%m-%d %H:%i:%s), interval(1, minute))
9999-12-31 00:00:00
SELECT DATE_ADD(str_to_date('9999-12-30 23:59:00','%Y-%m-%d %H:%i:%s'), INTERVAL 1 MINUTE);
date_add(str_to_date(9999-12-30 23:59:00, %Y-%m-%d %H:%i:%s), interval(1, minute))
9999-12-31 00:00:00
SELECT str_to_date('09:22', '%H:%i');
str_to_date(09:22, %H:%i)
09:22:00
SELECT str_to_date('09:22:23.33', '%H:%i:%s.%f');
str_to_date(09:22:23.33, %H:%i:%s.%f)
09:22:23
SELECT str_to_date('09:22', '%H:%i');
str_to_date(09:22, %H:%i)
09:22:00
SELECT TO_DATE('04/31/2004', '%m/%d/%Y');
to_date(04/31/2004, %m/%d/%Y)
null
SELECT to_date('May 1, 2013','%M %d,%Y');
to_date(May 1, 2013, %M %d,%Y)
2013-05-01
SELECT to_date('February 28, 2022','%M %d,%Y');
to_date(February 28, 2022, %M %d,%Y)
2022-02-28
select to_date('8:10:2.123456 13-01-02','%H:%i:%S.%f %y-%m-%d');
to_date(8:10:2.123456 13-01-02, %H:%i:%S.%f %y-%m-%d)
2013-01-02 08:10:02
select to_date('11:13:56', '%r');
to_date(11:13:56, %r)
11:13:56
SELECT DATE_ADD(to_date('9999-12-30 23:59:00','%Y-%m-%d %H:%i:%s'), INTERVAL 1 MINUTE);
date_add(to_date(9999-12-30 23:59:00, %Y-%m-%d %H:%i:%s), interval(1, minute))
9999-12-31 00:00:00
SELECT to_date('01,5,2013','%d,%m,%Y');
to_date(01,5,2013, %d,%m,%Y)
2013-05-01
SELECT to_date('May 1, 2013','%M %d,%Y');
to_date(May 1, 2013, %M %d,%Y)
2013-05-01
SELECT to_date('a09:30:17','a%h:%i:%s');
to_date(a09:30:17, a%h:%i:%s)
09:30:17
SELECT to_date('a09:30:17','%h:%i:%s');
to_date(a09:30:17, %h:%i:%s)
null
SELECT to_date('09:30:17a','%h:%i:%s');
to_date(09:30:17a, %h:%i:%s)
09:30:17
SELECT to_date('abc','abc');
to_date(abc, abc)
null
SELECT to_date('9','%m');
to_date(9, %m)
null
SELECT to_date('9','%s');
to_date(9, %s)
00:00:09
SELECT to_date('00/00/0000', '%m/%d/%Y');
to_date(00/00/0000, %m/%d/%Y)
null
SELECT to_date('04/31/2004', '%m/%d/%Y');
to_date(04/31/2004, %m/%d/%Y)
null
SELECT to_date('00/00/0000', '%m/%d/%Y');
to_date(00/00/0000, %m/%d/%Y)
null
SELECT to_date('200442 Monday', '%X%V %W');
to_date(200442 Monday, %X%V %W)
null
select to_date(concat_ws(' ','15-01-2001'), ' 2:59:58.999');
to_date(concat_ws( , 15-01-2001),  2:59:58.999)
null
select concat_ws('',to_date('8:11:2.123456 03-01-02','%H:%i:%S.%f %y-%m-%d'));
concat_ws(, to_date(8:11:2.123456 03-01-02, %H:%i:%S.%f %y-%m-%d))
2003-01-02 08:11:02
select to_date('04 /30/2004', '%m /%d/%Y');
to_date(04 /30/2004, %m /%d/%Y)
2004-04-30
select to_date('04/30 /2004', '%m /%d /%Y');
to_date(04/30 /2004, %m /%d /%Y)
2004-04-30
select to_date('04/30/2004 ', '%m/%d/%Y ');
to_date(04/30/2004 , %m/%d/%Y )
2004-04-30
SELECT DATE_SUB(to_date('9999-12-31 00:01:00','%Y-%m-%d %H:%i:%s'), INTERVAL 1 MINUTE);
date_sub(to_date(9999-12-31 00:01:00, %Y-%m-%d %H:%i:%s), interval(1, minute))
9999-12-31 00:00:00
SELECT DATE_ADD(to_date('9999-12-30 23:59:00','%Y-%m-%d %H:%i:%s'), INTERVAL 1 MINUTE);
date_add(to_date(9999-12-30 23:59:00, %Y-%m-%d %H:%i:%s), interval(1, minute))
9999-12-31 00:00:00
SELECT to_date('09:22', '%H:%i');
to_date(09:22, %H:%i)
09:22:00
SELECT to_date('09:22:23.33', '%H:%i:%s.%f');
to_date(09:22:23.33, %H:%i:%s.%f)
09:22:23
SELECT to_date('09:22', '%H:%i');
to_date(09:22, %H:%i)
09:22:00
