select log(exp(10));
log(exp(10))
10.0
SELECT EXP(2);
EXP(2)
7.38905609893065
SELECT EXP(-2);
EXP(-2)
0.1353352832366127
SELECT EXP(0);
EXP(0)
1.0
select EXP(0.00000000000000001);
EXP(0.00000000000000001)
1.0
select EXP(2e2);
EXP(2e2)
7.225973768125749E86
select EXP(0.141241241241313);
EXP(0.141241241241313)
1.1517024526037207
select EXP(-124314124124.12412341);
EXP(-124314124124.12412341)
0.0
select exp(null);
exp(null)
null
CREATE TABLE t1(a DOUBLE);
INSERT INTO t1 select (exp(56));
INSERT INTO t1 select (exp(100));
SELECT * FROM t1 ORDER BY a;
a
2.091659496012996E24
2.6881171418161356E43
drop table t1;
create table t1(a tinyint, b SMALLINT, c bigint, d INT, e BIGINT, f FLOAT, g DOUBLE, h decimal(38,19));
insert into t1 values(1, 1, 2, 4, 5, 5.5, 31.13, 14.314);
select EXP(a),EXP(b),EXP(c),EXP(d),EXP(e),EXP(f),EXP(g),EXP(h) from t1;
EXP(a)	EXP(b)	EXP(c)	EXP(d)	EXP(e)	EXP(f)	EXP(g)	EXP(h)
2.718281828459045	2.718281828459045	7.38905609893065	54.598150033144236	148.4131591025766	244.69193226422038	3.3081654501713676E13	1646232.6617210666
drop table t1;
select EXP(123.54-123.03);
EXP(123.54-123.03)
1.6652911949458864
select EXP(123.54*0.34);
EXP(123.54*0.34)
1.74554761534837658E18
select EXP(134)-EXP(194);
EXP(134)-EXP(194)
-1.7911398206275708E84
drop table if exists t1;
create table t1(a int);
insert into t1 values(10), (100);
select distinct * from t1 where exp(a)>0;
a
10
100
drop table t1;
create table t1(a INT, b int);
create table t2(a INT, b int);
insert into t1 values(2,4), (100,23);
insert into t2 values(10,100), (4,41);
SELECT t1.a, t2.a FROM t1 JOIN t2 ON (exp(t1.a) <> exp(t2.a));
a	a
100	10
2	10
100	4
2	4
drop table t1;
drop table t2;
drop table if exists t1;
create table t1(a float,  b float);
insert into t1 values(14.413, 43.413), (8.123, 0.409);
select b from t1 group by b having exp(b)>0;
b
43.413
0.409
drop table t1;
