select power(exp(10), log(100)),exp(power(2,2)),power(-1,1),power(NULL,0),power(1,1),power(3,9),power(-1,2),power(NULL,2);
power(exp(10), log(100))	exp(power(2,2))	power(-1,1)	power(NULL,0)	power(1,1)	power(3,9)	power(-1,2)	power(NULL,2)
1.0000000000000046E20	54.598150033144236	-1.0	null	1.0	19683.0	1.0	null
SELECT power(2,13);
power(2,13)
8192.0
SELECT power(-2,-3);
power(-2,-3)
-0.125
SELECT power(2,100);
power(2,100)
1.2676506002282294E30
SELECT power(10,100);
power(10, 100)
1.0000000000000002E100
SELECT power(1,100);
power(1,100)
1.0
select power(2,-1);
power(2,-1)
0.5
select power(-2,1);
power(-2,1)
-2.0
select power(0.00000000000000001,123413);
power(0.00000000000000001,123413)
0.0
select power(10e100,-39413312);
power(10e100,-39413312)
0.0
select power(0.141241241241313, 124314124124.12412341);
power(0.141241241241313, 124314124124.12412341)
0.0
select power(null,2);
power(null,2)
null
select power(2, null);
power(2, null)
null
select power(null,null);
power(null,null)
null
CREATE TABLE t1(a DOUBLE);
INSERT INTO t1 select (power(56,124));
INSERT INTO t1 select (power(10,100));
INSERT INTO t1 select (power(2,234));
SELECT * FROM t1 ORDER BY a;
a
2.7606985387162255E70
1.0E100
5.96094821228998E216
drop table t1;
create table t1(a tinyint, b SMALLINT, c bigint, d INT, e BIGINT, f FLOAT, g DOUBLE, h decimal(38,19));
insert into t1 values(1, 1, 2, 4, 5, 5.5, 31.13, 14.314);
select power(a,b),power(b,c),power(c,d),power(d,e),power(e,f),power(f,g),power(g,h) from t1;
power(a,b)	power(b,c)	power(c,d)	power(d,e)	power(e,f)	power(f,g)	power(g,h)
1.0	1.0	16.0	1024.0	6987.712429686842	1.1155538103726188E23	2.362467993555655E21
drop table t1;
select power(123.54-123.03, 12-34);
power(123.54-123.03, 12-34)
2713039.5562672606
select power(123.54*0.34, 1203-1200);
power(123.54*0.34, 1203-1200)
74107.05283300664
select power(134,34)-power(194,44);
power(134,34)-power(194,44)
-4.605492898028417E100
drop table if exists t1;
create table t1(a float,  b float);
insert into t1 values(10, 100), (2, 5);
select distinct * from t1 where power(a, b)>0;
a	b
10.0	100.0
2.0	5.0
drop table t1;
create table t1(a INT, b int);
create table t2(a INT, b int);
insert into t1 values(2,4), (100,23);
insert into t2 values(10,100), (4,41);
SELECT t1.a, t2.a FROM t1 JOIN t2 ON (power(t1.a, t1.b) <> power(t2.a, t2.b));
a	a
100	10
2	10
100	4
2	4
drop table t1;
drop table t2;
drop table if exists t1;
create table t1(a float,  b float);
insert into t1 values(14.3, 4.413), (9.123, 9.409);
select b from t1 group by b having power(1,b)>0;
b
4.413
9.409
drop table t1;
