select to_upper('abc'), upper('abc');
to_upper(abc)    upper(abc)
ABC    ABC
select to_upper('abc 123'), upper('abc 123');
to_upper(abc 123)    upper(abc 123)
ABC 123    ABC 123
select to_upper(null);
to_upper(null)
null
create table up_t(a varchar(10), b char(10));
insert into up_t values('abc', 'abc');
insert into up_t values(null, null);
insert into up_t values('abc 123', 'abc 123');
select to_upper(a), upper(a) from up_t;
to_upper(a)    upper(a)
ABC    ABC
null    null
ABC 123    ABC 123
select to_upper(b), upper(b) from up_t;
to_upper(b)    upper(b)
ABC    ABC
null    null
ABC 123    ABC 123
select to_lower('ABC'), lower('ABC');
to_lower(ABC)    lower(ABC)
abc    abc
select to_lower('AbC 123'), lower('AbC 123');
to_lower(AbC 123)    lower(AbC 123)
abc 123    abc 123
select to_lower(null);
to_lower(null)
null
create table low_t(a varchar(10), b char(10));
insert into low_t values('ABC', 'ABC');
insert into low_t values(null, null);
insert into low_t values('AbC 123', 'AbC 123');
select to_lower(a), lower(a) from low_t;
to_lower(a)    lower(a)
abc    abc
null    null
abc 123    abc 123
select to_lower(b), lower(b) from low_t;
to_lower(b)    lower(b)
abc    abc
null    null
abc 123    abc 123
select to_upper(ltrim('   ueenjfwabc123'));
to_upper(ltrim(   ueenjfwabc123))
UEENJFWABC123
select upper(rtrim('  3782dfw23123123123   '));
upper(rtrim(  3782dfw23123123123   ))
  3782DFW23123123123
select to_upper(trim('  32431 %^ 3829  3huicn2432g23   '));
to_upper(trim(  32431 %^ 3829  3huicn2432g23   ))
32431 %^ 3829  3HUICN2432G23
select upper(substring('21214avewwe12',3,20));
upper(substring(21214avewwe12, 3, 20))
214AVEWWE12
select upper(reverse('sjkdakjevenjwvev')) as result;
result
VEVWJNEVEJKADKJS
select lower(ltrim('   uEENjfwabc123'));
lower(ltrim(   uEENjfwabc123))
ueenjfwabc123
select to_lower(rtrim('  3782dfWWWW23123123123   '));
to_lower(rtrim(  3782dfWWWW23123123123   ))
  3782dfwwww23123123123
select lower(trim('  32431 %^ 3829  3huICN2432g23   '));
lower(trim(  32431 %^ 3829  3huICN2432g23   ))
32431 %^ 3829  3huicn2432g23
select to_lower(substring('21214AewWE12',3,20));
to_lower(substring(21214AewWE12, 3, 20))
214aewwe12
select lower(reverse('sjkDAKjeveBJwvev')) as result;
result
vevwjbevejkadkjs