SELECT FROM_DAYS(730669) AS result1;
result1
2000-07-03
SELECT FROM_DAYS(730669) AS date_2000_01_01;
date_2000_01_01
2000-07-03
SELECT FROM_DAYS(366) AS date_0000_12_31;
date_0000_12_31
0001-01-01
SELECT FROM_DAYS(367) AS date_0001_01_01;
date_0001_01_01
0001-01-02
SELECT FROM_DAYS(1) AS date_0000_01_01;
date_0000_01_01
null
SELECT FROM_DAYS(TO_DAYS('2000-01-01')) AS roundtrip_2000;
roundtrip_2000
2000-01-01
SELECT FROM_DAYS(TO_DAYS('2024-12-20')) AS roundtrip_2024;
roundtrip_2024
2024-12-20
SELECT FROM_DAYS(TO_DAYS('1970-01-01')) AS roundtrip_1970;
roundtrip_1970
1970-01-01
SELECT FROM_DAYS(365) AS date_0000_12_30;
date_0000_12_30
null
SELECT FROM_DAYS(366) AS date_0000_12_31;
date_0000_12_31
0001-01-01
SELECT FROM_DAYS(367) AS date_0001_01_01;
date_0001_01_01
0001-01-02
SELECT FROM_DAYS(368) AS date_0001_01_02;
date_0001_01_02
0001-01-03
SELECT FROM_DAYS(NULL) AS null_days;
null_days
null
CREATE TABLE t1(day_num INT);
INSERT INTO t1 VALUES (730669), (366), (367), (368);
SELECT FROM_DAYS(day_num) AS date_value FROM t1;
date_value
2000-07-03
0001-01-01
0001-01-02
0001-01-03
DROP TABLE t1;
CREATE TABLE t1(day_num INT);
INSERT INTO t1 VALUES (730669), (366), (367), (368);
SELECT * FROM t1 WHERE FROM_DAYS(day_num) > '2000-01-01';
day_num
730669
DROP TABLE t1;
SELECT FROM_DAYS(TO_DAYS('2000-01-01')) AS test1, FROM_DAYS(TO_DAYS('2024-12-20')) AS test2, FROM_DAYS(TO_DAYS('1970-01-01')) AS test3;
test1    test2    test3
2000-01-01    2024-12-20    1970-01-01
