create database testx;
use testx;
SELECT LOCATE(null, "begtut.com", null) AS MatchPosition;
MatchPosition
null
SELECT LOCATE("com", "begtut.com", null) AS MatchPosition;
MatchPosition
null
SELECT LOCATE("com", null, 3) AS MatchPosition;
MatchPosition
null
SELECT LOCATE(NULL, null, 3) AS MatchPosition;
MatchPosition
null
SELECT LOCATE("com", "", 3) AS MatchPosition;
MatchPosition
0
SELECT LOCATE("", "cm", 3) AS MatchPosition;
MatchPosition
3
SELECT LOCATE("com", "begtut.com", 3) AS MatchPosition;
MatchPosition
8
SELECT LOCATE('lo', 'Hello, World!', 4) AS position;
position
4
SELECT LOCATE('lo', 'Hello, World!', 7) AS position;
position
0
SELECT LOCATE('is', 'This is a test string.', 6) AS position1,
LOCATE('is', 'This is a test string.', 10) AS position2;
position1    position2
6    0
DROP TABLE IF EXISTS test_table;
CREATE TABLE test_table (
id INT AUTO_INCREMENT PRIMARY KEY,
my_string VARCHAR(200)
);
INSERT INTO test_table (my_string) VALUES
('Hello, World!'),
('This is a test string.'),
('Another string to test.'),
('The quick brown fox jumps over the lazy dog.'),
('Testing the LOCATE function.'),
('12345');
SELECT LOCATE('lo', my_string) AS position FROM test_table;
position
4
0
0
0
13
0
SELECT LOCATE('xyz', my_string) AS position FROM test_table;
position
0
0
0
0
0
0
SELECT LOCATE('is', my_string) AS position FROM test_table;
position
0
3
0
0
0
0
SELECT LOCATE('test', my_string) AS position FROM test_table;
position
0
11
19
0
1
0
DROP TABLE test_table;
DROP TABLE IF EXISTS mixed_language_table;
CREATE TABLE mixed_language_table (
id INT AUTO_INCREMENT PRIMARY KEY,
text_data VARCHAR(255)
);
INSERT INTO mixed_language_table (text_data) VALUES
('applebanana苹果orange香蕉'),
('grapepeach桃子mango'),
('西瓜猕猴桃watermelonkiwistrawberry草莓');
SELECT
id,
text_data,
LOCATE('orange', text_data) AS orange_position,
LOCATE('桃子', text_data) AS peach_position,
LOCATE('strawberry', text_data) AS strawberry_position
FROM
mixed_language_table;
id    text_data    orange_position    peach_position    strawberry_position
1    applebanana苹果orange香蕉    14    0    0
2    grapepeach桃子mango    0    11    0
3    西瓜猕猴桃watermelonkiwistrawberry草莓    0    0    20
SELECT
id,
text_data,
LOCATE('orange', text_data, 14) AS orange_position,
LOCATE('桃子', text_data, 14) AS peach_position,
LOCATE('strawberry', text_data, 14) AS strawberry_position
FROM
mixed_language_table;
id    text_data    orange_position    peach_position    strawberry_position
1    applebanana苹果orange香蕉    14    0    0
2    grapepeach桃子mango    0    0    0
3    西瓜猕猴桃watermelonkiwistrawberry草莓    0    0    20
SELECT
id,
text_data,
LOCATE('orange', text_data, 5) AS orange_position,
LOCATE('桃子', text_data, 5) AS peach_position,
LOCATE('strawberry', text_data, 5) AS strawberry_position
FROM
mixed_language_table;
id    text_data    orange_position    peach_position    strawberry_position
1    applebanana苹果orange香蕉    14    0    0
2    grapepeach桃子mango    0    11    0
3    西瓜猕猴桃watermelonkiwistrawberry草莓    0    0    20
DROP TABLE IF EXISTS mixed_language_table;
drop database testx;
