SELECT JSON_ARRAY(1, 2, 3) AS result1;
result1
[1, 2, 3]
SELECT JSON_ARRAY(1, 2, 3) AS basic_array;
basic_array
[1, 2, 3]
SELECT JSON_ARRAY('a', 'b', 'c') AS string_array;
string_array
["a", "b", "c"]
SELECT JSON_ARRAY(1.5, 2.5, 3.5) AS float_array;
float_array
[1.5, 2.5, 3.5]
SELECT JSON_ARRAY(true, false) AS bool_array;
bool_array
[true, false]
SELECT JSON_ARRAY(NULL) AS null_array;
null_array
[null]
SELECT JSON_ARRAY() AS empty_array;
empty_array
[]
SELECT JSON_ARRAY(1, 'a', 2.5, true, NULL) AS mixed_array;
mixed_array
[1, "a", 2.5, true, null]
SELECT JSON_ARRAY('2024-12-20', '2024-12-21') AS date_array;
date_array
["2024-12-20", "2024-12-21"]
SELECT JSON_ARRAY('10:30:45', '11:30:45') AS time_array;
time_array
["10:30:45", "11:30:45"]
SELECT JSON_ARRAY(JSON_ARRAY(1, 2), JSON_ARRAY(3, 4)) AS nested_array;
nested_array
[[1, 2], [3, 4]]
SELECT JSON_ARRAY(NULL, 1, NULL, 2) AS nulls_in_array;
nulls_in_array
[null, 1, null, 2]
SELECT JSON_ARRAY(1, NULL, 2) AS null_middle;
null_middle
[1, null, 2]
CREATE TABLE t1(a INT, b VARCHAR(10), c FLOAT);
INSERT INTO t1 VALUES (1, 'a', 1.5), (2, 'b', 2.5), (3, 'c', 3.5);
SELECT JSON_ARRAY(a, b, c) AS json_array FROM t1;
json_array
[1, "a", 1.5]
[2, "b", 2.5]
[3, "c", 3.5]
DROP TABLE t1;
CREATE TABLE t1(id INT, name VARCHAR(10));
INSERT INTO t1 VALUES (1, 'Alice'), (2, 'Bob'), (3, 'Charlie');
SELECT * FROM t1 WHERE JSON_ARRAY(id, name) IS NOT NULL ORDER BY id;
id    name
1    Alice
2    Bob
3    Charlie
DROP TABLE t1;
SELECT JSON_ARRAY(1, 2) AS arr1, JSON_ARRAY(3, 4) AS arr2, JSON_ARRAY(5, 6) AS arr3;
arr1    arr2    arr3
[1, 2]    [3, 4]    [5, 6]
