select lg(lg(1000)),lg(lg(100));
lg(lg(1000))    lg(lg(100))
0.4771212547196624    0.3010299956639812
SELECT lg(10000);
lg(10000)
4.0
SELECT lg(-100);
invalid argument lg, bad value -100
SELECT lg(0);
invalid argument lg, bad value 0
select lg(0.00000000000000001);
lg(0.00000000000000001)
-17.0
select lg(2e2);
lg(2e2)
2.301029995663981
select lg(0.141241241241313);
lg(0.141241241241313)
-0.8500384744714139
select lg(-124314124124.12412341);
invalid argument lg, bad value -1.2431412412412413e+11
select lg(null);
lg(null)
null
CREATE TABLE t1(a DOUBLE);
INSERT INTO t1 select (lg(56));
INSERT INTO t1 select (lg(100));
SELECT * FROM t1 ORDER BY a;
a
1.7481880270062005
2.0
drop table t1;
create table t1(a tinyint, b SMALLINT, c bigint, d INT, e BIGINT, f FLOAT, g DOUBLE, h decimal(38,19));
insert into t1 values(1, 1, 2, 4, 5, 5.5, 31.13, 14.314);
select lg(a),lg(b),lg(c),lg(d),lg(e),lg(f),lg(g),lg(h) from t1;
lg(a)    lg(b)    lg(c)    lg(d)    lg(e)    lg(f)    lg(g)    lg(h)
0.0    0.0    0.3010299956639812    0.6020599913279624    0.6989700043360187    0.7403626894942439    1.4931791206825151    1.1557610128779234
drop table t1;
select lg(123.54-123.03);
lg(123.54 - 123.03)
-0.2924298239020636
select lg(123.54*0.34);
lg(123.54 * 0.34)
1.62328651404393
select lg(134)-lg(194);
lg(134) - lg(194)
-0.16069693156541875
drop table if exists t1;
create table t1(a int);
insert into t1 values(10), (100);
select distinct * from t1 where lg(a)>0;
a
10
100
drop table t1;
create table t1(a INT, b int);
create table t2(a INT, b int);
insert into t1 values(2,4), (100,23);
insert into t2 values(10,100), (4,41);
SELECT t1.a, t2.a FROM t1 JOIN t2 ON (lg(t1.a) <> lg(t2.a));
a    a
2    10
2    4
100    10
100    4
drop table t1;
drop table t2;
drop table if exists t1;
create table t1(a float,  b float);
insert into t1 values(14.413, 43.413), (8.123, 0.409);
select b from t1 group by b having lg(b)>0;
b
43.413
drop table t1;
