select log2(log2(256)),log2(log2(2));
log2(log2(256))    log2(log2(2))
3.0    0.0
SELECT log2(1024);
log2(1024)
10.0
SELECT log2(-1024);
invalid argument log2, bad value -1024
SELECT log2(0);
invalid argument log2, bad value 0
select log2(0.00000000000000001);
log2(0.00000000000000001)
-56.47277761308516
select log2(2e2);
log2(2e2)
7.643856189774724
select log2(0.141241241241313);
log2(0.141241241241313)
-2.8237666900817837
select log2(-124314124124.12412341);
invalid argument log2, bad value -1.2431412412412413e+11
select log2(null);
log2(null)
null
CREATE TABLE t1(a DOUBLE);
INSERT INTO t1 select (log2(56));
INSERT INTO t1 select (log2(100));
SELECT * FROM t1 ORDER BY a;
a
5.807354922057604
6.643856189774724
drop table t1;
create table t1(a tinyint, b SMALLINT, c bigint, d INT, e BIGINT, f FLOAT, g DOUBLE, h decimal(38,19));
insert into t1 values(1, 1, 2, 4, 5, 5.5, 31.13, 14.314);
select log2(a),log2(b),log2(c),log2(d),log2(e),log2(f),log2(g),log2(h) from t1;
log2(a)    log2(b)    log2(c)    log2(d)    log2(e)    log2(f)    log2(g)    log2(h)
0.0    0.0    1.0    2.0    2.321928094887362    2.4594316186372973    4.960233671694454    3.8393549796546487
drop table t1;
select log2(123.54-123.03);
log2(123.54 - 123.03)
-0.9714308478032292
select log2(123.54*0.34);
log2(123.54 * 0.34)
5.3924410770543005
select log2(134)-log2(194);
log2(134) - log2(194)
-0.5338236517293549
drop table if exists t1;
create table t1(a int);
insert into t1 values(10), (100);
select distinct * from t1 where log2(a)>0;
a
10
100
drop table t1;
create table t1(a INT, b int);
create table t2(a INT, b int);
insert into t1 values(2,4), (100,23);
insert into t2 values(10,100), (4,41);
SELECT t1.a, t2.a FROM t1 JOIN t2 ON (log2(t1.a) <> log2(t2.a));
a    a
2    10
2    4
100    10
100    4
drop table t1;
drop table t2;
drop table if exists t1;
create table t1(a float,  b float);
insert into t1 values(14.413, 43.413), (8.123, 0.409);
select b from t1 group by b having log2(b)>0;
b
43.413
drop table t1;
