select left('abcde', 3) from dual;
left(abcde, 3)
abc
select left('abcde', 0) from dual;
left(abcde, 0)

select left('abcde', 10) from dual;
left(abcde, 10)
abcde
select left('abcde', -1) from dual;
left(abcde, -1)

select left('abcde', null) from dual;
left(abcde, null)
null
select left(null, 3) from dual;
left(null, 3)
null
select left(null, null) from dual;
left(null, null)
null
select left('foobarbar', 5) from dual;
left(foobarbar, 5)
fooba
select left('qwerty', 1.2) from dual;
left(qwerty, 1.2)
q
select left('qwerty', 1.5) from dual;
left(qwerty, 1.5)
qw
select left('qwerty', 1.8) from dual;
left(qwerty, 1.8)
qw
select left("是都方式快递费",3) from dual;
left(是都方式快递费, 3)
是都方
select left("あいうえお",3) from dual;
left(あいうえお, 3)
あいう
select left("あいうえお ",3) from dual;
left(あいうえお , 3)
あいう
select left("あいうえお  ",3) from dual;
left(あいうえお  , 3)
あいう
select left("あいうえお   ",3) from dual;
left(あいうえお   , 3)
あいう
select left("龔龖龗龞龡",3) from dual;
left(龔龖龗龞龡, 3)
龔龖龗
select left("龔龖龗龞龡 ",3) from dual;
left(龔龖龗龞龡 , 3)
龔龖龗
select left("龔龖龗龞龡  ",3) from dual;
left(龔龖龗龞龡  , 3)
龔龖龗
select left("龔龖龗龞龡   ",3) from dual;
left(龔龖龗龞龡   , 3)
龔龖龗
drop table if exists t1;
CREATE TABLE t1 (str VARCHAR(100), len INT);
insert into t1 values('abcdefghijklmn',3);
insert into t1 values('ABCDEFGH123456', 3);
insert into t1 values('ABCDEFGHIJKLMN', 20);
insert into t1 values('ABCDEFGHijklmn', -1);
insert into t1 values('ABCDEFGH123456', 7);
insert into t1 values('', 3);
select left(str, len) from t1;
left(str, len)
abc
ABC
ABCDEFGHIJKLMN

ABCDEFG

select * from t1 where left(str, len) = 'ABC';
str    len
ABCDEFGH123456    3
select left(str, 3) from t1;
left(str, 3)
abc
ABC
ABC
ABC
ABC

select left('sdfsdfsdfsdf', len) from t1;
left(sdfsdfsdfsdf, len)
sdf
sdf
sdfsdfsdfsdf

sdfsdfs
sdf
drop table t1;
DROP TABLE IF EXISTS t;
CREATE table t(age INT, name CHAR(20), address VARCHAR(30));
INSERT INTO t VALUES(20,'ejifwvewv','shanghaishi1032long'),(30,'zhangzianjd','minhangqulongminglu'),
(3627832,'hcdusanjfds','xuhuiqudadao');
SELECT left(age, 2),left(name,5),left(address,10) from t;
left(age, 2)    left(name, 5)    left(address, 10)
20    ejifw    shanghaish
30    zhang    minhangqul
36    hcdus    xuhuiqudad
SELECT left(age,'1'),left(name,'2'), left(address, '3') from t;
left(age, 1)    left(name, 2)    left(address, 3)
2    ej    sha
3    zh    min
3    hc    xuh
SELECT left(age, COS(0)),left(name, sin(90) + 1),left(address, TAN(45) + 3) from t;
left(age, cos(0))    left(name, sin(90) + 1)    left(address, tan(45) + 3)
2    ej    shang
3    zh    minha
3    hc    xuhui
SELECT left(age, length(name) / 2),left(name,1) from t;
left(age, length(name) / 2)    left(name, 1)
20    e
30    z
362783    h
SELECT left(name, 3) from t where age >= 20;
left(name, 3)
eji
zha
hcd
DROP TABLE IF EXISTS t;
CREATE TABLE t(id INT,dd1 DATE, dd2 DATETIME,  dd3 TIMESTAMP, PRIMARY KEY (id));
INSERT INTO t VALUES (1, '2020-01-01', '2020-01-01 12:12:12', '2020-02-02 06:06:06.163');
INSERT INTO t VALUES (2, '2021-11-11', '2021-01-11 23:23:23', '2021-12-12 16:16:16.843');
SELECT left(dd1, length(dd2)) FROM t;
left(dd1, length(dd2))
2020-01-01
2021-11-11
SELECT left(dd1, TAN(45) + 6) FROM t;
left(dd1, tan(45) + 6)
2020-01-
2021-11-
SELECT left(dd1,cos(10) + 1) FROM t;
left(dd1, cos(10) + 1)


SELECT left(dd1,null) FROM t;
left(dd1, null)
null
null
DROP TABLE IF EXISTS t;
CREATE TABLE t(id INT,d1 BIGINT,d2 FLOAT,d3 DOUBLE,PRIMARY KEY (id)
);
INSERT INTO t VALUES(1,12345678977,467789.4565767,46576898.09877),(2,4251382834,456.785615,32913023.3213);
SELECT left(d1,abs(-5)),left(d2,tan(45)) from t;
left(d1, abs(-5))    left(d2, tan(45))
12345    46
42513    45
SELECT left(d2, LENGTH(d1) - 5) from t;
left(d2, length(d1) - 5)
467789
456.7
DROP TABLE IF EXISTS t;
DROP TABLE IF EXISTS t1;
CREATE TABLE t(d INT,d1 VARCHAR(20), d2 BIGINT,PRIMARY KEY (d));
CREATE TABLE t1( d INT,d1 CHAR(20),d2 DATE,PRIMARY KEY (d));
INSERT INTO t VALUES (1,'lijklnfdsalj',19290988), (2,'xlziblkfdi',1949100132);
INSERT INTO t VALUES (3,'ixioklakmaria',69456486), (4,'brzilaiusd',6448781575);
INSERT INTO t1 VALUES (1,'usaisagoodnat','1970-01-02'),(2,'chanialfakbjap','1971-11-12');
INSERT INTO t1 VALUES (3,'indiaisashit','1972-09-09'),(4,'xingoporelka','1973-12-07');
SELECT t.d, LEFT(t.d1, abs(-4)) FROM t;
d    left(t.d1, abs(-4))
1    lijk
2    xlzi
3    ixio
4    brzi
SELECT t.d, LEFT(t.d2, FIND_IN_SET('d','a,b,c,d')), LEFT(t1.d1, ABS(-3)+1) FROM t,t1 WHERE t.d = t1.d;
d    left(t.d2, find_in_set(d, a,b,c,d))    left(t1.d1, abs(-3) + 1)
1    1929    usai
2    1949    chan
3    6945    indi
4    6448    xing
SELECT t.d, LEFT(t1.d2, NULL) FROM t JOIN t1 ON t.d = t1.d;
d    left(t1.d2, null)
1    null
2    null
3    null
4    null
SELECT t.d,left(t1.d2, abs(-1)+1),left(t.d2, cos(0)+3) from t join t1 on t.d=t1.d;
d    left(t1.d2, abs(-1) + 1)    left(t.d2, cos(0) + 3)
1    19    1929
2    19    1949
3    19    6945
4    19    6448
SELECT t.d,left(t.d2, find_in_set('e','a,b,c,d,e')),left(t1.d1, 20%3)from t right join t1 on t.d=t1.d;
d    left(t.d2, find_in_set(e, a,b,c,d,e))    left(t1.d1, 20 % 3)
1    19290    us
2    19491    ch
3    69456    in
4    64487    xi
SELECT t.d,left(t.d1, find_in_set('d','a,b,c,d,e')),left(t1.d2, 20%3)from t right join t1 on t.d=t1.d;
d    left(t.d1, find_in_set(d, a,b,c,d,e))    left(t1.d2, 20 % 3)
1    lijk    19
2    xlzi    19
3    ixio    19
4    brzi    19
DROP TABLE IF EXISTS t;
DROP TABLE IF EXISTS t1;
