select strcmp('a', 'b');
strcmp(a, b)
-1
select strcmp('abc', 'acd');
strcmp(abc, acd)
-1
select strcmp('a', null);
strcmp(a, null)
null
select strcmp('a ', 'a');
strcmp(a , a)
1
select strcmp('a', 'a');
strcmp(a, a)
0
select strcmp(BINARY 'a', BINARY 'A');
strcmp(BINARY(a), BINARY(A))
1
select strcmp(65, 97);
strcmp(65, 97)
-1
SELECT STRCMP('apple', 'apple');    -- è¿”å›ž 0ï¼ˆä¸¤å­—ç¬¦ä¸²ç›¸ç­‰ï¼‰
STRCMP(apple, apple)
0
SELECT STRCMP('banana', 'apple');   -- è¿”å›ž 1ï¼ˆ'banana' > 'apple'ï¼‰
STRCMP(banana, apple)
1
SELECT STRCMP('apple', 'banana');   -- è¿”å›ž -1ï¼ˆ'apple' < 'banana'ï¼‰
STRCMP(apple, banana)
-1
SELECT STRCMP('Apple', 'apple');
STRCMP(Apple, apple)
-1
SELECT STRCMP('apple', 'Apple');
STRCMP(apple, Apple)
1
SELECT STRCMP('apple', 'Apple');
STRCMP(apple, Apple)
1
SELECT STRCMP('è¿™æ ·å°±å®žçŽ°äº†æŒ‰ä¸ŽæŒ‡å®šå­—ç¬¦ä¸²çš„å­—å…¸é¡ºåºå‡åºæŽ’åˆ—çš„æ•ˆæžœã€‚å¦‚æžœæƒ³é™åºæŽ’åˆ—ï¼Œåªéœ€è¦æŠŠ ORDER BYå­å¥æ”¹æˆ ORDER BY STRCMP(name, "banana") DESCå³å¯ï¼ŒåŽŸç†æ˜¯ä¸€æ ·çš„ï¼šæ¯”è¾ƒç»“æžœå¤§çš„ï¼ˆæ­£æ•°å¤§çš„ï¼‰ä¼šæŽ’åœ¨å‰é¢ï¼Œå°çš„æŽ’åœ¨åŽé¢', 'è¿™æ ·å°±å®žçŽ°äº†æŒ‰ä¸ŽæŒ‡å®šå­—ç¬¦ä¸²çš„å­—å…¸é¡ºåºå‡åºæŽ’åˆ—çš„æ•ˆæžœã€‚å¦‚æžœæƒ³é™åºæŽ’åˆ—ï¼Œåªéœ€è¦æŠŠ ORDER BYå­å¥æ”¹æˆ ORDER BY STRCMP(name, "banana") DESCå³å¯ï¼ŒåŽŸç†æ˜¯ä¸€æ ·çš„ï¼šæ¯”è¾ƒç»“æžœå¤§çš„ï¼ˆæ­£æ•°å¤§çš„ï¼‰ä¼šæŽ’åœ¨å‰é¢ï¼Œå°çš„æŽ’åœ¨åŽé¢');
STRCMP(è¿™æ ·å°±å®žçŽ°äº†æŒ‰ä¸ŽæŒ‡å®šå­—ç¬¦ä¸²çš„å­—å…¸é¡ºåºå‡åºæŽ’åˆ—çš„æ•ˆæžœã€‚å¦‚æžœæƒ³é™åºæŽ’åˆ—ï¼Œåªéœ€è¦æŠŠ ORDER BYå­å¥æ”¹æˆ ORDER BY STRCMP(name, "banana") DESCå³å¯ï¼ŒåŽŸç†æ˜¯ä¸€æ ·çš„ï¼šæ¯”è¾ƒç»“æžœå¤§çš„ï¼ˆæ­£æ•°å¤§çš„ï¼‰ä¼šæŽ’åœ¨å‰é¢ï¼Œå°çš„æŽ’åœ¨åŽé¢, è¿™æ ·å°±å®žçŽ°äº†æŒ‰ä¸ŽæŒ‡å®šå­—ç¬¦ä¸²çš„å­—å…¸é¡ºåºå‡åºæŽ’åˆ—çš„æ•ˆæžœã€‚å¦‚æžœæƒ³é™åºæŽ’åˆ—ï¼Œåªéœ€è¦æŠŠ ORDER BYå­å¥æ”¹æˆ ORDER BY STRCMP(name, "banana") DESCå³å¯ï¼ŒåŽŸç†æ˜¯ä¸€æ ·çš„ï¼šæ¯”è¾ƒç»“æžœå¤§çš„ï¼ˆæ­£æ•°å¤§çš„ï¼‰ä¼šæŽ’åœ¨å‰é¢ï¼Œå°çš„æŽ’åœ¨åŽé¢)
0
SELECT STRCMP('banana', 'apple') AS banana_vs_apple, STRCMP('apple', 'banana') AS apple_vs_banana;
banana_vs_apple    apple_vs_banana
1    -1
SELECT STRCMP('10', '10') AS equal_numbers, STRCMP('11', '10') AS eleven_vs_ten, STRCMP('10', '11') AS ten_vs_eleven;
equal_numbers    eleven_vs_ten    ten_vs_eleven
0    1    -1
SELECT STRCMP(LOWER('Apple'), LOWER('apple'));
STRCMP(LOWER(Apple), LOWER(apple))
0
SELECT STRCMP('Apple', 'apple') AS uppercase_vs_lowercase, STRCMP('apple', 'Apple') AS lowercase_vs_uppercase;
uppercase_vs_lowercase    lowercase_vs_uppercase
-1    1
SELECT STRCMP('', '');
STRCMP(, )
0
SELECT STRCMP(' ', ' ');
STRCMP( ,  )
0
SELECT
STRCMP('apple', NULL) AS apple_vs_null,
STRCMP(NULL, 'apple') AS null_vs_apple,
STRCMP(NULL, NULL) AS null_vs_null;
apple_vs_null    null_vs_apple    null_vs_null
null    null    null
SELECT
STRCMP('ðŸ˜Š', 'ðŸ˜¢') AS emoji_comparison,
STRCMP('ä½ ', 'å¥½') AS chinese_character_comparison;
emoji_comparison    chinese_character_comparison
-1    -1
SELECT
STRCMP('è‹¹æžœ', 'é¦™è•‰') AS apple_vs_banana,
STRCMP('é¦™è•‰', 'è‹¹æžœ') AS banana_vs_apple;
apple_vs_banana    banana_vs_apple
-1    1
drop database if exists test;
create database test;
use test;
drop table if exists fruits;
CREATE TABLE fruits (
id INT PRIMARY KEY AUTO_INCREMENT,
name VARCHAR(50) NOT NULL
);
INSERT INTO fruits (name) VALUES ('apple'), ('banana'), ('cherry'), ('date');
SELECT * FROM fruits WHERE STRCMP(name, 'banana') != 0;
id    name
1    apple
3    cherry
4    date
SELECT * FROM fruits WHERE STRCMP(name, 'banana') = 0;
id    name
2    banana
SELECT name FROM fruits ORDER BY STRCMP(name, 'banana');
name
apple
banana
cherry
date
SELECT
name,
STRCMP(name, 'banana') AS comparison_result
FROM
fruits
ORDER BY
comparison_result;
name    comparison_result
apple    -1
banana    0
cherry    1
date    1
drop table fruits;
drop table if exists t_strcmp_test;
CREATE TEMPORARY TABLE t_strcmp_test(
id          INT AUTO_INCREMENT PRIMARY KEY,
s1          VARCHAR(100),
s2          VARCHAR(100),
expect      INT,
actual      INT
);
INSERT INTO t_strcmp_test(s1, s2, expect) VALUES
('abc', 'abc', 0),
('MySQL', 'mysql', 0),
('abc', ' abc', -1),
('abc ', 'abc', 1),
('', '', 0),
(NULL, 'abc', NULL),
('abc', NULL, NULL),
('123', '0123', -1),
('2', '10', 1),
('æ•°æ®åº“', 'æ•°æ®', 1),
('æ•°æ®åº“', 'æ•°é”¯', -1);
UPDATE t_strcmp_test
SET actual = STRCMP(s1, s2);
SELECT id, s1, s2, expect, actual
FROM t_strcmp_test
ORDER BY id;
id    s1    s2    expect    actual
12    abc    abc    0    0
13    MySQL    mysql    0    -1
14    abc     abc    -1    1
15    abc     abc    1    1
16            0    0
17    null    abc    null    null
18    abc    null    null    null
19    123    0123    -1    1
20    2    10    1    1
21    æ•°æ®åº“    æ•°æ®    1    1
22    æ•°æ®åº“    æ•°é”¯    -1    -1
drop table t_strcmp_test;
drop table if exists varchar_test;
create table varchar_test (a varchar(30), b varchar(30));
insert into varchar_test values('abcdef', 'abcdef');
insert into varchar_test values('_bcdef', '_bcdef');
insert into varchar_test values('moæ˜¯äº‘åŽŸç”Ÿæ•°æ®åº“', 'Moæ˜¯äº‘åŽŸç”Ÿæ•°æ®åº“');
insert into varchar_test values('STRCMPå‡½æ•°çš„ä½œç”¨æ˜¯æ¯”è¾ƒä¸¤ä¸ªå­—ç¬¦ä¸²çš„å­—å…¸åºåˆ—','STRCMPå‡½æ•°çš„ä½œç”¨æ˜¯æ¯”è¾ƒä¸¤ä¸ªå­—ç¬¦ä¸²çš„å­—å…¸åºåˆ—');
SELECT * FROM varchar_test WHERE STRCMP(a, b) != 0;
a    b
moæ˜¯äº‘åŽŸç”Ÿæ•°æ®åº“    Moæ˜¯äº‘åŽŸç”Ÿæ•°æ®åº“
SELECT * FROM varchar_test WHERE STRCMP(a, b) = 0;
a    b
abcdef    abcdef
_bcdef    _bcdef
STRCMPå‡½æ•°çš„ä½œç”¨æ˜¯æ¯”è¾ƒä¸¤ä¸ªå­—ç¬¦ä¸²çš„å­—å…¸åºåˆ—    STRCMPå‡½æ•°çš„ä½œç”¨æ˜¯æ¯”è¾ƒä¸¤ä¸ªå­—ç¬¦ä¸²çš„å­—å…¸åºåˆ—
drop table varchar_test;
drop database test;
