create database if not exists test;
use test;
drop table if exists t_json;
create table t_json (c1 int, c2 json);
insert into t_json values (1, '{"panel_no": 1, "area": "A1"}');
insert into t_json values (2, '{"panel_no": 2, "area": "A2"}');
insert into t_json values (3, '{"panel_no": "", "area": "A3"}');
insert into t_json values (4, '{"area": "A2"}');
insert into t_json values (5, '{"area": "A3"}');
insert into t_json values (6, '{"area": ""}');
insert into t_json values (7, '{}');
insert into t_json values (8, '{"panel_no": 2}');
insert into t_json values (9, '{"panel_no": 3}');
insert into t_json values (10, '{"panel_no": ""}');
insert into t_json values (11, NULL);
select * from t_json order by c1 asc;
c1    c2
1    {"area": "A1", "panel_no": 1}
2    {"area": "A2", "panel_no": 2}
3    {"area": "A3", "panel_no": ""}
4    {"area": "A2"}
5    {"area": "A3"}
6    {"area": ""}
7    {}
8    {"panel_no": 2}
9    {"panel_no": 3}
10    {"panel_no": ""}
11    null
select * from t_json order by json_extract(c2, '$.area') asc;
c1    c2
7    {}
8    {"panel_no": 2}
9    {"panel_no": 3}
10    {"panel_no": ""}
11    null
6    {"area": ""}
1    {"area": "A1", "panel_no": 1}
2    {"area": "A2", "panel_no": 2}
4    {"area": "A2"}
3    {"area": "A3", "panel_no": ""}
5    {"area": "A3"}
select * from t_json order by json_extract(c2, '$.area') desc;
c1    c2
3    {"area": "A3", "panel_no": ""}
5    {"area": "A3"}
2    {"area": "A2", "panel_no": 2}
4    {"area": "A2"}
1    {"area": "A1", "panel_no": 1}
6    {"area": ""}
7    {}
8    {"panel_no": 2}
9    {"panel_no": 3}
10    {"panel_no": ""}
11    null
select * from t_json order by json_extract(c2, '$.panel_no') asc;
c1    c2
4    {"area": "A2"}
5    {"area": "A3"}
6    {"area": ""}
7    {}
11    null
1    {"area": "A1", "panel_no": 1}
8    {"panel_no": 2}
2    {"area": "A2", "panel_no": 2}
9    {"panel_no": 3}
3    {"area": "A3", "panel_no": ""}
10    {"panel_no": ""}
select * from t_json order by json_extract(c2, '$.panel_no') desc;
c1    c2
3    {"area": "A3", "panel_no": ""}
10    {"panel_no": ""}
9    {"panel_no": 3}
2    {"area": "A2", "panel_no": 2}
8    {"panel_no": 2}
1    {"area": "A1", "panel_no": 1}
7    {}
4    {"area": "A2"}
5    {"area": "A3"}
6    {"area": ""}
11    null
select * from t_json order by json_extract(c2, '$.panel_no') , json_extract(c2, '$.area') asc;
c1    c2
7    {}
11    null
6    {"area": ""}
4    {"area": "A2"}
5    {"area": "A3"}
1    {"area": "A1", "panel_no": 1}
8    {"panel_no": 2}
2    {"area": "A2", "panel_no": 2}
9    {"panel_no": 3}
10    {"panel_no": ""}
3    {"area": "A3", "panel_no": ""}
select * from t_json order by json_extract(c2, '$.panel_no') , json_extract(c2, '$.area') desc;
c1    c2
5    {"area": "A3"}
4    {"area": "A2"}
6    {"area": ""}
7    {}
11    null
1    {"area": "A1", "panel_no": 1}
2    {"area": "A2", "panel_no": 2}
8    {"panel_no": 2}
9    {"panel_no": 3}
3    {"area": "A3", "panel_no": ""}
10    {"panel_no": ""}
drop database if exists test;
