SELECT TIMEDIFF('2000:01:01 00:00:00', '2000:01:01 00:00:00.000001') AS result1;
result1
null
SELECT TIMEDIFF('2000:01:01 00:00:00', '2000:01:01 00:00:00.000001') AS microsecond_diff;
microsecond_diff
null
SELECT TIMEDIFF('2000:01:01 00:00:00', '2000:01:01 00:00:00') AS zero_diff;
zero_diff
null
SELECT TIMEDIFF('2000:01:01 00:00:01', '2000:01:01 00:00:00') AS one_second_diff;
one_second_diff
null
SELECT TIMEDIFF('2000:01:01 01:00:00', '2000:01:01 00:00:00') AS one_hour_diff;
one_hour_diff
null
SELECT TIMEDIFF('2000:01:01 00:00:00', '2000:01:01 00:00:01') AS negative_one_second;
negative_one_second
null
SELECT TIMEDIFF('2000:01:01 00:00:00', '2000:01:01 01:00:00') AS negative_one_hour;
negative_one_hour
null
SELECT TIMEDIFF('15:30:45', '10:20:30') AS time_diff;
time_diff
05:10:15
SELECT TIMEDIFF('00:00:00', '00:00:00') AS time_zero;
time_zero
00:00:00
SELECT TIMEDIFF('23:59:59', '00:00:00') AS time_max_diff;
time_max_diff
23:59:59
SELECT TIMEDIFF('2000-01-01 15:30:45', '2000-01-01 10:20:30') AS datetime_diff;
datetime_diff
05:10:15
SELECT TIMEDIFF('2000-01-01 00:00:00', '2000-01-01 00:00:00') AS datetime_zero;
datetime_zero
00:00:00
SELECT TIMEDIFF('2000-01-01 15:30:45', '15:30:45') AS mixed_format1;
The result set is not correct because of unexpected reason,Message: Invalid length (20) for type TIME
SELECT TIMEDIFF('15:30:45', '2000-01-01 15:30:45') AS mixed_format2;
The result set is not correct because of unexpected reason,Message: Invalid length (19) for type TIME
SELECT TIMEDIFF('2000-01-01 00:00:00.500000', '2000-01-01 00:00:00.200000') AS with_microseconds;
with_microseconds
00:00:00.300000000
SELECT TIMEDIFF('2000-01-01 00:00:00.000001', '2000-01-01 00:00:00.000000') AS one_microsecond;
one_microsecond
00:00:00.000001000
SELECT TIMEDIFF(NULL, '2000-01-01 00:00:00') AS null_expr1;
null_expr1
null
SELECT TIMEDIFF('2000-01-01 00:00:00', NULL) AS null_expr2;
null_expr2
null
SELECT TIMEDIFF(NULL, NULL) AS null_both;
null_both
null
CREATE TABLE t1(dt1 DATETIME, dt2 DATETIME);
INSERT INTO t1 VALUES ('2000-01-01 15:30:45', '2000-01-01 10:20:30'), ('2000-01-01 00:00:00', '2000-01-01 00:00:00');
SELECT TIMEDIFF(dt1, dt2) AS result FROM t1;
result
05:10:15
00:00:00
DROP TABLE t1;
CREATE TABLE t1(dt1 DATETIME, dt2 DATETIME);
INSERT INTO t1 VALUES ('2000-01-01 15:30:45', '2000-01-01 10:20:30'), ('2000-01-01 00:00:00', '2000-01-01 00:00:00');
SELECT * FROM t1 WHERE TIMEDIFF(dt1, dt2) > '02:00:00';
dt1    dt2
2000-01-01 15:30:45    2000-01-01 10:20:30
DROP TABLE t1;
SELECT TIMEDIFF('2000-01-01 23:59:59', '2000-01-01 00:00:00') AS max_day_diff;
max_day_diff
23:59:59
SELECT TIMEDIFF('2000-01-02 00:00:00', '2000-01-01 00:00:00') AS day_boundary;
day_boundary
24:00:00
SELECT TIMEDIFF('2000-01-01 00:00:00', '2000-01-02 00:00:00') AS negative_day_boundary;
negative_day_boundary
-24:00:00
