select field('Bb', 'Aa', 'Bb', 'Cc', 'Dd', 'Ff');
â¤ field(Bb, Aa, Bb, Cc, Dd, Ff)[-5,64,0]  ğ„€
2
select field('Gg', 'Aa', 'Bb', 'Cc', 'Dd', 'Ff');
â¤ field(Gg, Aa, Bb, Cc, Dd, Ff)[-5,64,0]  ğ„€
0
select field('aa', 'AA', 'BB','Aa', 'aA');
â¤ field(aa, AA, BB, Aa, aA)[-5,64,0]  ğ„€
1
select field(' ', 'a', ' ', '\t', '\n');
â¤ field( , a,  , 	, 
)[-5,64,0]  ğ„€
2
select field('', ' ', NULL, '\r', '\n');
â¤ field(,  , null, , 
)[-5,64,0]  ğ„€
0
select field('', '', '\r', '\n');
â¤ field(, , , 
)[-5,64,0]  ğ„€
1
select field(1, '1', 1, 'true');
â¤ field(1, 1, 1, true)[-5,64,0]  ğ„€
1
select field(1, 1, 2, 3-2);
â¤ field(1, 1, 2, 3 - 2)[-5,64,0]  ğ„€
1
select field(1, 3-2, 2, 1);
â¤ field(1, 3 - 2, 2, 1)[-5,64,0]  ğ„€
1
select field(1, 1.0, 2, 1);
â¤ field(1, 1.0, 2, 1)[-5,64,0]  ğ„€
1
select field(1+1, 1, 2, 3, 1+1);
â¤ field(1 + 1, 1, 2, 3, 1 + 1)[-5,64,0]  ğ„€
2
drop table if exists t;
create table t(
i int,
f float,
d double
);
insert into t() values (1, 1.1, 2.2), (2, 3.3, 4.4), (0, 0, 0), (0, null, 0);
select * from t;
â¤ i[4,32,0]  Â¦  f[7,24,0]  Â¦  d[8,54,0]  ğ„€
1  Â¦  1.1  Â¦  2.2  ğ„€
2  Â¦  3.3  Â¦  4.4  ğ„€
0  Â¦  0.0  Â¦  0.0  ğ„€
0  Â¦  null  Â¦  0.0
select field(1, i, f, d) from t;
â¤ field(1, i, f, d)[-5,64,0]  ğ„€
1  ğ„€
0  ğ„€
0  ğ„€
0
select field(i, 0, 1, 2) from t;
â¤ field(i, 0, 1, 2)[-5,64,0]  ğ„€
2  ğ„€
3  ğ„€
1  ğ„€
1
select field(i, f, d, 0, 1, 2) from t;
â¤ field(i, f, d, 0, 1, 2)[-5,64,0]  ğ„€
4  ğ„€
5  ğ„€
1  ğ„€
2
select field(null, f, d, 0, 1, 2) from t;
â¤ field(null, f, d, 0, 1, 2)[-5,64,0]  ğ„€
0  ğ„€
0  ğ„€
0  ğ„€
0
select field('1', f, d, 0, 1, 2) from t;
â¤ field(1, f, d, 0, 1, 2)[-5,64,0]  ğ„€
4  ğ„€
4  ğ„€
4  ğ„€
4
select field(3.3, f, d, 0, 1, 2) from t;
â¤ field(3.3, f, d, 0, 1, 2)[-5,64,0]  ğ„€
0  ğ„€
0  ğ„€
0  ğ„€
0
select field(3, f, d, 0, 1, 2) from t;
â¤ field(3, f, d, 0, 1, 2)[-5,64,0]  ğ„€
0  ğ„€
0  ğ„€
0  ğ„€
0
drop table if exists t;
create table t(
str1 char(20),
str2 char(20)
);
insert into t values ('hello','world'), ('jaja','haha'), ('didi','dodo'), ('papa','gaga');
select field(str1, str2) from t;
â¤ field(str1, str2)[-5,64,0]  ğ„€
0  ğ„€
0  ğ„€
0  ğ„€
0
select field(str2, str1) from t;
â¤ field(str2, str1)[-5,64,0]  ğ„€
0  ğ„€
0  ğ„€
0  ğ„€
0
select field(str2, str1, NULL) from t;
â¤ field(str2, str1, null)[-5,64,0]  ğ„€
0  ğ„€
0  ğ„€
0  ğ„€
0
drop table if exists t;
create table t(
str1 varchar(50),
str2 varchar(50),
str3 varchar(50),
str4 varchar(50)
);
insert into t values ('&*()&DJHKSY&F', 'JHKHJD21k..fdai', 'kl;ji*(', '86168907()*&*fd');
insert into t values ('&*()&DJHKSY&F', 'JHKHJD21k..fdaiJHKHJD21k..fdai', 'kl;ji*(', '86168907()*&*fd');
select field(str1, str2, str3, str4) from t;
â¤ field(str1, str2, str3, str4)[-5,64,0]  ğ„€
0  ğ„€
0
select field('1', str1, str2) from t;
â¤ field(1, str1, str2)[-5,64,0]  ğ„€
0  ğ„€
0
select field('&*()&DJHKSY&F', str1, str2) from t;
â¤ field(&*()&DJHKSY&F, str1, str2)[-5,64,0]  ğ„€
1  ğ„€
1
select field('&*()&DJHKSY&F', str1, str2, str3, str4) from t;
â¤ field(&*()&DJHKSY&F, str1, str2, str3, str4)[-5,64,0]  ğ„€
1  ğ„€
1
select field('', str1, str2, str3, str4) from t;
â¤ field(, str1, str2, str3, str4)[-5,64,0]  ğ„€
0  ğ„€
0
drop table if exists t1;
drop table if exists t2;
create table t1(
str1 varchar(50),
str2 varchar(50)
);
create table t2(
str1 varchar(50),
str2 varchar(50)
);
insert into t1 values ('',' '), ('aa', 'Aa'), ('null',null);
insert into t2 values ('','\r'), ('aa', 'AA'), (null, 'null');
select field(t1.str1, t2.str1) from t1 join t2 on t1.str1 = t2.str1;
â¤ field(t1.str1, t2.str1)[-5,64,0]  ğ„€
1  ğ„€
1
select field(t1.str2, t2.str2) from t1 join t2 on t1.str1 = t2.str1;
â¤ field(t1.str2, t2.str2)[-5,64,0]  ğ„€
0  ğ„€
1
select field(t1.str1, t2.str1) from t1 left join t2 on t1.str1 = t2.str1;
â¤ field(t1.str1, t2.str1)[-5,64,0]  ğ„€
1  ğ„€
1  ğ„€
0
select field(t1.str1, t2.str1) from t1 right join t2 on t1.str1 = t2.str1;
â¤ field(t1.str1, t2.str1)[-5,64,0]  ğ„€
1  ğ„€
1  ğ„€
0
drop table if exists t1;
drop table if exists t2;
create table t1(
str1 char(50),
str2 char(50),
primary key (str1)
);
create table t2(
str1 char(50),
str2 char(50),
primary key (str1)
);
insert into t1 values ('',' '), ('aa', 'Aa'), ('null',NULL);
insert into t2 values ('','\r'), ('aa', 'AA'), ('null', '');
select field(t1.str1, t2.str1) from t1 inner join t2 on t1.str1 = t2.str1;
â¤ field(t1.str1, t2.str1)[-5,64,0]  ğ„€
1  ğ„€
1  ğ„€
1
select field(null, '');
â¤ field(null, )[-5,64,0]  ğ„€
0
select field(t1.str2, t2.str2) from t1 join t2 on t1.str1 = t2.str1;
â¤ field(t1.str2, t2.str2)[-5,64,0]  ğ„€
0  ğ„€
1  ğ„€
0
drop table if exists t1;
drop table if exists t2;
create table t1(
i int,
f float,
d double,
primary key (i)
);
create table t2(
i int,
f float,
d double,
primary key (i)
);
insert into t1 values (9999999, 999.999, 888.888), (0, 0.0, 0.00);
insert into t2 values (9999999, 999.999, 888.888), (0, 0, 0);
select field(t1.i, t2.i) from t1 inner join t2 on t1.i = t2.i;
â¤ field(t1.i, t2.i)[-5,64,0]  ğ„€
1  ğ„€
1
select field(t1.d, t2.d) from t1 left join t2 on t1.d = t2.d;
â¤ field(t1.d, t2.d)[-5,64,0]  ğ„€
1  ğ„€
1
select field(t1.f, t2.f) from t1 right join t2 on t1.f = t2.f;
â¤ field(t1.f, t2.f)[-5,64,0]  ğ„€
1  ğ„€
1
select field(t1.f, t2.d) from t1 right join t2 on t1.f = t2.f;
â¤ field(t1.f, t2.d)[-5,64,0]  ğ„€
0  ğ„€
1
select field(t1.i, t2.f) from t1 right join t2 on t1.f = t2.f;
â¤ field(t1.i, t2.f)[-5,64,0]  ğ„€
0  ğ„€
1
drop table if exists t1;
drop table if exists t2;
create table t1(
i double,
f decimal(6,3),
primary key (i)
);
create table t2(
i double,
f decimal(6,3),
primary key (i)
);
insert into t1 values (0.01, 0.001), (0.0, -1), (-0.000000001, 1);
insert into t2 values (0.01, 0.01), (-1.0, -1), (0.000000001, -1);
select field(t1.i, t2.i) from t1 inner join t2 on t1.i = t2.i;
â¤ field(t1.i, t2.i)[-5,64,0]  ğ„€
1
select t2.f, t1.f, field(t2.f, t1.f) from t1 right join t2 on t1.i = t2.i;
â¤ f[3,6,3]  Â¦  f[3,6,3]  Â¦  field(t2.f, t1.f)[-5,64,0]  ğ„€
0.010  Â¦  0.001  Â¦  0  ğ„€
-1.000  Â¦  null  Â¦  0  ğ„€
-1.000  Â¦  null  Â¦  0
select t1.i, t2.f, field(t1.i, t2.f) from t1 left join t2 on t1.i = t2.i;
â¤ i[8,54,0]  Â¦  f[3,6,3]  Â¦  field(t1.i, t2.f)[-5,64,0]  ğ„€
0.01  Â¦  0.010  Â¦  1  ğ„€
0.0  Â¦  null  Â¦  0  ğ„€
-1.0E-9  Â¦  null  Â¦  0
