select cast(now() as date)=curdate() q;
q
1
create table t1 (a int);
insert into t1 values (1),(2),(3);
select cast(now() as date)=curdate() q from t1;
q
1
1
1
