DROP TABLE IF EXISTS t_div_test;
CREATE TABLE t_div_test (
id INT PRIMARY KEY,
a INT,
b INT,
c DECIMAL(10,2),
d DECIMAL(10,2),
e FLOAT,
f FLOAT
);
SELECT @@sql_mode;
‚û§ @@sql_mode[12,0,0]  ùÑÄ
ERROR_FOR_DIVISION_BY_ZERO,NO_ENGINE_SUBSTITUTION,NO_ZERO_DATE,NO_ZERO_IN_DATE,ONLY_FULL_GROUP_BY,STRICT_TRANS_TABLES
SELECT 10 / 0;
‚û§ 10 / 0[8,54,0]  ùÑÄ
null
SELECT 10 DIV 0;
‚û§ 10 div 0[-5,64,0]  ùÑÄ
null
SELECT 10 % 0;
‚û§ 10 % 0[-5,64,0]  ùÑÄ
null
SELECT 10 DIV 3;
‚û§ 10 div 3[-5,64,0]  ùÑÄ
3
SELECT CAST(10 AS DECIMAL(10,2)) DIV CAST(3 AS DECIMAL(10,2));
‚û§ cast(10 as decimal(10, 2)) div cast(3 as decimal(10, 2))[-5,64,0]  ùÑÄ
3
SELECT CAST(10.5 AS DECIMAL(10,2)) / CAST(0 AS DECIMAL(10,2));
‚û§ cast(10.5 as decimal(10, 2)) / cast(0 as decimal(10, 2))[3,38,8]  ùÑÄ
null
SELECT CAST(10.5 AS DECIMAL(10,2)) % CAST(0 AS DECIMAL(10,2));
‚û§ cast(10.5 as decimal(10, 2)) % cast(0 as decimal(10, 2))[3,10,2]  ùÑÄ
null
SELECT CAST(10.5 AS DECIMAL(10,2)) DIV CAST(0 AS DECIMAL(10,2));
‚û§ cast(10.5 as decimal(10, 2)) div cast(0 as decimal(10, 2))[-5,64,0]  ùÑÄ
null
SELECT 10.5 / 0.0;
‚û§ 10.5 / 0.0[3,38,7]  ùÑÄ
null
SELECT 10.5 % 0.0;
‚û§ 10.5 % 0.0[3,18,1]  ùÑÄ
null
SET sql_mode = '';
SELECT @@sql_mode;
‚û§ @@sql_mode[12,0,0]  ùÑÄ

SELECT 10 / 0;
‚û§ 10 / 0[8,54,0]  ùÑÄ
null
SELECT 10 DIV 0;
‚û§ 10 div 0[-5,64,0]  ùÑÄ
null
SELECT 10 % 0;
‚û§ 10 % 0[-5,64,0]  ùÑÄ
null
SET sql_mode = 'ERROR_FOR_DIVISION_BY_ZERO,NO_ENGINE_SUBSTITUTION,NO_ZERO_DATE,NO_ZERO_IN_DATE,ONLY_FULL_GROUP_BY,STRICT_TRANS_TABLES';
SELECT @@sql_mode;
‚û§ @@sql_mode[12,0,0]  ùÑÄ
ERROR_FOR_DIVISION_BY_ZERO,NO_ENGINE_SUBSTITUTION,NO_ZERO_DATE,NO_ZERO_IN_DATE,ONLY_FULL_GROUP_BY,STRICT_TRANS_TABLES
INSERT INTO t_div_test (id, a, b) VALUES (1, 10, 0), (2, 10/0, 5);
INSERT INTO t_div_test (id, a, b) VALUES (3, 10 % 0, 5);
SELECT COUNT(*) FROM t_div_test;
‚û§ COUNT(*)[-5,64,0]  ùÑÄ
3
SET sql_mode = 'ERROR_FOR_DIVISION_BY_ZERO';
SELECT @@sql_mode;
‚û§ @@sql_mode[12,0,0]  ùÑÄ
ERROR_FOR_DIVISION_BY_ZERO
INSERT INTO t_div_test (id, a, b) VALUES (1, 10/0, 5);
Duplicate entry '1' for key 'id'
INSERT INTO t_div_test (id, a, b) VALUES (2, 10 % 0, 5);
Duplicate entry '2' for key 'id'
SELECT id, a, b FROM t_div_test ORDER BY id;
‚û§ id[4,32,0]  ¬¶  a[4,32,0]  ¬¶  b[4,32,0]  ùÑÄ
1  ¬¶  10  ¬¶  0  ùÑÄ
2  ¬¶  null  ¬¶  5  ùÑÄ
3  ¬¶  null  ¬¶  5
DELETE FROM t_div_test;
SET sql_mode = '';
SELECT @@sql_mode;
‚û§ @@sql_mode[12,0,0]  ùÑÄ

INSERT INTO t_div_test (id, a, b) VALUES (1, 10/0, 5);
INSERT INTO t_div_test (id, a, b) VALUES (2, 10 % 0, 5);
SELECT id, a, b FROM t_div_test ORDER BY id;
‚û§ id[4,32,0]  ¬¶  a[4,32,0]  ¬¶  b[4,32,0]  ùÑÄ
1  ¬¶  null  ¬¶  5  ùÑÄ
2  ¬¶  null  ¬¶  5
DELETE FROM t_div_test;
SET sql_mode = 'ERROR_FOR_DIVISION_BY_ZERO,NO_ENGINE_SUBSTITUTION,NO_ZERO_DATE,NO_ZERO_IN_DATE,ONLY_FULL_GROUP_BY,STRICT_TRANS_TABLES';
SELECT @@sql_mode;
‚û§ @@sql_mode[12,0,0]  ùÑÄ
ERROR_FOR_DIVISION_BY_ZERO,NO_ENGINE_SUBSTITUTION,NO_ZERO_DATE,NO_ZERO_IN_DATE,ONLY_FULL_GROUP_BY,STRICT_TRANS_TABLES
INSERT IGNORE INTO t_div_test (id, a, b) VALUES (1, 10/0, 5);
INSERT IGNORE INTO t_div_test (id, a, b) VALUES (2, 10 % 0, 5);
SELECT id, a, b FROM t_div_test ORDER BY id;
‚û§ id[4,32,0]  ¬¶  a[4,32,0]  ¬¶  b[4,32,0]  ùÑÄ
1  ¬¶  null  ¬¶  5  ùÑÄ
2  ¬¶  null  ¬¶  5
DELETE FROM t_div_test;
INSERT INTO t_div_test (id, a, b) VALUES (1, 10, 5), (2, 20, 10);
UPDATE t_div_test SET a = 10/0 WHERE id = 1;
UPDATE t_div_test SET a = 10 % 0 WHERE id = 1;
SELECT id, a, b FROM t_div_test ORDER BY id;
‚û§ id[4,32,0]  ¬¶  a[4,32,0]  ¬¶  b[4,32,0]  ùÑÄ
1  ¬¶  null  ¬¶  5  ùÑÄ
2  ¬¶  20  ¬¶  10
SET sql_mode = '';
SELECT @@sql_mode;
‚û§ @@sql_mode[12,0,0]  ùÑÄ

UPDATE t_div_test SET a = 10/0 WHERE id = 1;
SELECT id, a, b FROM t_div_test WHERE id = 1;
‚û§ id[4,32,0]  ¬¶  a[4,32,0]  ¬¶  b[4,32,0]  ùÑÄ
1  ¬¶  null  ¬¶  5
UPDATE t_div_test SET a = 10 % 0 WHERE id = 2;
SELECT id, a, b FROM t_div_test WHERE id = 2;
‚û§ id[4,32,0]  ¬¶  a[4,32,0]  ¬¶  b[4,32,0]  ùÑÄ
2  ¬¶  null  ¬¶  10
DELETE FROM t_div_test;
SET sql_mode = 'ERROR_FOR_DIVISION_BY_ZERO,NO_ENGINE_SUBSTITUTION,NO_ZERO_DATE,NO_ZERO_IN_DATE,ONLY_FULL_GROUP_BY,STRICT_TRANS_TABLES';
SELECT CAST(10.5 AS DECIMAL(10,2)) / CAST(0 AS DECIMAL(10,2));
‚û§ cast(10.5 as decimal(10, 2)) / cast(0 as decimal(10, 2))[3,38,8]  ùÑÄ
null
SELECT CAST(10.5 AS DECIMAL(10,2)) % CAST(0 AS DECIMAL(10,2));
‚û§ cast(10.5 as decimal(10, 2)) % cast(0 as decimal(10, 2))[3,10,2]  ùÑÄ
null
INSERT INTO t_div_test (id, c, d) VALUES (1, CAST(10.5 AS DECIMAL(10,2)) / CAST(0 AS DECIMAL(10,2)), 5.0);
SET sql_mode = '';
INSERT INTO t_div_test (id, c, d) VALUES (1, CAST(10.5 AS DECIMAL(10,2)) / CAST(0 AS DECIMAL(10,2)), 5.0);
Duplicate entry '1' for key 'id'
SELECT id, c, d FROM t_div_test WHERE id = 1;
‚û§ id[4,32,0]  ¬¶  c[3,10,2]  ¬¶  d[3,10,2]  ùÑÄ
1  ¬¶  null  ¬¶  5.00
DELETE FROM t_div_test;
SET sql_mode = 'ERROR_FOR_DIVISION_BY_ZERO,NO_ENGINE_SUBSTITUTION,NO_ZERO_DATE,NO_ZERO_IN_DATE,ONLY_FULL_GROUP_BY,STRICT_TRANS_TABLES';
SELECT 10.5 / 0.0;
‚û§ 10.5 / 0.0[3,38,7]  ùÑÄ
null
SELECT 10.5 % 0.0;
‚û§ 10.5 % 0.0[3,18,1]  ùÑÄ
null
INSERT INTO t_div_test (id, e, f) VALUES (1, 10.5 / 0.0, 5.0);
SET sql_mode = '';
INSERT INTO t_div_test (id, e, f) VALUES (1, 10.5 / 0.0, 5.0);
Duplicate entry '1' for key 'id'
SELECT id, e, f FROM t_div_test WHERE id = 1;
‚û§ id[4,32,0]  ¬¶  e[7,24,0]  ¬¶  f[7,24,0]  ùÑÄ
1  ¬¶  null  ¬¶  5.0
DELETE FROM t_div_test;
SET sql_mode = 'ERROR_FOR_DIVISION_BY_ZERO,NO_ENGINE_SUBSTITUTION,NO_ZERO_DATE,NO_ZERO_IN_DATE,ONLY_FULL_GROUP_BY,STRICT_TRANS_TABLES';
SELECT (10 + 20) / (5 - 5);
‚û§ (10 + 20) / (5 - 5)[8,54,0]  ùÑÄ
null
SELECT CASE WHEN 1=1 THEN 10/0 ELSE 5 END;
‚û§ case when 1 = 1 then 10 / 0 else 5 end[8,54,0]  ùÑÄ
null
INSERT INTO t_div_test (id, a, b) VALUES (1, 10, 0), (2, 20, 5);
SELECT id, a, b FROM t_div_test WHERE a / b > 0;
‚û§ id[4,32,0]  ¬¶  a[4,32,0]  ¬¶  b[4,32,0]  ùÑÄ
2  ¬¶  20  ¬¶  5
DROP TABLE t_div_test;
SELECT CAST(10 AS TINYINT) DIV CAST(3 AS TINYINT);
‚û§ cast(10 as tinyint) div cast(3 as tinyint)[-5,64,0]  ùÑÄ
3
SELECT CAST(127 AS TINYINT) DIV CAST(1 AS TINYINT);
‚û§ cast(127 as tinyint) div cast(1 as tinyint)[-5,64,0]  ùÑÄ
127
SELECT CAST(-128 AS TINYINT) DIV CAST(1 AS TINYINT);
‚û§ cast(-128 as tinyint) div cast(1 as tinyint)[-5,64,0]  ùÑÄ
-128
SELECT CAST(10 AS TINYINT) DIV CAST(0 AS TINYINT);
‚û§ cast(10 as tinyint) div cast(0 as tinyint)[-5,64,0]  ùÑÄ
null
SELECT CAST(1000 AS SMALLINT) DIV CAST(3 AS SMALLINT);
‚û§ cast(1000 as smallint) div cast(3 as smallint)[-5,64,0]  ùÑÄ
333
SELECT CAST(32767 AS SMALLINT) DIV CAST(1 AS SMALLINT);
‚û§ cast(32767 as smallint) div cast(1 as smallint)[-5,64,0]  ùÑÄ
32767
SELECT CAST(-32768 AS SMALLINT) DIV CAST(1 AS SMALLINT);
‚û§ cast(-32768 as smallint) div cast(1 as smallint)[-5,64,0]  ùÑÄ
-32768
SELECT CAST(100 AS SMALLINT) DIV CAST(0 AS SMALLINT);
‚û§ cast(100 as smallint) div cast(0 as smallint)[-5,64,0]  ùÑÄ
null
SELECT CAST(100000 AS INT) DIV CAST(3 AS INT);
‚û§ cast(100000 as int) div cast(3 as int)[-5,64,0]  ùÑÄ
33333
SELECT CAST(2147483647 AS INT) DIV CAST(1 AS INT);
‚û§ cast(2147483647 as int) div cast(1 as int)[-5,64,0]  ùÑÄ
2147483647
SELECT CAST(-2147483648 AS INT) DIV CAST(1 AS INT);
‚û§ cast(-2147483648 as int) div cast(1 as int)[-5,64,0]  ùÑÄ
-2147483648
SELECT CAST(100 AS INT) DIV CAST(0 AS INT);
‚û§ cast(100 as int) div cast(0 as int)[-5,64,0]  ùÑÄ
null
SELECT CAST(10000000000 AS BIGINT) DIV CAST(3 AS BIGINT);
‚û§ cast(10000000000 as bigint) div cast(3 as bigint)[-5,64,0]  ùÑÄ
3333333333
SELECT CAST(9223372036854775807 AS BIGINT) DIV CAST(1 AS BIGINT);
‚û§ cast(9223372036854775807 as bigint) div cast(1 as bigint)[-5,64,0]  ùÑÄ
9223372036854775807
SELECT CAST(-9223372036854775808 AS BIGINT) DIV CAST(1 AS BIGINT);
‚û§ cast(-9223372036854775808 as bigint) div cast(1 as bigint)[-5,64,0]  ùÑÄ
-9223372036854775808
SELECT CAST(100 AS BIGINT) DIV CAST(0 AS BIGINT);
‚û§ cast(100 as bigint) div cast(0 as bigint)[-5,64,0]  ùÑÄ
null
SELECT CAST(10 AS TINYINT UNSIGNED) DIV CAST(3 AS TINYINT UNSIGNED);
‚û§ cast(10 as tinyint unsigned) div cast(3 as tinyint unsigned)[-5,64,0]  ùÑÄ
3
SELECT CAST(255 AS TINYINT UNSIGNED) DIV CAST(1 AS TINYINT UNSIGNED);
‚û§ cast(255 as tinyint unsigned) div cast(1 as tinyint unsigned)[-5,64,0]  ùÑÄ
255
SELECT CAST(10 AS TINYINT UNSIGNED) DIV CAST(0 AS TINYINT UNSIGNED);
‚û§ cast(10 as tinyint unsigned) div cast(0 as tinyint unsigned)[-5,64,0]  ùÑÄ
null
SELECT CAST(1000 AS SMALLINT UNSIGNED) DIV CAST(3 AS SMALLINT UNSIGNED);
‚û§ cast(1000 as smallint unsigned) div cast(3 as smallint unsigned)[-5,64,0]  ùÑÄ
333
SELECT CAST(65535 AS SMALLINT UNSIGNED) DIV CAST(1 AS SMALLINT UNSIGNED);
‚û§ cast(65535 as smallint unsigned) div cast(1 as smallint unsigned)[-5,64,0]  ùÑÄ
65535
SELECT CAST(100 AS SMALLINT UNSIGNED) DIV CAST(0 AS SMALLINT UNSIGNED);
‚û§ cast(100 as smallint unsigned) div cast(0 as smallint unsigned)[-5,64,0]  ùÑÄ
null
SELECT CAST(100000 AS INT UNSIGNED) DIV CAST(3 AS INT UNSIGNED);
‚û§ cast(100000 as int unsigned) div cast(3 as int unsigned)[-5,64,0]  ùÑÄ
33333
SELECT CAST(4294967295 AS INT UNSIGNED) DIV CAST(1 AS INT UNSIGNED);
‚û§ cast(4294967295 as int unsigned) div cast(1 as int unsigned)[-5,64,0]  ùÑÄ
4294967295
SELECT CAST(100 AS INT UNSIGNED) DIV CAST(0 AS INT UNSIGNED);
‚û§ cast(100 as int unsigned) div cast(0 as int unsigned)[-5,64,0]  ùÑÄ
null
SELECT CAST(10000000000 AS BIGINT UNSIGNED) DIV CAST(3 AS BIGINT UNSIGNED);
‚û§ cast(10000000000 as bigint unsigned) div cast(3 as bigint unsigned)[-5,64,0]  ùÑÄ
3333333333
SELECT CAST(18446744073709551615 AS BIGINT UNSIGNED) DIV CAST(1 AS BIGINT UNSIGNED);
‚û§ cast(18446744073709551615 as bigint unsigned) div cast(1 as bigint unsigned)[-5,64,0]  ùÑÄ
-1
SELECT CAST(100 AS BIGINT UNSIGNED) DIV CAST(0 AS BIGINT UNSIGNED);
‚û§ cast(100 as bigint unsigned) div cast(0 as bigint unsigned)[-5,64,0]  ùÑÄ
null
SELECT CAST(10.5 AS FLOAT) DIV CAST(3.2 AS FLOAT);
‚û§ cast(10.5 as float) div cast(3.2 as float)[-5,64,0]  ùÑÄ
3
SELECT CAST(-10.5 AS FLOAT) DIV CAST(3.2 AS FLOAT);
‚û§ cast(-10.5 as float) div cast(3.2 as float)[-5,64,0]  ùÑÄ
-3
SELECT CAST(10.5 AS FLOAT) DIV CAST(-3.2 AS FLOAT);
‚û§ cast(10.5 as float) div cast(-3.2 as float)[-5,64,0]  ùÑÄ
-3
SELECT CAST(-10.5 AS FLOAT) DIV CAST(-3.2 AS FLOAT);
‚û§ cast(-10.5 as float) div cast(-3.2 as float)[-5,64,0]  ùÑÄ
3
SELECT CAST(10.5 AS FLOAT) DIV CAST(0.0 AS FLOAT);
‚û§ cast(10.5 as float) div cast(0.0 as float)[-5,64,0]  ùÑÄ
null
SELECT CAST(10.5 AS DOUBLE) DIV CAST(3.2 AS DOUBLE);
‚û§ cast(10.5 as double) div cast(3.2 as double)[-5,64,0]  ùÑÄ
3
SELECT CAST(-10.5 AS DOUBLE) DIV CAST(3.2 AS DOUBLE);
‚û§ cast(-10.5 as double) div cast(3.2 as double)[-5,64,0]  ùÑÄ
-3
SELECT CAST(10.5 AS DOUBLE) DIV CAST(-3.2 AS DOUBLE);
‚û§ cast(10.5 as double) div cast(-3.2 as double)[-5,64,0]  ùÑÄ
-3
SELECT CAST(-10.5 AS DOUBLE) DIV CAST(-3.2 AS DOUBLE);
‚û§ cast(-10.5 as double) div cast(-3.2 as double)[-5,64,0]  ùÑÄ
3
SELECT CAST(10.5 AS DOUBLE) DIV CAST(0.0 AS DOUBLE);
‚û§ cast(10.5 as double) div cast(0.0 as double)[-5,64,0]  ùÑÄ
null
SELECT CAST(10 AS DECIMAL(5,0)) DIV CAST(3 AS DECIMAL(5,0));
‚û§ cast(10 as decimal(5)) div cast(3 as decimal(5))[-5,64,0]  ùÑÄ
3
SELECT CAST(99999 AS DECIMAL(5,0)) DIV CAST(1 AS DECIMAL(5,0));
‚û§ cast(99999 as decimal(5)) div cast(1 as decimal(5))[-5,64,0]  ùÑÄ
99999
SELECT CAST(10 AS DECIMAL(5,0)) DIV CAST(0 AS DECIMAL(5,0));
‚û§ cast(10 as decimal(5)) div cast(0 as decimal(5))[-5,64,0]  ùÑÄ
null
SELECT CAST(10.50 AS DECIMAL(10,2)) DIV CAST(3.00 AS DECIMAL(10,2));
‚û§ cast(10.50 as decimal(10, 2)) div cast(3.00 as decimal(10, 2))[-5,64,0]  ùÑÄ
4
SELECT CAST(-10.50 AS DECIMAL(10,2)) DIV CAST(3.00 AS DECIMAL(10,2));
‚û§ cast(-10.50 as decimal(10, 2)) div cast(3.00 as decimal(10, 2))[-5,64,0]  ùÑÄ
61489146912365169
SELECT CAST(10.50 AS DECIMAL(10,2)) DIV CAST(-3.00 AS DECIMAL(10,2));
‚û§ cast(10.50 as decimal(10, 2)) div cast(-3.00 as decimal(10, 2))[-5,64,0]  ùÑÄ
0
SELECT CAST(10.50 AS DECIMAL(10,2)) DIV CAST(0.00 AS DECIMAL(10,2));
‚û§ cast(10.50 as decimal(10, 2)) div cast(0.00 as decimal(10, 2))[-5,64,0]  ùÑÄ
null
SELECT CAST(12345.67890 AS DECIMAL(20,5)) DIV CAST(3.00000 AS DECIMAL(20,5));
‚û§ cast(12345.67890 as decimal(20, 5)) div cast(3.00000 as decimal(20, 5))[-5,64,0]  ùÑÄ
4115
SELECT CAST(12345.67890 AS DECIMAL(20,5)) DIV CAST(0.00000 AS DECIMAL(20,5));
‚û§ cast(12345.67890 as decimal(20, 5)) div cast(0.00000 as decimal(20, 5))[-5,64,0]  ùÑÄ
null
SELECT CAST(123456789.123456789 AS DECIMAL(38,10)) DIV CAST(3.0 AS DECIMAL(38,10));
‚û§ cast(123456789.123456789 as decimal(38, 10)) div cast(3.0 as decimal(38, 10))[-5,64,0]  ùÑÄ
41152263
SELECT CAST(123456789.123456789 AS DECIMAL(38,10)) DIV CAST(0.0 AS DECIMAL(38,10));
‚û§ cast(123456789.123456789 as decimal(38, 10)) div cast(0.0 as decimal(38, 10))[-5,64,0]  ùÑÄ
null
SELECT NULL DIV 3;
‚û§ null div 3[-5,64,0]  ùÑÄ
0
SELECT 10 DIV NULL;
‚û§ 10 div null[-5,64,0]  ùÑÄ
0
SELECT NULL DIV NULL;
‚û§ null div null[-5,64,0]  ùÑÄ
null
SELECT NULL / 3;
‚û§ null / 3[0,2147483647,0]  ùÑÄ
null
SELECT 10 / NULL;
‚û§ 10 / null[0,2147483647,0]  ùÑÄ
null
SELECT NULL % 3;
‚û§ null % 3[0,2147483647,0]  ùÑÄ
null
SELECT 10 % NULL;
‚û§ 10 % null[0,2147483647,0]  ùÑÄ
null
SELECT -10 DIV 3;
‚û§ -10 div 3[-5,64,0]  ùÑÄ
-3
SELECT 10 DIV -3;
‚û§ 10 div -3[-5,64,0]  ùÑÄ
-3
SELECT -10 DIV -3;
‚û§ -10 div -3[-5,64,0]  ùÑÄ
3
SELECT -10 / 3;
‚û§ -10 / 3[8,54,0]  ùÑÄ
-3.3333333333333335
SELECT 10 / -3;
‚û§ 10 / -3[8,54,0]  ùÑÄ
-3.3333333333333335
SELECT -10 / -3;
‚û§ -10 / -3[8,54,0]  ùÑÄ
3.3333333333333335
SELECT -10 % 3;
‚û§ -10 % 3[-5,64,0]  ùÑÄ
-1
SELECT 10 % -3;
‚û§ 10 % -3[-5,64,0]  ùÑÄ
1
SELECT -10 % -3;
‚û§ -10 % -3[-5,64,0]  ùÑÄ
-1
SELECT 100 DIV 1;
‚û§ 100 div 1[-5,64,0]  ùÑÄ
100
SELECT 100 DIV -1;
‚û§ 100 div -1[-5,64,0]  ùÑÄ
-100
SELECT -100 DIV 1;
‚û§ -100 div 1[-5,64,0]  ùÑÄ
-100
SELECT -100 DIV -1;
‚û§ -100 div -1[-5,64,0]  ùÑÄ
100
SELECT 1 DIV 1;
‚û§ 1 div 1[-5,64,0]  ùÑÄ
1
SELECT -1 DIV -1;
‚û§ -1 div -1[-5,64,0]  ùÑÄ
1
SET sql_mode = 'ERROR_FOR_DIVISION_BY_ZERO,NO_ENGINE_SUBSTITUTION,NO_ZERO_DATE,NO_ZERO_IN_DATE,ONLY_FULL_GROUP_BY,STRICT_TRANS_TABLES';
