select abs(-10);
â¤ abs(-10)[-5,64,0]  ğ„€
10
select abs(-2) * -2;
â¤ abs(-2) * -2[-5,64,0]  ğ„€
-4
select abs(1e10);
â¤ abs(1e10)[8,54,0]  ğ„€
1.0E10
select abs(NULL);
â¤ abs(null)[-5,64,0]  ğ„€
null
select abs(9999999999999999999999);
â¤ abs(9999999999999999999999)[3,39,0]  ğ„€
9999999999999999999999
select abs(-9999999999999999999999);
â¤ abs(-9999999999999999999999)[3,39,0]  ğ„€
9999999999999999999999
select abs(10/0);
â¤ abs(10 / 0)[8,54,0]  ğ„€
null
select abs(cast(-2 as unsigned)), abs(18446744073709551614), abs(-2);
Data truncation: data out of range: data type uint64, value '-2'
CREATE TABLE t(u TINYINT UNSIGNED NOT NULL);
INSERT INTO t VALUES (0), (3), (255);
SELECT * FROM t WHERE ABS(u=256)=0;
invalid argument function abs, bad value [BOOL]
DROP TABLE t;
create table t1(a int, b int, c int);
insert into t1 values(100,1,2),(200,1,1),(300,2,1),(400,2,2);
select distinct b from t1 order by abs(b);
SQL syntax error: for SELECT DISTINCT, ORDER BY expressions must appear in select list
select distinct b as z from t1 order by abs(z);
SQL syntax error: for SELECT DISTINCT, ORDER BY expressions must appear in select list
select distinct abs(b) as z from t1 order by z;
â¤ z[-5,64,0]  ğ„€
1  ğ„€
2
select distinct abs(b) as z from t1 order by abs(b);
â¤ z[-5,64,0]  ğ„€
1  ğ„€
2
select distinct abs(b) from t1 order by abs(b);
â¤ abs(b)[-5,64,0]  ğ„€
1  ğ„€
2
drop table t1;
CREATE TABLE t1(c0 INTEGER, c1 INTEGER, c2 INTEGER);
INSERT INTO t1 VALUES(1, 1, 1), (1, 1, 1);
SELECT CASE any_value(c1) WHEN any_value(c1) + 1 THEN 1 END, ABS(AVG(c0)) FROM t1;
â¤ case any_value(c1) when any_value(c1) + 1 then 1 end[-5,64,0]  Â¦  ABS(AVG(c0))[8,54,0]  ğ„€
null  Â¦  1.0
DROP TABLE t1;
CREATE TABLE t(i INT);
INSERT INTO t VALUES (-1),(2),(1);
SELECT ABS(i) AS a FROM t GROUP BY abs(i) ORDER BY a + 1;
[unknown result because it is related to issue#3265]
SELECT ABS(i) AS a FROM t GROUP BY a ORDER BY a + 1;
[unknown result because it is related to issue#3265]
DROP TABLE t;
CREATE TABLE t1(c0 INTEGER, c1 INTEGER, c2 INTEGER);
CREATE TABLE t2(c0 INTEGER, c1 INTEGER, c2 INTEGER);
INSERT INTO t1 select abs(-341.741), abs(-234141113), abs(-141241);
INSERT INTO t2 select abs(-341.5612), abs(-23413), abs(-14141);
select * from t1;
â¤ c0[4,32,0]  Â¦  c1[4,32,0]  Â¦  c2[4,32,0]  ğ„€
342  Â¦  234141113  Â¦  141241
select * from t2;
â¤ c0[4,32,0]  Â¦  c1[4,32,0]  Â¦  c2[4,32,0]  ğ„€
342  Â¦  23413  Â¦  14141
SELECT t1.c0, t2.c0 from t1 join t2 on abs(t1.c0) = abs(t2.c0) having abs(t1.c0)>100;
SQL syntax error: column "t1.c0" must appear in the GROUP BY clause or be used in an aggregate function
drop table t1;
drop table t2;
SELECT abs(10)-abs(-34);
â¤ abs(10) - abs(-34)[-5,64,0]  ğ„€
-24
SELECT abs(1241)*abs(-0.4141);
â¤ abs(1241) * abs(-0.4141)[3,38,4]  ğ„€
513.8981
SELECT abs(-100)>abs(-102);
â¤ abs(-100) > abs(-102)[-7,1,0]  ğ„€
0
SELECT abs(-100)<>abs(100);
â¤ abs(-100) != abs(100)[-7,1,0]  ğ„€
0
