drop table if exists t1;
create table t1 (id int,d date, dt datetime,c char(10),vc varchar(20));
insert into t1 values (1,"2021-01-13", "2021-01-13 13:00:00", "2021-12-15", "2021-12-16");
insert into t1 values (1,"2021-01-31", "2021-01-31 13:00:00", "2021-12-15", "2021-12-16");
insert into t1 values (2,"2022-02-15", "2022-02-15 18:54:29", "2021-02-15", "2021-02-15");
insert into t1 values (2,"2022-02-28", "2022-02-28 18:54:29", "2021-02-15", "2021-02-15");
insert into t1 values (3,"2000-02-29", "2000-02-29 18:54:29", "2021-02-15", "2021-02-15");
insert into t1 values (4,"2023-03-17", "2021-02-17 23:54:59", "2021-03-17", "2021-03-17");
insert into t1 values (5,"1985-04-18", "1985-04-18 00:00:01", "1985-04-18", "1985-04-18");
insert into t1 values (6,"1987-05-20", "1987-05-20 22:59:59", "1987-05-20", "1987-05-20");
insert into t1 values (7,"1989-06-22", "1989-06-22 15:00:30", "1989-06-22", "1989-06-22");
insert into t1 values (8,"1993-07-25", "1987-07-25 03:04:59", "1993-07-25", "1993-07-25");
insert into t1 values (9,"1995-08-27", "1987-08-27 04:32:33", "1995-08-27", "1995-08-27");
insert into t1 values (10,"1999-09-30", "1999-09-30 10:11:12", "1999-09-30", "1999-09-30");
insert into t1 values (11,"2005-10-30", "2005-10-30 18:18:59", "2005-10-30", "2005-10-30");
insert into t1 values (12,"2008-11-30", "2008-11-30 22:59:59", "2008-11-30", "2008-11-30");
insert into t1 values (13,"2013-12-01", "2013-12-01 22:59:59", "2013-12-01", "2013-12-01");
insert into t1 values (14,"2016-11-01", "2016-11-01 10:59", "2016-11-01", "2016-11-01");
insert into t1 values (15,"2023-11-08", "2023-11-08 10:59:", "2023-11-08", "2023-11-08");
insert into t1 values (16,null, null, null, null);
select month(d),month(dt) from t1;
month(d)    month(dt)
1    1
1    1
2    2
2    2
2    2
3    2
4    4
5    5
6    6
7    7
8    8
9    9
10    10
11    11
12    12
11    11
11    11
null    null
select month(c),month(vc) from t1;
month(c)    month(vc)
12    12
12    12
2    2
2    2
2    2
3    3
4    4
5    5
6    6
7    7
8    8
9    9
10    10
11    11
12    12
11    11
11    11
null    null
select weekday(d),weekday(dt) from t1;
weekday(d)    weekday(dt)
2    2
6    6
1    1
0    0
1    1
4    2
3    3
2    2
3    3
6    5
6    3
3    3
6    6
6    6
6    6
1    1
2    2
null    null
select weekday(c),weekday(vc) from t1;
weekday(c)    weekday(vc)
2    3
2    3
0    0
0    0
0    0
2    2
3    3
2    2
3    3
6    6
6    6
3    3
6    6
6    6
6    6
1    1
2    2
null    null
select max(month(d)),max(month(dt)) from t1;
max(month(d))    max(month(dt))
12    12
select min(month(d)),min(month(d)) from t1;
min(month(d))    min(month(d))
1    1
select avg(month(d)),avg(month(d)) from t1;
avg(month(d))    avg(month(d))
6.176470588235294    6.176470588235294
select sum(month(d)),sum(month(d)) from t1;
sum(month(d))    sum(month(d))
105    105
select max(weekday(d)),max(weekday(dt)) from t1;
max(weekday(d))    max(weekday(dt))
6    6
select min(weekday(d)),min(weekday(d)) from t1;
min(weekday(d))    min(weekday(d))
0    0
select avg(weekday(d)),avg(weekday(d)) from t1;
avg(weekday(d))    avg(weekday(d))
3.411764705882353    3.411764705882353
select sum(weekday(d)),sum(weekday(d)) from t1;
sum(weekday(d))    sum(weekday(d))
58    58
select distinct(month(d)) from t1;
month(d)
1
2
3
4
5
6
7
8
9
10
11
12
null
select id,c,vc from t1 where month(d) > 2;
id    c    vc
4    2021-03-17    2021-03-17
5    1985-04-18    1985-04-18
6    1987-05-20    1987-05-20
7    1989-06-22    1989-06-22
8    1993-07-25    1993-07-25
9    1995-08-27    1995-08-27
10    1999-09-30    1999-09-30
11    2005-10-30    2005-10-30
12    2008-11-30    2008-11-30
13    2013-12-01    2013-12-01
14    2016-11-01    2016-11-01
15    2023-11-08    2023-11-08
select id,c,vc from t1 where month(d) < 3;
id    c    vc
1    2021-12-15    2021-12-16
1    2021-12-15    2021-12-16
2    2021-02-15    2021-02-15
2    2021-02-15    2021-02-15
3    2021-02-15    2021-02-15
select id,c,vc from t1 where month(d) <> 4;
id    c    vc
1    2021-12-15    2021-12-16
1    2021-12-15    2021-12-16
2    2021-02-15    2021-02-15
2    2021-02-15    2021-02-15
3    2021-02-15    2021-02-15
4    2021-03-17    2021-03-17
6    1987-05-20    1987-05-20
7    1989-06-22    1989-06-22
8    1993-07-25    1993-07-25
9    1995-08-27    1995-08-27
10    1999-09-30    1999-09-30
11    2005-10-30    2005-10-30
12    2008-11-30    2008-11-30
13    2013-12-01    2013-12-01
14    2016-11-01    2016-11-01
15    2023-11-08    2023-11-08
select week(d), week(dt) from t1;
week(d)    week(dt)
2    2
5    5
7    7
9    9
9    9
11    7
15    15
20    20
25    25
30    29
35    34
39    39
44    44
48    48
48    48
44    44
45    45
null    null
select week(d, 0), week(d, 1) from t1;
week(d, 0)    week(d, 1)
2    2
5    4
7    7
9    9
9    9
11    11
15    16
20    21
25    25
30    29
35    34
39    39
44    43
48    48
48    48
44    44
45    45
null    null
select week(d, 2), week(d, 3) from t1;
week(d, 2)    week(d, 3)
2    2
5    4
7    7
9    9
9    9
11    11
15    16
20    21
25    25
30    29
35    34
39    39
44    43
48    48
48    48
44    44
45    45
null    null
select week(dt, 0), week(dt, 1) from t1;
week(dt, 0)    week(dt, 1)
2    2
5    4
7    7
9    9
9    9
7    7
15    16
20    21
25    25
29    30
34    35
39    39
44    43
48    48
48    48
44    44
45    45
null    null
select week('2023-01-01', 0), week('2023-01-01', 1);
week(2023-01-01, 0)    week(2023-01-01, 1)
1    0
select week('2023-01-02', 0), week('2023-01-02', 1);
week(2023-01-02, 0)    week(2023-01-02, 1)
1    1
select week('2023-12-31', 0), week('2023-12-31', 1);
week(2023-12-31, 0)    week(2023-12-31, 1)
53    52
select week('2023-01-01', 4), week('2023-01-01', 5);
week(2023-01-01, 4)    week(2023-01-01, 5)
1    0
select week('2023-01-01', 6), week('2023-01-01', 7);
week(2023-01-01, 6)    week(2023-01-01, 7)
1    52
select week('2023-12-31', 4), week('2023-12-31', 5);
week(2023-12-31, 4)    week(2023-12-31, 5)
53    52
select week('2023-12-31', 6), week('2023-12-31', 7);
week(2023-12-31, 6)    week(2023-12-31, 7)
1    52
select week('2023-01-01', null);
week(2023-01-01, null)
1
select week('2023-01-01', -1), week('2023-01-01', 8);
week(2023-01-01, -1)    week(2023-01-01, 8)
52    1
drop table t1;
