SELECT GET_FORMAT(DATE, 'USA') AS result1;
invalid input: column DATE does not exist
SELECT GET_FORMAT(DATE, 'USA') AS date_usa;
invalid input: column DATE does not exist
SELECT GET_FORMAT(DATE, 'EUR') AS date_eur;
invalid input: column DATE does not exist
SELECT GET_FORMAT(DATE, 'JIS') AS date_jis;
invalid input: column DATE does not exist
SELECT GET_FORMAT(DATE, 'ISO') AS date_iso;
invalid input: column DATE does not exist
SELECT GET_FORMAT(DATE, 'INTERNAL') AS date_internal;
invalid input: column DATE does not exist
SELECT GET_FORMAT(TIME, 'USA') AS time_usa;
invalid input: column TIME does not exist
SELECT GET_FORMAT(TIME, 'EUR') AS time_eur;
invalid input: column TIME does not exist
SELECT GET_FORMAT(TIME, 'JIS') AS time_jis;
invalid input: column TIME does not exist
SELECT GET_FORMAT(TIME, 'ISO') AS time_iso;
invalid input: column TIME does not exist
SELECT GET_FORMAT(TIME, 'INTERNAL') AS time_internal;
invalid input: column TIME does not exist
SELECT GET_FORMAT(DATETIME, 'USA') AS datetime_usa;
invalid input: column DATETIME does not exist
SELECT GET_FORMAT(DATETIME, 'EUR') AS datetime_eur;
invalid input: column DATETIME does not exist
SELECT GET_FORMAT(DATETIME, 'JIS') AS datetime_jis;
invalid input: column DATETIME does not exist
SELECT GET_FORMAT(DATETIME, 'ISO') AS datetime_iso;
invalid input: column DATETIME does not exist
SELECT GET_FORMAT(DATETIME, 'INTERNAL') AS datetime_internal;
invalid input: column DATETIME does not exist
SELECT GET_FORMAT('date', 'usa') AS date_lowercase;
date_lowercase
%m.%d.%Y
SELECT GET_FORMAT('DATE', 'Eur') AS date_mixed;
date_mixed
%d.%m.%Y
SELECT GET_FORMAT(NULL, 'USA') AS null_type;
null_type
null
SELECT GET_FORMAT(DATE, NULL) AS null_locale;
invalid input: column DATE does not exist
SELECT GET_FORMAT(NULL, NULL) AS null_both;
null_both
null
SELECT GET_FORMAT('INVALID', 'USA') AS invalid_type;
invalid_type
null
SELECT GET_FORMAT(DATE, 'INVALID') AS invalid_locale;
invalid input: column DATE does not exist
CREATE TABLE t1(type_col VARCHAR(10), locale_col VARCHAR(10));
INSERT INTO t1 VALUES ('DATE', 'USA'), ('TIME', 'EUR'), ('DATETIME', 'JIS');
SELECT GET_FORMAT(type_col, locale_col) AS format_str FROM t1;
format_str
%m.%d.%Y
%H.%i.%s
%Y-%m-%d %H:%i:%s
DROP TABLE t1;
SELECT DATE_FORMAT('2024-12-20', GET_FORMAT(DATE, 'USA')) AS formatted_date;
invalid input: column DATE does not exist
SELECT DATE_FORMAT('2024-12-20 15:30:45', GET_FORMAT(DATETIME, 'EUR')) AS formatted_datetime;
invalid input: column DATETIME does not exist
