SELECT MAKETIME(12, 15, 30) AS result1;
result1
12:15:30
SELECT MAKETIME(12, 15, 30) AS time1;
time1
12:15:30
SELECT MAKETIME(0, 0, 0) AS time2;
time2
00:00:00
SELECT MAKETIME(23, 59, 59) AS time3;
time3
23:59:59
SELECT MAKETIME(0, 30, 45) AS time4;
time4
00:30:45
SELECT MAKETIME(12, 0, 0) AS time5;
time5
12:00:00
SELECT MAKETIME(12, 15, 0) AS time6;
time6
12:15:00
SELECT MAKETIME(838, 59, 59) AS time7;
time7
838:59:59
SELECT MAKETIME(100, 0, 0) AS time8;
time8
100:00:00
SELECT MAKETIME(-1, 15, 30) AS invalid_hour;
invalid_hour
null
SELECT MAKETIME(12, 60, 30) AS invalid_minute;
invalid_minute
null
SELECT MAKETIME(12, 15, 60) AS invalid_second;
invalid_second
null
SELECT MAKETIME(839, 0, 0) AS invalid_hour_too_large;
invalid_hour_too_large
null
SELECT MAKETIME(NULL, 15, 30) AS null_hour;
null_hour
null
SELECT MAKETIME(12, NULL, 30) AS null_minute;
null_minute
null
SELECT MAKETIME(12, 15, NULL) AS null_second;
null_second
null
SELECT MAKETIME(NULL, NULL, NULL) AS null_all;
null_all
null
SELECT MAKETIME(12.7, 15.8, 30.9) AS float_values;
float_values
12:15:30
CREATE TABLE t1(h INT, m INT, s INT);
INSERT INTO t1 VALUES (12, 15, 30), (0, 0, 0), (23, 59, 59);
SELECT MAKETIME(h, m, s) AS time_value FROM t1;
time_value
12:15:30
00:00:00
23:59:59
DROP TABLE t1;
CREATE TABLE t1(h INT, m INT, s INT);
INSERT INTO t1 VALUES (12, 15, 30), (10, 30, 45), (20, 0, 0);
SELECT * FROM t1 WHERE MAKETIME(h, m, s) > '12:00:00';
h    m    s
12    15    30
20    0    0
DROP TABLE t1;
SELECT MAKETIME(12.0, 15.0, 30.0) AS float_input;
float_input
12:15:30
SELECT MAKETIME(CAST(12 AS UNSIGNED), CAST(15 AS UNSIGNED), CAST(30 AS UNSIGNED)) AS unsigned_input;
unsigned_input
12:15:30
