SELECT UTC_DATE() AS result1;
result1
2025-11-21
SELECT UTC_DATE() AS current_utc_date;
current_utc_date
2025-11-21
SELECT UTC_DATE AS current_utc_date_no_parens;
current_utc_date_no_parens
2025-11-21
CREATE TABLE t1(id INT);
INSERT INTO t1 VALUES (1), (2), (3);
SELECT id, UTC_DATE() AS utc_date FROM t1;
SQL parser error: You have an error in your SQL syntax; check the manual that corresponds to your MatrixOne server version for the right syntax to use. syntax error at line 1 column 33 near " utc_date FROM t1;";
DROP TABLE t1;
CREATE TABLE t1(d DATE);
INSERT INTO t1 VALUES ('2024-01-01'), ('2024-12-31');
SELECT * FROM t1 WHERE d < UTC_DATE();
d
2024-01-01
2024-12-31
DROP TABLE t1;
SELECT UTC_DATE() IS NOT NULL AS not_null_check;
not_null_check
true
SELECT UTC_DATE() + INTERVAL 1 DAY AS tomorrow;
tomorrow
2025-11-22
SELECT UTC_DATE() - INTERVAL 1 DAY AS yesterday;
yesterday
2025-11-20
SELECT DATEDIFF(UTC_DATE(), '2024-01-01') AS days_since_jan1;
days_since_jan1
690
SELECT UTC_DATE() AS date_format;
date_format
2025-11-21
