SELECT MINUTE('15:30:45') AS result1;
invalid argument parse timestamp, bad value 15:30:45
SELECT MINUTE('15:30:45') AS time_with_minutes;
invalid argument parse timestamp, bad value 15:30:45
SELECT MINUTE('00:00:00') AS zero_minutes;
invalid argument parse timestamp, bad value 00:00:00
SELECT MINUTE('23:59:59') AS max_minutes;
invalid argument parse timestamp, bad value 23:59:59
SELECT MINUTE('12:34:56') AS various_minutes;
invalid argument parse timestamp, bad value 12:34:56
SELECT MINUTE('2024-12-20 15:30:45') AS datetime_with_minutes;
datetime_with_minutes
30
SELECT MINUTE('2024-12-20 00:00:00') AS datetime_zero;
datetime_zero
0
SELECT MINUTE('2024-12-20 23:59:59') AS datetime_max;
datetime_max
59
SELECT MINUTE(TIMESTAMP('2024-12-20 15:30:45')) AS timestamp_with_minutes;
timestamp_with_minutes
30
SELECT MINUTE(NULL) AS null_input;
null_input
null
CREATE TABLE t1(t TIME);
INSERT INTO t1 VALUES ('15:30:45'), ('00:00:00'), ('23:59:59'), ('12:34:56');
SELECT t, MINUTE(t) AS minute FROM t1;
t    minute
15:30:45    30
00:00:00    0
23:59:59    59
12:34:56    34
DROP TABLE t1;
CREATE TABLE t1(dt DATETIME);
INSERT INTO t1 VALUES ('2024-12-20 15:30:45'), ('2024-12-20 00:00:00'), ('2024-12-20 23:59:59');
SELECT dt, MINUTE(dt) AS minute FROM t1;
dt    minute
2024-12-20 15:30:45    30
2024-12-20 00:00:00    0
2024-12-20 23:59:59    59
DROP TABLE t1;
CREATE TABLE t1(t TIME);
INSERT INTO t1 VALUES ('15:30:45'), ('00:00:00'), ('23:59:59'), ('12:34:56');
SELECT * FROM t1 WHERE MINUTE(t) > 30;
t
23:59:59
12:34:56
DROP TABLE t1;
SELECT MINUTE('15:30:45') AS result1, MINUTE('15:00:45') AS result2, MINUTE('15:59:45') AS result3;
invalid argument parse timestamp, bad value 15:30:45
