SELECT HOUR('15:30:45') AS result1;
invalid argument parse timestamp, bad value 15:30:45
SELECT HOUR('2024-12-20 15:30:45') AS result2;
result2
15
SELECT HOUR(NOW()) AS result3;
result3
21
SELECT HOUR(CAST('15:30:45' AS TIME)) AS time_cast;
time_cast
15
SELECT HOUR(CAST('00:00:00' AS TIME)) AS midnight;
midnight
0
SELECT HOUR(CAST('23:59:59' AS TIME)) AS end_of_day;
end_of_day
23
SELECT HOUR(CAST('2024-12-20 10:20:30' AS DATETIME)) AS datetime_hour;
datetime_hour
10
SELECT HOUR(CAST('2024-12-20 00:00:00' AS DATETIME)) AS datetime_midnight;
datetime_midnight
0
SELECT HOUR(CAST('2024-12-20 23:59:59' AS DATETIME)) AS datetime_end;
datetime_end
23
SELECT HOUR(CAST('2024-12-20 12:30:45' AS TIMESTAMP)) AS timestamp_hour;
timestamp_hour
12
SELECT HOUR(CAST('00:00:00' AS TIME)) AS zero_hour;
zero_hour
0
SELECT HOUR(CAST('12:00:00' AS TIME)) AS noon;
noon
12
SELECT HOUR(CAST('13:00:00' AS TIME)) AS one_pm;
one_pm
13
SELECT HOUR(NULL) AS null_result;
null_result
null
CREATE TABLE t1(t TIME, dt DATETIME, ts TIMESTAMP);
INSERT INTO t1 VALUES
('15:30:45', '2024-12-20 15:30:45', '2024-12-20 15:30:45'),
('00:00:00', '2024-12-20 00:00:00', '2024-12-20 00:00:00'),
('23:59:59', '2024-12-20 23:59:59', '2024-12-20 23:59:59');
SELECT t, HOUR(t) AS hour_from_time, dt, HOUR(dt) AS hour_from_datetime, ts, HOUR(ts) AS hour_from_timestamp FROM t1;
t    hour_from_time    dt    hour_from_datetime    ts    hour_from_timestamp
15:30:45    15    2024-12-20 15:30:45    15    2024-12-20 15:30:45    15
00:00:00    0    2024-12-20 00:00:00    0    2024-12-20 00:00:00    0
23:59:59    23    2024-12-20 23:59:59    23    2024-12-20 23:59:59    23
DROP TABLE t1;
CREATE TABLE t1(t TIME);
INSERT INTO t1 VALUES ('15:30:45'), ('10:20:30'), ('23:59:59');
SELECT * FROM t1 WHERE HOUR(t) = 15;
t
15:30:45
SELECT * FROM t1 WHERE HOUR(t) > 12;
t
15:30:45
23:59:59
DROP TABLE t1;
