SELECT MAKEDATE(0, 0);
MAKEDATE(0, 0)
null
SELECT MAKEDATE(2024, 1);
MAKEDATE(2024, 1)
2024-01-01
SELECT MAKEDATE(2024, 366);
MAKEDATE(2024, 366)
2024-12-31
SELECT DATEDIFF(MAKEDATE(2024, 1), '2024-07-01');
DATEDIFF(MAKEDATE(2024, 1), 2024-07-01)
-182
SELECT MAKEDATE(YEAR(NOW()), DAY(LAST_DAY(NOW())));
MAKEDATE(YEAR(NOW()), DAY(LAST_DAY(NOW())))
2024-01-31
SELECT DATE_SUB(MAKEDATE(YEAR(CURDATE()), 1), INTERVAL 1 DAY) AS LastDayOfYear;
LastDayOfYear
2023-12-31 00:00:00
SELECT '生日快乐！' AS message, MAKEDATE(1990, 100) AS birthday;
message    birthday
生日快乐！    1990-04-10
SELECT YEAR(NOW()) - YEAR(MAKEDATE(YEAR(NOW()), 1)) AS years_passed;
years_passed
0
SELECT IF(MAKEDATE(YEAR(NOW()), 366) < NOW(), '闰年', '平年') AS leap_year_status;
leap_year_status
平年
create database abc;
use abc;
CREATE TABLE employees (
id INT AUTO_INCREMENT PRIMARY KEY,
employee_name VARCHAR(255) NOT NULL,
employee_hire_date DATE,
company_founded DATE,
employee_status ENUM('active', 'inactive') NOT NULL
);
INSERT INTO employees (employee_name, employee_hire_date, company_founded, employee_status)
VALUES
('Alice Smith', '2020-06-01', '2000-01-01', 'active'),
('Bob Johnson', '1999-12-15', '2000-01-01', 'inactive'),
('Charlie Brown', '2022-03-20', '2000-01-01', 'active'),
('Diana Prince', '2019-11-30', '1998-12-31', 'active');
SELECT employee_hire_date,
MAKEDATE(YEAR(company_founded), 1) AS CompanyFoundedDate,
CASE
WHEN employee_hire_date > MAKEDATE(YEAR(company_founded), 1) THEN 'After Foundation'
ELSE 'Before Foundation'
END AS HirePeriod
FROM employees
WHERE employee_status = 'active';
employee_hire_date    CompanyFoundedDate    HirePeriod
2020-06-01    2000-01-01    After Foundation
2022-03-20    2000-01-01    After Foundation
2019-11-30    1998-01-01    After Foundation
drop database abc;
SELECT MAKEDATE(2011,31), MAKEDATE(2011,32);
MAKEDATE(2011, 31)    MAKEDATE(2011, 32)
2011-01-31    2011-02-01
SELECT MAKEDATE(2011,365), MAKEDATE(2014,365);
MAKEDATE(2011, 365)    MAKEDATE(2014, 365)
2011-12-31    2014-12-31
SELECT MAKEDATE(2011,0);
MAKEDATE(2011, 0)
null
SELECT MAKEDATE(2017, 3);
MAKEDATE(2017, 3)
2017-01-03
SELECT MAKEDATE(2017, 175);
MAKEDATE(2017, 175)
2017-06-24
SELECT MAKEDATE(2017, 100);
MAKEDATE(2017, 100)
2017-04-10
SELECT MAKEDATE(2017, 366);
MAKEDATE(2017, 366)
2018-01-01
SELECT MAKEDATE(YEAR(NOW()), -2);
MAKEDATE(YEAR(NOW()), -2)
null
SELECT MAKEDATE(2024, 29131750000);
MAKEDATE(2024, 29131750000)
null
SELECT MAKEDATE(29131750000111111111, 2024);
MAKEDATE(29131750000111111111, 2024)
null
SELECT MAKEDATE('2x23', 321);
MAKEDATE(2x23, 321)
null
SELECT MAKEDATE(2024, '');
MAKEDATE(2024, )
null
SELECT MAKEDATE(0, 0);
MAKEDATE(0, 0)
null
SELECT MAKEDATE(0, 123);
MAKEDATE(0, 123)
2000-05-02
SELECT MAKEDATE(2024, 99);
MAKEDATE(2024, 99)
2024-04-08
SELECT MAKEDATE(2024, 366);
MAKEDATE(2024, 366)
2024-12-31
SELECT MAKEDATE(2024, 367);
MAKEDATE(2024, 367)
2025-01-01
SELECT MAKEDATE(2024, -399);
MAKEDATE(2024, -399)
null
SELECT MAKEDATE(2055, 0);
MAKEDATE(2055, 0)
null
SELECT MAKEDATE(2055, '10');
MAKEDATE(2055, 10)
2055-01-10
SELECT MAKEDATE(2055, '010');
MAKEDATE(2055, 010)
2055-01-10
SELECT MAKEDATE(2832, 088);
MAKEDATE(2832, 88)
2832-03-28
SELECT MAKEDATE(2832, 0A88);
invalid input: column 0a88 does not exist
SELECT MAKEDATE(2832, '0A88');
MAKEDATE(2832, 0A88)
null
SELECT MAKEDATE(2024, 1.2);
MAKEDATE(2024, 1.2)
2024-01-01
SELECT MAKEDATE(2024, 300.1234890);
MAKEDATE(2024, 300.1234890)
2024-10-26
SELECT MAKEDATE(YEAR('2011-01-09'), 10.456);
MAKEDATE(YEAR(2011-01-09), 10.456)
2011-01-10
SELECT MAKEDATE(YEAR(NOW()), -2);
MAKEDATE(YEAR(NOW()), -2)
null
SELECT MAKEDATE(YEAR(NOW()), 2);
MAKEDATE(YEAR(NOW()), 2)
2024-01-02
SELECT MAKEDATE(20244, 123);
MAKEDATE(20244, 123)
null
SELECT MAKEDATE(0123, 123);
MAKEDATE(123, 123)
0123-05-03
SELECT MAKEDATE(0000, 123);
MAKEDATE(0, 123)
2000-05-02
SELECT MAKEDATE(0001, 123);
MAKEDATE(1, 123)
2001-05-03
SELECT MAKEDATE(0042, 321);
MAKEDATE(42, 321)
2042-11-17
SELECT MAKEDATE('2024', 321);
MAKEDATE(2024, 321)
2024-11-16
SELECT MAKEDATE('2x23', 321);
MAKEDATE(2x23, 321)
null
SELECT MAKEDATE(0b11111100101, 123);
MAKEDATE(0b11111100101, 123)
2021-05-03
SELECT MAKEDATE(0x82d, 123);
MAKEDATE(0x82d, 123)
2093-05-03
SELECT MAKEDATE(NULL, 123);
MAKEDATE(null, 123)
null
SELECT MAKEDATE(NULL, NULL);
MAKEDATE(null, null)
null
SELECT MAKEDATE(2024, NULL);
MAKEDATE(2024, null)
null
SELECT MAKEDATE(2024, '');
MAKEDATE(2024, )
null
SELECT MAKEDATE(2024, 2913174);
MAKEDATE(2024, 2913174)
9999-12-31
SELECT MAKEDATE(2024, 2913175);
MAKEDATE(2024, 2913175)
null
SELECT MAKEDATE(2024, 29131750000);
MAKEDATE(2024, 29131750000)
null
SELECT MAKEDATE(29131750000, 2024);
MAKEDATE(29131750000, 2024)
null
SELECT MAKEDATE(29131750000111111111, 2024);
MAKEDATE(29131750000111111111, 2024)
null
