SELECT INET_ATON('10.0.5.9') AS result1;
result1
167773449
SELECT INET_ATON('10.0.5.9') AS basic_ip;
basic_ip
167773449
SELECT INET_ATON('192.168.1.1') AS private_ip;
private_ip
3232235777
SELECT INET_ATON('127.0.0.1') AS loopback;
loopback
2130706433
SELECT INET_ATON('255.255.255.255') AS max_ip;
max_ip
4294967295
SELECT INET_ATON('0.0.0.0') AS zero_ip;
zero_ip
0
SELECT INET_ATON(NULL) AS null_input;
null_input
null
SELECT INET_ATON('invalid') AS invalid_address;
invalid_address
null
SELECT INET_ATON('256.256.256.256') AS invalid_octet;
invalid_octet
null
SELECT INET_ATON('192.168.1') AS incomplete;
incomplete
null
SELECT INET_ATON('192.168.1.1.1') AS too_many_octets;
too_many_octets
null
SELECT INET_ATON('::1') AS ipv6_address;
ipv6_address
null
SELECT INET_NTOA(167773449) AS ip_from_int;  -- Should be '10.0.5.9'
ip_from_int
10.0.5.9
SELECT INET_NTOA(3232235777) AS ip_from_int2;  -- Should be '192.168.1.1'
ip_from_int2
192.168.1.1
SELECT INET_NTOA(2130706433) AS loopback_from_int;  -- Should be '127.0.0.1'
loopback_from_int
127.0.0.1
SELECT INET_NTOA(4294967295) AS max_from_int;  -- Should be '255.255.255.255'
max_from_int
255.255.255.255
SELECT INET_NTOA(0) AS zero_from_int;  -- Should be '0.0.0.0'
zero_from_int
0.0.0.0
SELECT INET_NTOA(NULL) AS null_input;
null_input
SELECT INET_NTOA(167773449) AS uint64_test;
uint64_test
10.0.5.9
SELECT INET_NTOA(CAST(167773449 AS UNSIGNED)) AS uint32_test;
uint32_test
10.0.5.9
SELECT INET_NTOA(CAST(167773449 AS SIGNED)) AS int64_test;
int64_test
10.0.5.9
SELECT INET_NTOA(CAST(167773449 AS INT)) AS int32_test;
int32_test
10.0.5.9
SELECT INET_NTOA(INET_ATON('10.0.5.9')) AS roundtrip1;
roundtrip1
10.0.5.9
SELECT INET_NTOA(INET_ATON('192.168.1.1')) AS roundtrip2;
roundtrip2
192.168.1.1
SELECT INET_NTOA(INET_ATON('127.0.0.1')) AS roundtrip3;
roundtrip3
127.0.0.1
SELECT INET_NTOA(INET_ATON('255.255.255.255')) AS roundtrip4;
roundtrip4
255.255.255.255
CREATE TABLE t1(id INT, ip_str VARCHAR(50), ip_int BIGINT UNSIGNED);
INSERT INTO t1 VALUES (1, '192.168.1.1', 3232235777);
INSERT INTO t1 VALUES (2, '10.0.0.1', 167772161);
INSERT INTO t1 VALUES (3, '127.0.0.1', 2130706433);
INSERT INTO t1 VALUES (4, NULL, NULL);
SELECT id, ip_str, INET_ATON(ip_str) AS ip_int FROM t1;
id    ip_str    ip_int
1    192.168.1.1    3232235777
2    10.0.0.1    167772161
3    127.0.0.1    2130706433
4    null    null
SELECT id, ip_int, INET_NTOA(ip_int) AS ip_str FROM t1;
id    ip_int    ip_str
1    3232235777    192.168.1.1
2    167772161    10.0.0.1
3    2130706433    127.0.0.1
4    null    null
DROP TABLE t1;
CREATE TABLE t1(id INT, ip_str VARCHAR(50));
INSERT INTO t1 VALUES (1, '192.168.1.1'), (2, '10.0.0.1'), (3, '127.0.0.1');
SELECT id, ip_str FROM t1 WHERE INET_ATON(ip_str) = INET_ATON('192.168.1.1');
id    ip_str
1    192.168.1.1
SELECT id, ip_str FROM t1 WHERE INET_ATON(ip_str) > INET_ATON('10.0.0.1');
id    ip_str
1    192.168.1.1
3    127.0.0.1
DROP TABLE t1;
SELECT INET_ATON('192.168.1.1') AS ip1, INET_ATON('10.0.0.1') AS ip2, INET_ATON('127.0.0.1') AS ip3;
ip1    ip2    ip3
3232235777    167772161    2130706433
SELECT INET_NTOA(3232235777) AS ip1, INET_NTOA(167772161) AS ip2, INET_NTOA(2130706433) AS ip3;
ip1    ip2    ip3
192.168.1.1    10.0.0.1    127.0.0.1
CREATE TABLE t1(id INT, ip_str VARCHAR(50));
INSERT INTO t1 VALUES (1, '192.168.1.1'), (2, '192.168.1.2'), (3, '10.0.0.1');
SELECT id, ip_str, INET_ATON(ip_str) AS ip_int FROM t1 ORDER BY INET_ATON(ip_str);
id    ip_str    ip_int
3    10.0.0.1    167772161
1    192.168.1.1    3232235777
2    192.168.1.2    3232235778
SELECT id, ip_str FROM t1 WHERE INET_ATON(ip_str) BETWEEN INET_ATON('10.0.0.0') AND INET_ATON('192.168.1.255');
id    ip_str
1    192.168.1.1
2    192.168.1.2
3    10.0.0.1
DROP TABLE t1;
SELECT INET_ATON('0.0.0.0') AS zero_ipv4;
zero_ipv4
0
SELECT INET_ATON('1.1.1.1') AS small_ip;
small_ip
16843009
SELECT INET_NTOA(0) AS zero_result;
zero_result
0.0.0.0
SELECT INET_NTOA(16843009) AS small_result;  -- Should be '1.1.1.1'
small_result
1.1.1.1
SELECT INET_NTOA(4294967295) AS max_uint32;
max_uint32
255.255.255.255
SELECT INET_NTOA(18446744073709551615) AS max_uint64;  -- Should still be '255.255.255.255' (only lower 32 bits used)
max_uint64
255.255.255.255
