SELECT FORMAT(12332.123456, 4);
format(12332.123456, 4)
12,332.1235
SELECT FORMAT(12332.1,4);
format(12332.1, 4)
12,332.1000
SELECT FORMAT(12332.2,0);
format(12332.2, 0)
12,332
SELECT FORMAT(19999999.999999999,4);
format(19999999.999999999, 4)
20,000,000.0000
SELECT FORMAT(4545456,9);
format(4545456, 9)
4,545,456.000000000
SELECT format(73829324324,0);
format(73829324324, 0)
73,829,324,324
SELECT FORMAT("-.12334.2",2);
format(-.12334.2, 2)
-0.12
SELECT FORMAT("12332.123456", 4);
format(12332.123456, 4)
12,332.1235
SELECT FORMAT("12332.1",4);
format(12332.1, 4)
12,332.1000
SELECT FORMAT("12332.2",0);
format(12332.2, 0)
12,332
SELECT FORMAT("19999999.999999999",4);
format(19999999.999999999, 4)
20,000,000.0000
SELECT FORMAT(12332.123456, "4");
format(12332.123456, 4)
12,332.1235
SELECT FORMAT(12332.1,"4");
format(12332.1, 4)
12,332.1000
SELECT FORMAT(12332.2,"0");
format(12332.2, 0)
12,332
SELECT FORMAT(19999999.999999999,"4");
format(19999999.999999999, 4)
20,000,000.0000
SELECT FORMAT("-.12334.2","2");
format(-.12334.2, 2)
-0.12
SELECT FORMAT("12332.123456", "4");
format(12332.123456, 4)
12,332.1235
SELECT FORMAT("12332.1","4");
format(12332.1, 4)
12,332.1000
SELECT FORMAT("12332.2","0");
format(12332.2, 0)
12,332
SELECT FORMAT("19999999.999999999","4");
format(19999999.999999999, 4)
20,000,000.0000
SELECT FORMAT("-.12334.2","2", "en_US");
format(-.12334.2, 2, en_US)
-0.12
SELECT FORMAT("12332.123456", "4", "en_US");
format(12332.123456, 4, en_US)
12,332.1235
SELECT FORMAT("12332.1","4",  "en_US");
format(12332.1, 4, en_US)
12,332.1000
SELECT FORMAT("12332.2","0",  "en_US");
format(12332.2, 0, en_US)
12,332
SELECT FORMAT("19999999.999999999","4", "en_US");
format(19999999.999999999, 4, en_US)
20,000,000.0000
SELECT FORMAT("-.12334.2","2", "ar_SA");
format(-.12334.2, 2, ar_SA)
-0.12
SELECT FORMAT("12332.123456", "4",  "ar_SA");
format(12332.123456, 4, ar_SA)
12332.1235
SELECT FORMAT("12332.1","4",  "ar_SA");
format(12332.1, 4, ar_SA)
12332.1000
SELECT FORMAT("12332.2","0",  "ar_SA");
format(12332.2, 0, ar_SA)
12332
SELECT FORMAT("19999999.999999999","4",  "ar_SA");
format(19999999.999999999, 4, ar_SA)
20000000.0000
SELECT FORMAT("-.12334.2","2", "be_BY");
format(-.12334.2, 2, be_BY)
-0,12
SELECT FORMAT("12332.123456", "4",  "be_BY");
format(12332.123456, 4, be_BY)
12.332,1235
SELECT FORMAT("12332.1","4",  "be_BY");
format(12332.1, 4, be_BY)
12.332,1000
SELECT FORMAT("12332.2","0",  "be_BY");
format(12332.2, 0, be_BY)
12.332
SELECT FORMAT("19999999.999999999","4",  "be_BY");
format(19999999.999999999, 4, be_BY)
20.000.000,0000
SELECT FORMAT("-.12334.2","2", "bg_BG");
format(-.12334.2, 2, bg_BG)
-0,12
SELECT FORMAT("12332.123456", "4",  "bg_BG");
format(12332.123456, 4, bg_BG)
12 332,1235
SELECT FORMAT("12332.1","4",  "bg_BG");
format(12332.1, 4, bg_BG)
12 332,1000
SELECT FORMAT("12332.2","0",  "bg_BG");
format(12332.2, 0, bg_BG)
12 332
SELECT FORMAT("19999999.999999999","4",  "bg_BG");
format(19999999.999999999, 4, bg_BG)
20 000 000,0000
SELECT FORMAT("-.12334.2","2", "de_CH");
format(-.12334.2, 2, de_CH)
-0.12
SELECT FORMAT("12332.123456", "4",  "de_CH");
format(12332.123456, 4, de_CH)
12'332.1235
SELECT FORMAT("12332.1","4",  "de_CH");
format(12332.1, 4, de_CH)
12'332.1000
SELECT FORMAT("12332.2","0",  "de_CH");
format(12332.2, 0, de_CH)
12'332
SELECT FORMAT("19999999.999999999","4",  "de_CH");
format(19999999.999999999, 4, de_CH)
20'000'000.0000
create table test(a varchar(100), b varchar(100));
insert into test values("-.12334.2","2");
insert into test values("12332.123456", "4");
insert into test values("12332.1","4");
insert into test values("12332.2","0");
insert into test values("19999999.999999999");
Column count doesn't match value count at row 1
SELECT FORMAT(a, b) from test;
format(a, b)
-0.12
12,332.1235
12,332.1000
12,332
SELECT FORMAT(a, b, null) from test;
format(a, b, null)
-0.12
12,332.1235
12,332.1000
12,332
SELECT FORMAT(a, b, "en_US") from test;
format(a, b, en_US)
-0.12
12,332.1235
12,332.1000
12,332
SELECT FORMAT(a, b, "ar_SA") from test;
format(a, b, ar_SA)
-0.12
12332.1235
12332.1000
12332
SELECT FORMAT(a, b, "be_BY") from test;
format(a, b, be_BY)
-0,12
12.332,1235
12.332,1000
12.332
SELECT FORMAT(a, b, "bg_BG") from test;
format(a, b, bg_BG)
-0,12
12 332,1235
12 332,1000
12 332
SELECT FORMAT(a, b, "de_CH") from test;
format(a, b, de_CH)
-0.12
12'332.1235
12'332.1000
12'332
drop table test;
create table test(a varchar(100), b varchar(100), c varchar(20));
insert into test values("-.12334.2","2", "en_US");
insert into test values("12332.123456", "4", "en_US");
insert into test values("12332.1","4", "en_US");
insert into test values("12332.2","0", "en_US");
insert into test values("19999999.999999999","en_US");
Column count doesn't match value count at row 1
create table test(a varchar(100), b varchar(100), c varchar(20));
table test already exists
insert into test values("-.12334.2","2", "de_CH");
insert into test values("12332.123456", "4", "de_CH");
insert into test values("12332.1","4", "de_CH");
insert into test values("12332.2","0", "de_CH");
insert into test values("19999999.999999999","de_CH");
Column count doesn't match value count at row 1
drop table test;
DROP TABLE IF EXISTS format_01;
CREATE TABLE format_01(id INT, d1 tinyint, d2 smallint unsigned, d3 int, d4 bigint unsigned, PRIMARY KEY (id));
INSERT INTO format_01 VALUES(1, -3, 46382, 46787698, 454987456415);
INSERT INTO format_01 VALUES(2, 126, NULL, 743482 , 938256415);
INSERT INTO format_01 VALUES(3, 21, 37821, 3782, 0);
INSERT INTO format_01 VALUES(4, 0, 0, 0, 0);
INSERT INTO format_01 VALUES(5, 127, 3892, 743482 , 938256415);
INSERT INTO format_01 VALUES(6, 22, 3, 4, 184467440737095516152);
Data truncation: data out of range: data type uint64, value '184467440737095516152'
SELECT format(d1, id) from format_01;
format(d1, id)
-3.0
126.00
21.000
0.0000
127.00000
SELECT format(d1, id, NULL) from format_01;
format(d1, id, null)
-3.0
126.00
21.000
0.0000
127.00000
SELECT format(d1, id, "en_US") from format_01;
format(d1, id, en_US)
-3.0
126.00
21.000
0.0000
127.00000
SELECT format(d1, id, "ar_SA") from format_01;
format(d1, id, ar_SA)
-3.0
126.00
21.000
0.0000
127.00000
SELECT format(d1, id, "be_BY") from format_01;
format(d1, id, be_BY)
-3,0
126,00
21,000
0,0000
127,00000
SELECT format(d1, id, "bg_BG") from format_01;
format(d1, id, bg_BG)
-3,0
126,00
21,000
0,0000
127,00000
SELECT * FROM format_01 WHERE format(d1,0) = 126;
id    d1    d2    d3    d4
2    126    null    743482    938256415
SELECT id FROM (SELECT * FROM format_01 WHERE format(d1,0) = 126) as a;
id
2
SELECT format(d1, id) FROM format_01 WHERE d3 % 2 = 0;
format(d1, id)
-3.0
126.00
21.000
0.0000
127.00000
SELECT format(d3, 4) FROM format_01 WHERE ABS(d3) > 1000;
format(d3, 4)
46,787,698.0000
743,482.0000
3,782.0000
743,482.0000
SELECT COUNT(format(d1, 2)) FROM format_01 GROUP BY d1;
count(format(d1, 2))
1
1
1
1
1
SELECT * FROM format_01 ORDER BY format(id, 0) DESC;
id    d1    d2    d3    d4
5    127    3892    743482    938256415
4    0    0    0    0
3    21    37821    3782    0
2    126    null    743482    938256415
1    -3    46382    46787698    454987456415
SELECT SIN(format(d1,2)), TAN(format(id, 0)), COS(format(id,0)) from format_01;
sin(format(d1, 2))    tan(format(id, 0))    cos(format(id, 0))
-0.1411200080598672    1.557407724654902    0.5403023058681398
0.3299908256737821    -2.185039863261519    -0.4161468365471424
0.836655638536056    -0.1425465430742778    -0.9899924966004454
0.0    1.1578212823495775    -0.6536436208636119
0.9726300672424079    -3.3805150062465854    0.2836621854632263
SELECT cot(format(45, 0)), ATAN(format(75, 0)), SINH(format(90, 1));
cot(format(45, 0))    atan(format(75, 0))    sinh(format(90, 1))
0.6173696237835573    1.557463783500751    6.102016471589204E38
SELECT EXP(format(4, 2));
exp(format(4, 2))
54.598150033144236
SELECT MAX(format(d1, id)), MIN(format(d3, 0)) from format_01;
max(format(d1, id))    min(format(d3, 0))
21.000    0
SELECT power(format(2,1), 2);
power(format(2, 1), 2)
4.0
SELECT COUNT(format(d3,2)) FROM format_01;
count(format(d3, 2))
5
SELECT ABS(format(d3,0)) FROM format_01;
invalid argument cast to int, bad value 46,787,698
SELECT SUM(format(id,2)) FROM format_01;
invalid argument aggregate function sum, bad value [VARCHAR]
SELECT CEIL(format(d3, 4))FROM format_01;
strconv.ParseFloat: parsing "46,787,698.0000": invalid syntax
SELECT ROUND(format(d4, 0)) FROM format_01;
invalid argument cast to int, bad value 454,987,456,415
DROP TABLE format_01;
DROP TABLE IF EXISTS format_02;
CREATE TABLE format_02(id INT, d1 FLOAT, d2 DOUBLE NOT NULL);
INSERT INTO format_02 VALUES(1, 1.2, 47832.434);
INSERT INTO format_02 VALUES(2, -3283.33, 73.32);
INSERT INTO format_02 VALUES(3, NULL, 32789.33);
INSERT INTO format_02 VALUES(4, 0, -38902093.4324);
INSERT INTO format_02 VALUES(5, 323232.0, 0);
INSERT INTO format_02 VALUES(6, 323, 37827329.43432);
INSERT INTO format_02 VALUES(6, -1.8976931348623157E+308, 0);
SQL parser error: You have an error in your SQL syntax; check the manual that corresponds to your MatrixOne server version for the right syntax to use. syntax error at line 1 column 56 near "1.8976931348623157E+308, 0);";
INSERT INTO format_02 VALUES(7, 328739232, NULL);
constraint violation: Column 'd2' cannot be null
INSERT INTO format_02 VALUES(8, 7382,3923404.2132421);
SELECT d1, d2 FROM format_02 WHERE format(d2,0) IS NOT NULL;
d1    d2
1.2    47832.434
-3283.33    73.32
null    32789.33
0.0    -3.89020934324E7
323232.0    0.0
323.0    3.782732943432E7
7382.0    3923404.2132421
SELECT * from format_02 WHERE format(d2, 3) NOT LIKE '47832.43%';
id    d1    d2
1    1.2    47832.434
2    -3283.33    73.32
3    null    32789.33
4    0.0    -3.89020934324E7
5    323232.0    0.0
6    323.0    3.782732943432E7
8    7382.0    3923404.2132421
SELECT format(d2, id) FROM format_02;
format(d2, id)
47,832.4
73.32
32,789.330
-38,902,093.4324
0.00000
37,827,329.434320
3,923,404.21324210
SELECT format(d2, id, NULL) from format_02;
format(d2, id, null)
47,832.4
73.32
32,789.330
-38,902,093.4324
0.00000
37,827,329.434320
3,923,404.21324210
SELECT format(d2, id, "en_US") from format_02;
format(d2, id, en_US)
47,832.4
73.32
32,789.330
-38,902,093.4324
0.00000
37,827,329.434320
3,923,404.21324210
SELECT format(d2,0)FROM format_02;
format(d2, 0)
47,832
73
32,789
-38,902,093
0
37,827,329
3,923,404
SELECT format(d1, id) FROM format_02 WHERE d2 % 2 = 0;
format(d1, id)
323,232.00000
SELECT format(d2, 4) FROM format_02 WHERE ABS(d2) > 1000;
format(d2, 4)
47,832.4340
32,789.3300
-38,902,093.4324
37,827,329.4343
3,923,404.2132
SELECT any_value(format(id,2)) FROM format_02;
any_value(format(id, 2))
1.00
SELECT d1, d2 FROM format_02 WHERE cast(format(id,0) as bigint) BETWEEN 0 AND 400;
d1    d2
1.2    47832.434
-3283.33    73.32
null    32789.33
0.0    -3.89020934324E7
323232.0    0.0
323.0    3.782732943432E7
7382.0    3923404.2132421
SELECT * from format_02 WHERE format(id, 1) like '1.2';
id    d1    d2
SELECT format(FLOOR(d2),4) FROM format_02;
format(floor(d2), 4)
47,832.0000
73.0000
32,789.0000
-38,902,094.0000
0.0000
37,827,329.0000
3,923,404.0000
SELECT format(CEIL(d2),6) FROM format_02;
format(ceil(d2), 6)
47,833.000000
74.000000
32,790.000000
-38,902,093.000000
0.000000
37,827,330.000000
3,923,405.000000
SELECT * FROM format_02 WHERE format(d2,0) IN ('73', '32789');
id    d1    d2
2    -3283.33    73.32
SELECT * FROM format_02 WHERE format(d2,0) NOT IN ('73', '32789');
id    d1    d2
1    1.2    47832.434
3    null    32789.33
4    0.0    -3.89020934324E7
5    323232.0    0.0
6    323.0    3.782732943432E7
8    7382.0    3923404.2132421
SELECT * from format_02 WHERE format(d2, 2) >= 0;
invalid argument cast to int, bad value 47,832.43
SELECT * FROM format_02 WHERE format(d2, 0) NOT BETWEEN 0 AND 100;
invalid argument cast to int, bad value 47,832
SELECT * FROM format_02 WHERE format(d2, 2) MOD 2 = 0;
invalid argument cast to int, bad value 47,832.43
SELECT concat_ws(format(d2,3),'abc') from format_02;
concat_ws(format(d2, 3), abc)
abc
abc
abc
abc
abc
abc
abc
SELECT LENGTH(format(d2,3)) from format_02;
length(format(d2, 3))
10
6
10
15
5
14
13
SELECT LPAD(format(d2,3),20,'**') from format_02;
lpad(format(d2, 3), 20, **)
**********47,832.434
**************73.320
**********32,789.330
*****-38,902,093.432
***************0.000
******37,827,329.434
*******3,923,404.213
SELECT RPAD(format(d1,2),20,'-') from format_02;
rpad(format(d1, 2), 20, -)
1.20----------------
-3,283.33-----------
null
0.00----------------
323,232.00----------
323.00--------------
7,382.00------------
SELECT format(d2,3) from format_02;
format(d2, 3)
47,832.434
73.320
32,789.330
-38,902,093.432
0.000
37,827,329.434
3,923,404.213
SELECT startswith(format(d2,1),'47823') from format_02 WHERE id = 1;
startswith(format(d2, 1), 47823)
false
SELECT endswith(format(d2,1),'32.4') from format_02 WHERE id = 1;
endswith(format(d2, 1), 32.4)
true
SELECT substring(format(d1,3),3,5) from format_02;
substring(format(d1, 3), 3, 5)
200
,283.
null
000
3,232
3.000
382.0
SELECT REVERSE(format(d1,5)) from format_02;
reverse(format(d1, 5))
00002.1
00033.382,3-
null
00000.0
00000.232,323
00000.323
00000.283,7
DROP TABLE format_02;
DROP TABLE IF EXISTS format_04;
CREATE TABLE format_04(a varchar(100), b varchar(100), c varchar(20));
INSERT INTO format_04 VALUES("-0.12334","2", "en_US");
INSERT INTO format_04 VALUES("12332.123456", "4", "en_US");
INSERT INTO format_04 VALUES("12332.1","4", "en_US");
INSERT INTO format_04 VALUES("12332.2","0", "en_US");
SELECT format(a, 4) from format_04;
format(a, 4)
-0.1233
12,332.1235
12,332.1000
12,332.2000
SELECT format(a, 2),format(b, 3) FROM format_04 WHERE b > 0;
format(a, 2)    format(b, 3)
-0.12    2.000
12,332.12    4.000
12,332.10    4.000
SELECT a,b,c FROM format_04 WHERE format(b,0) = 4;
a    b    c
12332.123456    4    en_US
12332.1    4    en_US
DROP table format_04;
DROP TABLE if exists format_05;
DROP TABLE if exists format_06;
CREATE TABLE format_05(
c1 int,
c2 bigint,
primary key (c1)
);
create TABLE format_06(
i int,
b bigint,
primary key (i)
);
INSERT INTO format_05 values ('111', '222'), ('000', '111'), ('-111', null);
INSERT INTO format_06 values (111, 999999), (0,0000000), (-1, null), (11111, 1);
SELECT c1, format(c1,1), i, format(i,1) from format_05 inner join format_06 on format_05.c1 = format_06.i order by c1 desc;
c1    format(c1, 1)    i    format(i, 1)
111    111.0    111    111.0
0    0.0    0    0.0
SELECT format(c2, 5) FROM format_05 join format_06 ON format_05.c1 = format_06.i;
format(c2, 5)
222.00000
111.00000
SELECT format_05.c1 from format_05 join format_06 ON format(format_05.c1,1) = format(format_06.i,1);
c1
111
0
SELECT format_06.i,format_06.b from format_05 left join format_06 ON format(format_05.c1,1) = format(format_06.i,1);
i    b
111    999999
0    0
null    null
DROP TABLE format_05;
DROP TABLE format_06;
drop table if exists t;
create table t(
d date,
dt datetime,
primary key (d)
);
insert into t values ('2022-12-04', '2022-12-04 00:03:36');
insert into t values ('2023-11-11', '2023-11-11 03:00:48');
select d, format(d, 1) from t order by d desc;
invalid argument function format, bad value [DATE BIGINT]
select d, format(d, 0) from t order by d desc;
invalid argument function format, bad value [DATE BIGINT]
select d, format(d, -1) from t order by d desc;
invalid argument function format, bad value [DATE BIGINT]
select d, format(d, length("123456789")) from t order by d desc;
invalid argument function format, bad value [DATE BIGINT]
select dt, format(dt, 1) from t order by dt desc;
invalid argument function format, bad value [DATETIME BIGINT]
select dt, format(dt, 0) from t order by dt desc;
invalid argument function format, bad value [DATETIME BIGINT]
select dt, format(dt, -1) from t order by dt desc;
invalid argument function format, bad value [DATETIME BIGINT]
select dt, format(dt, length("123456789")) from t order by dt desc;
invalid argument function format, bad value [DATETIME BIGINT]
drop table t;
drop table if exists t;
create table t(
i int,
b bigint,
primary key (i)
);
insert into t values (-1, null), (0000000000000000, 1);
select b, format(b, 1) from t order by b desc;
b    format(b, 1)
1    1.0
null    null
select b, format(b, 0) from t order by b desc;
b    format(b, 0)
1    1
null    null
select b, format(b, -1) from t order by b desc;
b    format(b, -1)
1    1
null    null
select b, format(b, '1') from t order by b desc;
b    format(b, 1)
1    1.0
null    null
select b, format(b, '-1') from t order by b desc;
b    format(b, -1)
1    1
null    null
select b, format(b, '0') from t order by b desc;
b    format(b, 0)
1    1
null    null
select b, format(b, 'x') from t order by b desc;
b    format(b, x)
1    1
null    null
drop table t;
drop table if exists t1;
drop table if exists t2;
create table t1(
c1 int,
c2 bigint,
primary key (c1)
);
create table t2(
i int,
b bigint,
primary key (i)
);
insert into t1 values ('111', '222'), ('000', '111'), ('-111', null);
insert into t2 values (111, 999999), (0,0000000), (-1, null), (11111, 1);
select c1, format(c1,1), i, format(i,1) from t1 left join t2 on t1.c1 = t2.i order by c1 desc;
c1    format(c1, 1)    i    format(i, 1)
111    111.0    111    111.0
0    0.0    0    0.0
-111    -111.0    null    null
select c1, format(c1,1), i, format(i,1) from t1 right join t2 on t1.c1 = t2.i order by c1 desc;
c1    format(c1, 1)    i    format(i, 1)
111    111.0    111    111.0
0    0.0    0    0.0
null    null    -1    -1.0
null    null    11111    11,111.0
drop table t1;
drop table t2;
SELECT FORMAT("12332.2", "2","ca_ES");
format(12332.2, 2, ca_ES)
12332,20
SELECT FORMAT("12332.2", "2","de_AT");
format(12332.2, 2, de_AT)
12332,20
SELECT FORMAT("12332.2", "2","el_GR");
format(12332.2, 2, el_GR)
12332,20
SELECT FORMAT("12332.2", "2","eu_ES");
format(12332.2, 2, eu_ES)
12332,20
SELECT FORMAT("12332.2", "2","fr_BE");
format(12332.2, 2, fr_BE)
12332,20
SELECT FORMAT("12332.2", "2","fr_CA");
format(12332.2, 2, fr_CA)
12332,20
SELECT FORMAT("12332.2", "2","fr_CH");
format(12332.2, 2, fr_CH)
12332,20
SELECT FORMAT("12332.2", "2","fr_FR");
format(12332.2, 2, fr_FR)
12332,20
SELECT FORMAT("12332.2", "2","fr_LU");
format(12332.2, 2, fr_LU)
12332,20
SELECT FORMAT("12332.2", "2","gl_ES");
format(12332.2, 2, gl_ES)
12332,20
SELECT FORMAT("12332.2", "2","hr_HR");
format(12332.2, 2, hr_HR)
12332,20
SELECT FORMAT("12332.2", "2","it_IT");
format(12332.2, 2, it_IT)
12332,20
SELECT FORMAT("12332.2", "2","nl_BE");
format(12332.2, 2, nl_BE)
12332,20
SELECT FORMAT("12332.2", "2","nl_NL");
format(12332.2, 2, nl_NL)
12332,20
SELECT FORMAT("12332.2", "2","pl_PL");
format(12332.2, 2, pl_PL)
12332,20
SELECT FORMAT("12332.2", "2","pt_BR");
format(12332.2, 2, pt_BR)
12332,20
SELECT FORMAT("12332.2", "2","pt_PT");
format(12332.2, 2, pt_PT)
12332,20
SELECT FORMAT("12332.2", "2","sl_SI");
format(12332.2, 2, sl_SI)
12332,20
SELECT FORMAT("12332.2", "2","it_CH");
format(12332.2, 2, it_CH)
12'332,20
SELECT FORMAT("12332.2", "2","rm_CH");
format(12332.2, 2, rm_CH)
12'332,20
SELECT FORMAT("12332.2", "2","ro_RO");
format(12332.2, 2, ro_RO)
12.332,20
