drop database if exists arrayagg;
create database arrayagg;
use arrayagg;
CREATE TABLE employees (
id INT,
name VARCHAR(50),
department VARCHAR(30),
salary DECIMAL(10,2),
hire_date DATE
);
INSERT INTO employees VALUES
(1, 'Alice Johnson', 'Engineering', 75000.00, '2020-03-15'),
(2, 'Bob Smith', 'Engineering', 68000.00, '2019-07-22'),
(3, 'Carol Davis', 'Engineering', 82000.00, '2018-11-08'),
(4, 'David Wilson', 'Marketing', 55000.00, '2021-01-10'),
(5, 'Eva Brown', 'Marketing', 62000.00, '2020-09-05'),
(6, 'Frank Miller', 'Sales', 48000.00, '2021-06-18'),
(7, 'Grace Lee', 'Sales', 51000.00, '2020-12-03');
SELECT JSON_ARRAYAGG(name) as all_employees
FROM employees;
â¤ all_employees[-1,2147483647,0]  ğ„€
["Alice Johnson", "Bob Smith", "Carol Davis", "David Wilson", "Eva Brown", "Frank Miller", "Grace Lee"]
SELECT
department,
JSON_ARRAYAGG(name) as department_employees
FROM employees
GROUP BY department;
â¤ department[12,-1,0]  Â¦  department_employees[-1,2147483647,0]  ğ„€
Engineering  Â¦  ["Alice Johnson", "Bob Smith", "Carol Davis"]  ğ„€
Marketing  Â¦  ["David Wilson", "Eva Brown"]  ğ„€
Sales  Â¦  ["Frank Miller", "Grace Lee"]
SELECT
department,
JSON_ARRAYAGG(
JSON_OBJECT(
'id', id,
'name', name,
'salary', salary,
'hire_date', hire_date
)
) as employees_details
FROM employees
GROUP BY department;
â¤ department[12,-1,0]  Â¦  employees_details[-1,2147483647,0]  ğ„€
Engineering  Â¦  [{"hire_date": "2020-03-15", "id": 1, "name": "Alice Johnson", "salary": 75000}, {"hire_date": "2019-07-22", "id": 2, "name": "Bob Smith", "salary": 68000}, {"hire_date": "2018-11-08", "id": 3, "name": "Carol Davis", "salary": 82000}]  ğ„€
Marketing  Â¦  [{"hire_date": "2021-01-10", "id": 4, "name": "David Wilson", "salary": 55000}, {"hire_date": "2020-09-05", "id": 5, "name": "Eva Brown", "salary": 62000}]  ğ„€
Sales  Â¦  [{"hire_date": "2021-06-18", "id": 6, "name": "Frank Miller", "salary": 48000}, {"hire_date": "2020-12-03", "id": 7, "name": "Grace Lee", "salary": 51000}]
SELECT
department,
JSON_ARRAYAGG(name) as employees_by_salary
FROM (
SELECT
department,
name,
ROW_NUMBER() OVER (PARTITION BY department ORDER BY salary DESC) as rn
FROM employees
) ranked
GROUP BY department;
â¤ department[12,-1,0]  Â¦  employees_by_salary[-1,2147483647,0]  ğ„€
Engineering  Â¦  ["Carol Davis", "Alice Johnson", "Bob Smith"]  ğ„€
Marketing  Â¦  ["Eva Brown", "David Wilson"]  ğ„€
Sales  Â¦  ["Grace Lee", "Frank Miller"]
SELECT JSON_ARRAYAGG(department) as departments
FROM (
SELECT DISTINCT department
FROM employees
) unique_departments;
â¤ departments[-1,2147483647,0]  ğ„€
["Engineering", "Marketing", "Sales"]
SELECT JSON_ARRAYAGG(department) as departments
FROM (
SELECT department
FROM employees
GROUP BY department
) grouped_departments;
â¤ departments[-1,2147483647,0]  ğ„€
["Engineering", "Marketing", "Sales"]
SELECT JSON_ARRAY(
(SELECT GROUP_CONCAT(DISTINCT department SEPARATOR '","') FROM employees)
) as departments;
â¤ departments[-1,2147483647,0]  ğ„€
["Engineering\",\"Marketing\",\"Sales"]
SELECT CONCAT('[',
GROUP_CONCAT(
JSON_OBJECT('name', department, 'count', dept_count)
SEPARATOR ','
),
']') as department_stats
FROM (
SELECT
department,
COUNT(*) as dept_count
FROM employees
GROUP BY department
ORDER BY department
) dept_summary;
â¤ department_stats[12,-1,0]  ğ„€
[{"count": 3, "name": "Engineering"},{"count": 2, "name": "Marketing"},{"count": 2, "name": "Sales"}]
SELECT CONCAT('[',
GROUP_CONCAT(
JSON_OBJECT('name', department, 'count', dept_count)
SEPARATOR ','
),
']') as department_stats
FROM (
SELECT
department,
COUNT(*) as dept_count
FROM employees
GROUP BY department
ORDER BY department
) dept_summary;
â¤ department_stats[12,-1,0]  ğ„€
[{"count": 3, "name": "Engineering"},{"count": 2, "name": "Marketing"},{"count": 2, "name": "Sales"}]
SELECT
JSON_OBJECT(
'departments', JSON_OBJECTAGG(
department,
JSON_OBJECT(
'employee_count', employee_count,
'employees', employees,
'avg_salary', avg_salary
)
)
) as company_structure
FROM (
SELECT
department,
COUNT(*) as employee_count,
JSON_ARRAYAGG(name) as employees,
AVG(salary) as avg_salary
FROM employees
GROUP BY department
) dept_summary;
â¤ company_structure[-1,2147483647,0]  ğ„€
{"departments": {"Engineering": {"avg_salary": 75000, "employee_count": 3, "employees": ["Alice Johnson", "Bob Smith", "Carol Davis"]}, "Marketing": {"avg_salary": 58500, "employee_count": 2, "employees": ["David Wilson", "Eva Brown"]}, "Sales": {"avg_salary": 49500, "employee_count": 2, "employees": ["Frank Miller", "Grace Lee"]}}}
drop table if exists user_permissions;
CREATE TABLE user_permissions (
user_id INT,
permission VARCHAR(50)
);
INSERT INTO user_permissions VALUES
(1, 'read_users'),
(1, 'write_users'),
(1, 'read_reports'),
(1, 'admin_panel'),
(2, 'read_users'),
(2, 'read_reports'),
(3, 'read_users'),
(3, 'write_users'),
(3, 'read_reports'),
(3, 'write_reports');
SELECT
user_id,
JSON_ARRAYAGG(permission) as permissions
FROM user_permissions
GROUP BY user_id;
â¤ user_id[4,32,0]  Â¦  permissions[-1,2147483647,0]  ğ„€
1  Â¦  ["read_users", "write_users", "read_reports", "admin_panel"]  ğ„€
2  Â¦  ["read_users", "read_reports"]  ğ„€
3  Â¦  ["read_users", "write_users", "read_reports", "write_reports"]
drop table if exists product_tags;
CREATE TABLE product_tags (
product_id INT,
tag VARCHAR(30)
);
INSERT INTO product_tags VALUES
(1, 'electronics'),
(1, 'smartphone'),
(1, 'apple'),
(1, 'premium'),
(2, 'electronics'),
(2, 'laptop'),
(2, 'apple'),
(2, 'professional'),
(3, 'home'),
(3, 'kitchen'),
(3, 'appliance'),
(4, 'furniture'),
(4, 'office'),
(4, 'ergonomic');
SELECT
product_id,
JSON_ARRAYAGG(tag) as tags
FROM product_tags
GROUP BY product_id;
â¤ product_id[4,32,0]  Â¦  tags[-1,2147483647,0]  ğ„€
1  Â¦  ["electronics", "smartphone", "apple", "premium"]  ğ„€
2  Â¦  ["electronics", "laptop", "apple", "professional"]  ğ„€
3  Â¦  ["home", "kitchen", "appliance"]  ğ„€
4  Â¦  ["furniture", "office", "ergonomic"]
CREATE TABLE order_items (
order_id INT,
product_name VARCHAR(50),
quantity INT,
price DECIMAL(10,2)
);
INSERT INTO order_items VALUES
(1001, 'iPhone 14', 1, 999.99),
(1001, 'iPhone Case', 1, 29.99),
(1001, 'Screen Protector', 2, 15.99),
(1002, 'MacBook Pro', 1, 1299.99),
(1002, 'USB-C Hub', 1, 79.99),
(1003, 'Coffee Mug', 3, 12.99),
(1003, 'Notebook', 5, 8.99);
SELECT
order_id,
JSON_ARRAYAGG(
JSON_OBJECT(
'product', product_name,
'qty', quantity,
'price', price,
'subtotal', quantity * price
)
) as order_items,
SUM(quantity * price) as total_amount
FROM order_items
GROUP BY order_id;
â¤ order_id[4,32,0]  Â¦  order_items[-1,2147483647,0]  Â¦  total_amount[3,38,2]  ğ„€
1001  Â¦  [{"price": 999.99, "product": "iPhone 14", "qty": 1, "subtotal": 999.99}, {"price": 29.99, "product": "iPhone Case", "qty": 1, "subtotal": 29.99}, {"price": 15.99, "product": "Screen Protector", "qty": 2, "subtotal": 31.98}]  Â¦  1061.96  ğ„€
1002  Â¦  [{"price": 1299.99, "product": "MacBook Pro", "qty": 1, "subtotal": 1299.99}, {"price": 79.99, "product": "USB-C Hub", "qty": 1, "subtotal": 79.99}]  Â¦  1379.98  ğ„€
1003  Â¦  [{"price": 12.99, "product": "Coffee Mug", "qty": 3, "subtotal": 38.97}, {"price": 8.99, "product": "Notebook", "qty": 5, "subtotal": 44.95}]  Â¦  83.92
CREATE TABLE daily_sales (
product_id INT,
sale_date DATE,
sales_amount DECIMAL(10,2)
);
INSERT INTO daily_sales VALUES
(1, '2024-01-01', 1500.00),
(1, '2024-01-02', 1200.00),
(1, '2024-01-03', 1800.00),
(1, '2024-01-04', 1350.00),
(2, '2024-01-01', 800.00),
(2, '2024-01-02', 950.00),
(2, '2024-01-03', 1100.00),
(2, '2024-01-04', 750.00);
SELECT
product_id,
JSON_ARRAYAGG(
JSON_OBJECT(
'date', sale_date,
'amount', sales_amount
)
) as sales_timeline
FROM (
SELECT product_id, sale_date, sales_amount
FROM daily_sales
ORDER BY product_id, sale_date
) ordered_sales
GROUP BY product_id;
â¤ product_id[4,32,0]  Â¦  sales_timeline[-1,2147483647,0]  ğ„€
1  Â¦  [{"amount": 1500, "date": "2024-01-01"}, {"amount": 1200, "date": "2024-01-02"}, {"amount": 1800, "date": "2024-01-03"}, {"amount": 1350, "date": "2024-01-04"}]  ğ„€
2  Â¦  [{"amount": 800, "date": "2024-01-01"}, {"amount": 950, "date": "2024-01-02"}, {"amount": 1100, "date": "2024-01-03"}, {"amount": 750, "date": "2024-01-04"}]
CREATE TABLE role_permissions (
role_name VARCHAR(30),
permission VARCHAR(50)
);
CREATE TABLE user_roles (
user_id INT,
role_name VARCHAR(30)
);
INSERT INTO role_permissions VALUES
('admin', 'read_users'),
('admin', 'write_users'),
('admin', 'delete_users'),
('admin', 'admin_panel'),
('editor', 'read_users'),
('editor', 'write_reports'),
('viewer', 'read_users'),
('viewer', 'read_reports');
INSERT INTO user_roles VALUES
(1, 'admin'),
(2, 'editor'),
(2, 'viewer'),
(3, 'viewer');
SELECT
user_id,
JSON_OBJECTAGG(
role_name,
permissions_array
) as user_permissions
FROM (
SELECT
ur.user_id,
ur.role_name,
JSON_ARRAYAGG(rp.permission) as permissions_array
FROM user_roles ur
JOIN role_permissions rp ON ur.role_name = rp.role_name
GROUP BY ur.user_id, ur.role_name
) role_permissions_grouped
GROUP BY user_id;
â¤ user_id[4,32,0]  Â¦  user_permissions[-1,2147483647,0]  ğ„€
1  Â¦  {"admin": ["read_users", "write_users", "delete_users", "admin_panel"]}  ğ„€
2  Â¦  {"editor": ["read_users", "write_reports"], "viewer": ["read_users", "read_reports"]}  ğ„€
3  Â¦  {"viewer": ["read_users", "read_reports"]}
SELECT
user_id,
JSON_OBJECTAGG(
role_name,
permissions_array
) as user_permissions
FROM (
SELECT
ur.user_id,
ur.role_name,
JSON_ARRAYAGG(rp.permission) as permissions_array
FROM user_roles ur
JOIN role_permissions rp ON ur.role_name = rp.role_name
GROUP BY ur.user_id, ur.role_name
) role_permissions_grouped
GROUP BY user_id;
â¤ user_id[4,32,0]  Â¦  user_permissions[-1,2147483647,0]  ğ„€
1  Â¦  {"admin": ["read_users", "write_users", "delete_users", "admin_panel"]}  ğ„€
2  Â¦  {"editor": ["read_users", "write_reports"], "viewer": ["read_users", "read_reports"]}  ğ„€
3  Â¦  {"viewer": ["read_users", "read_reports"]}
drop table if exists products;
CREATE TABLE products (
id INT,
name VARCHAR(50),
description TEXT,
price DECIMAL(10,2),
category VARCHAR(30)
);
INSERT INTO products VALUES
(1, 'iPhone 14', 'Latest Apple smartphone with advanced features', 999.99, 'Electronics'),
(2, 'MacBook Pro', NULL, 1299.99, 'Electronics'),  -- NULL æè¿°
(3, 'Coffee Mug', 'Ceramic mug perfect for morning coffee', 15.99, 'Home'),
(4, 'Desk Chair', NULL, 199.99, 'Furniture'),      -- NULL æè¿°
(5, 'Notebook', 'High-quality paper notebook for writing', 8.99, 'Office'),
(6, 'Wireless Mouse', NULL, 29.99, 'Electronics'), -- NULL æè¿°
(7, 'Table Lamp', 'Modern LED table lamp with adjustable brightness', 45.99, 'Home');
SELECT JSON_ARRAYAGG(description) as all_descriptions
FROM products;
â¤ all_descriptions[-1,2147483647,0]  ğ„€
["Latest Apple smartphone with advanced features", null, "Ceramic mug perfect for morning coffee", null, "High-quality paper notebook for writing", null, "Modern LED table lamp with adjustable brightness"]
SELECT JSON_ARRAYAGG(description) as non_null_descriptions
FROM products
WHERE description IS NOT NULL;
â¤ non_null_descriptions[-1,2147483647,0]  ğ„€
["Latest Apple smartphone with advanced features", "Ceramic mug perfect for morning coffee", "High-quality paper notebook for writing", "Modern LED table lamp with adjustable brightness"]
SELECT
category,
JSON_ARRAYAGG(name) as product_names,
JSON_ARRAYAGG(description) as all_descriptions,
JSON_ARRAYAGG(
CASE
WHEN description IS NOT NULL THEN description
ELSE CONCAT('No description for ', name)
END
) as descriptions_with_fallback
FROM products
GROUP BY category;
â¤ category[12,-1,0]  Â¦  product_names[-1,2147483647,0]  Â¦  all_descriptions[-1,2147483647,0]  Â¦  descriptions_with_fallback[-1,2147483647,0]  ğ„€
Electronics  Â¦  ["iPhone 14", "MacBook Pro", "Wireless Mouse"]  Â¦  ["Latest Apple smartphone with advanced features", null, null]  Â¦  ["Latest Apple smartphone with advanced features", "No description for MacBook Pro", "No description for Wireless Mouse"]  ğ„€
Home  Â¦  ["Coffee Mug", "Table Lamp"]  Â¦  ["Ceramic mug perfect for morning coffee", "Modern LED table lamp with adjustable brightness"]  Â¦  ["Ceramic mug perfect for morning coffee", "Modern LED table lamp with adjustable brightness"]  ğ„€
Furniture  Â¦  ["Desk Chair"]  Â¦  [null]  Â¦  ["No description for Desk Chair"]  ğ„€
Office  Â¦  ["Notebook"]  Â¦  ["High-quality paper notebook for writing"]  Â¦  ["High-quality paper notebook for writing"]
SELECT
category,
JSON_ARRAYAGG(
JSON_OBJECT(
'name', name,
'description', description,
'price', price
)
) as products_with_descriptions
FROM products
WHERE description IS NOT NULL
GROUP BY category;
â¤ category[12,-1,0]  Â¦  products_with_descriptions[-1,2147483647,0]  ğ„€
Electronics  Â¦  [{"description": "Latest Apple smartphone with advanced features", "name": "iPhone 14", "price": 999.99}]  ğ„€
Home  Â¦  [{"description": "Ceramic mug perfect for morning coffee", "name": "Coffee Mug", "price": 15.99}, {"description": "Modern LED table lamp with adjustable brightness", "name": "Table Lamp", "price": 45.99}]  ğ„€
Office  Â¦  [{"description": "High-quality paper notebook for writing", "name": "Notebook", "price": 8.99}]
SELECT
JSON_OBJECT(
'category', category,
'products', JSON_ARRAYAGG(
JSON_OBJECT(
'id', id,
'name', name,
'price', price,
'description', COALESCE(description, ''),
'hasDescription', description IS NOT NULL
)
)
) as category_data
FROM products
GROUP BY category;
â¤ category_data[-1,2147483647,0]  ğ„€
{"category": "Electronics", "products": [{"description": "Latest Apple smartphone with advanced features", "hasDescription": true, "id": 1, "name": "iPhone 14", "price": 999.99}, {"description": "", "hasDescription": false, "id": 2, "name": "MacBook Pro", "price": 1299.99}, {"description": "", "hasDescription": false, "id": 6, "name": "Wireless Mouse", "price": 29.99}]}  ğ„€
{"category": "Home", "products": [{"description": "Ceramic mug perfect for morning coffee", "hasDescription": true, "id": 3, "name": "Coffee Mug", "price": 15.99}, {"description": "Modern LED table lamp with adjustable brightness", "hasDescription": true, "id": 7, "name": "Table Lamp", "price": 45.99}]}  ğ„€
{"category": "Furniture", "products": [{"description": "", "hasDescription": false, "id": 4, "name": "Desk Chair", "price": 199.99}]}  ğ„€
{"category": "Office", "products": [{"description": "High-quality paper notebook for writing", "hasDescription": true, "id": 5, "name": "Notebook", "price": 8.99}]}
SELECT
category,
CASE
WHEN COUNT(description) > 0 THEN JSON_ARRAYAGG(description)
ELSE JSON_ARRAY()
END as descriptions
FROM products
WHERE description IS NOT NULL
GROUP BY category;
â¤ category[12,-1,0]  Â¦  descriptions[-1,2147483647,0]  ğ„€
Electronics  Â¦  ["Latest Apple smartphone with advanced features"]  ğ„€
Home  Â¦  ["Ceramic mug perfect for morning coffee", "Modern LED table lamp with adjustable brightness"]  ğ„€
Office  Â¦  ["High-quality paper notebook for writing"]
SELECT
category,
COUNT(*) as total_products,
COUNT(description) as products_with_description,
COUNT(*) - COUNT(description) as products_without_description,
JSON_ARRAYAGG(
JSON_OBJECT(
'name', name,
'has_description', description IS NOT NULL,
'description', description
)
) as product_details
FROM products
GROUP BY category;
â¤ category[12,-1,0]  Â¦  total_products[-5,64,0]  Â¦  products_with_description[-5,64,0]  Â¦  products_without_description[-5,64,0]  Â¦  product_details[-1,2147483647,0]  ğ„€
Electronics  Â¦  3  Â¦  1  Â¦  2  Â¦  [{"description": "Latest Apple smartphone with advanced features", "has_description": true, "name": "iPhone 14"}, {"description": null, "has_description": false, "name": "MacBook Pro"}, {"description": null, "has_description": false, "name": "Wireless Mouse"}]  ğ„€
Home  Â¦  2  Â¦  2  Â¦  0  Â¦  [{"description": "Ceramic mug perfect for morning coffee", "has_description": true, "name": "Coffee Mug"}, {"description": "Modern LED table lamp with adjustable brightness", "has_description": true, "name": "Table Lamp"}]  ğ„€
Furniture  Â¦  1  Â¦  0  Â¦  1  Â¦  [{"description": null, "has_description": false, "name": "Desk Chair"}]  ğ„€
Office  Â¦  1  Â¦  1  Â¦  0  Â¦  [{"description": "High-quality paper notebook for writing", "has_description": true, "name": "Notebook"}]
drop table if exists product_attributes;
CREATE TABLE product_attributes (
product_id INT,
attribute_name VARCHAR(50),
string_value VARCHAR(255),
numeric_value DECIMAL(10,2),
date_value DATE
);
INSERT INTO product_attributes VALUES
(1, 'color', 'Black', NULL, NULL),
(1, 'weight', NULL, 0.17, NULL),
(1, 'release_date', NULL, NULL, '2023-09-15'),
(1, 'warranty', '1 year', NULL, NULL),
(2, 'color', NULL, NULL, NULL),  -- å®Œå…¨ NULL çš„è®°å½•
(2, 'price_range', 'Premium', NULL, NULL);
SELECT
product_id,
JSON_ARRAYAGG(
JSON_OBJECT(
'attribute', attribute_name,
'value', COALESCE(
string_value,
CAST(numeric_value AS CHAR),
CAST(date_value AS CHAR),
'N/A'
)
)
) as attributes
FROM product_attributes
GROUP BY product_id;
â¤ product_id[4,32,0]  Â¦  attributes[-1,2147483647,0]  ğ„€
1  Â¦  [{"attribute": "color", "value": "Black"}, {"attribute": "weight", "value": "0.17"}, {"attribute": "release_date", "value": "2023-09-15"}, {"attribute": "warranty", "value": "1 year"}]  ğ„€
2  Â¦  [{"attribute": "color", "value": "N/A"}, {"attribute": "price_range", "value": "Premium"}]
SELECT
category,
JSON_ARRAYAGG(
COALESCE(description, CONCAT('Default description for ', name))
) as descriptions_with_defaults
FROM products
GROUP BY category;
â¤ category[12,-1,0]  Â¦  descriptions_with_defaults[-1,2147483647,0]  ğ„€
Electronics  Â¦  ["Latest Apple smartphone with advanced features", "Default description for MacBook Pro", "Default description for Wireless Mouse"]  ğ„€
Home  Â¦  ["Ceramic mug perfect for morning coffee", "Modern LED table lamp with adjustable brightness"]  ğ„€
Furniture  Â¦  ["Default description for Desk Chair"]  ğ„€
Office  Â¦  ["High-quality paper notebook for writing"]
drop table if exists orders;
create table orders (
order_id INT,
product_id INT,
quantity INT,
notes TEXT
);
insert into orders values
(1001, 1, 2, 'Gift wrap requested'),
(1001, 3, 1, NULL),
(1001, 5, 3, 'Express delivery'),
(1002, 2, 1, NULL),
(1002, 4, 1, NULL);
SELECT
o.order_id,
JSON_ARRAYAGG(
JSON_OBJECT(
'product', p.name,
'quantity', o.quantity,
'notes', COALESCE(o.notes, 'No special notes'),
'has_notes', o.notes IS NOT NULL
)
) as order_items
FROM orders o
JOIN products p ON o.product_id = p.id
GROUP BY o.order_id;
â¤ order_id[4,32,0]  Â¦  order_items[-1,2147483647,0]  ğ„€
1001  Â¦  [{"has_notes": true, "notes": "Gift wrap requested", "product": "iPhone 14", "quantity": 2}, {"has_notes": false, "notes": "No special notes", "product": "Coffee Mug", "quantity": 1}, {"has_notes": true, "notes": "Express delivery", "product": "Notebook", "quantity": 3}]  ğ„€
1002  Â¦  [{"has_notes": false, "notes": "No special notes", "product": "MacBook Pro", "quantity": 1}, {"has_notes": false, "notes": "No special notes", "product": "Desk Chair", "quantity": 1}]
drop table orders;
drop table products;
drop database arrayagg;
