SELECT CAST('2006-09-26' AS DATE) + INTERVAL 1 DAY;
cast(2006-09-26 as date) + INTERVAL(1, day)
2006-09-27
SELECT CAST('2006-09-26' AS DATE) + INTERVAL 1 MONTH;
cast(2006-09-26 as date) + INTERVAL(1, month)
2006-10-26
SELECT CAST('2006-09-26' AS DATE) + INTERVAL 1 YEAR;
cast(2006-09-26 as date) + INTERVAL(1, year)
2007-09-26
SELECT CAST('2006-09-26' AS DATE) + INTERVAL 1 WEEK;
cast(2006-09-26 as date) + INTERVAL(1, week)
2006-10-03
create table t1 (a int, b varchar(10));
insert into t1 values (1, '2001-01-01'),(2, '2002-02-02');
select '2007-01-01' + interval a day from t1;
2007-01-01 + interval(a, day)
2007-01-02
2007-01-03
select b + interval a day from t1;
b + interval(a, day)
2001-01-02
2002-02-04
drop table t1;
SELECT ADDDATE(DATE'2021-01-01', INTERVAL 1 DAY);
ADDDATE(DATE(2021-01-01), INTERVAL(1, day))
2021-01-02
SELECT ADDDATE(DATE'2021-01-01', INTERVAL 1 HOUR);
ADDDATE(DATE(2021-01-01), INTERVAL(1, hour))
2021-01-01 01:00:00
SELECT ADDDATE(TIMESTAMP'2021-01-01 00:00:00', INTERVAL 1 DAY);
ADDDATE(TIMESTAMP(2021-01-01 00:00:00), INTERVAL(1, day))
2021-01-02 00:00:00
SELECT ADDDATE(TIMESTAMP'2021-01-01 00:00:00', INTERVAL 1 HOUR);
ADDDATE(TIMESTAMP(2021-01-01 00:00:00), INTERVAL(1, hour))
2021-01-01 01:00:00
SELECT '2021-01-01 00:00:00' + INTERVAL '1' DAY AS is_tomorrow, DATE(ts)
FROM (SELECT ADDDATE(DATE'2000-01-01', INTERVAL 1 DAY) AS ts) AS dt;
is_tomorrow    DATE(ts)
2021-01-02 00:00:00    2000-01-02
SELECT ADDDATE(TIMESTAMP'2023-01-01 00:00', INTERVAL 1 DAY);
ADDDATE(TIMESTAMP(2023-01-01 00:00), INTERVAL(1, day))
2023-01-02 00:00:00
SELECT ADDDATE(TIMESTAMP'2023-01-01 00:00', INTERVAL 1 HOUR);
ADDDATE(TIMESTAMP(2023-01-01 00:00), INTERVAL(1, hour))
2023-01-01 01:00:00
SELECT ADDDATE(TIME'00:00:00', INTERVAL 1 HOUR);
ADDDATE(TIME(00:00:00), INTERVAL(1, hour))
01:00:00
SELECT ADDDATE('2021-01-01', INTERVAL 1 DAY);
ADDDATE(2021-01-01, INTERVAL(1, day))
2021-01-02
SELECT ADDDATE('2021-01-01', INTERVAL 1 HOUR);
ADDDATE(2021-01-01, INTERVAL(1, hour))
2021-01-01 01:00:00
SELECT ADDDATE('2021-01-01 00:00:00', INTERVAL 1 DAY);
ADDDATE(2021-01-01 00:00:00, INTERVAL(1, day))
2021-01-02 00:00:00
SELECT ADDDATE('2021-01-01 00:00:00', INTERVAL 1 HOUR);
ADDDATE(2021-01-01 00:00:00, INTERVAL(1, hour))
2021-01-01 01:00:00
SELECT ADDDATE('00:00:00', INTERVAL 1 DAY);
ADDDATE(00:00:00, INTERVAL(1, day))
null
SELECT ADDDATE('00:00:00', INTERVAL 1 HOUR);
ADDDATE(00:00:00, INTERVAL(1, hour))
null
select date_add("1997-12-31 23:59:59",INTERVAL 1 SECOND);
date_add(1997-12-31 23:59:59, INTERVAL(1, second))
1998-01-01 00:00:00
select date_add("1997-12-31 23:59:59",INTERVAL 1 MINUTE);
date_add(1997-12-31 23:59:59, INTERVAL(1, minute))
1998-01-01 00:00:59
select date_add("1997-12-31 23:59:59",INTERVAL 1 HOUR);
date_add(1997-12-31 23:59:59, INTERVAL(1, hour))
1998-01-01 00:59:59
select date_add("1997-12-31 23:59:59",INTERVAL 1 DAY);
date_add(1997-12-31 23:59:59, INTERVAL(1, day))
1998-01-01 23:59:59
select date_add("1997-12-31 23:59:59",INTERVAL 1 MONTH);
date_add(1997-12-31 23:59:59, INTERVAL(1, month))
1998-01-31 23:59:59
select date_add("1997-12-31 23:59:59",INTERVAL 1 YEAR);
date_add(1997-12-31 23:59:59, INTERVAL(1, year))
1998-12-31 23:59:59
select date_add("1997-12-31 23:59:59",INTERVAL "1:1" MINUTE_SECOND);
date_add(1997-12-31 23:59:59, INTERVAL(1:1, minute_second))
1998-01-01 00:01:00
select date_add("1997-12-31 23:59:59",INTERVAL "1:1" HOUR_MINUTE);
date_add(1997-12-31 23:59:59, INTERVAL(1:1, hour_minute))
1998-01-01 01:00:59
select date_add("1997-12-31 23:59:59",INTERVAL "1:1" DAY_HOUR);
date_add(1997-12-31 23:59:59, INTERVAL(1:1, day_hour))
1998-01-02 00:59:59
select date_add("1997-12-31 23:59:59",INTERVAL "1 1" YEAR_MONTH);
date_add(1997-12-31 23:59:59, INTERVAL(1 1, year_month))
1999-01-31 23:59:59
select date_add("1997-12-31 23:59:59",INTERVAL "1:1:1" HOUR_SECOND);
date_add(1997-12-31 23:59:59, INTERVAL(1:1:1, hour_second))
1998-01-01 01:01:00
select date_add("1997-12-31 23:59:59",INTERVAL "1 1:1" DAY_MINUTE);
date_add(1997-12-31 23:59:59, INTERVAL(1 1:1, day_minute))
1998-01-02 01:00:59
select date_add("1997-12-31 23:59:59",INTERVAL "1 1:1:1" DAY_SECOND);
date_add(1997-12-31 23:59:59, INTERVAL(1 1:1:1, day_second))
1998-01-02 01:01:00
select date_add("1997-12-31 23:59:59",INTERVAL 100000 SECOND);
date_add(1997-12-31 23:59:59, INTERVAL(100000, second))
1998-01-02 03:46:39
select date_add("1997-12-31 23:59:59",INTERVAL -100000 MINUTE);
date_add(1997-12-31 23:59:59, INTERVAL(-100000, minute))
1997-10-23 13:19:59
select date_add("1997-12-31 23:59:59",INTERVAL 100000 HOUR);
date_add(1997-12-31 23:59:59, INTERVAL(100000, hour))
2009-05-29 15:59:59
select date_add("1997-12-31 23:59:59",INTERVAL -100000 DAY);
date_add(1997-12-31 23:59:59, INTERVAL(-100000, day))
1724-03-17 23:59:59
select date_add("1997-12-31 23:59:59",INTERVAL 100000 MONTH);
date_add(1997-12-31 23:59:59, INTERVAL(100000, month))
null
select date_add("1997-12-31 23:59:59",INTERVAL -100000 YEAR);
date_add(1997-12-31 23:59:59, INTERVAL(-100000, year))
null
select date_add("1997-12-31 23:59:59",INTERVAL "10000:1" MINUTE_SECOND);
date_add(1997-12-31 23:59:59, INTERVAL(10000:1, minute_second))
1998-01-07 22:40:00
select date_add("1997-12-31 23:59:59",INTERVAL "-10000:1" HOUR_MINUTE);
date_add(1997-12-31 23:59:59, INTERVAL(-10000:1, hour_minute))
1996-11-10 07:58:59
select date_add("1997-12-31 23:59:59",INTERVAL "10000:1" DAY_HOUR);
date_add(1997-12-31 23:59:59, INTERVAL(10000:1, day_hour))
2025-05-19 00:59:59
select date_add("1997-12-31 23:59:59",INTERVAL "-100 1" YEAR_MONTH);
date_add(1997-12-31 23:59:59, INTERVAL(-100 1, year_month))
1897-11-30 23:59:59
select date_add("1997-12-31 23:59:59",INTERVAL "10000:99:99" HOUR_SECOND);
date_add(1997-12-31 23:59:59, INTERVAL(10000:99:99, hour_second))
1999-02-21 17:40:38
select date_add("1997-12-31 23:59:59",INTERVAL " -10000 99:99" DAY_MINUTE);
date_add(1997-12-31 23:59:59, INTERVAL( -10000 99:99, day_minute))
1970-08-11 19:20:59
select date_add("1997-12-31 23:59:59",INTERVAL "10000 99:99:99" DAY_SECOND);
date_add(1997-12-31 23:59:59, INTERVAL(10000 99:99:99, day_second))
2025-05-23 04:40:38
select date_add("1997-12-31",INTERVAL 1 SECOND);
date_add(1997-12-31, INTERVAL(1, second))
1997-12-31 00:00:01
select date_add("1997-12-31",INTERVAL 1 DAY);
date_add(1997-12-31, INTERVAL(1, day))
1998-01-01
select date_add(NULL,INTERVAL 100000 SECOND);
date_add(null, INTERVAL(100000, second))
null
select date_add("1997-12-31 23:59:59",INTERVAL NULL SECOND);
date_add(1997-12-31 23:59:59, INTERVAL(null, second))
null
select date_add("1997-12-31 23:59:59",INTERVAL NULL MINUTE_SECOND);
date_add(1997-12-31 23:59:59, INTERVAL(null, minute_second))
null
select date_add("9999-12-31 23:59:59",INTERVAL 1 SECOND);
date_add(9999-12-31 23:59:59, INTERVAL(1, second))
null
select date_add('1998-01-30',Interval 1 month);
date_add(1998-01-30, Interval(1, month))
1998-02-28
select date_add('1998-01-30',Interval '2:1' year_month);
date_add(1998-01-30, Interval(2:1, year_month))
2000-02-29
select date_add('1996-02-29',Interval '1' year);
date_add(1996-02-29, Interval(1, year))
1997-02-28
select date_add("1997-12-31",INTERVAL 1 SECOND);
date_add(1997-12-31, INTERVAL(1, second))
1997-12-31 00:00:01
select date_add("1997-12-31",INTERVAL "1 1" YEAR_MONTH);
date_add(1997-12-31, INTERVAL(1 1, year_month))
1999-01-31
SELECT DATE_ADD(to_date('9999-12-30 23:59:00','%Y-%m-%d %H:%i:%s'), INTERVAL 1 MINUTE);
DATE_ADD(to_date(9999-12-30 23:59:00, %Y-%m-%d %H:%i:%s), INTERVAL(1, minute))
9999-12-31 00:00:00
SELECT extract(week from DATE_ADD('2020-12-30 23:59:00', INTERVAL 1 year));
extract(week, DATE_ADD(2020-12-30 23:59:00, INTERVAL(1, year)))
52
CREATE TABLE t1 (datetime datetime, timestamp timestamp, date date);
INSERT INTO t1 values ("2001-01-02 03:04:05", "2002-01-02 03:04:05", "2003-01-02");
select date_add(datetime, INTERVAL 1 SECOND) from t1;
date_add(datetime, INTERVAL(1, second))
2001-01-02 03:04:06
select date_add(datetime, INTERVAL 1 YEAR) from t1;
date_add(datetime, INTERVAL(1, year))
2002-01-02 03:04:05
select date_add(date,INTERVAL 1 SECOND) from t1;
date_add(date, INTERVAL(1, second))
2003-01-02 00:00:01
select date_add(date,INTERVAL 1 MINUTE) from t1;
date_add(date, INTERVAL(1, minute))
2003-01-02 00:01:00
select date_add(date,INTERVAL 1 HOUR) from t1;
date_add(date, INTERVAL(1, hour))
2003-01-02 01:00:00
select date_add(date,INTERVAL 1 DAY) from t1;
date_add(date, INTERVAL(1, day))
2003-01-03
select date_add(date,INTERVAL 1 MONTH) from t1;
date_add(date, INTERVAL(1, month))
2003-02-02
select date_add(date,INTERVAL 1 YEAR) from t1;
date_add(date, INTERVAL(1, year))
2004-01-02
select date_add(date,INTERVAL "1:1" MINUTE_SECOND) from t1;
date_add(date, INTERVAL(1:1, minute_second))
2003-01-02 00:01:01
select date_add(date,INTERVAL "1:1" HOUR_MINUTE) from t1;
date_add(date, INTERVAL(1:1, hour_minute))
2003-01-02 01:01:00
select date_add(date,INTERVAL "1:1" DAY_HOUR) from t1;
date_add(date, INTERVAL(1:1, day_hour))
2003-01-03 01:00:00
select date_add(date,INTERVAL "1 1" YEAR_MONTH) from t1;
date_add(date, INTERVAL(1 1, year_month))
2004-02-02
select date_add(date,INTERVAL "1:1:1" HOUR_SECOND) from t1;
date_add(date, INTERVAL(1:1:1, hour_second))
2003-01-02 01:01:01
select date_add(date,INTERVAL "1 1:1" DAY_MINUTE) from t1;
date_add(date, INTERVAL(1 1:1, day_minute))
2003-01-03 01:01:00
select date_add(date,INTERVAL "1 1:1:1" DAY_SECOND) from t1;
date_add(date, INTERVAL(1 1:1:1, day_second))
2003-01-03 01:01:01
select date_add(date,INTERVAL "1" WEEK) from t1;
date_add(date, INTERVAL(1, week))
2003-01-09
select date_add(date,INTERVAL "1" QUARTER) from t1;
date_add(date, INTERVAL(1, quarter))
2003-04-02
drop table t1;
select DATE_ADD('20071108181000', INTERVAL 1 DAY);
DATE_ADD(20071108181000, INTERVAL(1, day))
2007-11-09 18:10:00
select DATE_ADD(20071108181000,   INTERVAL 1 DAY);
DATE_ADD(20071108181000, INTERVAL(1, day))
2007-11-09 18:10:00
select DATE_ADD('20071108',       INTERVAL 1 DAY);
DATE_ADD(20071108, INTERVAL(1, day))
2007-11-09
select DATE_ADD(20071108,         INTERVAL 1 DAY);
DATE_ADD(20071108, INTERVAL(1, day))
2007-11-09
select date_add('1000-01-01 00:00:00', interval '1.03:02:01.05' day_microsecond);
date_add(1000-01-01 00:00:00, interval(1.03:02:01.05, day_microsecond))
1000-01-02 03:02:01.050000
select date_add('1000-01-01 00:00:00', interval '1.02' day_microsecond);
date_add(1000-01-01 00:00:00, interval(1.02, day_microsecond))
1000-01-01 00:00:01.020000
select date_add("0199-12-31 23:59:59",INTERVAL 2 SECOND);
date_add(0199-12-31 23:59:59, INTERVAL(2, second))
0200-01-01 00:00:01
select date_add("2001-01-01 23:59:59",INTERVAL -2000 YEAR);
date_add(2001-01-01 23:59:59, INTERVAL(-2000, year))
0001-01-01 23:59:59
SELECT
date_add('1995-01-05', INTERVAL '9223372036854775807-02' YEAR_MONTH) as result;
result
null
SELECT
date_add('1995-01-05', INTERVAL '9223372036854775808-02' YEAR_MONTH) as result;
result
null
SELECT
date_add('1995-01-05', INTERVAL '9223372036854775808-02' DAY) as result;
result
null
SELECT
date_add('1995-01-05', INTERVAL '9223372036854775808-02' WEEK) as result;
result
null
SELECT
date_add('1995-01-05', INTERVAL '9223372036854775808-02' SECOND) as result;
result
null
SELECT
date_add('1995-01-05', INTERVAL '9223372036854775700-02' YEAR_MONTH) as result;
result
null
SELECT
date_add('1995-01-05', INTERVAL 9223372036854775806 SECOND) as result;
result
null
SELECT
date_add('1995-01-05', INTERVAL 9223372036854775806 MINUTE) as result;
result
null
SELECT
date_add('1995-01-05', INTERVAL 9223372036854775806 HOUR) as result;
result
null
SELECT
date_add('1995-01-05', INTERVAL -9223372036854775806 SECOND) as result;
result
null
SELECT
date_add('1995-01-05', INTERVAL -9223372036854775806 MINUTE) as result;
result
null
SELECT
date_add('1995-01-05', INTERVAL -9223372036854775806 HOUR) as result;
result
null
select date_add("2001-01-01 23:59:59",null);
SQL syntax error: You have an error in your SQL syntax; check the manual that corresponds to your MySQL server version for the right syntax to use near 'null)' at line 1
select date_add(null, null);
SQL syntax error: You have an error in your SQL syntax; check the manual that corresponds to your MySQL server version for the right syntax to use near 'null)' at line 1
drop table if exists t1;
create table t1 (a int, b date);
insert into t1 values(1, "2010-10-30"), (2, NULL);
select * from t1;
a    b
1    2010-10-30
2    null
select date_add(b, interval 1 day) from t1;
date_add(b, interval(1, day))
2010-10-31
null
drop table t1;
create table t1 (a date);
insert into t1 select (DATE_ADD('20071108', INTERVAL 1 DAY));
insert into t1 select (date_add('1998-01-30',Interval 1 month));
select distinct a from t1;
a
2007-11-09
1998-02-28
drop table t1;
drop table if exists t1;
create table t1(a INT,  b date);
insert into t1 values(1, "2012-10-12"),(2, "2004-04-24"),(3, "2008-12-04"),(4, "2012-03-23");
select * from t1 where date_add(b, INTERVAL 1 day)="2012-10-13";
a    b
1    2012-10-12
drop table t1;
drop table if exists t1;
drop table if exists t2;
create table t1(a INT,  b date);
create table t2(a INT,  b date);
insert into t1 values(1, "2012-10-11"),(2, "2004-04-24"),(3, "2008-12-04"),(4, "2012-03-23");
insert into t2 values(1, "2011-10-12"),(2, "1994-10-04"),(3, "2018-06-04"),(4, "2012-10-12");
SELECT t1.a, t2.a FROM t1 JOIN t2 ON (date_add(t1.b, INTERVAL 1 day) = date_add(t2.b, INTERVAL 1 year));
a    a
1    1
drop table t1;
drop table t2;
drop table if exists t1;
create table t1(a INT,  b datetime);
insert into t1 values(1, "2017-06-15 09:34:21"),(1, "2019-06-25 10:12:21"),(2, "2019-06-25 18:20:49"),(3, "2019-06-25 18:20:49");
select b from t1 group by b having (date_add(t1.b, INTERVAL 1 day)-date_add(t1.b, INTERVAL 1 hour))>10;
b
2017-06-15 09:34:21
2019-06-25 10:12:21
2019-06-25 18:20:49
drop table t1;
SELECT
DATE_SUB('2007-08-03', INTERVAL 1 MINUTE) AS field_str1,
DATE_SUB('2007-08-03 17:33:00', INTERVAL 1 MINUTE) AS field1_str2,
DATE_SUB(DATE('2007-08-03'), INTERVAL 1 DAY) AS field_date,
DATE_SUB(CAST('2007-08-03 17:33:00' AS DATETIME), INTERVAL 1 MINUTE) AS field_datetime;
field_str1    field1_str2    field_date    field_datetime
2007-08-02 23:59:00    2007-08-03 17:32:00    2007-08-02    2007-08-03 17:32:00
SELECT
OCT(DATE_SUB('2007-08-03', INTERVAL 1 MINUTE)) AS field_str1,
OCT(DATE_SUB('2007-08-03 17:33:00', INTERVAL 1 MINUTE)) AS field1_str2,
OCT(DATE_SUB(DATE('2007-08-03'), INTERVAL 1 DAY)) AS field_date,
OCT(DATE_SUB(CAST('2007-08-03 17:33:00' AS DATETIME), INTERVAL 1 MINUTE)) AS field_datetime;
field_str1    field1_str2    field_date    field_datetime
3727    3727    3727    3727
select date_sub("1998-01-01 00:00:00.000001",INTERVAL "1 1:1:1.000002" DAY_MICROSECOND);
date_sub(1998-01-01 00:00:00.000001, INTERVAL(1 1:1:1.000002, day_microsecond))
1997-12-30 22:58:58.999999
select date_sub("1998-01-01 00:00:00.000001",INTERVAL "1:1:1.000002" HOUR_MICROSECOND);
date_sub(1998-01-01 00:00:00.000001, INTERVAL(1:1:1.000002, hour_microsecond))
1997-12-31 22:58:58.999999
select date_sub("1998-01-01 00:00:00.000001",INTERVAL "1:1.000002" MINUTE_MICROSECOND);
date_sub(1998-01-01 00:00:00.000001, INTERVAL(1:1.000002, minute_microsecond))
1997-12-31 23:58:58.999999
select date_sub("1998-01-01 00:00:00.000001",INTERVAL "1.000002" SECOND_MICROSECOND);
date_sub(1998-01-01 00:00:00.000001, INTERVAL(1.000002, second_microsecond))
1997-12-31 23:59:58.999999
select date_sub("1998-01-01 00:00:00.000001",INTERVAL "000002" MICROSECOND);
date_sub(1998-01-01 00:00:00.000001, INTERVAL(000002, microsecond))
1997-12-31 23:59:59.999999
select date_sub("1998-01-01 00:00:00",INTERVAL 1 SECOND);
date_sub(1998-01-01 00:00:00, INTERVAL(1, second))
1997-12-31 23:59:59
select date_sub("1998-01-01 00:00:00",INTERVAL 1 MINUTE);
date_sub(1998-01-01 00:00:00, INTERVAL(1, minute))
1997-12-31 23:59:00
select date_sub("1998-01-01 00:00:00",INTERVAL 1 HOUR);
date_sub(1998-01-01 00:00:00, INTERVAL(1, hour))
1997-12-31 23:00:00
select date_sub("1998-01-01 00:00:00",INTERVAL 1 DAY);
date_sub(1998-01-01 00:00:00, INTERVAL(1, day))
1997-12-31 00:00:00
select date_sub("1998-01-01 00:00:00",INTERVAL 1 MONTH);
date_sub(1998-01-01 00:00:00, INTERVAL(1, month))
1997-12-01 00:00:00
select date_sub("1998-01-01 00:00:00",INTERVAL 1 YEAR);
date_sub(1998-01-01 00:00:00, INTERVAL(1, year))
1997-01-01 00:00:00
select date_sub("1998-01-01 00:00:00",INTERVAL "1:1" MINUTE_SECOND);
date_sub(1998-01-01 00:00:00, INTERVAL(1:1, minute_second))
1997-12-31 23:58:59
select date_sub("1998-01-01 00:00:00",INTERVAL "1:1" HOUR_MINUTE);
date_sub(1998-01-01 00:00:00, INTERVAL(1:1, hour_minute))
1997-12-31 22:59:00
select date_sub("1998-01-01 00:00:00",INTERVAL "1:1" DAY_HOUR);
date_sub(1998-01-01 00:00:00, INTERVAL(1:1, day_hour))
1997-12-30 23:00:00
select date_sub("1998-01-01 00:00:00",INTERVAL "1 1" YEAR_MONTH);
date_sub(1998-01-01 00:00:00, INTERVAL(1 1, year_month))
1996-12-01 00:00:00
select date_sub("1998-01-01 00:00:00",INTERVAL "1:1:1" HOUR_SECOND);
date_sub(1998-01-01 00:00:00, INTERVAL(1:1:1, hour_second))
1997-12-31 22:58:59
select date_sub("1998-01-01 00:00:00",INTERVAL "1 1:1" DAY_MINUTE);
date_sub(1998-01-01 00:00:00, INTERVAL(1 1:1, day_minute))
1997-12-30 22:59:00
select date_sub("1998-01-01 00:00:00",INTERVAL "1 1:1:1" DAY_SECOND);
date_sub(1998-01-01 00:00:00, INTERVAL(1 1:1:1, day_second))
1997-12-30 22:58:59
select date_sub("0050-01-01 00:00:01",INTERVAL 2 SECOND);
date_sub(0050-01-01 00:00:01, INTERVAL(2, second))
0049-12-31 23:59:59
select date_sub("0199-01-01 00:00:01",INTERVAL 2 SECOND);
date_sub(0199-01-01 00:00:01, INTERVAL(2, second))
0198-12-31 23:59:59
select date_add("0199-12-31 23:59:59",INTERVAL 2 SECOND);
date_add(0199-12-31 23:59:59, INTERVAL(2, second))
0200-01-01 00:00:01
select date_sub("0200-01-01 00:00:01",INTERVAL 2 SECOND);
date_sub(0200-01-01 00:00:01, INTERVAL(2, second))
0199-12-31 23:59:59
select date_sub("0200-01-01 00:00:01",INTERVAL 1 SECOND);
date_sub(0200-01-01 00:00:01, INTERVAL(1, second))
0200-01-01 00:00:00
select date_sub("0200-01-01 00:00:01",INTERVAL 2 SECOND);
date_sub(0200-01-01 00:00:01, INTERVAL(2, second))
0199-12-31 23:59:59
select date_add("2001-01-01 23:59:59",INTERVAL -2000 YEAR);
date_add(2001-01-01 23:59:59, INTERVAL(-2000, year))
0001-01-01 23:59:59
select date_sub("50-01-01 00:00:01",INTERVAL 2 SECOND);
invalid input: invalid datetime value 50-01-01 00:00:01
select date_sub("90-01-01 00:00:01",INTERVAL 2 SECOND);
invalid input: invalid datetime value 90-01-01 00:00:01
select date_sub("0069-01-01 00:00:01",INTERVAL 2 SECOND);
date_sub(0069-01-01 00:00:01, INTERVAL(2, second))
0068-12-31 23:59:59
select date_sub("0169-01-01 00:00:01",INTERVAL 2 SECOND);
date_sub(0169-01-01 00:00:01, INTERVAL(2, second))
0168-12-31 23:59:59
select DATE_SUB(NOW(), INTERVAL 9999 YEAR);
DATE_SUB(NOW(), INTERVAL(9999, year))
null
CREATE TABLE t1 (a DATETIME(6));
INSERT INTO t1 VALUES ('1000-01-01 01:00:00.000000');
INSERT INTO t1 VALUES ('1000-01-01 01:00:00.000001');
INSERT INTO t1 VALUES ('2001-01-01 00:00:00.000000');
INSERT INTO t1 VALUES ('2001-01-01 00:00:00.000001');
INSERT INTO t1 VALUES ('2001-01-01 01:00:00.000000');
INSERT INTO t1 VALUES ('2001-01-01 01:00:00.000001');
SELECT DATE_SUB(a, INTERVAL 1 MINUTE) FROM t1 ORDER BY a;
DATE_SUB(a, INTERVAL(1, minute))
1000-01-01 00:59:00
1000-01-01 00:59:00.000001000
2000-12-31 23:59:00
2000-12-31 23:59:00.000001000
2001-01-01 00:59:00
2001-01-01 00:59:00.000001000
SELECT a, DATE_SUB(a, INTERVAL 1.1 SECOND) FROM t1 ORDER BY a;
a    DATE_SUB(a, INTERVAL(1.1, second))
1000-01-01 01:00:00    1000-01-01 00:59:58.900000000
1000-01-01 01:00:00.000001000    1000-01-01 00:59:58.900001000
2001-01-01 00:00:00    2000-12-31 23:59:58.900000000
2001-01-01 00:00:00.000001000    2000-12-31 23:59:58.900001000
2001-01-01 01:00:00    2001-01-01 00:59:58.900000000
2001-01-01 01:00:00.000001000    2001-01-01 00:59:58.900001000
SELECT a, DATE_SUB(a, INTERVAL 1.000009 SECOND) FROM t1 ORDER BY a;
a    DATE_SUB(a, INTERVAL(1.000009, second))
1000-01-01 01:00:00    1000-01-01 00:59:58.999991000
1000-01-01 01:00:00.000001000    1000-01-01 00:59:58.999992000
2001-01-01 00:00:00    2000-12-31 23:59:58.999991000
2001-01-01 00:00:00.000001000    2000-12-31 23:59:58.999992000
2001-01-01 01:00:00    2001-01-01 00:59:58.999991000
2001-01-01 01:00:00.000001000    2001-01-01 00:59:58.999992000
SELECT a, DATE_SUB(a, INTERVAL -0.1 SECOND) FROM t1 ORDER BY a;
a    DATE_SUB(a, INTERVAL(-0.1, second))
1000-01-01 01:00:00    1000-01-01 01:00:00.100000000
1000-01-01 01:00:00.000001000    1000-01-01 01:00:00.100001000
2001-01-01 00:00:00    2001-01-01 00:00:00.100000000
2001-01-01 00:00:00.000001000    2001-01-01 00:00:00.100001000
2001-01-01 01:00:00    2001-01-01 01:00:00.100000000
2001-01-01 01:00:00.000001000    2001-01-01 01:00:00.100001000
SELECT DATE_SUB(CAST(a AS DATETIME), INTERVAL 1 MINUTE) FROM t1 ORDER BY a;
DATE_SUB(cast(a as datetime), INTERVAL(1, minute))
1000-01-01 00:59:00
1000-01-01 00:59:00
2000-12-31 23:59:00
2000-12-31 23:59:00
2001-01-01 00:59:00
2001-01-01 00:59:00
SELECT DATE_SUB(CAST(a AS DATETIME), INTERVAL 1 MICROSECOND) FROM t1 ORDER BY a;
DATE_SUB(cast(a as datetime), INTERVAL(1, microsecond))
1000-01-01 00:59:59.999999000
1000-01-01 00:59:59.999999000
2000-12-31 23:59:59.999999000
2000-12-31 23:59:59.999999000
2001-01-01 00:59:59.999999000
2001-01-01 00:59:59.999999000
drop table t1;
CREATE TABLE `t2` (
`DATE_ADD(a, INTERVAL 1 SECOND)` datetime(6) DEFAULT NULL,
`DATE_SUB(a, INTERVAL 1 SECOND)` datetime(6) DEFAULT NULL,
`DATE_ADD(CAST(a AS DATETIME), INTERVAL 1 SECOND)` datetime DEFAULT NULL,
`DATE_SUB(CAST(a AS DATETIME), INTERVAL 1 SECOND)` datetime DEFAULT NULL,
`DATE_ADD(CAST(a AS DATETIME), INTERVAL 1 MICROSECOND)` datetime(6) DEFAULT NULL,
`DATE_SUB(CAST(a AS DATETIME), INTERVAL 1 MICROSECOND)` datetime(6) DEFAULT NULL
);
DROP TABLE t2;
