select load_file(cast('file://$resources/file_test/normal.txt?offset=0&size=a' as datalink));
strconv.ParseInt: parsing "a": invalid syntax
select load_file(cast('file://$resources/file_test/normal.txt?offset=b&size=3' as datalink));
strconv.ParseInt: parsing "b": invalid syntax
select load_file(cast('file://$resources/file_test/normal.txt' as datalink));
load_file(cast(file:///Users/ariznawl/code/matrixone/test/distributed/resources/file_test/normal.txt as datalink))
Hello world!
select load_file(cast('file://$resources/file_test/normal.txt?offset=0&size=3' as datalink));
load_file(cast(file:///Users/ariznawl/code/matrixone/test/distributed/resources/file_test/normal.txt?offset=0&size=3 as datalink))
Hel
create table t1(a int, b datalink);
insert into t1 values(1, "wrong datalink url");
unsupported url scheme  is not yet implemented
insert into t1 values(2, 'git://repo/normal.txt?offset=0&size=3');
unsupported url scheme git is not yet implemented
insert into t1 values(1, 'file://$resources/file_test/normal.txt?offset=0&size=3');
insert into t1 values(2, 'file://$resources/file_test/normal.txt');
insert into t1 values(3, 'file://$resources/file_test/normal.txt?size=3');
insert into t1 values(4, 'file://$resources/file_test/normal.txt?offset=0');
insert into t1 values(5, 'file://$resources/file_test/normal.txt?offset=0&size=-100');
internal error: size cannot be less than -1
select a, load_file(b) from t1;
a    load_file(b)
1    Hel
2    Hello world!
3    Hel
4    Hello world!
create stage filestage URL='file://$resources/file_test/';
create stage outfilestage URL='file://$resources/into_outfile/';
select load_file(cast('stage://filestage/normal.txt' as datalink));
load_file(cast(stage://filestage/normal.txt as datalink))
Hello world!
select load_file(cast('stage://filestage/normal.txt?offset=0&size=3' as datalink));
load_file(cast(stage://filestage/normal.txt?offset=0&size=3 as datalink))
Hel
select save_file(cast('stage://outfilestage/datalink/1.txt' as datalink), 'this is a test.');
save_file(cast(stage://outfilestage/datalink/1.txt as datalink), this is a test.)
15
select load_file(cast('stage://outfilestage/datalink/1.txt' as datalink));
load_file(cast(stage://outfilestage/datalink/1.txt as datalink))
this is a test.
select save_file(cast('file://$resources/into_outfile/datalink/2.txt' as datalink), 'this is a test.');
save_file(cast(file:///Users/ariznawl/code/matrixone/test/distributed/resources/into_outfile/datalink/2.txt as datalink), this is a test.)
15
select load_file(cast('file://$resources/into_outfile/datalink/2.txt' as datalink));
load_file(cast(file:///Users/ariznawl/code/matrixone/test/distributed/resources/into_outfile/datalink/2.txt as datalink))
this is a test.
create table t2(a int, b datalink, c varchar);
insert into t2 values(1, cast('stage://outfilestage/datalink/varchar1.txt' as datalink), 'this is a varchar test 1'),
(2, cast('stage://outfilestage/datalink/varchar2.txt' as datalink), 'this is a varchar test 2'),
(3, cast('stage://outfilestage/datalink/varchar3.txt' as datalink), NULL),
(4, NULL, 'this is a varchar test 4');
select a, save_file(b, c) from t2;
a    save_file(b, c)
1    24
2    24
3    null
4    null
create table t3(a int, b datalink, c char(128));
insert into t3 values(1, cast('stage://outfilestage/datalink/char1.txt' as datalink), 'this is a char test 1'),
(2, cast('stage://outfilestage/datalink/char2.txt' as datalink), 'this is a char test 2'),
(3, cast('stage://outfilestage/datalink/char3.txt' as datalink), NULL),
(4, NULL, 'this is a char test 4');
select a, save_file(b, c) from t3;
a    save_file(b, c)
1    21
2    21
3    null
4    null
create table t4(a int, b datalink, c text);
insert into t4 values(1, cast('stage://outfilestage/datalink/text1.txt' as datalink), 'this is a text test 1'),
(2, cast('stage://outfilestage/datalink/text2.txt' as datalink), 'this is a text test 2'),
(3, cast('stage://outfilestage/datalink/text3.txt' as datalink), NULL),
(4, NULL, 'this is a text test 4');
select a, save_file(b, c) from t4;
a    save_file(b, c)
1    21
2    21
3    null
4    null
select cast(cast('file://xxx' as bool) as datalink);
invalid argument operator cast, bad value [BOOL DATALINK]
select cast(cast('file://xxx' as bigint) as datalink);
invalid argument operator cast, bad value [BIGINT DATALINK]
select cast(cast('file://xxx' as int) as datalink);
invalid argument operator cast, bad value [INT DATALINK]
select cast(cast('file://xxx' as float) as datalink);
invalid argument operator cast, bad value [FLOAT DATALINK]
select cast(cast(cast('file://xxx' as char) as datalink) as bool);
invalid argument operator cast, bad value [DATALINK BOOL]
select cast(cast(cast('file://xxx' as char) as datalink) as bigint);
invalid argument operator cast, bad value [DATALINK BIGINT]
select cast(cast(cast('file://xxx' as char) as datalink) as int);
invalid argument operator cast, bad value [DATALINK INT]
select cast(cast('file://xxx' as decimal(10,2)) as datalink);
invalid argument operator cast, bad value [DECIMAL64 DATALINK]
select cast(cast('file://xxx' as double) as datalink);
invalid argument operator cast, bad value [DOUBLE DATALINK]
select cast(cast('file://xxx' as date) as datalink);
invalid argument operator cast, bad value [DATE DATALINK]
select cast(cast('file://xxx' as datetime) as datalink);
invalid argument operator cast, bad value [DATETIME DATALINK]
select cast(cast('file://xxx' as timestamp) as datalink);
invalid argument operator cast, bad value [TIMESTAMP DATALINK]
select cast(cast('file://xxx' as time) as datalink);
invalid argument operator cast, bad value [TIME DATALINK]
select cast(cast('file://xxx' as year) as datalink);
invalid argument operator cast, bad value [YEAR DATALINK]
select cast(cast('file://xxx' as tinyint) as datalink);
invalid argument operator cast, bad value [TINYINT DATALINK]
select cast(cast('file://xxx' as smallint) as datalink);
invalid argument operator cast, bad value [SMALLINT DATALINK]
select cast(cast('file://xxx' as mediumint) as datalink);
invalid argument operator cast, bad value [INT DATALINK]
select cast(cast('file://xxx' as bigint unsigned) as datalink);
invalid argument operator cast, bad value [BIGINT UNSIGNED DATALINK]
select cast(cast('file://xxx' as float(10,2)) as datalink);
invalid argument operator cast, bad value [FLOAT DATALINK]
select cast(cast('file://xxx' as enum('a','b')) as datalink);
invalid argument operator cast, bad value [VARCHAR ENUM]
select cast(cast('{"k":1}' as json) as datalink);
invalid argument operator cast, bad value [JSON DATALINK]
select cast(cast('[1,2,3]' as json) as datalink);
invalid argument operator cast, bad value [JSON DATALINK]
select cast(cast('file://xxx' as fulltext) as datalink);
SQL parser error: You have an error in your SQL syntax; check the manual that corresponds to your MatrixOne server version for the right syntax to use. syntax error at line 1 column 41 near " fulltext) as datalink);";
select cast(cast(cast('file://xxx' as varchar) as datalink) as decimal(12,3));
invalid argument operator cast, bad value [DATALINK DECIMAL64]
select cast(cast(cast('file://xxx' as varchar) as datalink) as float);
invalid argument operator cast, bad value [DATALINK FLOAT]
select cast(cast(cast('file://xxx' as varchar) as datalink) as date);
invalid argument operator cast, bad value [DATALINK DATE]
select cast(cast(cast('file://xxx' as varchar) as datalink) as datetime);
invalid argument operator cast, bad value [DATALINK DATETIME]
select cast(cast(cast('file://xxx' as varchar) as datalink) as timestamp);
invalid argument operator cast, bad value [DATALINK TIMESTAMP]
select cast(cast('file://xxx' as binary) as datalink);
cast(cast(file://xxx as binary) as datalink)
file://xxx
select cast(cast('file://xxx' as varchar) as datalink);
cast(cast(file://xxx as varchar) as datalink)
file://xxx
select cast(cast('file://xxx' as char) as datalink);
cast(cast(file://xxx as varchar) as datalink)
file://xxx
select cast(cast('file://xxx' as text) as datalink);
cast(cast(file://xxx as text) as datalink)
file://xxx
select cast(cast(cast('file://xxx' as char) as datalink) as text);
cast(cast(cast(file://xxx as varchar) as datalink) as text)
file://xxx
select cast(cast(cast('file://xxx' as char) as datalink) as varchar);
cast(cast(cast(file://xxx as varchar) as datalink) as varchar)
file://xxx
select cast(cast(cast('file://xxx' as char) as datalink) as char);
cast(cast(cast(file://xxx as varchar) as datalink) as varchar)
file://xxx
select cast('' as datalink);
unsupported url scheme  is not yet implemented
select cast('   ' as datalink);
unsupported url scheme  is not yet implemented
select cast(cast('file://xxx' as varchar(100)) as datalink);
cast(cast(file://xxx as varchar(100)) as datalink)
file://xxx
select cast(cast('file://xxx' as char(20)) as datalink);
cast(cast(file://xxx as char(20)) as datalink)
file://xxx
select cast(cast('file://xxx' as text) as datalink);
cast(cast(file://xxx as text) as datalink)
file://xxx
select cast(cast(x'66696C653A2F2F787878' as binary) as datalink); -- 'file://xxx' 的hex
cast(cast(0x66696C653A2F2F787878 as binary) as datalink)
file://xxx
select cast(null as datalink);
cast(null as datalink)
null
select cast(cast(null as varchar) as datalink);
cast(cast(null as varchar) as datalink)
null
select cast(cast(cast(null as varchar) as datalink) as varchar);
cast(cast(cast(null as varchar) as datalink) as varchar)
null
select cast(cast('file://短路径' as char(32)) as datalink);
cast(cast(file://短路径 as char(32)) as datalink)
file://短路径
select cast('file:///etc/hosts#L10' as datalink);
cast(file:///etc/hosts#L10 as datalink)
file:///etc/hosts#L10
drop stage filestage;
drop stage outfilestage;
