drop table if exists t1;
create table t1 ( id int, c char(10),vc varchar(20));
insert into t1 values (1,'Daffy','Aducklife');
insert into t1 values (1,'Daffy','Aducklife');
insert into t1 values (2,'Bugs','Arabbitlife');
insert into t1 values (3,'Cowboy','Lifeontherange');
insert into t1 values (4,'Anonymous','Wannabuythisbook?');
insert into t1 values (5,'BestSeller','OneHeckuvabook');
insert into t1 values (5,'BestSeller','OneHeckuvabook');
insert into t1 values (6,'EveryoneBu','Thisverybook');
insert into t1 values (7,'SanFran','Itisasanfranlifetyle');
insert into t1 values (8,'BerkAuthor','Cool.Berkly.the.book');
insert into t1 values (9,null,null);
insert into t1 values (10,'','');
select SUBSTRING(c,1),SUBSTR(vc,1) from t1;
â¤ SUBSTRING(c, 1)[1,255,0]  Â¦  SUBSTR(vc, 1)[12,-1,0]  ğ„€
Daffy  Â¦  Aducklife  ğ„€
Daffy  Â¦  Aducklife  ğ„€
Bugs  Â¦  Arabbitlife  ğ„€
Cowboy  Â¦  Lifeontherange  ğ„€
Anonymous  Â¦  Wannabuythisbook?  ğ„€
BestSeller  Â¦  OneHeckuvabook  ğ„€
BestSeller  Â¦  OneHeckuvabook  ğ„€
EveryoneBu  Â¦  Thisverybook  ğ„€
SanFran  Â¦  Itisasanfranlifetyle  ğ„€
BerkAuthor  Â¦  Cool.Berkly.the.book  ğ„€
null  Â¦  null  ğ„€
  Â¦  
select SUBSTRING(c,2),SUBSTR(vc,2) from t1;
â¤ SUBSTRING(c, 2)[1,255,0]  Â¦  SUBSTR(vc, 2)[12,-1,0]  ğ„€
affy  Â¦  ducklife  ğ„€
affy  Â¦  ducklife  ğ„€
ugs  Â¦  rabbitlife  ğ„€
owboy  Â¦  ifeontherange  ğ„€
nonymous  Â¦  annabuythisbook?  ğ„€
estSeller  Â¦  neHeckuvabook  ğ„€
estSeller  Â¦  neHeckuvabook  ğ„€
veryoneBu  Â¦  hisverybook  ğ„€
anFran  Â¦  tisasanfranlifetyle  ğ„€
erkAuthor  Â¦  ool.Berkly.the.book  ğ„€
null  Â¦  null  ğ„€
  Â¦  
select SUBSTRING(c,5),SUBSTR(vc,9) from t1 where id = 1 ;
â¤ SUBSTRING(c, 5)[1,255,0]  Â¦  SUBSTR(vc, 9)[12,-1,0]  ğ„€
y  Â¦  e  ğ„€
y  Â¦  e
select substring(c,11),substr(vc,13) from t1 where id = 6 ;
â¤ substring(c, 11)[1,255,0]  Â¦  substr(vc, 13)[12,-1,0]  ğ„€
  Â¦  
select SUBSTRING(c,-1),SUBSTR(vc,-1) from t1;
â¤ SUBSTRING(c, -1)[1,255,0]  Â¦  SUBSTR(vc, -1)[12,-1,0]  ğ„€
y  Â¦  e  ğ„€
y  Â¦  e  ğ„€
s  Â¦  e  ğ„€
y  Â¦  e  ğ„€
s  Â¦  ?  ğ„€
r  Â¦  k  ğ„€
r  Â¦  k  ğ„€
u  Â¦  k  ğ„€
n  Â¦  e  ğ„€
r  Â¦  k  ğ„€
null  Â¦  null  ğ„€
  Â¦  
select SUBSTRING(c,-2),SUBSTR(vc,-2) from t1;
â¤ SUBSTRING(c, -2)[1,255,0]  Â¦  SUBSTR(vc, -2)[12,-1,0]  ğ„€
fy  Â¦  fe  ğ„€
fy  Â¦  fe  ğ„€
gs  Â¦  fe  ğ„€
oy  Â¦  ge  ğ„€
us  Â¦  k?  ğ„€
er  Â¦  ok  ğ„€
er  Â¦  ok  ğ„€
Bu  Â¦  ok  ğ„€
an  Â¦  le  ğ„€
or  Â¦  ok  ğ„€
null  Â¦  null  ğ„€
  Â¦  
select SUBSTRING(c,-5),SUBSTR(vc,-9) from t1 where id = 1 ;
â¤ SUBSTRING(c, -5)[1,255,0]  Â¦  SUBSTR(vc, -9)[12,-1,0]  ğ„€
Daffy  Â¦  Aducklife  ğ„€
Daffy  Â¦  Aducklife
select substring(c,-11),substr(vc,-13) from t1 where id = 6 ;
â¤ substring(c, -11)[1,255,0]  Â¦  substr(vc, -13)[12,-1,0]  ğ„€
  Â¦  
select SUBSTRING(c,1,1),SUBSTR(vc,1,1) from t1 where id = 1 ;
â¤ SUBSTRING(c, 1, 1)[1,255,0]  Â¦  SUBSTR(vc, 1, 1)[12,-1,0]  ğ„€
D  Â¦  A  ğ„€
D  Â¦  A
select SUBSTRING(c,2,2),SUBSTR(vc,3,3) from t1 where id = 1 ;
â¤ SUBSTRING(c, 2, 2)[1,255,0]  Â¦  SUBSTR(vc, 3, 3)[12,-1,0]  ğ„€
af  Â¦  uck  ğ„€
af  Â¦  uck
select SUBSTRING(c,2,5),SUBSTR(vc,3,9) from t1 where id = 1 ;
â¤ SUBSTRING(c, 2, 5)[1,255,0]  Â¦  SUBSTR(vc, 3, 9)[12,-1,0]  ğ„€
affy  Â¦  ucklife  ğ„€
affy  Â¦  ucklife
select substring(c,2,9),substr(vc,3,17) from t1 where id = 4 ;
â¤ substring(c, 2, 9)[1,255,0]  Â¦  substr(vc, 3, 17)[12,-1,0]  ğ„€
nonymous  Â¦  nnabuythisbook?
select substring(c,2,10),substr(vc,3,18) from t1 where id = 4 ;
â¤ substring(c, 2, 10)[1,255,0]  Â¦  substr(vc, 3, 18)[12,-1,0]  ğ„€
nonymous  Â¦  nnabuythisbook?
select substring(c,5,4),substr(vc,5,4) from t1 where id = 4 ;
â¤ substring(c, 5, 4)[1,255,0]  Â¦  substr(vc, 5, 4)[12,-1,0]  ğ„€
ymou  Â¦  abuy
select substring(c,10,10),substr(vc,18,18) from t1 where id = 4 ;
â¤ substring(c, 10, 10)[1,255,0]  Â¦  substr(vc, 18, 18)[12,-1,0]  ğ„€
  Â¦  
select substring(c,2,-1),substr(vc,3,-1) from t1 where id = 4 ;
â¤ substring(c, 2, -1)[1,255,0]  Â¦  substr(vc, 3, -1)[12,-1,0]  ğ„€
  Â¦  
select SUBSTRING(c,-1,1),SUBSTR(vc,1,1) from t1 where id = 1 ;
â¤ SUBSTRING(c, -1, 1)[1,255,0]  Â¦  SUBSTR(vc, 1, 1)[12,-1,0]  ğ„€
y  Â¦  A  ğ„€
y  Â¦  A
select SUBSTRING(c,-2,2),SUBSTR(vc,3,3) from t1 where id = 1 ;
â¤ SUBSTRING(c, -2, 2)[1,255,0]  Â¦  SUBSTR(vc, 3, 3)[12,-1,0]  ğ„€
fy  Â¦  uck  ğ„€
fy  Â¦  uck
select SUBSTRING(c,-2,5),SUBSTR(vc,3,9) from t1 where id = 1 ;
â¤ SUBSTRING(c, -2, 5)[1,255,0]  Â¦  SUBSTR(vc, 3, 9)[12,-1,0]  ğ„€
fy  Â¦  ucklife  ğ„€
fy  Â¦  ucklife
select substring(c,-2,9),substr(vc,3,17) from t1 where id = 4 ;
â¤ substring(c, -2, 9)[1,255,0]  Â¦  substr(vc, 3, 17)[12,-1,0]  ğ„€
us  Â¦  nnabuythisbook?
select substring(c,-2,10),substr(vc,3,18) from t1 where id = 4 ;
â¤ substring(c, -2, 10)[1,255,0]  Â¦  substr(vc, 3, 18)[12,-1,0]  ğ„€
us  Â¦  nnabuythisbook?
select substring(c,1,-1),substr(vc,3,-2) from t1 where id = 4 ;
â¤ substring(c, 1, -1)[1,255,0]  Â¦  substr(vc, 3, -2)[12,-1,0]  ğ„€
  Â¦  
select substring(c,1,a),substr(vc,3,1) from t1 where id = 4 ;
invalid input: column a does not exist
select substring(c,1,2),substr(vc,a,1) from t1 where id = 4 ;
invalid input: column a does not exist
select max(substr(c,2)) from t1;
â¤ max(substr(c, 2))[1,255,0]  ğ„€
veryoneBu
select min(substr(c,2)) from t1;
â¤ min(substr(c, 2))[1,255,0]  ğ„€

select * from t1 where substr(c,2) = 'affy';
â¤ id[4,32,0]  Â¦  c[1,10,0]  Â¦  vc[12,-1,0]  ğ„€
1  Â¦  Daffy  Â¦  Aducklife  ğ„€
1  Â¦  Daffy  Â¦  Aducklife
select * from t1 where substr(c,2) <> 'affy';
â¤ id[4,32,0]  Â¦  c[1,10,0]  Â¦  vc[12,-1,0]  ğ„€
2  Â¦  Bugs  Â¦  Arabbitlife  ğ„€
3  Â¦  Cowboy  Â¦  Lifeontherange  ğ„€
4  Â¦  Anonymous  Â¦  Wannabuythisbook?  ğ„€
5  Â¦  BestSeller  Â¦  OneHeckuvabook  ğ„€
5  Â¦  BestSeller  Â¦  OneHeckuvabook  ğ„€
6  Â¦  EveryoneBu  Â¦  Thisverybook  ğ„€
7  Â¦  SanFran  Â¦  Itisasanfranlifetyle  ğ„€
8  Â¦  BerkAuthor  Â¦  Cool.Berkly.the.book  ğ„€
10  Â¦    Â¦  
select * from t1 where substr(c,2) > 'affy';
â¤ id[4,32,0]  Â¦  c[1,10,0]  Â¦  vc[12,-1,0]  ğ„€
2  Â¦  Bugs  Â¦  Arabbitlife  ğ„€
3  Â¦  Cowboy  Â¦  Lifeontherange  ğ„€
4  Â¦  Anonymous  Â¦  Wannabuythisbook?  ğ„€
5  Â¦  BestSeller  Â¦  OneHeckuvabook  ğ„€
5  Â¦  BestSeller  Â¦  OneHeckuvabook  ğ„€
6  Â¦  EveryoneBu  Â¦  Thisverybook  ğ„€
7  Â¦  SanFran  Â¦  Itisasanfranlifetyle  ğ„€
8  Â¦  BerkAuthor  Â¦  Cool.Berkly.the.book
select * from t1 where substr(c,2) > substring('fdasfsad',2);
â¤ id[4,32,0]  Â¦  c[1,10,0]  Â¦  vc[12,-1,0]  ğ„€
2  Â¦  Bugs  Â¦  Arabbitlife  ğ„€
3  Â¦  Cowboy  Â¦  Lifeontherange  ğ„€
4  Â¦  Anonymous  Â¦  Wannabuythisbook?  ğ„€
5  Â¦  BestSeller  Â¦  OneHeckuvabook  ğ„€
5  Â¦  BestSeller  Â¦  OneHeckuvabook  ğ„€
6  Â¦  EveryoneBu  Â¦  Thisverybook  ğ„€
8  Â¦  BerkAuthor  Â¦  Cool.Berkly.the.book
select distinct(substr(c,2)) from t1 order by 1;
â¤ substr(c, 2)[1,255,0]  ğ„€
null  ğ„€
  ğ„€
affy  ğ„€
anFran  ğ„€
erkAuthor  ğ„€
estSeller  ğ„€
nonymous  ğ„€
owboy  ğ„€
ugs  ğ„€
veryoneBu
select distinct(substr(vc,3)) from t1 order by 1;
â¤ substr(vc, 3)[12,-1,0]  ğ„€
null  ğ„€
  ğ„€
abbitlife  ğ„€
eHeckuvabook  ğ„€
feontherange  ğ„€
isasanfranlifetyle  ğ„€
isverybook  ğ„€
nnabuythisbook?  ğ„€
ol.Berkly.the.book  ğ„€
ucklife
select endswith(c,'a'),endswith(vc,'a') from t1;
â¤ endswith(c, a)[-7,1,0]  Â¦  endswith(vc, a)[-7,1,0]  ğ„€
0  Â¦  0  ğ„€
0  Â¦  0  ğ„€
0  Â¦  0  ğ„€
0  Â¦  0  ğ„€
0  Â¦  0  ğ„€
0  Â¦  0  ğ„€
0  Â¦  0  ğ„€
0  Â¦  0  ğ„€
0  Â¦  0  ğ„€
0  Â¦  0  ğ„€
null  Â¦  null  ğ„€
0  Â¦  0
select endswith(c,'y'),endswith(vc,'e') from t1;
â¤ endswith(c, y)[-7,1,0]  Â¦  endswith(vc, e)[-7,1,0]  ğ„€
1  Â¦  1  ğ„€
1  Â¦  1  ğ„€
0  Â¦  1  ğ„€
1  Â¦  1  ğ„€
0  Â¦  0  ğ„€
0  Â¦  0  ğ„€
0  Â¦  0  ğ„€
0  Â¦  0  ğ„€
0  Â¦  1  ğ„€
0  Â¦  0  ğ„€
null  Â¦  null  ğ„€
0  Â¦  0
select * from t1 where endswith(c,'y');
â¤ id[4,32,0]  Â¦  c[1,10,0]  Â¦  vc[12,-1,0]  ğ„€
1  Â¦  Daffy  Â¦  Aducklife  ğ„€
1  Â¦  Daffy  Â¦  Aducklife  ğ„€
3  Â¦  Cowboy  Â¦  Lifeontherange
select * from t1 where endswith(c,'y') and endswith(vc,'ge');
â¤ id[4,32,0]  Â¦  c[1,10,0]  Â¦  vc[12,-1,0]  ğ„€
3  Â¦  Cowboy  Â¦  Lifeontherange
select startswith(c,'B'),startswith(vc,'A') from t1;
â¤ startswith(c, B)[-7,1,0]  Â¦  startswith(vc, A)[-7,1,0]  ğ„€
0  Â¦  1  ğ„€
0  Â¦  1  ğ„€
1  Â¦  1  ğ„€
0  Â¦  0  ğ„€
0  Â¦  0  ğ„€
1  Â¦  0  ğ„€
1  Â¦  0  ğ„€
0  Â¦  0  ğ„€
0  Â¦  0  ğ„€
1  Â¦  0  ğ„€
null  Â¦  null  ğ„€
0  Â¦  0
select startswith(c,'y'),startswith(vc,'e') from t1;
â¤ startswith(c, y)[-7,1,0]  Â¦  startswith(vc, e)[-7,1,0]  ğ„€
0  Â¦  0  ğ„€
0  Â¦  0  ğ„€
0  Â¦  0  ğ„€
0  Â¦  0  ğ„€
0  Â¦  0  ğ„€
0  Â¦  0  ğ„€
0  Â¦  0  ğ„€
0  Â¦  0  ğ„€
0  Â¦  0  ğ„€
0  Â¦  0  ğ„€
null  Â¦  null  ğ„€
0  Â¦  0
select * from t1 where startswith(c,'B');
â¤ id[4,32,0]  Â¦  c[1,10,0]  Â¦  vc[12,-1,0]  ğ„€
2  Â¦  Bugs  Â¦  Arabbitlife  ğ„€
5  Â¦  BestSeller  Â¦  OneHeckuvabook  ğ„€
5  Â¦  BestSeller  Â¦  OneHeckuvabook  ğ„€
8  Â¦  BerkAuthor  Â¦  Cool.Berkly.the.book
select * from t1 where startswith(c,'B') and startswith(vc,'A');
â¤ id[4,32,0]  Â¦  c[1,10,0]  Â¦  vc[12,-1,0]  ğ„€
2  Â¦  Bugs  Â¦  Arabbitlife
select lpad(c,0,'*') from t1;
â¤ lpad(c, 0, *)[12,-1,0]  ğ„€
  ğ„€
  ğ„€
  ğ„€
  ğ„€
  ğ„€
  ğ„€
  ğ„€
  ğ„€
  ğ„€
  ğ„€
null  ğ„€

select lpad(c,1,'*') from t1;
â¤ lpad(c, 1, *)[12,-1,0]  ğ„€
D  ğ„€
D  ğ„€
B  ğ„€
C  ğ„€
A  ğ„€
B  ğ„€
B  ğ„€
E  ğ„€
S  ğ„€
B  ğ„€
null  ğ„€
*
select lpad(c,5,'*') from t1;
â¤ lpad(c, 5, *)[12,-1,0]  ğ„€
Daffy  ğ„€
Daffy  ğ„€
*Bugs  ğ„€
Cowbo  ğ„€
Anony  ğ„€
BestS  ğ„€
BestS  ğ„€
Every  ğ„€
SanFr  ğ„€
BerkA  ğ„€
null  ğ„€
*****
select lpad(c,10,'*') from t1;
â¤ lpad(c, 10, *)[12,-1,0]  ğ„€
*****Daffy  ğ„€
*****Daffy  ğ„€
******Bugs  ğ„€
****Cowboy  ğ„€
*Anonymous  ğ„€
BestSeller  ğ„€
BestSeller  ğ„€
EveryoneBu  ğ„€
***SanFran  ğ„€
BerkAuthor  ğ„€
null  ğ„€
**********
select rpad(c,'1','*') from t1;
â¤ rpad(c, 1, *)[12,-1,0]  ğ„€
D  ğ„€
D  ğ„€
B  ğ„€
C  ğ„€
A  ğ„€
B  ğ„€
B  ğ„€
E  ğ„€
S  ğ„€
B  ğ„€
null  ğ„€
*
select rpad(c,0,'*') from t1;
â¤ rpad(c, 0, *)[12,-1,0]  ğ„€
  ğ„€
  ğ„€
  ğ„€
  ğ„€
  ğ„€
  ğ„€
  ğ„€
  ğ„€
  ğ„€
  ğ„€
null  ğ„€

select rpad(c,1,'*') from t1;
â¤ rpad(c, 1, *)[12,-1,0]  ğ„€
D  ğ„€
D  ğ„€
B  ğ„€
C  ğ„€
A  ğ„€
B  ğ„€
B  ğ„€
E  ğ„€
S  ğ„€
B  ğ„€
null  ğ„€
*
select rpad(c,5,'*') from t1;
â¤ rpad(c, 5, *)[12,-1,0]  ğ„€
Daffy  ğ„€
Daffy  ğ„€
Bugs*  ğ„€
Cowbo  ğ„€
Anony  ğ„€
BestS  ğ„€
BestS  ğ„€
Every  ğ„€
SanFr  ğ„€
BerkA  ğ„€
null  ğ„€
*****
select rpad(c,10,'*') from t1;
â¤ rpad(c, 10, *)[12,-1,0]  ğ„€
Daffy*****  ğ„€
Daffy*****  ğ„€
Bugs******  ğ„€
Cowboy****  ğ„€
Anonymous*  ğ„€
BestSeller  ğ„€
BestSeller  ğ„€
EveryoneBu  ğ„€
SanFran***  ğ„€
BerkAuthor  ğ„€
null  ğ„€
**********
select rpad(c,'1','*') from t1;
â¤ rpad(c, 1, *)[12,-1,0]  ğ„€
D  ğ„€
D  ğ„€
B  ğ„€
C  ğ„€
A  ğ„€
B  ğ„€
B  ğ„€
E  ğ„€
S  ğ„€
B  ğ„€
null  ğ„€
*
drop table if exists t1;
create table t1 ( id int, c char(20),vc varchar(50));
insert into t1 values (1,'Daffy  ','  Aducklife');
insert into t1 values (1,'  Daffy  ','Aducklife ');
insert into t1 values (2,' Bugs',' Arabbitlife ');
insert into t1 values (3,'    Cowboy',' Lifeontherange');
insert into t1 values (4,' Anonymous  ',' Wannabuythisbook?  ');
insert into t1 values (5,'  BestSeller',' OneHeckuvabook ');
insert into t1 values (5,'  BestSeller','OneHeckuvabook ');
insert into t1 values (6,' EveryoneBu',' Thisverybook ');
insert into t1 values (7,' SanFran',' Itisasanfranlifetyle ');
insert into t1 values (8,' BerkAuthor','  Cool.Berkly.the.book ');
insert into t1 values (9,null,null);
insert into t1 values (10,'','');
select ltrim(c),ltrim(vc) from t1;
â¤ ltrim(c)[12,-1,0]  Â¦  ltrim(vc)[12,-1,0]  ğ„€
Daffy    Â¦  Aducklife  ğ„€
Daffy    Â¦  Aducklife   ğ„€
Bugs  Â¦  Arabbitlife   ğ„€
Cowboy  Â¦  Lifeontherange  ğ„€
Anonymous    Â¦  Wannabuythisbook?    ğ„€
BestSeller  Â¦  OneHeckuvabook   ğ„€
BestSeller  Â¦  OneHeckuvabook   ğ„€
EveryoneBu  Â¦  Thisverybook   ğ„€
SanFran  Â¦  Itisasanfranlifetyle   ğ„€
BerkAuthor  Â¦  Cool.Berkly.the.book   ğ„€
null  Â¦  null  ğ„€
  Â¦  
select rtrim(c),rtrim(vc) from t1;
â¤ rtrim(c)[12,-1,0]  Â¦  rtrim(vc)[12,-1,0]  ğ„€
Daffy  Â¦    Aducklife  ğ„€
  Daffy  Â¦  Aducklife  ğ„€
 Bugs  Â¦   Arabbitlife  ğ„€
    Cowboy  Â¦   Lifeontherange  ğ„€
 Anonymous  Â¦   Wannabuythisbook?  ğ„€
  BestSeller  Â¦   OneHeckuvabook  ğ„€
  BestSeller  Â¦  OneHeckuvabook  ğ„€
 EveryoneBu  Â¦   Thisverybook  ğ„€
 SanFran  Â¦   Itisasanfranlifetyle  ğ„€
 BerkAuthor  Â¦    Cool.Berkly.the.book  ğ„€
null  Â¦  null  ğ„€
  Â¦  
select ltrim(rtrim(c)),rtrim(ltrim(vc)) from t1;
â¤ ltrim(rtrim(c))[12,-1,0]  Â¦  rtrim(ltrim(vc))[12,-1,0]  ğ„€
Daffy  Â¦  Aducklife  ğ„€
Daffy  Â¦  Aducklife  ğ„€
Bugs  Â¦  Arabbitlife  ğ„€
Cowboy  Â¦  Lifeontherange  ğ„€
Anonymous  Â¦  Wannabuythisbook?  ğ„€
BestSeller  Â¦  OneHeckuvabook  ğ„€
BestSeller  Â¦  OneHeckuvabook  ğ„€
EveryoneBu  Â¦  Thisverybook  ğ„€
SanFran  Â¦  Itisasanfranlifetyle  ğ„€
BerkAuthor  Â¦  Cool.Berkly.the.book  ğ„€
null  Â¦  null  ğ„€
  Â¦  
select * from t1 where ltrim(c) = 'BestSeller';
â¤ id[4,32,0]  Â¦  c[1,20,0]  Â¦  vc[12,-1,0]  ğ„€
5  Â¦    BestSeller  Â¦   OneHeckuvabook   ğ„€
5  Â¦    BestSeller  Â¦  OneHeckuvabook 
select * from t1 where ltrim(c) = 'BestSeller' and rtrim(vc) = 'OneHeckuvabook';
â¤ id[4,32,0]  Â¦  c[1,20,0]  Â¦  vc[12,-1,0]  ğ„€
5  Â¦    BestSeller  Â¦  OneHeckuvabook 
drop table if exists t1;
create table t1 ( d int);
insert into t1 values(0),(-1),(2),(10);
select space(d) from t1 where d <> -1;
â¤ space(d)[12,-1,0]  ğ„€
  ğ„€
    ğ„€
          
select space(d) from t1;
â¤ space(d)[12,-1,0]  ğ„€
  ğ„€
  ğ„€
    ğ„€
          
drop table t1;
