SELECT SOUNDEX('Hello') AS result1;
result1
H400
SELECT SOUNDEX('World') AS basic_string;
basic_string
W643
SELECT SOUNDEX('Test') AS test_string;
test_string
T230
SELECT SOUNDEX('AEIOU') AS vowels_only;
vowels_only
A000
SELECT SOUNDEX('Hello123') AS with_numbers;
with_numbers
H400
SELECT SOUNDEX('Test!@#') AS with_special_chars;
with_special_chars
T230
SELECT SOUNDEX('') AS empty_string;
empty_string
0000
SELECT SOUNDEX('A') AS single_char;
single_char
A000
SELECT SOUNDEX('AB') AS two_chars;
two_chars
A100
SELECT SOUNDEX('ABC') AS three_chars;
three_chars
A120
SELECT SOUNDEX(NULL) AS null_input;
null_input
null
CREATE TABLE t1(str VARCHAR(50));
INSERT INTO t1 VALUES ('Hello'), ('World'), ('Test'), ('AEIOU');
SELECT str, SOUNDEX(str) AS soundex_code FROM t1;
str    soundex_code
Hello    H400
World    W643
Test    T230
AEIOU    A000
DROP TABLE t1;
CREATE TABLE t1(str VARCHAR(50));
INSERT INTO t1 VALUES ('Hello'), ('World'), ('Test');
SELECT * FROM t1 WHERE SOUNDEX(str) = SOUNDEX('Hello');
str
Hello
DROP TABLE t1;
SELECT SOUNDEX('Smith') AS smith, SOUNDEX('Smythe') AS smythe;
smith    smythe
S530    S530
SELECT SOUNDEX('Robert') AS robert, SOUNDEX('Rupert') AS rupert;
robert    rupert
R163    R163
