set time_zone="+00:00";
select from_unixtime(2147483647);
from_unixtime(2147483647)
2038-01-19 03:14:07
select from_unixtime(2147483648);
from_unixtime(2147483648)
2038-01-19 03:14:08
select from_unixtime(0);
from_unixtime(0)
1970-01-01 00:00:00
select from_unixtime(-1);
from_unixtime(-1)
null
select from_unixtime(-2147483648);
from_unixtime(-2147483648)
null
select unix_timestamp(from_unixtime(2147483647));
unix_timestamp(from_unixtime(2147483647))
2147483647
select unix_timestamp(from_unixtime(2147483648));
unix_timestamp(from_unixtime(2147483648))
2147483648
select unix_timestamp('2039-01-20 01:00:00');
unix_timestamp(2039-01-20 01:00:00)
2179098000
select unix_timestamp('1968-01-20 01:00:00');
unix_timestamp(1968-01-20 01:00:00)
null
select unix_timestamp('2038-02-10 01:00:00');
unix_timestamp(2038-02-10 01:00:00)
2149376400
select unix_timestamp('1969-11-20 01:00:00');
unix_timestamp(1969-11-20 01:00:00)
null
select unix_timestamp('2038-01-20 01:00:00');
unix_timestamp(2038-01-20 01:00:00)
2147562000
select unix_timestamp('1969-12-30 01:00:00');
unix_timestamp(1969-12-30 01:00:00)
null
select unix_timestamp('2038-01-17 12:00:00');
unix_timestamp(2038-01-17 12:00:00)
2147342400
select unix_timestamp('1970-01-01 03:00:01');
unix_timestamp(1970-01-01 03:00:01)
10801
select unix_timestamp('2038-01-19 07:14:07');
unix_timestamp(2038-01-19 07:14:07)
2147498047
set time_zone="+01:00";
select unix_timestamp('1970-01-01 01:00:00'),
unix_timestamp('1970-01-01 01:00:01'),
unix_timestamp('2038-01-19 04:14:07'),
unix_timestamp('2038-01-19 04:14:08'),
unix_timestamp('2021-02-29 04:14:08');
unix_timestamp(1970-01-01 01:00:00)    unix_timestamp(1970-01-01 01:00:01)    unix_timestamp(2038-01-19 04:14:07)    unix_timestamp(2038-01-19 04:14:08)    unix_timestamp(2021-02-29 04:14:08)
0    1    2147483647    2147483648    null
SET time_zone='+00:00';
CREATE TABLE t1 (a DECIMAL(20,7));
INSERT INTO t1 VALUES
(32536771199.999999),
(32536771199.9999990),
(32536771199.9999991),
(32536771199.9999992),
(32536771199.9999993),
(32536771199.9999994),
(32536771199.9999995),
(32536771199.9999996),
(32536771199.9999997),
(32536771199.9999998),
(32536771199.9999999),
(32536771199.1234567),
(2147483648.1234567),
(1447430881.1234567),
(1451606400.123456),
(2147483647.123456),
(2147483647.999999),
(2147483647.9999999);
SELECT a, FROM_UNIXTIME(a) FROM t1;
a    from_unixtime(a)
32536771199.9999990    null
32536771199.9999990    null
32536771199.9999991    null
32536771199.9999992    null
32536771199.9999993    null
32536771199.9999994    null
32536771199.9999995    null
32536771199.9999996    null
32536771199.9999997    null
32536771199.9999998    null
32536771199.9999999    null
32536771199.1234567    null
2147483648.1234567    2038-01-19 03:14:08.123456000
1447430881.1234567    2015-11-13 16:08:01.123457000
1451606400.1234560    2016-01-01 00:00:00.123456000
2147483647.1234560    2038-01-19 03:14:07.123456000
2147483647.9999990    2038-01-19 03:14:07.999999000
2147483647.9999999    2038-01-19 03:14:08
DROP TABLE t1;
SET time_zone='+00:00';
SELECT
FROM_UNIXTIME(2147483647) AS c1,
FROM_UNIXTIME(2147483648) AS c2,
FROM_UNIXTIME(2147483647.9999999) AS c3,
FROM_UNIXTIME(32536771199) AS c4,
FROM_UNIXTIME(32536771199.9999999) AS c5;
c1    c2    c3    c4    c5
2038-01-19 03:14:07    2038-01-19 03:14:08    2038-01-19 03:14:08    3001-01-18 23:59:59    null
SET time_zone = '+08:00';
SELECT FROM_UNIXTIME(32536771199);
from_unixtime(32536771199)
3001-01-19 07:59:59
SELECT UNIX_TIMESTAMP('3001-01-18 23:59:59');
unix_timestamp(3001-01-18 23:59:59)
32536742399
SELECT FROM_UNIXTIME(32536771200);
from_unixtime(32536771200)
null
SELECT UNIX_TIMESTAMP('3001-01-19 00:00:00');
unix_timestamp(3001-01-19 00:00:00)
32536742400
SET time_zone = "+00:00";
SELECT FROM_UNIXTIME(32536771200);
from_unixtime(32536771200)
null
SELECT UNIX_TIMESTAMP('3001-01-19 00:00:00');
unix_timestamp(3001-01-19 00:00:00)
32536771200
SET time_zone = "+01:00";
SELECT FROM_UNIXTIME(32536771199);
from_unixtime(32536771199)
3001-01-19 00:59:59
SELECT UNIX_TIMESTAMP('3001-01-19 00:59:59');
unix_timestamp(3001-01-19 00:59:59)
32536771199
SELECT FROM_UNIXTIME(32536771200);
from_unixtime(32536771200)
null
SELECT UNIX_TIMESTAMP('3001-01-19 01:00:00');
unix_timestamp(3001-01-19 01:00:00)
32536771200
SET time_zone = "+09:00";
SELECT FROM_UNIXTIME(32536771199);
from_unixtime(32536771199)
3001-01-19 08:59:59
SELECT UNIX_TIMESTAMP("3001-01-19 08:59:59");
unix_timestamp(3001-01-19 08:59:59)
32536771199
SELECT UNIX_TIMESTAMP("3001-01-19 09:00:00");
unix_timestamp(3001-01-19 09:00:00)
32536771200
SET time_zone = "-01:00";
SELECT FROM_UNIXTIME(32536771199);
from_unixtime(32536771199)
3001-01-18 22:59:59
SELECT UNIX_TIMESTAMP('3001-01-18 22:59:59');
unix_timestamp(3001-01-18 22:59:59)
32536771199
SELECT FROM_UNIXTIME(32536771200);
from_unixtime(32536771200)
null
SELECT UNIX_TIMESTAMP('3001-01-18 23:59:59');
unix_timestamp(3001-01-18 23:59:59)
32536774799
SET TIME_ZONE = "-07:00";
SELECT FROM_UNIXTIME(32536771199);
from_unixtime(32536771199)
3001-01-18 16:59:59
SELECT UNIX_TIMESTAMP('3001-01-18 15:59:59');
unix_timestamp(3001-01-18 15:59:59)
32536767599
SELECT UNIX_TIMESTAMP('3001-01-18 16:00:00');
unix_timestamp(3001-01-18 16:00:00)
32536767600
SELECT FROM_UNIXTIME(9223372036854775807);
from_unixtime(9223372036854775807)
null
SELECT FROM_UNIXTIME(-9223372036854775808);
from_unixtime(-9223372036854775808)
null
SELECT FROM_UNIXTIME(9223372036854775808);
from_unixtime(9223372036854775808)
null
SELECT FROM_UNIXTIME(99999999999999999999999999999999999999999999999999999999999999999);
invalid input: 99999999999999999999999999999999999999999999999999999999999999999 beyond the range, can't be converted to Decimal128.
select count(unix_timestamp());
count(unix_timestamp())
1
