SELECT QUARTER('2024-12-20') AS result1;
result1
4
SELECT QUARTER('2024-01-15') AS q1_jan;
q1_jan
1
SELECT QUARTER('2024-02-15') AS q1_feb;
q1_feb
1
SELECT QUARTER('2024-03-15') AS q1_mar;
q1_mar
1
SELECT QUARTER('2024-04-15') AS q2_apr;
q2_apr
2
SELECT QUARTER('2024-05-15') AS q2_may;
q2_may
2
SELECT QUARTER('2024-06-15') AS q2_jun;
q2_jun
2
SELECT QUARTER('2024-07-15') AS q3_jul;
q3_jul
3
SELECT QUARTER('2024-08-15') AS q3_aug;
q3_aug
3
SELECT QUARTER('2024-09-15') AS q3_sep;
q3_sep
3
SELECT QUARTER('2024-10-15') AS q4_oct;
q4_oct
4
SELECT QUARTER('2024-11-15') AS q4_nov;
q4_nov
4
SELECT QUARTER('2024-12-20') AS q4_dec;
q4_dec
4
SELECT QUARTER('2024-12-20 15:30:45') AS datetime_q4;
datetime_q4
4
SELECT QUARTER('2024-01-01 00:00:00') AS datetime_q1;
datetime_q1
1
SELECT QUARTER(NULL) AS null_input;
null_input
null
CREATE TABLE t1(d DATE);
INSERT INTO t1 VALUES ('2024-01-15'), ('2024-04-15'), ('2024-07-15'), ('2024-12-20');
SELECT d, QUARTER(d) AS quarter FROM t1;
d    quarter
2024-01-15    1
2024-04-15    2
2024-07-15    3
2024-12-20    4
DROP TABLE t1;
CREATE TABLE t1(dt DATETIME);
INSERT INTO t1 VALUES ('2024-01-15 10:30:45'), ('2024-04-15 10:30:45'), ('2024-07-15 10:30:45'), ('2024-12-20 10:30:45');
SELECT dt, QUARTER(dt) AS quarter FROM t1;
dt    quarter
2024-01-15 10:30:45    1
2024-04-15 10:30:45    2
2024-07-15 10:30:45    3
2024-12-20 10:30:45    4
DROP TABLE t1;
CREATE TABLE t1(d DATE);
INSERT INTO t1 VALUES ('2024-01-15'), ('2024-04-15'), ('2024-07-15'), ('2024-12-20');
SELECT * FROM t1 WHERE QUARTER(d) = 4;
d
2024-12-20
DROP TABLE t1;
SELECT QUARTER('2024-01-01') AS q1, QUARTER('2024-04-01') AS q2, QUARTER('2024-07-01') AS q3, QUARTER('2024-10-01') AS q4;
q1    q2    q3    q4
1    2    3    4
