select bin(0b11111111);
bin(0b11111111)
11111111
select bin(12);
bin(12)
1100
SELECT bin(1314);
bin(1314)
10100100010
select bin(2e5);
bin(2e5)
110000110101000000
SELECT bin(null);
bin(null)
NULL
SELECT concat_ws(",", bin(1000), bin(2000));
concat_ws(,, bin(1000), bin(2000))
1111101000,11111010000
select bin(0);
bin(0)
0
select bin(-1);
bin(-1)
1111111111111111111111111111111111111111111111111111111111111111
select bin(10e50);
invalid input: The input value is out of range
select bin(-10e50);
invalid input: The input value is out of range
select bin(0.00000000000000000000000001);
bin(0.00000000000000000000000001)
0
select bin(-0.00000000000000000000000001);
bin(-0.00000000000000000000000001)
0
select bin("你好");
invalid argument cast to int, bad value 你好
create table t1(a int);
insert into t1 values();
select bin(a) from t1;
bin(a)
NULL
drop table t1;
CREATE TABLE t1(a char(255), b varchar(255));
INSERT INTO t1 select bin(56), bin(234);
INSERT INTO t1 select bin(100), bin(234);
SELECT distinct bin(a), bin(b) FROM t1 ORDER BY bin(a);
bin(a)    bin(b)
100001100100101000100    101010010110001101010010
11011000110011000    101010010110001101010010
drop table t1;
CREATE TABLE t1 (a int);
INSERT INTO t1 VALUES (100), (12);
SELECT a FROM t1
GROUP BY a
HAVING bin(a) <>0;
a 
100
12
DROP TABLE t1;
drop table if exists t1;
CREATE TABLE t1 (a int);
CREATE TABLE t2 (a int);
INSERT INTO t1 VALUES (100), (200), (300), (10);
INSERT INTO t2 VALUES (100), (50), (20), (10), (300);
SELECT t1.a, t2.a FROM t1 JOIN t2 ON (bin(t1.a) = bin(t2.a));
a    a
100    100
10    10
300    300
drop table t1;
drop table t2;