SELECT TIMEDIFF('2000:01:01 00:00:00', '2000:01:01 00:00:00.000001') AS result1;
â¤ result1[92,64,0]  ğ„€
00:00:00.000001000
SELECT TIMEDIFF('2000:01:01 00:00:00', '2000:01:01 00:00:00.000001') AS microsecond_diff;
â¤ microsecond_diff[92,64,0]  ğ„€
00:00:00.000001000
SELECT TIMEDIFF('2000:01:01 00:00:00', '2000:01:01 00:00:00') AS zero_diff;
â¤ zero_diff[92,64,0]  ğ„€
00:00:00
SELECT TIMEDIFF('2000:01:01 00:00:01', '2000:01:01 00:00:00') AS one_second_diff;
â¤ one_second_diff[92,64,0]  ğ„€
00:00:01
SELECT TIMEDIFF('2000:01:01 01:00:00', '2000:01:01 00:00:00') AS one_hour_diff;
â¤ one_hour_diff[92,64,0]  ğ„€
01:00:00
SELECT TIMEDIFF('2000:01:01 00:00:00', '2000:01:01 00:00:01') AS negative_one_second;
â¤ negative_one_second[92,64,0]  ğ„€
00:00:01
SELECT TIMEDIFF('2000:01:01 00:00:00', '2000:01:01 01:00:00') AS negative_one_hour;
â¤ negative_one_hour[92,64,0]  ğ„€
-1:00:00
SELECT TIMEDIFF('15:30:45', '10:20:30') AS time_diff;
â¤ time_diff[92,64,0]  ğ„€
05:10:15
SELECT TIMEDIFF('00:00:00', '00:00:00') AS time_zero;
â¤ time_zero[92,64,0]  ğ„€
00:00:00
SELECT TIMEDIFF('23:59:59', '00:00:00') AS time_max_diff;
â¤ time_max_diff[92,64,0]  ğ„€
23:59:59
SELECT TIMEDIFF('2000-01-01 15:30:45', '2000-01-01 10:20:30') AS datetime_diff;
â¤ datetime_diff[92,64,0]  ğ„€
05:10:15
SELECT TIMEDIFF('2000-01-01 00:00:00', '2000-01-01 00:00:00') AS datetime_zero;
â¤ datetime_zero[92,64,0]  ğ„€
00:00:00
SELECT CAST(TIMEDIFF ('2000-01-01 15:30:45', '2026-02-02 15:30:45')AS char) AS mixed_format1;
â¤ mixed_format1[12,-1,0]  ğ„€
-228696:00:00.000000
SELECT CAST(TIMEDIFF('2026-02-02 15:30:45', '2000-01-01 15:30:45')AS char) AS mixed_format2;
â¤ mixed_format2[12,-1,0]  ğ„€
228696:00:00.000000
SELECT TIMEDIFF('2000-01-01 00:00:00.500000', '2000-01-01 00:00:00.200000') AS with_microseconds;
â¤ with_microseconds[92,64,0]  ğ„€
00:00:00.300000000
SELECT TIMEDIFF('2000-01-01 00:00:00.000001', '2000-01-01 00:00:00.000000') AS one_microsecond;
â¤ one_microsecond[92,64,0]  ğ„€
00:00:00.000001000
SELECT TIMEDIFF(NULL, '2000-01-01 00:00:00') AS null_expr1;
â¤ null_expr1[92,64,0]  ğ„€
null
SELECT TIMEDIFF('2000-01-01 00:00:00', NULL) AS null_expr2;
â¤ null_expr2[92,64,0]  ğ„€
null
SELECT TIMEDIFF(NULL, NULL) AS null_both;
â¤ null_both[92,64,0]  ğ„€
null
CREATE TABLE t1(dt1 DATETIME, dt2 DATETIME);
INSERT INTO t1 VALUES ('2000-01-01 15:30:45', '2000-01-01 10:20:30'), ('2000-01-01 00:00:00', '2000-01-01 00:00:00');
SELECT TIMEDIFF(dt1, dt2) AS result FROM t1;
â¤ result[92,64,0]  ğ„€
05:10:15  ğ„€
00:00:00
DROP TABLE t1;
CREATE TABLE t1(dt1 DATETIME, dt2 DATETIME);
INSERT INTO t1 VALUES ('2000-01-01 15:30:45', '2000-01-01 10:20:30'), ('2000-01-01 00:00:00', '2000-01-01 00:00:00');
SELECT * FROM t1 WHERE TIMEDIFF(dt1, dt2) > '02:00:00';
â¤ dt1[93,64,0]  Â¦  dt2[93,64,0]  ğ„€
2000-01-01 15:30:45  Â¦  2000-01-01 10:20:30
DROP TABLE t1;
SELECT TIMEDIFF('2000-01-01 23:59:59', '2000-01-01 00:00:00') AS max_day_diff;
â¤ max_day_diff[92,64,0]  ğ„€
23:59:59
SELECT TIMEDIFF('2000-01-02 00:00:00', '2000-01-01 00:00:00') AS day_boundary;
â¤ day_boundary[92,64,0]  ğ„€
24:00:00
SELECT TIMEDIFF('2000-01-01 00:00:00', '2000-01-02 00:00:00') AS negative_day_boundary;
â¤ negative_day_boundary[92,64,0]  ğ„€
-24:00:00
