SELECT FIND_IN_SET('b','a,b,c,d');
FIND_IN_SET('b','a,b,c,d')
2
select bin(concat_ws(" ",find_in_set('b','a,b,c,d')));
bin(concat_ws(" ",find_in_set('b','a,b,c,d')))
10
select find_in_set("b","a,b,c"),find_in_set("c","a,b,c"),find_in_set("dd","a,bbb,dd"),find_in_set("bbb","a,bbb,dd");
find_in_set("b","a,b,c")	find_in_set("c","a,b,c")	find_in_set("dd","a,bbb,dd")	find_in_set("bbb","a,bbb,dd")
2	3	3	2
select find_in_set("d","a,b,c"),find_in_set("dd","a,bbb,d"),find_in_set("bb","a,bbb,dd");
find_in_set("d","a,b,c")	find_in_set("dd","a,bbb,d")	find_in_set("bb","a,bbb,dd")
0	0	0
select find_in_set("","a,b,c"),find_in_set("","a,b,c,"),find_in_set("",",a,b,c");
find_in_set("","a,b,c")	find_in_set("","a,b,c,")	find_in_set("",",a,b,c")
0	4	1
select find_in_set("abc","abc"),find_in_set("ab","abc"),find_in_set("abcd","abc");
find_in_set("abc","abc")	find_in_set("ab","abc")	find_in_set("abcd","abc")
1	0	0
select find_in_set('1','3,1,');
find_in_set('1','3,1,')
2
select find_in_set('你好', "你好,我好,大家好");
find_in_set('你好', "你好,我好,大家好")
1
select find_in_set(Null, null);
find_in_set(Null, null)
null
select find_in_set('1', null);
find_in_set('1', null)
null
select find_in_set(null,"a,b,c,d");
find_in_set(null,"a,b,c,d")
null
select find_in_set('a,', 'a,b,c,d');
find_in_set('a,', 'a,b,c,d')
0
select find_in_set("*#(()@*31()@*)#)_", "qwkrjqjiofj,*#(()@*31()@*)#)_,f023jf09j2");
find_in_set("*#(()@*31()@*)#)_", "qwkrjqjiofj,*#(()@*31()@*)#)_,f023jf09j2")
2
select find_in_set('a', 'abcd');
find_in_set('a', 'abcd')
0
create table t1 (a varchar(255));
insert into t1 values('1'),('-1'),('0'),("abc");
select * from t1 where find_in_set('-1', a);
a
-1
drop table t1;
CREATE TABLE t1 (
access_id int NOT NULL default 0,
name varchar(20) default NULL,
`rank` int NOT NULL default 0,
PRIMARY KEY idx (access_id)
);
CREATE TABLE t2 (
faq_group_id int NOT NULL default 0,
faq_id int NOT NULL default 0,
access_id int default NULL,
PRIMARY KEY idx1 (faq_id)
);
INSERT INTO t1 VALUES (1,'Everyone',2),(2,'Help',3),(3,'Technical Support',1),(4,'Chat User',4);
INSERT INTO t2 VALUES (261,265,1),(490,494,1);
SELECT t2.faq_id FROM t1 INNER JOIN t2 ON (t1.access_id = t2.access_id) LEFT JOIN t2 t ON (t.faq_group_id = t2.faq_group_id AND find_in_set(t.access_id, '1,4') < find_in_set(t2.access_id, '1,4')) WHERE t2.access_id IN (1,4) AND t.access_id IS NULL AND t2.faq_id in (265);
faq_id
265
drop table t1;
drop table t2;
CREATE TABLE t1(a char(255), b int);
INSERT INTO t1 select 'a,b,c,d', FIND_IN_SET('b','a,b,c,d');
INSERT INTO t1 select "a,bbb,dd", find_in_set("dd","a,bbb,dd");
INSERT INTO t1 select "a,b,c", find_in_set("c","a,b,c");
SELECT distinct find_in_set('a', a) FROM t1;
find_in_set('a', a)
1
drop table t1;
CREATE TABLE t1 (a varchar(10));
INSERT INTO t1 VALUES ('abc'), ('xyz');
SELECT a, CONCAT_WS(",",a,' ',a) AS c FROM t1
HAVING find_in_set('a', c) =0;
SQL syntax error: column "t1.a" must appear in the GROUP BY clause or be used in an aggregate function
DROP TABLE t1;
select find_in_set("","a,b,c")*find_in_set("","a,b,c,")-find_in_set("bb","a,bbb,dd");
find_in_set("","a,b,c")*find_in_set("","a,b,c,")-find_in_set("bb","a,bbb,dd")
0