select to_days(null);
to_days(null)
null
SELECT TO_DAYS('19950501');
to_days(19950501)
728779
SELECT TO_DAYS('2007-10-07');
to_days(2007-10-07)
733321
SELECT TO_DAYS('2008-10-07');
to_days(2008-10-07)
733687
SELECT TO_DAYS('0001-01-01');
to_days(0001-01-01)
366
drop table if exists t_dates;
create table t_dates(
a_date date,
b_datetime datetime,
c_timestamp timestamp
);
insert into t_dates values('1999-04-05', '1999-04-05 11:01:02', '1999-04-05 11:01:02');
insert into t_dates values('2004-04-03', '2004-04-03 13:11:10', '2004-04-03 13:11:10');
insert into t_dates values('2012-04-05', '2012-04-05 11:01:02', '2012-04-05 11:01:02.123456');
insert into t_dates values('1997-04-03', '1997-04-03 13:11:10', '1997-04-03 13:11:10.123456');
insert into t_dates values('2022-04-05', '2022-04-05 11:01:02.123456', '2022-04-05 11:01:02.123456');
insert into t_dates values('1999-09-05', '2004-09-03 13:11:10.123456', '2004-09-03 13:11:10.123456');
insert into t_dates values(null, null, null);
insert into t_dates values('', '', '');
select a_date, to_days(a_date) from t_dates order by a_date;
a_date    to_days(a_date)
null    null
null    null
1997-04-03    729482
1999-04-05    730214
1999-09-05    730367
2004-04-03    732039
2012-04-05    734963
2022-04-05    738615
select * from t_dates where to_days(a_date) > 730214;
a_date    b_datetime    c_timestamp
2004-04-03    2004-04-03 13:11:10    2004-04-03 13:11:10
2012-04-05    2012-04-05 11:01:02    2012-04-05 11:01:02
2022-04-05    2022-04-05 11:01:02    2022-04-05 11:01:02
1999-09-05    2004-09-03 13:11:10    2004-09-03 13:11:10
select b_datetime, to_days(b_datetime) from t_dates order by b_datetime;
b_datetime    to_days(b_datetime)
null    null
null    null
1997-04-03 13:11:10    729482
1999-04-05 11:01:02    730214
2004-04-03 13:11:10    732039
2004-09-03 13:11:10    732192
2012-04-05 11:01:02    734963
2022-04-05 11:01:02    738615
select * from t_dates where to_days(b_datetime) > 730214;
a_date    b_datetime    c_timestamp
2004-04-03    2004-04-03 13:11:10    2004-04-03 13:11:10
2012-04-05    2012-04-05 11:01:02    2012-04-05 11:01:02
2022-04-05    2022-04-05 11:01:02    2022-04-05 11:01:02
1999-09-05    2004-09-03 13:11:10    2004-09-03 13:11:10
drop table t_dates;
