SELECT CONV('A', 16, 10) AS result1;
result1
10
SELECT CONV('A', 16, 10) AS hex_to_dec;
hex_to_dec
10
SELECT CONV('10', 10, 16) AS dec_to_hex;
dec_to_hex
a
SELECT CONV('1010', 2, 10) AS bin_to_dec;
bin_to_dec
10
SELECT CONV('10', 10, 2) AS dec_to_bin;
dec_to_bin
1010
SELECT CONV('FF', 16, 2) AS hex_to_bin;
hex_to_bin
11111111
SELECT CONV('Z', 36, 10) AS base36_to_dec;
base36_to_dec
35
SELECT CONV('35', 10, 36) AS dec_to_base36;
dec_to_base36
z
SELECT CONV('100', 8, 10) AS oct_to_dec;
oct_to_dec
64
SELECT CONV('64', 10, 8) AS dec_to_oct;
dec_to_oct
100
SELECT CONV(10, 10, 16) AS int_to_hex;
int_to_hex
a
SELECT CONV(255, 10, 2) AS int_to_bin;
int_to_bin
11111111
SELECT CONV(100, 10, 8) AS int_to_oct;
int_to_oct
144
SELECT CONV('0', 10, 16) AS zero;
zero
0
SELECT CONV('1', 10, 2) AS one;
one
1
SELECT CONV(NULL, 10, 16) AS null_input;
null_input
null
SELECT CONV('G', 16, 10) AS invalid_hex;
invalid_hex
null
SELECT CONV('2', 2, 10) AS invalid_bin;
invalid_bin
null
CREATE TABLE t1(num_str VARCHAR(10), num_val INT);
INSERT INTO t1 VALUES ('A', 10), ('FF', 255), ('1010', 10);
SELECT CONV(num_str, 16, 10) AS hex_val, CONV(num_val, 10, 16) AS hex_str FROM t1;
hex_val	hex_str
10	a
255	ff
4112	a
DROP TABLE t1;
CREATE TABLE t1(val VARCHAR(10));
INSERT INTO t1 VALUES ('A'), ('B'), ('C');
SELECT * FROM t1 WHERE CONV(val, 16, 10) > 10;
val
B
C
DROP TABLE t1;
SELECT CONV('A', 16, 10) AS val1, CONV('B', 16, 10) AS val2, CONV('C', 16, 10) AS val3;
val1    val2    val3
10    11    12
