SELECT SIN(PI());
â¤ SIN(PI())[8,54,0]  ğ„€
1.2246467991473515E-16
SELECT ROUND(SIN(PI()));
â¤ ROUND(SIN(PI()))[8,54,0]  ğ„€
0.0
SELECT COS(PI());
â¤ COS(PI())[8,54,0]  ğ„€
-1.0
SELECT COT(12);
â¤ COT(12)[8,54,0]  ğ„€
-1.5726734063976895
SELECT TAN(PI());
â¤ TAN(PI())[8,54,0]  ğ„€
-1.2246467991473515E-16
SELECT TAN(PI()+1);
â¤ TAN(PI() + 1)[8,54,0]  ğ„€
1.5574077246549016
SELECT ACOS(1);
â¤ ACOS(1)[8,54,0]  ğ„€
0.0
SELECT ACOS(1.0001);
invalid argument acos, bad value 1.0001
SELECT ACOS(0);
â¤ ACOS(0)[8,54,0]  ğ„€
1.5707963267948966
SELECT ATAN(2);
â¤ ATAN(2)[8,54,0]  ğ„€
1.1071487177940904
SELECT ATAN(-2);
â¤ ATAN(-2)[8,54,0]  ğ„€
-1.1071487177940904
SELECT ATAN(-2,2);
â¤ ATAN(-2, 2)[8,54,0]  ğ„€
-0.7853981633974483
SELECT SIN(13413);
â¤ SIN(13413)[8,54,0]  ğ„€
-0.9995549842668945
SELECT SIN(-3114);
â¤ SIN(-3114)[8,54,0]  ğ„€
0.6300986853612236
SELECT SIN(1);
â¤ SIN(1)[8,54,0]  ğ„€
0.8414709848078965
SELECT SIN(-1);
â¤ SIN(-1)[8,54,0]  ğ„€
-0.8414709848078965
SELECT SIN(0);
â¤ SIN(0)[8,54,0]  ğ„€
0.0
SELECT SIN(0.001);
â¤ SIN(0.001)[8,54,0]  ğ„€
9.999998333333417E-4
SELECT SIN(-0.001);
â¤ SIN(-0.001)[8,54,0]  ğ„€
-9.999998333333417E-4
SELECT SIN("ABC");
â¤ SIN(ABC)[8,54,0]  ğ„€
0.0
SELECT COS(13413);
â¤ COS(13413)[8,54,0]  ğ„€
-0.02983007588338295
SELECT COS(-3114);
â¤ COS(-3114)[8,54,0]  ğ„€
-0.7765150653439106
SELECT COS(1);
â¤ COS(1)[8,54,0]  ğ„€
0.5403023058681398
SELECT COS(-1);
â¤ COS(-1)[8,54,0]  ğ„€
0.5403023058681398
SELECT COS(0);
â¤ COS(0)[8,54,0]  ğ„€
1.0
SELECT COS(0.001);
â¤ COS(0.001)[8,54,0]  ğ„€
0.9999995000000417
SELECT COS(-0.001);
â¤ COS(-0.001)[8,54,0]  ğ„€
0.9999995000000417
SELECT COS("ABC");
â¤ COS(ABC)[8,54,0]  ğ„€
1.0
SELECT TAN(13413);
â¤ TAN(13413)[8,54,0]  ğ„€
33.50829505679211
SELECT TAN(-3114);
â¤ TAN(-3114)[8,54,0]  ğ„€
-0.8114442507076914
SELECT TAN(1);
â¤ TAN(1)[8,54,0]  ğ„€
1.557407724654902
SELECT TAN(-1);
â¤ TAN(-1)[8,54,0]  ğ„€
-1.557407724654902
SELECT TAN(0);
â¤ TAN(0)[8,54,0]  ğ„€
0.0
SELECT TAN(0.001);
â¤ TAN(0.001)[8,54,0]  ğ„€
0.0010000003333334668
SELECT TAN(-0.001);
â¤ TAN(-0.001)[8,54,0]  ğ„€
-0.0010000003333334668
SELECT TAN("ABC");
â¤ TAN(ABC)[8,54,0]  ğ„€
0.0
SELECT COT(13413);
â¤ COT(13413)[8,54,0]  ğ„€
0.02984335664587436
SELECT COT(-3114);
â¤ COT(-3114)[8,54,0]  ğ„€
-1.232370553032478
SELECT COT(1);
â¤ COT(1)[8,54,0]  ğ„€
0.6420926159343306
SELECT COT(-1);
â¤ COT(-1)[8,54,0]  ğ„€
-0.6420926159343308
SELECT COT(0.001);
â¤ COT(0.001)[8,54,0]  ğ„€
999.9996666666933
SELECT COT(-0.001);
â¤ COT(-0.001)[8,54,0]  ğ„€
-999.9996666668156
select cot(0);
invalid argument cot, bad value 0
SELECT ATAN(13413);
â¤ ATAN(13413)[8,54,0]  ğ„€
1.570721772258391
SELECT ATAN(-3114);
â¤ ATAN(-3114)[8,54,0]  ğ„€
-1.5704751964270016
SELECT ATAN(1);
â¤ ATAN(1)[8,54,0]  ğ„€
0.7853981633974483
SELECT ATAN(-1);
â¤ ATAN(-1)[8,54,0]  ğ„€
-0.7853981633974483
SELECT ATAN(0);
â¤ ATAN(0)[8,54,0]  ğ„€
0.0
SELECT ATAN(0.001);
â¤ ATAN(0.001)[8,54,0]  ğ„€
9.999996666668668E-4
SELECT ATAN(-0.001);
â¤ ATAN(-0.001)[8,54,0]  ğ„€
-9.999996666668668E-4
SELECT ATAN("ABC");
â¤ ATAN(ABC)[8,54,0]  ğ„€
0.0
SELECT SIN(NULL);
â¤ SIN(null)[8,54,0]  ğ„€
null
SELECT COS(NULL);
â¤ COS(null)[8,54,0]  ğ„€
null
SELECT TAN(NULL);
â¤ TAN(null)[8,54,0]  ğ„€
null
SELECT COT(NULL);
â¤ COT(null)[8,54,0]  ğ„€
null
SELECT ACOS(NULL);
â¤ ACOS(null)[8,54,0]  ğ„€
null
SELECT ATAN(NULL);
â¤ ATAN(null)[8,54,0]  ğ„€
null
create table t1(a tinyint, b SMALLINT, c bigint, d INT, e BIGINT, f FLOAT, g DOUBLE, h decimal(38,19), i DATE, k datetime, l TIMESTAMP, m char(255), n varchar(255));
insert into t1 values(1, 1, 2, 43, 5, 35.5, 31.133, 14.314, "2012-03-10", "2012-03-12 10:03:12", "2022-03-12 13:03:12", "ab23c", "d5cf");
insert into t1 values(71, 1, 2, 34, 5, 5.5, 341.13, 15.314, "2012-03-22", "2013-03-12 10:03:12", "2032-03-12 13:04:12", "abr23c", "3dcf");
insert into t1 values(1, 1, 21, 4, 54, 53.5, 431.13, 14.394, "2011-03-12", "2015-03-12 10:03:12", "2002-03-12 13:03:12", "afbc", "dct5f");
insert into t1 values(1, 71, 2, 34, 5, 5.5, 31.313, 124.314, "2012-01-12", "2019-03-12 10:03:12", "2013-03-12 13:03:12", "3abd1c", "dcvf");
select sin(a), cos(a), tan(a),cot(a),atan(a) from t1;
â¤ sin(a)[8,54,0]  Â¦  cos(a)[8,54,0]  Â¦  tan(a)[8,54,0]  Â¦  cot(a)[8,54,0]  Â¦  atan(a)[8,54,0]  ğ„€
0.8414709848078965  Â¦  0.5403023058681398  Â¦  1.557407724654902  Â¦  0.6420926159343306  Â¦  0.7853981633974483  ğ„€
0.9510546532543747  Â¦  -0.3090227281660707  Â¦  -3.0776204031933605  Â¦  -0.32492636160145394  Â¦  1.5567127509720364  ğ„€
0.8414709848078965  Â¦  0.5403023058681398  Â¦  1.557407724654902  Â¦  0.6420926159343306  Â¦  0.7853981633974483  ğ„€
0.8414709848078965  Â¦  0.5403023058681398  Â¦  1.557407724654902  Â¦  0.6420926159343306  Â¦  0.7853981633974483
select sin(b), cos(b), tan(b),cot(b),atan(b) from t1;
â¤ sin(b)[8,54,0]  Â¦  cos(b)[8,54,0]  Â¦  tan(b)[8,54,0]  Â¦  cot(b)[8,54,0]  Â¦  atan(b)[8,54,0]  ğ„€
0.8414709848078965  Â¦  0.5403023058681398  Â¦  1.557407724654902  Â¦  0.6420926159343306  Â¦  0.7853981633974483  ğ„€
0.8414709848078965  Â¦  0.5403023058681398  Â¦  1.557407724654902  Â¦  0.6420926159343306  Â¦  0.7853981633974483  ğ„€
0.8414709848078965  Â¦  0.5403023058681398  Â¦  1.557407724654902  Â¦  0.6420926159343306  Â¦  0.7853981633974483  ğ„€
0.9510546532543747  Â¦  -0.3090227281660707  Â¦  -3.0776204031933605  Â¦  -0.32492636160145394  Â¦  1.5567127509720364
select sin(c), cos(c), tan(c),cot(c),atan(c) from t1;
â¤ sin(c)[8,54,0]  Â¦  cos(c)[8,54,0]  Â¦  tan(c)[8,54,0]  Â¦  cot(c)[8,54,0]  Â¦  atan(c)[8,54,0]  ğ„€
0.9092974268256816  Â¦  -0.4161468365471424  Â¦  -2.185039863261519  Â¦  -0.4576575543602858  Â¦  1.1071487177940904  ğ„€
0.9092974268256816  Â¦  -0.4161468365471424  Â¦  -2.185039863261519  Â¦  -0.4576575543602858  Â¦  1.1071487177940904  ğ„€
0.836655638536056  Â¦  -0.5477292602242685  Â¦  -1.5274985276366033  Â¦  -0.6546651154860551  Â¦  1.5232132235179132  ğ„€
0.9092974268256816  Â¦  -0.4161468365471424  Â¦  -2.185039863261519  Â¦  -0.4576575543602858  Â¦  1.1071487177940904
select sin(d), cos(d), tan(d),cot(d),atan(d) from t1;
â¤ sin(d)[8,54,0]  Â¦  cos(d)[8,54,0]  Â¦  tan(d)[8,54,0]  Â¦  cot(d)[8,54,0]  Â¦  atan(d)[8,54,0]  ğ„€
-0.8317747426285983  Â¦  0.5551133015206257  Â¦  -1.4983873388551707  Â¦  -0.6673841763532501  Â¦  1.5475447039844337  ğ„€
0.5290826861200238  Â¦  -0.8485702747846051  Â¦  -0.6234989627162255  Â¦  -1.6038519064146837  Â¦  1.5413930385908914  ğ„€
-0.7568024953079282  Â¦  -0.6536436208636119  Â¦  1.1578212823495775  Â¦  0.8636911544506165  Â¦  1.3258176636680323  ğ„€
0.5290826861200238  Â¦  -0.8485702747846051  Â¦  -0.6234989627162255  Â¦  -1.6038519064146837  Â¦  1.5413930385908914
select sin(e), cos(e), tan(e),cot(e),atan(e) from t1;
â¤ sin(e)[8,54,0]  Â¦  cos(e)[8,54,0]  Â¦  tan(e)[8,54,0]  Â¦  cot(e)[8,54,0]  Â¦  atan(e)[8,54,0]  ğ„€
-0.9589242746631385  Â¦  0.2836621854632263  Â¦  -3.3805150062465854  Â¦  -0.29581291553274563  Â¦  1.3734007669450157  ğ„€
-0.9589242746631385  Â¦  0.2836621854632263  Â¦  -3.3805150062465854  Â¦  -0.29581291553274563  Â¦  1.3734007669450157  ğ„€
-0.5587890488516162  Â¦  -0.8293098328631501  Â¦  0.6738001006480598  Â¦  1.484119695200706  Â¦  1.5522799247268875  ğ„€
-0.9589242746631385  Â¦  0.2836621854632263  Â¦  -3.3805150062465854  Â¦  -0.29581291553274563  Â¦  1.3734007669450157
select sin(f), cos(f), tan(f),cot(f),atan(f) from t1;
â¤ sin(f)[8,54,0]  Â¦  cos(f)[8,54,0]  Â¦  tan(f)[8,54,0]  Â¦  cot(f)[8,54,0]  Â¦  atan(f)[8,54,0]  ğ„€
-0.8090187662119064  Â¦  -0.587782813560387  Â¦  1.3763906455709771  Â¦  0.7265379223680839  Â¦  1.542634759807004  ğ„€
-0.7055403255703919  Â¦  0.70866977429126  Â¦  -0.995584052213885  Â¦  -1.0044355348765333  Â¦  1.3909428270024182  ğ„€
-0.09279121175730869  Â¦  -0.9956855884367366  Â¦  0.09319328594782049  Â¦  10.730386742237258  Â¦  1.5521069143479909  ğ„€
-0.7055403255703919  Â¦  0.70866977429126  Â¦  -0.995584052213885  Â¦  -1.0044355348765333  Â¦  1.3909428270024182
select sin(g), cos(g), tan(g),cot(g),atan(g) from t1;
â¤ sin(g)[8,54,0]  Â¦  cos(g)[8,54,0]  Â¦  tan(g)[8,54,0]  Â¦  cot(g)[8,54,0]  Â¦  atan(g)[8,54,0]  ğ„€
-0.27916702435082624  Â¦  0.960242559208404  Â¦  -0.2907255272886086  Â¦  -3.4396704318547444  Â¦  1.5386871079895943  ğ„€
0.9645147349480211  Â¦  -0.2640290250486648  Â¦  -3.6530632750329075  Â¦  -0.27374286310192997  Â¦  1.5678649014274997  ğ„€
-0.6682146725852425  Â¦  -0.7439685150204929  Â¦  0.8981760102668273  Â¦  1.1133675232573985  Â¦  1.5684768449526045  ğ„€
-0.10274490038158632  Â¦  0.9947077387079974  Â¦  -0.103291546233509  Â¦  -9.681334402133349  Â¦  1.5388715592334
select sin(h), cos(h), tan(h),cot(h),atan(h) from t1;
â¤ sin(h)[8,54,0]  Â¦  cos(h)[8,54,0]  Â¦  tan(h)[8,54,0]  Â¦  cot(h)[8,54,0]  Â¦  atan(h)[8,54,0]  ğ„€
0.9844057342302102  Â¦  -0.1759129057649856  Â¦  -5.595983591706153  Â¦  -0.17869959473828825  Â¦  1.5010479781071042  ğ„€
0.3838510820599206  Â¦  -0.923395011250022  Â¦  -0.41569542544992977  Â¦  -2.4056074201866564  Â¦  1.505589178172813  ğ„€
0.9671992895453196  Â¦  -0.2540187676196956  Â¦  -3.807589882466334  Â¦  -0.26263332734571165  Â¦  1.5014343848467917  ğ„€
-0.9756589591814997  Â¦  0.21929340019451715  Â¦  -4.4491031573046556  Â¦  -0.22476439962022424  Â¦  1.5627523540210526
select sin(i), cos(i), tan(i),cot(i),acos(i),atan(i) from t1;
invalid argument function sin, bad value [DATE]
select sin(k), cos(k), tan(k),cot(k),acos(k),atan(k) from t1;
invalid argument function sin, bad value [DATETIME]
select sin(l), cos(l), tan(l),cot(l),acos(l),atan(l) from t1;
invalid argument function sin, bad value [TIMESTAMP]
drop table t1;
Create table t1(a float);
insert into t1 select (sin(1));
insert into t1 select (cos(1));
insert into t1 select (tan(1));
insert into t1 select (cot(1));
insert into t1 select (acos(1));
insert into t1 select (atan(1));
insert into t1 select (sin(1));
insert into t1 select (cos(1));
insert into t1 select (tan(1));
insert into t1 select (cot(1));
insert into t1 select (acos(1));
insert into t1 select (atan(1));
select distinct sin(a) from t1;
â¤ sin(a)[8,54,0]  ğ„€
0.7456241230036047  ğ„€
0.5143952334342761  ğ„€
0.9999103741675135  ğ„€
0.5988726343417219  ğ„€
0.0  ğ„€
0.7071067966408575
select distinct cos(a) from t1;
â¤ cos(a)[8,54,0]  ğ„€
0.6663667662744783  ğ„€
0.8575532308959583  ğ„€
0.01338819002640532  ğ„€
0.8008442843877993  ğ„€
1.0  ğ„€
0.7071067657322373
select distinct tan(a) from t1;
â¤ tan(a)[8,54,0]  ğ„€
1.118939540115781  ğ„€
0.5998405870348643  ğ„€
74.6860010348976  ğ„€
0.747801596410876  ğ„€
0.0  ğ„€
1.000000043711391
select distinct acos(a) from t1;
invalid argument acos, bad value 1.5574077367782593
select distinct atan(a) from t1;
â¤ atan(a)[8,54,0]  ğ„€
0.6995216279525448  ğ„€
0.4953672665727952  ğ„€
1.00000000353913  ğ„€
0.5707963474946961  ğ„€
0.0  ğ„€
0.6657737635458051
drop table t1;
drop table if exists t1;
create table t1(a INT,  b float);
insert into t1 values(1, 0),(0, 1),(1,1),(0,0);
select * from t1 where sin(a)<>cos(b);
â¤ a[4,32,0]  Â¦  b[7,24,0]  ğ„€
1  Â¦  0.0  ğ„€
0  Â¦  1.0  ğ„€
1  Â¦  1.0  ğ„€
0  Â¦  0.0
select * from t1 where sin(b)<>cos(a);
â¤ a[4,32,0]  Â¦  b[7,24,0]  ğ„€
1  Â¦  0.0  ğ„€
0  Â¦  1.0  ğ„€
1  Â¦  1.0  ğ„€
0  Â¦  0.0
select * from t1 where tan(b)<>cot(a-0.5);
â¤ a[4,32,0]  Â¦  b[7,24,0]  ğ„€
1  Â¦  0.0  ğ„€
0  Â¦  1.0  ğ„€
1  Â¦  1.0  ğ„€
0  Â¦  0.0
select * from t1 where atan(b)<>acos(a);
â¤ a[4,32,0]  Â¦  b[7,24,0]  ğ„€
0  Â¦  1.0  ğ„€
1  Â¦  1.0  ğ„€
0  Â¦  0.0
drop table t1;
create table t1(a INT,  b float);
create table t2(a INT,  b float);
insert into t1 values(1, 0),(0, 1),(1,1),(0,0);
insert into t2 values(0, 1),(1, 0),(1,1),(0,0);
SELECT t1.a, t2.a FROM t1 JOIN t2 ON (sin(t1.a)=sin(t2.b));
â¤ a[4,32,0]  Â¦  a[4,32,0]  ğ„€
1  Â¦  0  ğ„€
1  Â¦  1  ğ„€
0  Â¦  1  ğ„€
0  Â¦  0  ğ„€
1  Â¦  0  ğ„€
1  Â¦  1  ğ„€
0  Â¦  1  ğ„€
0  Â¦  0
SELECT t1.a, t2.a FROM t1 JOIN t2 ON (cos(t1.a)=cos(t2.b));
â¤ a[4,32,0]  Â¦  a[4,32,0]  ğ„€
1  Â¦  0  ğ„€
1  Â¦  1  ğ„€
0  Â¦  1  ğ„€
0  Â¦  0  ğ„€
1  Â¦  0  ğ„€
1  Â¦  1  ğ„€
0  Â¦  1  ğ„€
0  Â¦  0
SELECT t1.a, t2.a FROM t1 JOIN t2 ON (tan(t1.a)=tan(t2.b));
â¤ a[4,32,0]  Â¦  a[4,32,0]  ğ„€
1  Â¦  0  ğ„€
1  Â¦  1  ğ„€
0  Â¦  1  ğ„€
0  Â¦  0  ğ„€
1  Â¦  0  ğ„€
1  Â¦  1  ğ„€
0  Â¦  1  ğ„€
0  Â¦  0
SELECT t1.a, t2.a FROM t1 JOIN t2 ON (cot(t1.a-0.5)=cot(t2.b-0.5));
â¤ a[4,32,0]  Â¦  a[4,32,0]  ğ„€
1  Â¦  0  ğ„€
1  Â¦  1  ğ„€
0  Â¦  1  ğ„€
0  Â¦  0  ğ„€
1  Â¦  0  ğ„€
1  Â¦  1  ğ„€
0  Â¦  1  ğ„€
0  Â¦  0
SELECT t1.a, t2.a FROM t1 JOIN t2 ON (acos(t1.a)=acos(t2.b));
â¤ a[4,32,0]  Â¦  a[4,32,0]  ğ„€
1  Â¦  0  ğ„€
1  Â¦  1  ğ„€
0  Â¦  1  ğ„€
0  Â¦  0  ğ„€
1  Â¦  0  ğ„€
1  Â¦  1  ğ„€
0  Â¦  1  ğ„€
0  Â¦  0
SELECT t1.a, t2.a FROM t1 JOIN t2 ON (atan(t1.a)=atan(t2.b));
â¤ a[4,32,0]  Â¦  a[4,32,0]  ğ„€
1  Â¦  0  ğ„€
1  Â¦  1  ğ„€
0  Â¦  1  ğ„€
0  Â¦  0  ğ„€
1  Â¦  0  ğ„€
1  Â¦  1  ğ„€
0  Â¦  1  ğ„€
0  Â¦  0
drop table t1;
drop table t2;
drop table if exists t1;
create table t1(a INT,  b float);
insert into t1 values(1, 0),(0, 1),(1,1),(0,0);
SELECT a FROM t1 group by a having sin(a)>0;
â¤ a[4,32,0]  ğ„€
1
SELECT a FROM t1 group by a having cos(a)>0;
â¤ a[4,32,0]  ğ„€
1  ğ„€
0
SELECT a FROM t1 group by a having tan(a)>0;
â¤ a[4,32,0]  ğ„€
1
SELECT a FROM t1 group by a having cot(a-0.5)>0;
â¤ a[4,32,0]  ğ„€
1
SELECT a FROM t1 group by a having acos(a)>0;
â¤ a[4,32,0]  ğ„€
0
SELECT a FROM t1 group by a having atan(a)>0;
â¤ a[4,32,0]  ğ„€
1
drop table t1;
SELECT sin(0.745e5);
â¤ sin(0.745e5)[8,54,0]  ğ„€
0.2684780940249433
SELECT cos(1.1e5);
â¤ cos(1.1e5)[8,54,0]  ğ„€
0.962472104675665
SELECT tan(1.1e5);
â¤ tan(1.1e5)[8,54,0]  ğ„€
0.28196207581277094
SELECT cot(0.7e5);
â¤ cot(0.7e5)[8,54,0]  ğ„€
-0.6889761663705417
SELECT acos(1.1e5);
invalid argument acos, bad value 110000
SELECT atan(1.1e5);
â¤ atan(1.1e5)[8,54,0]  ğ„€
1.570787235885806
