drop table if exists t1;
create table t1 (id int,d int,fl float,de decimal);
insert into t1 values(1,1,123.0213,1.001);
insert into t1 values(2,2,1.0213,1.001);
insert into t1 values(3,null,null,null);
insert into t1 values(4,0,0,0);
select sinh(d),sinh(fl)from t1;
â¤ sinh(d)[8,54,0]  Â¦  sinh(fl)[8,54,0]  ğ„€
1.1752011936438014  Â¦  1.3379574503777456E53  ğ„€
3.626860407847019  Â¦  1.2083378295843907  ğ„€
null  Â¦  null  ğ„€
0.0  Â¦  0.0
select atan(d),atan(fl)from t1;
â¤ atan(d)[8,54,0]  Â¦  atan(fl)[8,54,0]  ğ„€
0.7853981633974483  Â¦  1.5626678322541752  ğ„€
1.1071487177940904  Â¦  0.7959355256441749  ğ„€
null  Â¦  null  ğ„€
0.0  Â¦  0.0
select acos(d),acos(fl)from t1;
invalid argument acos, bad value 2
select cot(d),cot(fl) from t1;
invalid argument cot, bad value 0
select cot(d),cot(fl) from t1 where d <> 0;
â¤ cot(d)[8,54,0]  Â¦  cot(fl)[8,54,0]  ğ„€
0.6420926159343306  Â¦  1.8340266997618755  ğ„€
-0.4576575543602858  Â¦  0.6124124816462909
select tan(d),tan(fl) from t1;
â¤ tan(d)[8,54,0]  Â¦  tan(fl)[8,54,0]  ğ„€
1.557407724654902  Â¦  0.5452483326059671  ğ„€
-2.185039863261519  Â¦  1.632886379637126  ğ„€
null  Â¦  null  ğ„€
0.0  Â¦  0.0
select sin(d),sin(fl) from t1;
â¤ sin(d)[8,54,0]  Â¦  sin(fl)[8,54,0]  ğ„€
0.8414709848078965  Â¦  -0.47871259002208294  ğ„€
0.9092974268256816  Â¦  0.8527876556479776  ğ„€
null  Â¦  null  ğ„€
0.0  Â¦  0.0
drop table if exists abs;
create table abs(id int,d int,dl double,fl float,de decimal);
insert into abs values(1,-10,-10,-10.0321,-10.312);
insert into abs values(2,-2,-2,-2.0321,-2.3765);
insert into abs values(3,-10,-18446744073709551614,-10.0321,-10.312);
insert into abs values(4,-31232,-9223372036854775808,-1312.0321,-973.3072);
insert into abs values(1,-6,-432432.43,-8756.4321,-356.421);
insert into abs values(1,null,null,null,null);
select abs(d),abs(dl),abs(fl) from abs;
â¤ abs(d)[-5,64,0]  Â¦  abs(dl)[8,54,0]  Â¦  abs(fl)[8,54,0]  ğ„€
10  Â¦  10.0  Â¦  10.032099723815918  ğ„€
2  Â¦  2.0  Â¦  2.032099962234497  ğ„€
10  Â¦  1.8446744073709552E19  Â¦  10.032099723815918  ğ„€
31232  Â¦  9.223372036854776E18  Â¦  1312.0321044921875  ğ„€
6  Â¦  432432.43  Â¦  8756.431640625  ğ„€
null  Â¦  null  Â¦  null
select abs(d)-2 from t1;
â¤ abs(d) - 2[-5,64,0]  ğ„€
-1  ğ„€
0  ğ„€
null  ğ„€
-2
select abs(d)*2 from t1;
â¤ abs(d) * 2[-5,64,0]  ğ„€
2  ğ„€
4  ğ„€
null  ğ„€
0
select abs(tan(d))*2 from t1;
â¤ abs(tan(d)) * 2[8,54,0]  ğ„€
3.114815449309804  ğ„€
4.370079726523038  ğ„€
null  ğ„€
0.0
drop table if exists ceil;
create table ceil(id int primary key,d int,dl double,fl float,de decimal);
insert into ceil values(1,5,5,-5.5,-5.5);
insert into ceil values(2,-2,18446744073709551614,-2.5,-5.2);
insert into ceil values(3,-1,18446744073709551614,1.23,-1.23);
insert into ceil values(4,-1,1844674407370955161,1.23,-1.23);
insert into ceil values(5,-1,-9223372036854775808,1.23,-1.23);
insert into ceil values(6,-1,-184467440737095516,1.23,-1.23);
insert into ceil values(7,-1,-922337203685477580,1.23,-1.23);
insert into ceil values(8,-1,-922337203685477580,1.23,-1.23);
insert into ceil values(9,-1,-99999999999999999.9,1.23,-1.23);
insert into ceil values(10,-1,-99999999999999999.9,1.23,-1.23);
select id,ceil(d),ceil(dl),ceil(fl) from ceil;
â¤ id[4,32,0]  Â¦  ceil(d)[-5,64,0]  Â¦  ceil(dl)[8,54,0]  Â¦  ceil(fl)[8,54,0]  ğ„€
1  Â¦  5  Â¦  5.0  Â¦  -5.0  ğ„€
2  Â¦  -2  Â¦  1.8446744073709552E19  Â¦  -2.0  ğ„€
3  Â¦  -1  Â¦  1.8446744073709552E19  Â¦  2.0  ğ„€
4  Â¦  -1  Â¦  1.8446744073709553E18  Â¦  2.0  ğ„€
5  Â¦  -1  Â¦  -9.223372036854776E18  Â¦  2.0  ğ„€
6  Â¦  -1  Â¦  -1.8446744073709552E17  Â¦  2.0  ğ„€
7  Â¦  -1  Â¦  -9.223372036854776E17  Â¦  2.0  ğ„€
8  Â¦  -1  Â¦  -9.223372036854776E17  Â¦  2.0  ğ„€
9  Â¦  -1  Â¦  -1.0E17  Â¦  2.0  ğ„€
10  Â¦  -1  Â¦  -1.0E17  Â¦  2.0
drop table t1;
drop table ceil;
drop table abs;
