select CAST(1-2 AS UNSIGNED);
Data truncation: data out of range: data type uint64, value '-1'
select CAST(CAST(1-2 AS UNSIGNED) AS SIGNED INTEGER);
Data truncation: data out of range: data type uint64, value '-1'
select CAST('10 ' as unsigned integer);
â¤ cast(10  as integer unsigned)[-5,64,0]  ğ„€
10
select CAST('10x' as unsigned integer);
invalid argument cast to uint64, bad value 10x
select cast(-5 as unsigned) | 1, cast(-5 as unsigned) & -1;
Data truncation: data out of range: data type uint64, value '-5'
select cast(-5 as unsigned) -1, cast(-5 as unsigned) + 1;
Data truncation: data out of range: data type uint64, value '-5'
select cast(5 as unsigned) -6.0;
â¤ cast(5 as unsigned) - 6.0[3,38,1]  ğ„€
-1.0
select cast(NULL as signed);
â¤ cast(null as signed)[-5,64,0]  ğ„€
null
select cast(1/2 as signed);
â¤ cast(1 / 2 as signed)[-5,64,0]  ğ„€
1
select cast("2001-1-1" as DATE), cast("2001-1-1" as DATETIME);
â¤ cast(2001-1-1 as date)[91,64,0]  Â¦  cast(2001-1-1 as datetime)[93,64,0]  ğ„€
2001-01-01  Â¦  2001-01-01 00:00:00
select 10+'10';
â¤ 10 + 10[-5,64,0]  ğ„€
20
select 10.0+'10';
â¤ 10.0 + 10[8,53,1]  ğ„€
20.0
select 10E+0+'10';
â¤ 10e+0 + 10[8,54,0]  ğ„€
20.0
select CAST(0xb3 as signed);
â¤ cast(0xb3 as signed)[-5,64,0]  ğ„€
179
SELECT CAST(X'' AS SIGNED);
invalid argument cast to int, bad value []
SELECT CAST(X'11111111111111111111111111' AS SIGNED);
Data truncation: data out of range: data type int, 
select CAST(0x8fffffffffffffff as signed);
Data truncation: data out of range: data type int, 
select CAST(0xffffffffffffffff as unsigned);
â¤ cast(0xffffffffffffffff as unsigned)[-5,64,0]  ğ„€
18446744073709551615
select CAST(0xfffffffffffffffe as signed);
Data truncation: data out of range: data type int, 
select cast('-10a' as signed integer);
invalid argument cast to int, bad value -10a
select cast('a10' as unsigned integer);
invalid argument cast to uint64, bad value a10
select 10+'a';
invalid argument cast to int, bad value a
select 10.0+cast('a' as decimal);
invalid input: a beyond the range, can't be converted to Decimal128(38,0).
select 10E+0+'a';
â¤ 10e+0 + a[8,54,0]  ğ„€
10.0
select cast('18446744073709551616' as unsigned);
Data truncation: data out of range: data type uint64, value '18446744073709551616'
select cast('18446744073709551616' as signed);
Data truncation: data out of range: data type int64, value '18446744073709551616'
select cast('9223372036854775809' as signed);
Data truncation: data out of range: data type int64, value '9223372036854775809'
select cast('-1' as unsigned);
invalid argument cast to uint64, bad value -1
select cast('abc' as signed);
invalid argument cast to int, bad value abc
select cast('1a' as signed);
invalid argument cast to int, bad value 1a
select cast('' as signed);
invalid argument cast to int, bad value 
select cast("2001-1-1" as date) = "2001-01-01";
â¤ cast(2001-1-1 as date) = 2001-01-01[12,4,0]  ğ„€
true
select cast("2001-1-1" as datetime) = "2001-01-01 00:00:00";
â¤ cast(2001-1-1 as datetime) = 2001-01-01 00:00:00[12,4,0]  ğ„€
true
select cast(NULL as DATE);
â¤ cast(null as date)[91,64,0]  ğ„€
null
select date_add(cast('2004-12-30 12:00:00' as date), interval 0 hour);
â¤ date_add(cast(2004-12-30 12:00:00 as date), interval(0, hour))[93,64,0]  ğ„€
2004-12-30 00:00:00
select cast(18446744073709551615 as unsigned);
â¤ cast(18446744073709551615 as unsigned)[-5,64,0]  ğ„€
18446744073709551615
select cast(18446744073709551615 as signed);
Data truncation: data out of range: data type int64, value '18446744073709551615'
select cast('18446744073709551615' as unsigned);
â¤ cast(18446744073709551615 as unsigned)[-5,64,0]  ğ„€
18446744073709551615
select cast('18446744073709551615' as signed);
Data truncation: data out of range: data type int64, value '18446744073709551615'
select cast('9223372036854775807' as signed);
â¤ cast(9223372036854775807 as signed)[-5,64,0]  ğ„€
9223372036854775807
select cast(concat_ws('184467440','73709551615') as unsigned);
â¤ cast(concat_ws(184467440, 73709551615) as unsigned)[-5,64,0]  ğ„€
73709551615
select cast(concat_ws('184467440','73709551615') as signed);
â¤ cast(concat_ws(184467440, 73709551615) as signed)[-5,64,0]  ğ„€
73709551615
select cast(1.0e+300 as signed int);
Data truncation: data out of range: data type int64, value '1e+300'
CREATE TABLE t1 (f1 double);
INSERT INTO t1 SET f1 = -1.0e+30 ;
INSERT INTO t1 SET f1 = +1.0e+30 ;
SELECT f1 AS double_val, CAST(f1 AS SIGNED INT) AS cast_val FROM t1;
Data truncation: data out of range: data type int64, value '-1e+30'
DROP TABLE t1;
SELECT CAST(cast('01-01-01' as date) AS UNSIGNED);
invalid argument operator cast, bad value [DATE BIGINT UNSIGNED]
SELECT CAST(cast('01-01-01' as date) AS SIGNED);
â¤ cast(cast(01-01-01 as date) as as)[-5,64,0]  ğ„€
-719162
select cast('1.2' as decimal(3,2));
â¤ cast(1.2 as decimal(3, 2))[3,3,2]  ğ„€
1.20
select 1e18 * cast('1.2' as decimal(3,2));
â¤ 1e18 * cast(1.2 as decimal(3, 2))[8,54,0]  ğ„€
1.2E18
select cast(cast('1.2' as decimal(3,2)) as signed);
â¤ cast(cast(1.2 as decimal(3, 2)) as as)[-5,64,0]  ğ„€
1
select cast(-1e18 as decimal(22,2));
â¤ cast(-1e18 as decimal(22, 2))[3,22,2]  ğ„€
-1000000000000000000.00
set time_zone="+00:00";
create table t1(s1 timestamp);
insert into t1 values ('2020-12-03 11:11:11');
select cast(s1 as decimal(7,2)) from t1;
â¤ cast(s1 as decimal(7, 2))[3,7,2]  ğ„€
1606993871.00
drop table t1;
CREATE TABLE t1 (v varchar(10), tt char(255), t char(255),mt char(255), lt char(255));
INSERT INTO t1 VALUES ('1.01', '2.02', '3.03', '4.04', '5.05');
SELECT CAST(v AS DECIMAL), CAST(tt AS DECIMAL), CAST(t AS DECIMAL), CAST(mt AS DECIMAL), CAST(lt AS DECIMAL) from t1;
â¤ cast(v as decimal(38))[3,39,0]  Â¦  cast(tt as decimal(38))[3,39,0]  Â¦  cast(t as decimal(38))[3,39,0]  Â¦  cast(mt as decimal(38))[3,39,0]  Â¦  cast(lt as decimal(38))[3,39,0]  ğ„€
1  Â¦  2  Â¦  3  Â¦  4  Â¦  5
DROP TABLE t1;
select cast(NULL as decimal(6)) as t1;
â¤ t1[3,7,0]  ğ„€
null
CREATE TABLE t1 (d1 datetime);
INSERT INTO t1(d1) VALUES ('2007-07-19 08:30:00'), (NULL), ('2007-07-19 08:34:00'), (NULL), ('2007-07-19 08:36:00');
SELECT cast(date(d1) as signed) FROM t1;
â¤ cast(date(d1) as signed)[-5,64,0]  ğ„€
13713  ğ„€
null  ğ„€
13713  ğ„€
null  ğ„€
13713
drop table t1;
SELECT CAST(1/3 AS FLOAT) as float_col,CAST(1/3 AS DOUBLE) as double_col, CAST(1/3 AS REAL) as real_col;
â¤ float_col[7,24,0]  Â¦  double_col[8,54,0]  Â¦  real_col[8,54,0]  ğ„€
0.33333334  Â¦  0.3333333333333333  Â¦  0.3333333333333333
SELECT CAST(DATE'2000-01-01' AS FLOAT), CAST(DATE'2000-01-01' AS DOUBLE);
invalid argument operator cast, bad value [DATE FLOAT]
SELECT CAST(TIMESTAMP'2000-01-01 23:59:59' AS FLOAT), CAST(TIMESTAMP'2000-01-01 23:59:59' AS DOUBLE);
invalid argument operator cast, bad value [TIMESTAMP FLOAT]
SELECT CAST(TIMESTAMP'2000-01-01 23:59:59.123456' AS FLOAT), CAST(TIMESTAMP'2000-01-01 23:59:59.123456' AS DOUBLE);
invalid argument operator cast, bad value [TIMESTAMP FLOAT]
SELECT CAST(NULL AS REAL), CAST(NULL AS FLOAT), CAST(NULL AS DOUBLE);
â¤ cast(null as real)[8,54,0]  Â¦  cast(null as float)[7,24,0]  Â¦  cast(null as double)[8,54,0]  ğ„€
null  Â¦  null  Â¦  null
CREATE TABLE t (col_datetime datetime, col_date date, col_char char);
insert into t values ('2013-03-15 18:35:20', '2013-03-15','L'),('2003-01-10 00:00:23', '2003-01-10', NULL);
SELECT CAST(col_char AS DATETIME) FROM t;
invalid input: invalid datetime value L
SELECT col_char <> col_datetime FROM t;
invalid input: invalid datetime value L
SELECT CAST(col_char AS DATE) FROM t;
â¤ cast(col_char as date)[91,64,0]  ğ„€
null  ğ„€
null
SELECT col_char <> col_date FROM t;
â¤ col_char != col_date[12,4,0]  ğ„€
null  ğ„€
null
DROP TABLE t;
CREATE TABLE `BB` (`col_char_key` char(1));
CREATE TABLE `CC` ( `pk` int, `col_datetime_key` datetime);
INSERT INTO `BB` VALUES ('X');
INSERT INTO `CC` VALUES (1,'2027-03-17 00:10:00'), (2,'2004-11-14 12:46:43');
SELECT COUNT(table1.pk) FROM `CC` table1 JOIN `BB` table3 JOIN `CC` table2
WHERE (table3.col_char_key < table2.col_datetime_key);
invalid input: invalid datetime value X
DROP TABLE `BB`;
DROP TABLE `CC`;
create table t1(f1 date, f2 timestamp, f3 datetime);
insert into t1 values ("2006-01-01", "2006-01-01 12:01:01", "2006-01-01 12:01:01");
insert into t1 values ("2006-01-02", "2006-01-02 12:01:02", "2006-01-02 12:01:02");
select f1 from t1 where f1 between CAST("2006-1-1" as date) and CAST(20060101 as date);
invalid argument operator cast, bad value [BIGINT DATE]
select f1 from t1 where f1 between cast("2006-1-1" as date) and cast("2006.1.1" as date);
â¤ f1[91,64,0]
select f1 from t1 where date(f1) between cast("2006-1-1" as date) and cast("2006.1.1" as date);
â¤ f1[91,64,0]
select f3 from t1 where f3 between cast("2006-1-1 12:1:1" as datetime) and cast("2006-1-1 12:1:2" as datetime);
â¤ f3[93,64,0]  ğ„€
2006-01-01 12:01:01
select f3 from t1 where timestamp(f3) between cast("2006-1-1 12:1:1" as datetime) and cast("2006-1-1 12:1:2" as datetime);
â¤ f3[93,64,0]  ğ„€
2006-01-01 12:01:01
select f1 from t1 where cast("2006-1-1" as date) between f1 and f3;
â¤ f1[91,64,0]  ğ„€
2006-01-01
select f1 from t1 where cast("2006-1-1" as date) between date(f1) and date(f3);
â¤ f1[91,64,0]  ğ„€
2006-01-01
select f1 from t1 where cast("2006-1-1" as date) between f1 and cast('zzz' as date);
â¤ f1[91,64,0]
drop table t1;
create table t1 (field DATE);
insert into t1 values ('2006-11-06');
select * from t1 where field < '2006-11-06 04:08:36.0';
â¤ field[91,64,0]
select * from t1 where field = '2006-11-06 04:08:36.0';
â¤ field[91,64,0]  ğ„€
2006-11-06
select * from t1 where field = '2006-11-06';
â¤ field[91,64,0]  ğ„€
2006-11-06
select * from t1 where CAST(field as DATETIME) < '2006-11-06 04:08:36.0';
â¤ field[91,64,0]  ğ„€
2006-11-06
select * from t1 where CAST(field as DATE) < '2006-11-06 04:08:36.0';
â¤ field[91,64,0]
drop table t1;
create table t1 (a int(11) unsigned, b int(11) unsigned);
insert into t1 values (1,0), (1,1), (4294967295,1);
select a-b  from t1 order by 1;
â¤ a - b[4,32,0]  ğ„€
0  ğ„€
1  ğ„€
4294967294
select a-b , (a-b < 0)  from t1 order by 1;
â¤ a - b[4,32,0]  Â¦  a - b < 0[12,4,0]  ğ„€
0  Â¦  false  ğ„€
1  Â¦  false  ğ„€
4294967294  Â¦  false
select any_value(a)-b as d, (any_value(a)-b >= 0), b from t1 group by b having d >= 0;
â¤ d[4,32,0]  Â¦  any_value(a) - b >= 0[12,4,0]  Â¦  b[4,32,0]  ğ„€
1  Â¦  true  Â¦  0  ğ„€
0  Â¦  true  Â¦  1
select cast((a - b) as unsigned) from t1 order by 1;
â¤ cast((a - b) as b unsigned)[-5,64,0]  ğ„€
0  ğ„€
1  ğ„€
4294967294
drop table t1;
select if(1, cast(1111111111111111111 as unsigned), 1) i, case when 1 then cast(1111111111111111111 as unsigned) else 1 end c, coalesce(cast(1111111111111111111 as unsigned), 1) co;
â¤ i[-5,64,0]  Â¦  c[-5,64,0]  Â¦  co[-5,64,0]  ğ„€
1111111111111111111  Â¦  1111111111111111111  Â¦  1111111111111111111
create database if not exists test;
use test;
drop table if exists `alarm`;
CREATE TABLE `alarm` (
`alarm_id` INT NOT NULL AUTO_INCREMENT,
`var_name` TEXT DEFAULT NULL,
`address` TEXT DEFAULT NULL,
`var_type` TEXT DEFAULT NULL,
`alarm_value` TEXT DEFAULT NULL,
`current_value` TEXT DEFAULT NULL,
`priority` INT DEFAULT null,
`operator` TEXT DEFAULT NULL,
`insert_time` BLOB DEFAULT NULL,
`note` TEXT DEFAULT NULL,
PRIMARY KEY (`alarm_id`)
);
INSERT INTO `alarm` VALUES (2,'æµ‹è¯•','M100.0','Bool','True','True',0,'ç®¡ç†å‘˜',_binary '2023-03-01 14:20:29','æŠ¥è­¦æµ‹è¯•'),(3,'æµ‹è¯•','M100.0','Bool','True','True',0,'ç®¡ç†å‘˜',_binary '2023-03-01 14:20:41','æŠ¥è­¦æµ‹è¯•'),(4,'æµ‹è¯•','M100.0','Bool','True','True',0,'ç®¡ç†å‘˜',_binary '2023-03-01 14:20:46','æŠ¥è­¦æµ‹è¯•'),(5,'Emergency','M1000.4','bool','False','False',1,'Admin',_binary '2023-03-03 14:29:26.327337','è®¾å¤‡æ€¥åœä¸­'),(6,'Emergency','M1000.4','bool','False','False',1,'Admin',_binary '2023-03-05 11:38:10.6059081','è®¾å¤‡æ€¥åœä¸­'),(7,'Emergency','M1000.4','bool','False','False',1,'Admin',_binary '2023-03-15 07:55:37.1308852','è®¾å¤‡æ€¥åœä¸­'),(8,'Emergency','M1000.4','bool','False','False',1,'Admin',_binary '2023-03-15 08:02:48.7571227','è®¾å¤‡æ€¥åœä¸­'),(9,'Emergency','M1000.4','bool','False','False',1,'Admin',_binary '2023-03-19 03:27:49.5087995','è®¾å¤‡æ€¥åœä¸­'),(10,'Emergency','M1000.4','bool','False','False',1,'Admin',_binary '2023-03-22 00:05:23.1781761','è®¾å¤‡æ€¥åœä¸­'),(11,'Emergency','M1000.4','bool','False','False',1,'Admin',_binary '2023-03-22 16:05:08.6198487','è®¾å¤‡æ€¥åœä¸­'),(12,'Emergency','M1000.4','bool','False','False',1,'Admin',_binary '2023-03-22 16:12:10.8425965','è®¾å¤‡æ€¥åœä¸­'),(13,'Emergency','M1000.4','bool','False','False',1,'Admin',_binary '2023-03-22 16:24:30.269232','è®¾å¤‡æ€¥åœä¸­'),(14,'Emergency','M1000.4','bool','False','False',1,'Admin',_binary '2023-03-22 16:25:16.3121285','è®¾å¤‡æ€¥åœä¸­'),(15,'Emergency','M1000.4','bool','False','False',1,'Admin',_binary '2023-03-22 16:25:23.5447725','è®¾å¤‡æ€¥åœä¸­'),(16,'Emergency','M1000.4','bool','False','False',1,'Admin',_binary '2023-03-22 20:34:57.8534506','è®¾å¤‡æ€¥åœä¸­'),(17,'Emergency','M1000.4','bool','False','False',1,'Admin',_binary '2023-03-22 20:35:20.1639042','è®¾å¤‡æ€¥åœä¸­'),(18,'Emergency','M1000.4','bool','False','False',1,'Admin',_binary '2023-03-22 20:45:27.0464144','è®¾å¤‡æ€¥åœä¸­'),(19,'Emergency','M1000.4','bool','False','False',1,'Admin',_binary '2023-03-22 20:49:59.5979518','è®¾å¤‡æ€¥åœä¸­'),(20,'Emergency','M1000.4','bool','False','False',1,'Admin',_binary '2023-03-23 01:26:46.1155487','è®¾å¤‡æ€¥åœä¸­'),(21,'Emergency','M1000.4','bool','False','False',1,'Admin',_binary '2023-03-30 06:33:50.6666203','è®¾å¤‡æ€¥åœä¸­'),(22,'Emergency','M1000.4','bool','False','False',1,'Admin',_binary '2023-04-03 05:44:03.5318075','è®¾å¤‡æ€¥åœä¸­'),(23,'Emergency','M1000.4','bool','False','False',1,'Admin',_binary '2023-04-03 05:45:01.64952','è®¾å¤‡æ€¥åœä¸­'),(24,'Emergency','M1000.4','bool','False','False',1,'Admin',_binary '2023-04-03 05:46:37.8612795','è®¾å¤‡æ€¥åœä¸­'),(25,'Emergency','M1000.4','bool','False','False',1,'Admin',_binary '2023-04-03 06:05:06.5081611','è®¾å¤‡æ€¥åœä¸­'),(26,'Emergency','M1000.4','bool','False','False',1,'Admin',_binary '2023-04-03 12:21:23.1368163','è®¾å¤‡æ€¥åœä¸­'),(27,'Emergency','M1000.4','bool','False','False',1,'Admin',_binary '2023-04-03 12:25:45.5234186','è®¾å¤‡æ€¥åœä¸­'),(28,'Emergency','M1000.4','bool','False','False',1,'Admin',_binary '2023-04-03 18:22:29.7438075','è®¾å¤‡æ€¥åœä¸­'),(29,'Emergency','M1000.4','bool','False','False',1,'Admin',_binary '2023-04-04 06:52:07.473582','è®¾å¤‡æ€¥åœä¸­'),(30,'Emergency','M1000.4','bool','False','False',1,'Admin',_binary '2023-04-04 08:32:50.2166836','è®¾å¤‡æ€¥åœä¸­'),(31,'æµ‹è¯•æŠ¥è­¦','M100','bool','true','true',1,'Admin',_binary '2023-04-06 21:00:09.7964362','noteæµ‹è¯•æŠ¥è­¦');
SELECT * FROM  `alarm`;
â¤ alarm_id[4,32,0]  Â¦  var_name[12,0,0]  Â¦  address[12,0,0]  Â¦  var_type[12,0,0]  Â¦  alarm_value[12,0,0]  Â¦  current_value[12,0,0]  Â¦  priority[4,32,0]  Â¦  operator[12,0,0]  Â¦  insert_time[12,0,0]  Â¦  note[12,0,0]  ğ„€
2  Â¦  æµ‹è¯•  Â¦  M100.0  Â¦  Bool  Â¦  True  Â¦  True  Â¦  0  Â¦  ç®¡ç†å‘˜  Â¦  2023-03-01 14:20:29  Â¦  æŠ¥è­¦æµ‹è¯•  ğ„€
3  Â¦  æµ‹è¯•  Â¦  M100.0  Â¦  Bool  Â¦  True  Â¦  True  Â¦  0  Â¦  ç®¡ç†å‘˜  Â¦  2023-03-01 14:20:41  Â¦  æŠ¥è­¦æµ‹è¯•  ğ„€
4  Â¦  æµ‹è¯•  Â¦  M100.0  Â¦  Bool  Â¦  True  Â¦  True  Â¦  0  Â¦  ç®¡ç†å‘˜  Â¦  2023-03-01 14:20:46  Â¦  æŠ¥è­¦æµ‹è¯•  ğ„€
5  Â¦  Emergency  Â¦  M1000.4  Â¦  bool  Â¦  False  Â¦  False  Â¦  1  Â¦  Admin  Â¦  2023-03-03 14:29:26.327337  Â¦  è®¾å¤‡æ€¥åœä¸­  ğ„€
6  Â¦  Emergency  Â¦  M1000.4  Â¦  bool  Â¦  False  Â¦  False  Â¦  1  Â¦  Admin  Â¦  2023-03-05 11:38:10.6059081  Â¦  è®¾å¤‡æ€¥åœä¸­  ğ„€
7  Â¦  Emergency  Â¦  M1000.4  Â¦  bool  Â¦  False  Â¦  False  Â¦  1  Â¦  Admin  Â¦  2023-03-15 07:55:37.1308852  Â¦  è®¾å¤‡æ€¥åœä¸­  ğ„€
8  Â¦  Emergency  Â¦  M1000.4  Â¦  bool  Â¦  False  Â¦  False  Â¦  1  Â¦  Admin  Â¦  2023-03-15 08:02:48.7571227  Â¦  è®¾å¤‡æ€¥åœä¸­  ğ„€
9  Â¦  Emergency  Â¦  M1000.4  Â¦  bool  Â¦  False  Â¦  False  Â¦  1  Â¦  Admin  Â¦  2023-03-19 03:27:49.5087995  Â¦  è®¾å¤‡æ€¥åœä¸­  ğ„€
10  Â¦  Emergency  Â¦  M1000.4  Â¦  bool  Â¦  False  Â¦  False  Â¦  1  Â¦  Admin  Â¦  2023-03-22 00:05:23.1781761  Â¦  è®¾å¤‡æ€¥åœä¸­  ğ„€
11  Â¦  Emergency  Â¦  M1000.4  Â¦  bool  Â¦  False  Â¦  False  Â¦  1  Â¦  Admin  Â¦  2023-03-22 16:05:08.6198487  Â¦  è®¾å¤‡æ€¥åœä¸­  ğ„€
12  Â¦  Emergency  Â¦  M1000.4  Â¦  bool  Â¦  False  Â¦  False  Â¦  1  Â¦  Admin  Â¦  2023-03-22 16:12:10.8425965  Â¦  è®¾å¤‡æ€¥åœä¸­  ğ„€
13  Â¦  Emergency  Â¦  M1000.4  Â¦  bool  Â¦  False  Â¦  False  Â¦  1  Â¦  Admin  Â¦  2023-03-22 16:24:30.269232  Â¦  è®¾å¤‡æ€¥åœä¸­  ğ„€
14  Â¦  Emergency  Â¦  M1000.4  Â¦  bool  Â¦  False  Â¦  False  Â¦  1  Â¦  Admin  Â¦  2023-03-22 16:25:16.3121285  Â¦  è®¾å¤‡æ€¥åœä¸­  ğ„€
15  Â¦  Emergency  Â¦  M1000.4  Â¦  bool  Â¦  False  Â¦  False  Â¦  1  Â¦  Admin  Â¦  2023-03-22 16:25:23.5447725  Â¦  è®¾å¤‡æ€¥åœä¸­  ğ„€
16  Â¦  Emergency  Â¦  M1000.4  Â¦  bool  Â¦  False  Â¦  False  Â¦  1  Â¦  Admin  Â¦  2023-03-22 20:34:57.8534506  Â¦  è®¾å¤‡æ€¥åœä¸­  ğ„€
17  Â¦  Emergency  Â¦  M1000.4  Â¦  bool  Â¦  False  Â¦  False  Â¦  1  Â¦  Admin  Â¦  2023-03-22 20:35:20.1639042  Â¦  è®¾å¤‡æ€¥åœä¸­  ğ„€
18  Â¦  Emergency  Â¦  M1000.4  Â¦  bool  Â¦  False  Â¦  False  Â¦  1  Â¦  Admin  Â¦  2023-03-22 20:45:27.0464144  Â¦  è®¾å¤‡æ€¥åœä¸­  ğ„€
19  Â¦  Emergency  Â¦  M1000.4  Â¦  bool  Â¦  False  Â¦  False  Â¦  1  Â¦  Admin  Â¦  2023-03-22 20:49:59.5979518  Â¦  è®¾å¤‡æ€¥åœä¸­  ğ„€
20  Â¦  Emergency  Â¦  M1000.4  Â¦  bool  Â¦  False  Â¦  False  Â¦  1  Â¦  Admin  Â¦  2023-03-23 01:26:46.1155487  Â¦  è®¾å¤‡æ€¥åœä¸­  ğ„€
21  Â¦  Emergency  Â¦  M1000.4  Â¦  bool  Â¦  False  Â¦  False  Â¦  1  Â¦  Admin  Â¦  2023-03-30 06:33:50.6666203  Â¦  è®¾å¤‡æ€¥åœä¸­  ğ„€
22  Â¦  Emergency  Â¦  M1000.4  Â¦  bool  Â¦  False  Â¦  False  Â¦  1  Â¦  Admin  Â¦  2023-04-03 05:44:03.5318075  Â¦  è®¾å¤‡æ€¥åœä¸­  ğ„€
23  Â¦  Emergency  Â¦  M1000.4  Â¦  bool  Â¦  False  Â¦  False  Â¦  1  Â¦  Admin  Â¦  2023-04-03 05:45:01.64952  Â¦  è®¾å¤‡æ€¥åœä¸­  ğ„€
24  Â¦  Emergency  Â¦  M1000.4  Â¦  bool  Â¦  False  Â¦  False  Â¦  1  Â¦  Admin  Â¦  2023-04-03 05:46:37.8612795  Â¦  è®¾å¤‡æ€¥åœä¸­  ğ„€
25  Â¦  Emergency  Â¦  M1000.4  Â¦  bool  Â¦  False  Â¦  False  Â¦  1  Â¦  Admin  Â¦  2023-04-03 06:05:06.5081611  Â¦  è®¾å¤‡æ€¥åœä¸­  ğ„€
26  Â¦  Emergency  Â¦  M1000.4  Â¦  bool  Â¦  False  Â¦  False  Â¦  1  Â¦  Admin  Â¦  2023-04-03 12:21:23.1368163  Â¦  è®¾å¤‡æ€¥åœä¸­  ğ„€
27  Â¦  Emergency  Â¦  M1000.4  Â¦  bool  Â¦  False  Â¦  False  Â¦  1  Â¦  Admin  Â¦  2023-04-03 12:25:45.5234186  Â¦  è®¾å¤‡æ€¥åœä¸­  ğ„€
28  Â¦  Emergency  Â¦  M1000.4  Â¦  bool  Â¦  False  Â¦  False  Â¦  1  Â¦  Admin  Â¦  2023-04-03 18:22:29.7438075  Â¦  è®¾å¤‡æ€¥åœä¸­  ğ„€
29  Â¦  Emergency  Â¦  M1000.4  Â¦  bool  Â¦  False  Â¦  False  Â¦  1  Â¦  Admin  Â¦  2023-04-04 06:52:07.473582  Â¦  è®¾å¤‡æ€¥åœä¸­  ğ„€
30  Â¦  Emergency  Â¦  M1000.4  Â¦  bool  Â¦  False  Â¦  False  Â¦  1  Â¦  Admin  Â¦  2023-04-04 08:32:50.2166836  Â¦  è®¾å¤‡æ€¥åœä¸­  ğ„€
31  Â¦  æµ‹è¯•æŠ¥è­¦  Â¦  M100  Â¦  bool  Â¦  true  Â¦  true  Â¦  1  Â¦  Admin  Â¦  2023-04-06 21:00:09.7964362  Â¦  noteæµ‹è¯•æŠ¥è­¦
drop database test;
