SELECT md5('616263');
md5(616263)
0e04049912772820000827e2da893ae2
SELECT md5('');
md5()
d41d8cd98f00b204e9800998ecf8427e
SELECT md5(NULL);
md5(NULL)
NULL
SELECT md5('abc');
md5(abc)
900150983cd24fb0d6963f7d28e17f72
SELECT md5(0);
md5(0)
cfcd208495d565ef66e7dff9f98764da
SELECT md5(616263);
md5(616263)
0e04049912772820000827e2da893ae2
SELECT md5(0.000000);
md5(0.000000)
2d0d659d374801a71f65622406b26458
SELECT md5(0.134564621);
md5(0.134564621)
af5b1408280c209261fca320c246746f