SELECT var_pop(null);
var_pop(null)
null
create table t1(a tinyint, b SMALLINT, c BIGINT, d INT, e BIGINT, f FLOAT, g DOUBLE, h decimal(38,10), i DATE, k datetime, l TIMESTAMP, m char(255), n varchar(255));
insert into t1 values(1, 1, 2, 43, 5, 35.5, 31.133, 14.314, "2012-03-10", "2012-03-12 10:03:12", "2022-03-12 13:03:12", "ab23c", "d5cf");
insert into t1 values(71, 1, 2, 34, 5, 5.5, 341.13, 15.314, "2012-03-22", "2013-03-12 10:03:12", "2032-03-12 13:04:12", "abr23c", "3dcf");
insert into t1 values(1, 1, 21, 4, 54, 53.5, 431.13, 14.394, "2011-03-12", "2015-03-12 10:03:12", "2002-03-12 13:03:12", "afbc", "dct5f");
insert into t1 values(1, 71, 2, 34, 5, 5.5, 31.313, 124.314, "2012-01-12", "2019-03-12 10:03:12", "2013-03-12 13:03:12", "3abd1c", "dcvf");
select var_pop(a) from t1;
var_pop(a)
918.75
select var_pop(b) from t1;
var_pop(b)
918.75
select var_pop(c) from t1;
var_pop(c)
67.6875
select var_pop(d) from t1;
var_pop(d)
217.6875
select var_pop(e) from t1;
var_pop(e)
450.1875
select var_pop(f) from t1;
var_pop(f)
420.75
select var_pop(g) from t1;
var_pop(g)
32502.248712250002
select var_pop(h) from t1;
var_pop(h)
2254.078700000000
select var_pop(i) from t1;
invalid argument aggregate function var_pop, bad value [DATE]
select var_pop(k) from t1;
invalid argument aggregate function var_pop, bad value [DATETIME]
select var_pop(l) from t1;
invalid argument aggregate function var_pop, bad value [TIMESTAMP]
select var_pop(m) from t1;
invalid argument aggregate function var_pop, bad value [CHAR]
select var_pop(n) from t1;
invalid argument aggregate function var_pop, bad value [VARCHAR]
drop table t1;
select var_pop(99999999999999999.99999);
var_pop(99999999999999999.99999)
0E-12
select var_pop(999999999999999933193939.99999);
var_pop(999999999999999933193939.99999)
0E-12
select var_pop(9999999999999999999999999999999999.9999999999999);
var_pop(9999999999999999999999999999999999.9999999999999)
0E-12
select var_pop(-99999999999999999.99999);
var_pop(-99999999999999999.99999)
0E-12
select var_pop(-999999999999999933193939.99999);
var_pop(-999999999999999933193939.99999)
0E-12
select var_pop(-9999999999999999999999999999999999.9999999999999);
var_pop(-9999999999999999999999999999999999.9999999999999)
0E-12
create table t1(a bigint);
select var_pop(a) from t1;
var_pop(a)
null
insert into t1 values(null),(null),(null),(null);
select var_pop(a) from t1;
var_pop(a)
null
insert into t1 values(12417249128419),(124124125124151),(5124125151415),(124125152651515);
select var_pop(a) from t1;
var_pop(a)
3.3332822532651034E27
drop table t1;
create table t1 ( a int not null default 1, big bigint );
insert into t1 (big) values (-1),(1234567890167),(92233720368547),(18446744073709515);
select * from t1;
a    big
1    -1
1    1234567890167
1    92233720368547
1    18446744073709515
select distinct var_pop(big),max(big),var_pop(big)-1 from t1;
var_pop(big)    max(big)    var_pop(big) - 1
6.358900172438704E31    18446744073709515    6.358900172438704E31
select var_pop(big),max(big),var_pop(big)-1 from t1 group by a;
var_pop(big)    max(big)    var_pop(big) - 1
6.358900172438704E31    18446744073709515    6.358900172438704E31
insert into t1 (big) values (184467440737615);
select * from t1;
a    big
1    -1
1    1234567890167
1    92233720368547
1    18446744073709515
1    184467440737615
select var_pop(big),max(big),var_pop(big)-1 from t1;
var_pop(big)    max(big)    var_pop(big) - 1
5.404043539963766E31    18446744073709515    5.404043539963766E31
select var_pop(big),max(big),var_pop(big)-1 from t1 group by a;
var_pop(big)    max(big)    var_pop(big) - 1
5.404043539963766E31    18446744073709515    5.404043539963766E31
drop table t1;
CREATE TABLE t1 (Fld1 int(11) default NULL,Fld2 int(11) default NULL);
INSERT INTO t1 VALUES (1,10),(1,20),(2,NULL),(2,NULL),(3,50);
select Fld1, var_pop(Fld2) as q from t1 group by Fld1 having q is not null;
fld1    q
1    25.0
3    0.0
select Fld1, var_pop(Fld2) from t1 group by Fld1 having var_pop(Fld2) is not null;
fld1    var_pop(fld2)
1    25.0
3    0.0
select Fld1, var_pop(Fld2) from t1 group by Fld1 having avg(Fld2) is not null;
fld1    var_pop(fld2)
1    25.0
3    0.0
select Fld1, var_pop(Fld2) from t1 group by Fld1 having var_pop(Fld2) is not null;
fld1    var_pop(fld2)
1    25.0
3    0.0
drop table t1;
SELECT var_pop(1)<var_pop(2);
var_pop(1) < var_pop(2)
false
CREATE TABLE t1(i INT);
INSERT INTO t1 VALUES (NULL),(1);
SELECT var_pop(i)+0 as splus0, i+0 as plain FROM t1 GROUP BY i ;
splus0    plain
null    null
0.0    1
DROP TABLE t1;
drop database if exists test;
create database test;
use test;
drop table if exists test06;
create table test06(a decimal(20,10));
insert into test06 values(-9999999999.192012);
insert into test06 values(9999999999.9102938129);
insert into test06 values(NULL);
insert into test06 values(0.3029302394);
select * from test06;
a
-9999999999.1920120000
9999999999.9102938129
null
0.3029302394
select var_pop(a) from test06;
var_pop(a)
66666666660682038752.801677950945
drop table test06;
drop database test;
