SELECT LAST_DAY('2024-07-01');
LAST_DAY(2024-07-01)
2024-07-31
SELECT LAST_DAY('2024-02-15');
LAST_DAY(2024-02-15)
2024-02-29
SELECT LAST_DAY(CURDATE());
LAST_DAY(CURDATE())
2024-07-31
SELECT LAST_DAY(NOW());
LAST_DAY(NOW())
2024-07-31
SELECT LAST_DAY(DATE_SUB('2024-07-01', INTERVAL 1 MONTH)) AS last_day_of_previous_month;
last_day_of_previous_month
2024-06-30
create database abc;
use abc;
CREATE TABLE employees (
employee_id INT AUTO_INCREMENT PRIMARY KEY,
first_name VARCHAR(50),
last_name VARCHAR(50),
hire_date DATE
);
INSERT INTO employees (first_name, last_name, hire_date) VALUES
('John', 'Doe', LAST_DAY(DATE_SUB('2024-07-01', INTERVAL 1 MONTH))),
('Jane', 'Smith', LAST_DAY(DATE_SUB('2024-06-01', INTERVAL 1 MONTH))),
('Alice', 'Johnson', LAST_DAY(DATE_SUB('2024-05-01', INTERVAL 1 MONTH))),
('Bob', 'Brown', LAST_DAY(DATE_SUB('2024-04-01', INTERVAL 1 MONTH)));
SELECT LAST_DAY(hire_date) from employees;
LAST_DAY(hire_date)
2024-06-30
2024-05-31
2024-04-30
2024-03-31
SELECT LAST_DAY(DATE_SUB(hire_date, INTERVAL 1 MONTH)) from employees AS last_day_of_previous_month;
LAST_DAY(DATE_SUB(hire_date, INTERVAL(1, month)))
2024-05-31
2024-04-30
2024-03-31
2024-02-29
drop database abc;
SELECT LAST_DAY("2017-02-10 09:34:00");
LAST_DAY(2017-02-10 09:34:00)
2017-02-28
SELECT LAST_DAY('2003-02-05');
LAST_DAY(2003-02-05)
2003-02-28
SELECT LAST_DAY('2004-02-05');
LAST_DAY(2004-02-05)
2004-02-29
SELECT LAST_DAY('2004-01-01 01:01:01');
LAST_DAY(2004-01-01 01:01:01)
2004-01-31
SELECT LAST_DAY('2024-02-01 23:01:61');
LAST_DAY(2024-02-01 23:01:61)
null
SELECT LAST_DAY('2024-02-01 24:01:01');
LAST_DAY(2024-02-01 24:01:01)
null
SELECT LAST_DAY('2024-02-01 25:01:01');
LAST_DAY(2024-02-01 25:01:01)
null
SELECT LAST_DAY('2024-02-01 23:61:01');
LAST_DAY(2024-02-01 23:61:01)
null
