SELECT EXPORT_SET(5, 'Y', 'N', ',', 4) AS result1;
result1
Y,N,Y,N
SELECT EXPORT_SET(5, 'Y', 'N', ',', 4) AS export_set_basic;
export_set_basic
Y,N,Y,N
SELECT EXPORT_SET(5, 'Y', 'N') AS export_set_default_sep;
export_set_default_sep
Y,N,Y,N,N,N,N,N,N,N,N,N,N,N,N,N,N,N,N,N,N,N,N,N,N,N,N,N,N,N,N,N,N,N,N,N,N,N,N,N,N,N,N,N,N,N,N,N,N,N,N,N,N,N,N,N,N,N,N,N,N,N,N,N
SELECT EXPORT_SET(5, 'Y', 'N', ',') AS export_set_default_bits;
export_set_default_bits
Y,N,Y,N,N,N,N,N,N,N,N,N,N,N,N,N,N,N,N,N,N,N,N,N,N,N,N,N,N,N,N,N,N,N,N,N,N,N,N,N,N,N,N,N,N,N,N,N,N,N,N,N,N,N,N,N,N,N,N,N,N,N,N,N
SELECT EXPORT_SET(0, 'Y', 'N', ',', 4) AS export_set_zero;
export_set_zero
N,N,N,N
SELECT EXPORT_SET(15, 'Y', 'N', ',', 4) AS export_set_all_ones;
export_set_all_ones
Y,Y,Y,Y
SELECT EXPORT_SET(1, 'Y', 'N', ',', 4) AS export_set_one;
export_set_one
Y,N,N,N
SELECT EXPORT_SET(8, 'Y', 'N', ',', 4) AS export_set_eight;
export_set_eight
N,N,N,Y
SELECT EXPORT_SET(5, 'Y', 'N', '|', 4) AS export_set_pipe;
export_set_pipe
Y|N|Y|N
SELECT EXPORT_SET(5, 'Y', 'N', '-', 4) AS export_set_dash;
export_set_dash
Y-N-Y-N
SELECT EXPORT_SET(5, 'Y', 'N', '', 4) AS export_set_empty_sep;
export_set_empty_sep
YNYN
SELECT EXPORT_SET(5, 'Y', 'N', ' ', 4) AS export_set_space;
export_set_space
Y N Y N
SELECT EXPORT_SET(5, 'ON', 'OFF', ',', 4) AS export_set_on_off;
export_set_on_off
ON,OFF,ON,OFF
SELECT EXPORT_SET(5, '1', '0', ',', 4) AS export_set_1_0;
export_set_1_0
1,0,1,0
SELECT EXPORT_SET(5, 'true', 'false', ',', 4) AS export_set_true_false;
export_set_true_false
true,false,true,false
SELECT EXPORT_SET(5, 'Y', 'N', ',', 1) AS export_set_1_bit;
export_set_1_bit
Y
SELECT EXPORT_SET(5, 'Y', 'N', ',', 2) AS export_set_2_bits;
export_set_2_bits
Y,N
SELECT EXPORT_SET(5, 'Y', 'N', ',', 8) AS export_set_8_bits;
export_set_8_bits
Y,N,Y,N,N,N,N,N
SELECT EXPORT_SET(5, 'Y', 'N', ',', 64) AS export_set_64_bits;
export_set_64_bits
Y,N,Y,N,N,N,N,N,N,N,N,N,N,N,N,N,N,N,N,N,N,N,N,N,N,N,N,N,N,N,N,N,N,N,N,N,N,N,N,N,N,N,N,N,N,N,N,N,N,N,N,N,N,N,N,N,N,N,N,N,N,N,N,N
SELECT EXPORT_SET(255, 'Y', 'N', ',', 8) AS export_set_255;
export_set_255
Y,Y,Y,Y,Y,Y,Y,Y
SELECT EXPORT_SET(256, 'Y', 'N', ',', 9) AS export_set_256;
export_set_256
N,N,N,N,N,N,N,N,Y
SELECT EXPORT_SET(-1, 'Y', 'N', ',', 8) AS export_set_neg_one;
export_set_neg_one
Y,Y,Y,Y,Y,Y,Y,Y
SELECT EXPORT_SET(NULL, 'Y', 'N', ',', 4) AS export_set_null_bits;
export_set_null_bits
null
SELECT EXPORT_SET(5, NULL, 'N', ',', 4) AS export_set_null_on;
export_set_null_on
null
SELECT EXPORT_SET(5, 'Y', NULL, ',', 4) AS export_set_null_off;
export_set_null_off
null
SELECT EXPORT_SET(5, 'Y', 'N', NULL, 4) AS export_set_null_sep;
export_set_null_sep
Y,N,Y,N
SELECT EXPORT_SET(5, 'Y', 'N', ',', NULL) AS export_set_null_bits_count;
export_set_null_bits_count
Y,N,Y,N,N,N,N,N,N,N,N,N,N,N,N,N,N,N,N,N,N,N,N,N,N,N,N,N,N,N,N,N,N,N,N,N,N,N,N,N,N,N,N,N,N,N,N,N,N,N,N,N,N,N,N,N,N,N,N,N,N,N,N,N
CREATE TABLE t1(bits INT, on_str VARCHAR(10), off_str VARCHAR(10));
INSERT INTO t1 VALUES (5, 'Y', 'N'), (10, 'ON', 'OFF'), (15, '1', '0');
SELECT bits, EXPORT_SET(bits, on_str, off_str, ',', 4) AS result FROM t1;
bits    result
5    Y,N,Y,N
10    OFF,ON,OFF,ON
15    1,1,1,1
DROP TABLE t1;
CREATE TABLE t1(bits INT);
INSERT INTO t1 VALUES (5), (10), (15);
SELECT * FROM t1 WHERE EXPORT_SET(bits, 'Y', 'N', ',', 4) LIKE 'Y%';
bits
5
15
DROP TABLE t1;
SELECT EXPORT_SET(0, 'Y', 'N', ',', 0) AS export_set_zero_bits;
export_set_zero_bits
N
SELECT EXPORT_SET(0, 'Y', 'N', ',', 1) AS export_set_one_bit_zero;
export_set_one_bit_zero
N
