select ceiling(5.5),ceiling(-5.5);
ceiling(5.5)	ceiling(-5.5)
6	-5
select ceiling(cast(-2 as unsigned)), ceiling(18446744073709551614), ceiling(-2);
Data truncation: data out of range: data type uint64, value '-2'
select ceiling(1.1e5);
ceiling(1.1e5)
110000.0
create table t(a double);
insert into t select (CEILING(18446744073709551615));
insert into t select (FLOOR(18446744073709551615));
select * from t;
a
1.8446744073709552E19
1.8446744073709552E19
drop table t;
create table t(a decimal(19,0));
insert into t select (CEILING(CAST(1844674407370955161 AS DECIMAL(19, 0))));
insert into t select (FLOOR(CAST(1844674407370955161 AS DECIMAL(19, 0))));
SELECT * FROM t;
a
1844674407370955161
1844674407370955161
DROP TABLE t;
create table t(a decimal(19,0));
insert into t select (CEILING(CAST(-9223372036854775808 AS DECIMAL(19, 0))));
insert into t select (FLOOR(CAST(-9223372036854775808 AS DECIMAL(19, 0))));
SELECT * FROM t;
a
-9223372036854775808
-9223372036854775808
DROP TABLE t;
create table t(a decimal(18,0));
insert into t select (CEILING(CAST(184467440737095516 AS DECIMAL(18, 0))));
insert into t select (FLOOR(CAST(184467440737095516 AS DECIMAL(18, 0))));
SELECT * FROM t;
a
184467440737095516
184467440737095516
DROP TABLE t;
create table t(a decimal(18,0));
insert into t select (CEILING(CAST(-922337203685477580 AS DECIMAL(18, 0))));
insert into t select (FLOOR(CAST(-922337203685477580 AS DECIMAL(18, 0))));
SELECT * FROM t;
a
-922337203685477580
-922337203685477580
DROP TABLE t;
CREATE table t1(a int, b float);
insert into t1 select ceiling(12124.413), ceiling(-4213.413);
insert into t1 select ceiling(12124.123), ceiling(-42413.409);
select distinct ceiling(a) from t1;
ceiling(a)
12125
drop table t1;
select ceiling(null);
ceiling(null)
null
select ceil(123.34)-ceil(123.03);
ceil(123.34)-ceil(123.03)
0
drop table if exists t1;
create table t1(a INT,  b float);
insert into t1 select ceiling(12124.413), ceiling(-4213.413);
insert into t1 select ceiling(12124.123), ceiling(-42413.409);
select * from t1 where ceiling(a)=12125;
a	b
12125	-4213.0
12125	-42413.0
drop table t1;
drop table if exists t1;
drop table if exists t2;
create table t1(a INT,  b float);
create table t2(a INT,  b float);
insert into t1 select ceiling(12124.413), ceiling(-4213.413);
insert into t1 select ceiling(12124.123), ceiling(-42413.409);
insert into t2 select ceiling(14124.413), ceiling(-4213.413);
insert into t2 select ceiling(984798.123), ceiling(-980.409);
SELECT t1.a, t2.a FROM t1 JOIN t2 ON (ceiling(t1.b) = ceiling(t2.b));
a	a
12125	14125
drop table t1;
drop table t2;
drop table if exists t1;
create table t1(a INT,  b float);
insert into t1 select ceiling(14124.413), ceiling(-4213.413);
insert into t1 select ceiling(984798.123), ceiling(-980.409);
select b from t1 group by b having ceil(b)<-1000;
b
-4213.0
drop table t1;
select ceil(123.342, 1);
ceil(123.342, 1)
123.4000
select ceil(123.45, -1);
ceil(123.45, -1)
130.0000
select ceil(123.342124124214, 100);
ceil(123.342124124214, 100)
123.342124124214
select ceil(-123.342124124214, -100);
Data truncation: data out of range: data type decimal64, ceil(decimal64(18,12),-100)
select ceil(123.342, null);
invalid argument the second argument of the ceil, bad value not const
select ceil(null, 1);
ceil(null, 1)
null
select ceil(null, null);
invalid argument the second argument of the ceil, bad value not const
select ceil(1.001,2);
ceil(1.001,2)
1.01
select ceiling(1.001,2);
ceiling(1.001,2)
1.01
drop table if exists t1;
create table t1(a int ,b decimal(10,5));
insert into t1 values(1,0.5);
insert into t1 values(2,0.499);
insert into t1 values(3,0.501);
insert into t1 values(4,20.5);
insert into t1 values(5,20.499);
insert into t1 values(6,13.500);
insert into t1 values(7,-0.500);
insert into t1 values(8,-0.499);
insert into t1 values(9,-0.501);
insert into t1 values(10,-20.499);
insert into t1 values(11,-20.500);
insert into t1 values(12,-13.500);
insert into t1 values (13, 20.89123);
insert into t1 values (14, 23.40123);
insert into t1 values (15, 123.45678);
select a, b, ceil(b,2) from t1;
a    b    ceil(b, 2)
1    0.50000    0.50
2    0.49900    0.50
3    0.50100    0.51
4    20.50000    20.50
5    20.49900    20.50
6    13.50000    13.50
7    -0.50000    -0.50
8    -0.49900    -0.49
9    -0.50100    -0.50
10    -20.49900    -20.49
11    -20.50000    -20.50
12    -13.50000    -13.50
13    20.89123    20.90
14    23.40123    23.41
15    123.45678    123.46
select a, b, ceiling(b,2) from t1;
a    b    ceiling(b, 2)
1    0.50000    0.50
2    0.49900    0.50
3    0.50100    0.51
4    20.50000    20.50
5    20.49900    20.50
6    13.50000    13.50
7    -0.50000    -0.50
8    -0.49900    -0.49
9    -0.50100    -0.50
10    -20.49900    -20.49
11    -20.50000    -20.50
12    -13.50000    -13.50
13    20.89123    20.90
14    23.40123    23.41
15    123.45678    123.46
