SELECT REGEXP_INSTR('Cat', 'at') Result;
result
2
SELECT REGEXP_INSTR('Cat', '^at') Result;
result
0
SELECT REGEXP_INSTR('at', '^at') Result;
result
1
SELECT REGEXP_INSTR('Cat Cat', 'Cat', 2) Result;
result
5
SELECT REGEXP_INSTR('Cat Cat', 'Cat', 2) AS 'Pos2';
Pos2
5
SELECT REGEXP_INSTR('Cat Cat', 'Cat', 3) AS 'Pos3';
Pos3
5
SELECT REGEXP_INSTR('Cat Cat', 'Cat', 5) AS 'Pos5';
Pos5
5
SELECT REGEXP_INSTR('Cat City is SO Cute!', 'C.t', 1) 'Pos1';
Pos1
1
SELECT REGEXP_INSTR('Cat City is SO Cute!', 'C.t', 2) 'Pos2';
Pos2
5
SELECT REGEXP_INSTR('Cat City is SO Cute!', 'C.t', 6) 'Pos6';
Pos6
16
SELECT REGEXP_INSTR('Cat City is SO Cute!', 'C.t', 1, 1) 'Occurrence1';
Occurrence1
1
SELECT REGEXP_INSTR('Cat City is SO Cute!', 'C.t', 1, 2) 'Occurrence2';
Occurrence2
5
SELECT REGEXP_INSTR('Cat City is SO Cute!', 'C.t', 1, 3) 'Occurrence3';
Occurrence3
16
SELECT REGEXP_INSTR('Cat City is SO Cute!', 'C.t', 2, 1) 'Occurrence1';
Occurrence1
5
SELECT REGEXP_INSTR('Cat City is SO Cute!', 'C.t', 2, 2) 'Occurrence2';
Occurrence2
16
SELECT REGEXP_INSTR('Cat City is SO Cute!', 'C.t', 2, 3) 'Occurrence3';
Occurrence3
0
SELECT REGEXP_INSTR('Cat City is SO Cute!', 'C.t', 1, 1, 0) 'Option0';
Option0
1
SELECT REGEXP_INSTR('Cat City is SO Cute!', 'C.t', 1, 1, 1) 'Option1';
Option1
4
SELECT REGEXP_INSTR('Cat', null) Result;
result
NULL
SELECT REGEXP_INSTR(null, 'C.t') Result;
result
NULL
SELECT REGEXP_INSTR(null,  null) Result;
result
null
create table t1(a int, b varchar(100));
insert into t1 values(1 , "PowerSlave");
insert into t1 values(2 , "Powerage");
insert into t1 values( 3 , "Singing Down the Lane" );
insert into t1 values(4 , "Ziltoid the Omniscient");
insert into t1 values(5 , "Casualties of Cool");
insert into t1 values( 6 , "Epicloud");
insert into t1 values(7 , "Somewhere in Time");
insert into t1 values(8 , "Piece of Mind");
SELECT a, REGEXP_INSTR(b, '^P') from t1;
a    regexp_instr(b, ^P)
1    1
2    1
3    0
4    0
5    0
6    0
7    0
8    1
drop table t1;
create table t1(a int, b varchar(100));
insert into t1 values(1 , "PowerSlave");
insert into t1 values(2 , "Powerage");
insert into t1 values( 3 , "Singing Down the Lane" );
insert into t1 values(4 , "Ziltoid the Omniscient");
insert into t1 values(5 , "Casualties of Cool");
insert into t1 values( 6 , "Epicloud");
insert into t1 values(7 , "Somewhere in Time");
insert into t1 values(8 , "Piece of Mind");
SELECT a, b from t1 WHERE REGEXP_INSTR(b, '^P') = 1;
a    b
1    PowerSlave
2    Powerage
8    Piece of Mind
drop table t1;
create table t1(a int, b varchar(100));
insert into t1 values(1 , "PowerSlave");
insert into t1 values(2 , "Powerage");
insert into t1 values( 3 , "Singing Down the Lane" );
insert into t1 values(4 , "Ziltoid the Omniscient");
insert into t1 values(5 , "Casualties of Cool");
insert into t1 values( 6 , "Epicloud");
insert into t1 values(7 , "Somewhere in Time");
insert into t1 values(8 , "Piece of Mind");
SELECT a, REGEXP_INSTR(b, 'i', 3) from t1;
a    regexp_instr(b, i, 3)
1    0
2    0
3    5
4    6
5    8
6    3
7    11
8    11
drop table t1;
create table t1(a int, b varchar(100));
insert into t1 values(1 , "PowerSlave");
insert into t1 values(2 , "Powerage");
insert into t1 values( 3 , "Singing Down the Lane" );
insert into t1 values(4 , "Ziltoid the Omniscient");
insert into t1 values(5 , "Casualties of Cool");
insert into t1 values( 6 , "Epicloud");
insert into t1 values(7 , "Somewhere in Time");
insert into t1 values(8 , "Piece of Mind");
SELECT a, REGEXP_INSTR(b, 'i', 2, 2) from t1;
a    regexp_instr(b, i, 2, 2)
1    0
2    0
3    5
4    6
5    0
6    0
7    15
8    11
drop table t1;
create table t1(a int, b varchar(100));
insert into t1 values(1 , "PowerSlave");
insert into t1 values(2 , "Powerage");
insert into t1 values( 3 , "Singing Down the Lane" );
insert into t1 values(4 , "Ziltoid the Omniscient");
insert into t1 values(5 , "Casualties of Cool");
insert into t1 values( 6 , "Epicloud");
insert into t1 values(7 , "Somewhere in Time");
insert into t1 values(8 , "Piece of Mind");
SELECT a, REGEXP_INSTR(b, 'i', 2, 2, 1) from t1;
a    regexp_instr(b, i, 2, 2, 1)
1    0
2    0
3    6
4    7
5    0
6    0
7    16
8    12
drop table t1;
DROP TABLE IF EXISTS t;
CREATE TABLE t(str1 VARCHAR(20), str2 CHAR(20));
INSERT INTO t VALUES ('W * P', 'W + Z - O'), ('have has having', 'do does doing');
INSERT INTO t VALUES ('XV*XZ', 'PP-ZZ-DXA'), ('aa bbb cc ddd', 'k ii lll oooo');
SELECT REGEXP_INSTR(str1, '*'), REGEXP_INSTR(str2,'hav') FROM t;
invalid argument regexp_instr have invalid regexp pattern arg, bad value [*]
drop table t;
create database big_data_test;
use big_data_test;
create table table_basic_for_load_100M(col1 varchar(100));
insert into table_basic_for_load_100M values(',GHI,G;KL/MN?OPQR.STU-_+=VWXYZabcdefghigklmnopqrstuvwxy');
insert into table_basic_for_load_100M values('a');
select col1 from table_basic_for_load_100M;
col1
,GHI,G;KL/MN?OPQR.STU-_+=VWXYZabcdefghigklmnopqrstuvwxy
a
select REGEXP_INSTR(',GHI,G;KL/MN?OPQR.STU-_+=VWXYZabcdefghigklmnopqrstuvwxy', ',',1);
regexp_instr(,GHI,G;KL/MN?OPQR.STU-_+=VWXYZabcdefghigklmnopqrstuvwxy, ,, 1)
1
select REGEXP_INSTR(',GHI,G;KL/MN?OPQR.STU-_+=VWXYZabcdefghigklmnopqrstuvwxy', 'a',1);
regexp_instr(,GHI,G;KL/MN?OPQR.STU-_+=VWXYZabcdefghigklmnopqrstuvwxy, a, 1)
31
select REGEXP_INSTR(col1,',',1) from big_data_test.table_basic_for_load_100M;
regexp_instr(col1, ,, 1)
1
0
select REGEXP_INSTR(col1,'a',1) from big_data_test.table_basic_for_load_100M;
regexp_instr(col1, a, 1)
31
1
select REGEXP_REPLACE(',GHI,G;KL/MN?OPQR.STU-_+=VWXYZabcdefghigklmnopqrstuvwxy', ',','b',1);
regexp_replace(,GHI,G;KL/MN?OPQR.STU-_+=VWXYZabcdefghigklmnopqrstuvwxy, ,, b, 1)
bGHIbG;KL/MN?OPQR.STU-_+=VWXYZabcdefghigklmnopqrstuvwxy
select REGEXP_REPLACE(',GHI,G;KL/MN?OPQR.STU-_+=VWXYZabcdefghigklmnopqrstuvwxy', 'a','b',1);
regexp_replace(,GHI,G;KL/MN?OPQR.STU-_+=VWXYZabcdefghigklmnopqrstuvwxy, a, b, 1)
,GHI,G;KL/MN?OPQR.STU-_+=VWXYZbbcdefghigklmnopqrstuvwxy
select REGEXP_REPLACE(col1,',','b',1) from big_data_test.table_basic_for_load_100M;
regexp_replace(col1, ,, b, 1)
bGHIbG;KL/MN?OPQR.STU-_+=VWXYZabcdefghigklmnopqrstuvwxy
a
select REGEXP_REPLACE(col1,'a','b',1) from big_data_test.table_basic_for_load_100M;
regexp_replace(col1, a, b, 1)
,GHI,G;KL/MN?OPQR.STU-_+=VWXYZbbcdefghigklmnopqrstuvwxy
b
select REGEXP_SUBSTR(',GHI,G;KL/MN?OPQR.STU-_+=VWXYZabcdefghigklmnopqrstuvwxy', ',',1);
regexp_substr(,GHI,G;KL/MN?OPQR.STU-_+=VWXYZabcdefghigklmnopqrstuvwxy, ,, 1)
,
select REGEXP_SUBSTR(',GHI,G;KL/MN?OPQR.STU-_+=VWXYZabcdefghigklmnopqrstuvwxy', 'a',1);
regexp_substr(,GHI,G;KL/MN?OPQR.STU-_+=VWXYZabcdefghigklmnopqrstuvwxy, a, 1)
a
select REGEXP_SUBSTR(col1,',',1) from big_data_test.table_basic_for_load_100M;
regexp_substr(col1, ,, 1)
,
null
select REGEXP_SUBSTR(col1,'a',1) from big_data_test.table_basic_for_load_100M;
regexp_substr(col1, a, 1)
a
a
drop database big_data_test;
