SELECT FIELD('Bb', 'Aa', 'Bb', 'Cc', 'Dd', 'Ff');
field(Bb, Aa, Bb, Cc, Dd, Ff)
2
SELECT FIELD('Bb', 'Bb', 'Aa', 'Cc', 'Dd', 'Ff');
field(Bb, Bb, Aa, Cc, Dd, Ff)
1
SELECT FIELD('Bb', 'Aa', 'Cc', 'Bb', 'Dd', 'Ff');
field(Bb, Aa, Cc, Bb, Dd, Ff)
3
SELECT FIELD('Bb', 'Aa', 'Cc', 'Dd', 'Bb', 'Ff');
field(Bb, Aa, Cc, Dd, Bb, Ff)
4
SELECT FIELD('Bb', 'Aa', 'Cc', 'Dd', 'Ff', 'Bb');
field(Bb, Aa, Cc, Dd, Ff, Bb)
5
SELECT FIELD('Gg', 'Aa', 'Bb', 'Cc', 'Dd', 'Ff');
field(Gg, Aa, Bb, Cc, Dd, Ff)
0
SELECT FIELD(null, 'Aa', 'Bb', 'Cc', 'Dd', 'Ff');
field(null, Aa, Bb, Cc, Dd, Ff)
0
SELECT FIELD('Bb', null, 'Bb', 'Cc', 'Dd', 'Ff');
field(Bb, null, Bb, Cc, Dd, Ff)
2
SELECT FIELD('Bb', 'Aa', null, 'Cc', 'Dd', 'Ff');
field(Bb, Aa, null, Cc, Dd, Ff)
0
SELECT FIELD('Bb', null, null, null, 'Bb', null, 'Dd', 'Ff');
field(Bb, null, null, null, Bb, null, Dd, Ff)
4
create table test(a varchar(20));
insert into test values('Aa');
insert into test values('Bb');
insert into test values('Cc');
insert into test values('Dd');
insert into test values('Ee');
insert into test values('Ff');
SELECT FIELD(null, a, 'Aa', 'Bb', 'Cc', 'Dd', 'Ff') from test;
field(null, a, Aa, Bb, Cc, Dd, Ff)
0
0
0
0
0
0
SELECT FIELD(a, 'Aa', 'Bb', 'Cc', 'Dd', 'Ff') from test;
field(a, Aa, Bb, Cc, Dd, Ff)
1
2
3
4
0
5
SELECT FIELD('Aa', a, 'Bb', 'Cc', 'Dd', 'Ff') from test;
field(Aa, a, Bb, Cc, Dd, Ff)
1
0
0
0
0
0
SELECT FIELD('Aa', 'Bb', a, 'Cc', 'Dd', 'Ff') from test;
field(Aa, Bb, a, Cc, Dd, Ff)
2
0
0
0
0
0
SELECT FIELD('Aa', 'Bb', 'Cc', a, 'Dd', 'Ff') from test;
field(Aa, Bb, Cc, a, Dd, Ff)
3
0
0
0
0
0
SELECT FIELD('Aa', 'Aa', 'Cc', a, 'Dd', 'Ff') from test;
field(Aa, Aa, Cc, a, Dd, Ff)
1
1
1
1
1
1
SELECT FIELD(a, null, null, null, null) from test;
field(a, null, null, null, null)
0
0
0
0
0
0
drop table test;
SELECT FIELD(1, 1, 2, 3, 4, 5);
field(1, 1, 2, 3, 4, 5)
1
SELECT FIELD(2, 1, 2, 3, 4, 5);
field(2, 1, 2, 3, 4, 5)
2
SELECT FIELD(3, 1, 2, 3, 4, 5);
field(3, 1, 2, 3, 4, 5)
3
SELECT FIELD(4, 1, 2, 3, 4, 5);
field(4, 1, 2, 3, 4, 5)
4
SELECT FIELD(5, 1, 2, 3, 4, 5);
field(5, 1, 2, 3, 4, 5)
5
SELECT FIELD(6, 1, 2, 3, 4, 5);
field(6, 1, 2, 3, 4, 5)
0
SELECT FIELD(null, 1, 1, 2, 3, 4, 5);
field(null, 1, 1, 2, 3, 4, 5)
0
SELECT FIELD(1, null, 2, 3, 4, 5);
field(1, null, 2, 3, 4, 5)
0
SELECT FIELD(1, 1, null, 3, 4, 5);
field(1, 1, null, 3, 4, 5)
1
SELECT FIELD(1, null, null, null, 1, null);
field(1, null, null, null, 1, null)
4
create table test(a int);
insert into test values(1);
insert into test values(2);
insert into test values(3);
insert into test values(4);
insert into test values(5);
insert into test values(6);
SELECT FIELD(null, a, 1, 2, 3, 4, 5) from test;
field(null, a, 1, 2, 3, 4, 5)
0
0
0
0
0
0
SELECT FIELD(a, 1, 2, 3, 4, 5) from test;
field(a, 1, 2, 3, 4, 5)
1
2
3
4
5
0
SELECT FIELD(1, a, 2, 3, 4, 5) from test;
field(1, a, 2, 3, 4, 5)
1
0
0
0
0
0
SELECT FIELD(1, 2, a, 3, 4, 5) from test;
field(1, 2, a, 3, 4, 5)
2
0
0
0
0
0
SELECT FIELD(1, 2, 3, a, 4, 5) from test;
field(1, 2, 3, a, 4, 5)
3
0
0
0
0
0
SELECT FIELD(1, 2, 3, 4, a, 5) from test;
field(1, 2, 3, 4, a, 5)
4
0
0
0
0
0
SELECT FIELD(a, null, null, null) from test;
field(a, null, null, null)
0
0
0
0
0
0
drop table test;
SELECT FIELD(1, '1', '2', 3, 4, 5);
field(1, 1, 2, 3, 4, 5)
1
SELECT FIELD(2, 1, '2', 3, 4, 5);
field(2, 1, 2, 3, 4, 5)
2
SELECT FIELD(3, 1, '2', 3, 4, 5);
field(3, 1, 2, 3, 4, 5)
3
SELECT FIELD(4, '1', '2', 3, 4, 5);
field(4, 1, 2, 3, 4, 5)
4
SELECT FIELD('5', 1, 2, 3, 4, 5);
field(5, 1, 2, 3, 4, 5)
5
SELECT FIELD('6', 1, 2, 3, 4, 5);
field(6, 1, 2, 3, 4, 5)
0
SELECT FIELD(null, 1, '1', 2, '3', 4, 5);
field(null, 1, 1, 2, 3, 4, 5)
0
SELECT FIELD(1, null, 2, '3', 4, 5);
field(1, null, 2, 3, 4, 5)
0
SELECT FIELD(1, 1, null, 3, '4', 5);
field(1, 1, null, 3, 4, 5)
1
SELECT FIELD(1, null, null, null, '1', null);
field(1, null, null, null, 1, null)
4
create table test(a int);
insert into test values(1);
insert into test values(2);
insert into test values(3);
insert into test values(4);
insert into test values(5);
insert into test values(6);
SELECT FIELD(null, a, '1', 2, 3, 4, 5) from test;
field(null, a, 1, 2, 3, 4, 5)
0
0
0
0
0
0
SELECT FIELD(a, '1', 2, 3, 4, 5) from test;
field(a, 1, 2, 3, 4, 5)
1
2
3
4
5
0
SELECT FIELD('1', a, 2, 3, 4, 5) from test;
field(1, a, 2, 3, 4, 5)
1
0
0
0
0
0
SELECT FIELD(1, '2', a, 3, 4, 5) from test;
field(1, 2, a, 3, 4, 5)
2
0
0
0
0
0
SELECT FIELD(1, 2, '3', a, 4, 5) from test;
field(1, 2, 3, a, 4, 5)
3
0
0
0
0
0
SELECT FIELD('1', 2, 3, 4, a, 5) from test;
field(1, 2, 3, 4, a, 5)
4
0
0
0
0
0
SELECT FIELD(a, null, null, null) from test;
field(a, null, null, null)
0
0
0
0
0
0
drop table test;
SELECT FIELD(1.39479374937490, 1.39479374937490, 1.39479374937491, 1.39479374937492, 1.39479374937493, 1.39479374937494);
field(1.39479374937490, 1.39479374937490, 1.39479374937491, 1.39479374937492, 1.39479374937493, 1.39479374937494)
1
SELECT FIELD(1.39479374937491, 1.39479374937490, 1.39479374937491, 1.39479374937492, 1.39479374937493, 1.39479374937494);
field(1.39479374937491, 1.39479374937490, 1.39479374937491, 1.39479374937492, 1.39479374937493, 1.39479374937494)
2
SELECT FIELD(1.39479374937492, 1.39479374937490, 1.39479374937491, 1.39479374937492, 1.39479374937493, 1.39479374937494);
field(1.39479374937492, 1.39479374937490, 1.39479374937491, 1.39479374937492, 1.39479374937493, 1.39479374937494)
3
SELECT FIELD(1.39479374937493, 1.39479374937490, 1.39479374937491, 1.39479374937492, 1.39479374937493, 1.39479374937494);
field(1.39479374937493, 1.39479374937490, 1.39479374937491, 1.39479374937492, 1.39479374937493, 1.39479374937494)
4
SELECT FIELD(1.39479374937494, 1.39479374937490, 1.39479374937491, 1.39479374937492, 1.39479374937493, 1.39479374937494);
field(1.39479374937494, 1.39479374937490, 1.39479374937491, 1.39479374937492, 1.39479374937493, 1.39479374937494)
5
SELECT FIELD(1.39479374937495, 1.39479374937490, 1.39479374937491, 1.39479374937492, 1.39479374937493, 1.39479374937494);
field(1.39479374937495, 1.39479374937490, 1.39479374937491, 1.39479374937492, 1.39479374937493, 1.39479374937494)
0
SELECT FIELD(1.39479374937496, 1.39479374937490, 1.39479374937491, 1.39479374937492, 1.39479374937493, 1.39479374937494);
field(1.39479374937496, 1.39479374937490, 1.39479374937491, 1.39479374937492, 1.39479374937493, 1.39479374937494)
0
