SELECT MAKEDATE(0, 0);
MAKEDATE(0, 0)
null
SELECT MAKEDATE(2024, 1);
MAKEDATE(2024, 1)
2024-01-01
SELECT MAKEDATE(2024, 366);
MAKEDATE(2024, 366)
2024-12-31
SELECT DATEDIFF(MAKEDATE(2024, 1), '2024-07-01');
DATEDIFF(MAKEDATE(2024, 1), 2024-07-01)
-182
SELECT MAKEDATE(YEAR(NOW()), DAY(LAST_DAY(NOW())));
MAKEDATE(YEAR(NOW()), DAY(LAST_DAY(NOW())))
2024-01-31
SELECT DATE_SUB(MAKEDATE(YEAR(CURDATE()), 1), INTERVAL 1 DAY) AS LastDayOfYear;
LastDayOfYear
2023-12-31 00:00:00
SELECT '生日快乐！' AS message, MAKEDATE(1990, 100) AS birthday;
message    birthday
生日快乐！    1990-04-10
SELECT
YEAR(NOW()) - YEAR(MAKEDATE(YEAR(NOW()), 1)) AS years_passed,
DAY(NOW()) AS days_into_year
FROM DUAL;
years_passed    days_into_year
0    2
SELECT IF(MAKEDATE(YEAR(NOW()), 366) < NOW(), '闰年', '平年') AS leap_year_status;
leap_year_status
平年
create database abc;
use abc;
CREATE TABLE employees (
id INT AUTO_INCREMENT PRIMARY KEY,
employee_name VARCHAR(255) NOT NULL,
employee_hire_date DATE,
company_founded DATE,
employee_status ENUM('active', 'inactive') NOT NULL
);
INSERT INTO employees (employee_name, employee_hire_date, company_founded, employee_status)
VALUES
('Alice Smith', '2020-06-01', '2000-01-01', 'active'),
('Bob Johnson', '1999-12-15', '2000-01-01', 'inactive'),
('Charlie Brown', '2022-03-20', '2000-01-01', 'active'),
('Diana Prince', '2019-11-30', '1998-12-31', 'active');
SELECT employee_hire_date,
MAKEDATE(YEAR(company_founded), 1) AS CompanyFoundedDate,
CASE
WHEN employee_hire_date > MAKEDATE(YEAR(company_founded), 1) THEN 'After Foundation'
ELSE 'Before Foundation'
END AS HirePeriod
FROM employees
WHERE employee_status = 'active';
employee_hire_date    CompanyFoundedDate    HirePeriod
2020-06-01    2000-01-01    After Foundation
2022-03-20    2000-01-01    After Foundation
2019-11-30    1998-01-01    After Foundation
drop database abc;
SELECT MAKEDATE(2011,31), MAKEDATE(2011,32);
MAKEDATE(2011, 31)    MAKEDATE(2011, 32)
2011-01-31    2011-02-01
SELECT MAKEDATE(2011,365), MAKEDATE(2014,365);
MAKEDATE(2011, 365)    MAKEDATE(2014, 365)
2011-12-31    2014-12-31
SELECT MAKEDATE(2011,0);
MAKEDATE(2011, 0)
null
SELECT MAKEDATE(2017, 3);
MAKEDATE(2017, 3)
2017-01-03
SELECT MAKEDATE(2017, 175);
MAKEDATE(2017, 175)
2017-06-24
SELECT MAKEDATE(2017, 100);
MAKEDATE(2017, 100)
2017-04-10
SELECT MAKEDATE(2017, 366);
MAKEDATE(2017, 366)
2018-01-01
