SELECT DAYOFMONTH('2007-02-03') AS result1;
result1
3
SELECT DAYOFMONTH('2007-02-03') AS day_3;
day_3
3
SELECT DAYOFMONTH('2007-02-01') AS day_1;
day_1
1
SELECT DAYOFMONTH('2007-02-28') AS day_28;
day_28
28
SELECT DAYOFMONTH('2007-02-29') AS day_29_leap;
invalid argument parsedate, bad value 2007-02-29
SELECT DAYOFMONTH('2008-02-29') AS day_29_leap_year;
day_29_leap_year
29
SELECT DAYOFMONTH('2007-01-31') AS day_31;
day_31
31
SELECT DAYOFMONTH('2007-02-03 12:30:45') AS datetime_day_3;
datetime_day_3
3
SELECT DAYOFMONTH('2007-12-31 23:59:59') AS datetime_day_31;
datetime_day_31
31
SELECT DAYOFMONTH('2007-02-03 12:30:45') AS timestamp_day_3;
timestamp_day_3
3
SELECT DAYOFMONTH(NULL) AS null_date;
null_date
null
CREATE TABLE t1(d DATE, dt DATETIME);
INSERT INTO t1 VALUES ('2007-02-03', '2007-02-03 12:00:00'), ('2007-02-15', '2007-02-15 12:00:00');
SELECT DAYOFMONTH(d) AS day_from_date, DAYOFMONTH(dt) AS day_from_datetime FROM t1;
day_from_date    day_from_datetime
3    3
15    15
DROP TABLE t1;
CREATE TABLE t1(d DATE);
INSERT INTO t1 VALUES ('2007-02-03'), ('2007-02-15'), ('2007-02-28');
SELECT * FROM t1 WHERE DAYOFMONTH(d) > 10;
d
2007-02-15
2007-02-28
DROP TABLE t1;
SELECT DAYOFMONTH('2007-01-01') AS first_day, DAYOFMONTH('2007-01-31') AS last_day_jan;
first_day    last_day_jan
1    31
SELECT DAYOFMONTH('2007-02-01') AS first_day_feb, DAYOFMONTH('2007-02-28') AS last_day_feb;
first_day_feb    last_day_feb
1    28
SELECT DAYOFMONTH('2007-04-01') AS first_day_apr, DAYOFMONTH('2007-04-30') AS last_day_apr;
first_day_apr    last_day_apr
1    30
SELECT DAYOFMONTH('2007-01-15') AS jan, DAYOFMONTH('2007-02-15') AS feb, DAYOFMONTH('2007-03-15') AS mar, DAYOFMONTH('2007-04-15') AS apr;
jan    feb    mar    apr
15    15    15    15
