SELECT max(null);
â¤ max(null)[-6,8,0]  ğ„€
null
create table t1(a tinyint, b SMALLINT, c bigint, d INT, e BIGINT, f FLOAT, g DOUBLE, h decimal(38,19), i DATE, k datetime, l TIMESTAMP, m char(255), n varchar(255));
insert into t1 values(1, 1, 2, 43, 5, 35.5, 31.133, 14.314, "2012-03-10", "2012-03-12 10:03:12", "2022-03-12 13:03:12", "ab23c", "d5cf");
insert into t1 values(71, 1, 2, 34, 5, 5.5, 341.13, 15.314, "2012-03-22", "2013-03-12 10:03:12", "2032-03-12 13:04:12", "abr23c", "3dcf");
insert into t1 values(1, 1, 21, 4, 54, 53.5, 431.13, 14.394, "2011-03-12", "2015-03-12 10:03:12", "2002-03-12 13:03:12", "afbc", "dct5f");
insert into t1 values(1, 71, 2, 34, 5, 5.5, 31.313, 124.314, "2012-01-12", "2019-03-12 10:03:12", "2013-03-12 13:03:12", "3abd1c", "dcvf");
select max(a) from t1;
â¤ max(a)[-6,8,0]  ğ„€
71
select max(b) from t1;
â¤ max(b)[5,16,0]  ğ„€
71
select max(c) from t1;
â¤ max(c)[-5,64,0]  ğ„€
21
select max(d) from t1;
â¤ max(d)[4,32,0]  ğ„€
43
select max(e) from t1;
â¤ max(e)[-5,64,0]  ğ„€
54
select max(f) from t1;
â¤ max(f)[7,24,0]  ğ„€
53.5
select max(g) from t1;
â¤ max(g)[8,54,0]  ğ„€
431.13
select max(h) from t1;
â¤ max(h)[3,38,19]  ğ„€
124.3140000000000000000
select max(i) from t1;
â¤ max(i)[91,64,0]  ğ„€
2012-03-22
select max(k) from t1;
â¤ max(k)[93,64,0]  ğ„€
2019-03-12 10:03:12
select max(l) from t1;
â¤ max(l)[93,64,0]  ğ„€
2032-03-12 13:04:12
select max(m) from t1;
â¤ max(m)[1,255,0]  ğ„€
afbc
select max(n) from t1;
â¤ max(n)[12,-1,0]  ğ„€
dcvf
drop table t1;
select max(99999999999999999.99999);
â¤ max(99999999999999999.99999)[3,38,5]  ğ„€
99999999999999999.99999
select max(999999999999999933193939.99999);
â¤ max(999999999999999933193939.99999)[3,38,5]  ğ„€
999999999999999933193939.99999
select max(9999999999999999999999999999999999.9999999999999);
â¤ max(9999999999999999999999999999999999.9999999999999)[3,38,3]  ğ„€
10000000000000000000000000000000000.000
create table t1(a bigint);
select max(a) from t1;
â¤ max(a)[-5,64,0]  ğ„€
null
insert into t1 values(null),(null),(null),(null);
select max(a) from t1;
â¤ max(a)[-5,64,0]  ğ„€
null
insert into t1 values(12417249128419),(124124125124151),(5124125151415),(124125152651515);
select max(a) from t1;
â¤ max(a)[-5,64,0]  ğ„€
124125152651515
drop table t1;
create table t1 ( a int not null default 1, big bigint );
insert into t1 (big) values (-1),(1234567890167),(92233720368547),(18446744073709515);
select * from t1;
â¤ a[4,32,0]  Â¦  big[-5,64,0]  ğ„€
1  Â¦  -1  ğ„€
1  Â¦  1234567890167  ğ„€
1  Â¦  92233720368547  ğ„€
1  Â¦  18446744073709515
select min(big),max(big),max(big)-1 from t1;
â¤ min(big)[-5,64,0]  Â¦  max(big)[-5,64,0]  Â¦  max(big) - 1[-5,64,0]  ğ„€
-1  Â¦  18446744073709515  Â¦  18446744073709514
select min(big),max(big),max(big)-1 from t1 group by a;
â¤ min(big)[-5,64,0]  Â¦  max(big)[-5,64,0]  Â¦  max(big) - 1[-5,64,0]  ğ„€
-1  Â¦  18446744073709515  Â¦  18446744073709514
insert into t1 (big) values (184467440737615);
select * from t1;
â¤ a[4,32,0]  Â¦  big[-5,64,0]  ğ„€
1  Â¦  -1  ğ„€
1  Â¦  1234567890167  ğ„€
1  Â¦  92233720368547  ğ„€
1  Â¦  18446744073709515  ğ„€
1  Â¦  184467440737615
select min(big),max(big),max(big)-1 from t1;
â¤ min(big)[-5,64,0]  Â¦  max(big)[-5,64,0]  Â¦  max(big) - 1[-5,64,0]  ğ„€
-1  Â¦  18446744073709515  Â¦  18446744073709514
select min(big),max(big),max(big)-1 from t1 group by a;
â¤ min(big)[-5,64,0]  Â¦  max(big)[-5,64,0]  Â¦  max(big) - 1[-5,64,0]  ğ„€
-1  Â¦  18446744073709515  Â¦  18446744073709514
drop table t1;
create table t1 (name char(20) not null);
create table t2 (name char(20) not null);
insert into t1 values ("Ã¥");
insert into t1 values ("Ã¤");
insert into t1 values ("Ã¶");
insert into t2 select * from t1;
select * from t1 order by name;
â¤ name[1,20,0]  ğ„€
Ã¤  ğ„€
Ã¥  ğ„€
Ã¶
select concat_ws(",","*",name,"*") from t1 order by 1;
â¤ concat_ws(,, *, name, *)[12,-1,0]  ğ„€
*,Ã¤,*  ğ„€
*,Ã¥,*  ğ„€
*,Ã¶,*
select min(name),min(concat_ws(",","*",name,"*")),max(name),max(concat_ws("*",name,"*")) from t1;
[unknown result because it is related to issue#3344]
drop table t1;
drop table t2;
CREATE TABLE t1 (Fld1 int(11) default NULL,Fld2 int(11) default NULL);
INSERT INTO t1 VALUES (1,10),(1,20),(2,NULL),(2,NULL),(3,50);
select distinct Fld1,  max( Fld2) as q from t1 group by Fld1 having q is not null;
â¤ Fld1[4,32,0]  Â¦  q[4,32,0]  ğ„€
1  Â¦  20  ğ„€
3  Â¦  50
select Fld1, max(Fld2) from t1 group by Fld1 having max(Fld2) is not null;
â¤ Fld1[4,32,0]  Â¦  max(Fld2)[4,32,0]  ğ„€
1  Â¦  20  ğ„€
3  Â¦  50
select Fld1, max(Fld2) from t1 group by Fld1 having avg(Fld2) is not null;
â¤ Fld1[4,32,0]  Â¦  max(Fld2)[4,32,0]  ğ„€
1  Â¦  20  ğ„€
3  Â¦  50
select Fld1, max(Fld2) from t1 group by Fld1 having std(Fld2) is not null;
â¤ Fld1[4,32,0]  Â¦  max(Fld2)[4,32,0]  ğ„€
1  Â¦  20  ğ„€
3  Â¦  50
select Fld1, max(Fld2) from t1 group by Fld1 having variance(Fld2) is not null;
â¤ Fld1[4,32,0]  Â¦  max(Fld2)[4,32,0]  ğ„€
1  Â¦  20  ğ„€
3  Â¦  50
drop table t1;
create table t1 (grp int, a bigint unsigned, c char(10) not null);
insert into t1 values (1,1,"a");
insert into t1 values (2,2,"b");
insert into t1 values (2,3,"c");
insert into t1 values (3,4,"E");
insert into t1 values (3,5,"C");
insert into t1 values (3,6,"D");
select sum(a) from t1 where a > 10;
â¤ sum(a)[-5,64,0]  ğ„€
null
select count(distinct a),count(distinct grp) from t1;
â¤ count(distinct a)[-5,64,0]  Â¦  count(distinct grp)[-5,64,0]  ğ„€
6  Â¦  3
insert into t1 values (null,null,'');
select count(distinct a),count(distinct grp) from t1;
â¤ count(distinct a)[-5,64,0]  Â¦  count(distinct grp)[-5,64,0]  ğ„€
6  Â¦  3
create table t2 (grp int, a bigint unsigned, c char(10));
insert into t2 select grp,max(a)+max(grp),max(c) from t1 group by grp;
drop table t1;
drop table t2;
create table t1 (a1 int, a2 char(3));
insert into t1 values(10,'aaa'), (10,null), (10,'bbb'), (20,'zzz');
create table t2(a1 char(3), a2 int, a3 real);
select * from t1;
â¤ a1[4,32,0]  Â¦  a2[1,3,0]  ğ„€
10  Â¦  aaa  ğ„€
10  Â¦  null  ğ„€
10  Â¦  bbb  ğ„€
20  Â¦  zzz
select min(a2) from t1;
[unknown result because it is related to issue#3344]
select max(t1.a1), max(t2.a2) from t1, t2;
â¤ max(t1.a1)[4,32,0]  Â¦  max(t2.a2)[4,32,0]  ğ„€
null  Â¦  null
select max(t1.a1) from t1, t2;
â¤ max(t1.a1)[4,32,0]  ğ„€
null
select max(t2.a2), max(t1.a1) from t1, t2;
â¤ max(t2.a2)[4,32,0]  Â¦  max(t1.a1)[4,32,0]  ğ„€
null  Â¦  null
insert into t2 values('AAA', 10, 0.5);
insert into t2 values('BBB', 20, 1.0);
select t1.a1, t1.a2, t2.a1, t2.a2 from t1,t2;
â¤ a1[4,32,0]  Â¦  a2[1,3,0]  Â¦  a1[1,3,0]  Â¦  a2[4,32,0]  ğ„€
10  Â¦  aaa  Â¦  AAA  Â¦  10  ğ„€
10  Â¦  null  Â¦  AAA  Â¦  10  ğ„€
10  Â¦  bbb  Â¦  AAA  Â¦  10  ğ„€
20  Â¦  zzz  Â¦  AAA  Â¦  10  ğ„€
10  Â¦  aaa  Â¦  BBB  Â¦  20  ğ„€
10  Â¦  null  Â¦  BBB  Â¦  20  ğ„€
10  Â¦  bbb  Â¦  BBB  Â¦  20  ğ„€
20  Â¦  zzz  Â¦  BBB  Â¦  20
select max(t1.a1), max(t2.a1) from t1, t2 where t2.a2=9;
â¤ max(t1.a1)[4,32,0]  Â¦  max(t2.a1)[1,3,0]  ğ„€
null  Â¦  null
select max(t2.a1), max(t1.a1) from t1, t2 where t2.a2=9;
â¤ max(t2.a1)[1,3,0]  Â¦  max(t1.a1)[4,32,0]  ğ„€
null  Â¦  null
select t1.a1, t1.a2, t2.a1, t2.a2 from t1 left outer join t2 on t1.a1=10;
â¤ a1[4,32,0]  Â¦  a2[1,3,0]  Â¦  a1[1,3,0]  Â¦  a2[4,32,0]  ğ„€
10  Â¦  aaa  Â¦  AAA  Â¦  10  ğ„€
10  Â¦  aaa  Â¦  BBB  Â¦  20  ğ„€
10  Â¦  null  Â¦  AAA  Â¦  10  ğ„€
10  Â¦  null  Â¦  BBB  Â¦  20  ğ„€
10  Â¦  bbb  Â¦  AAA  Â¦  10  ğ„€
10  Â¦  bbb  Â¦  BBB  Â¦  20  ğ„€
20  Â¦  zzz  Â¦  null  Â¦  null
select max(t1.a2) from t1 left outer join t2 on t1.a1=10;
â¤ max(t1.a2)[1,3,0]  ğ„€
zzz
select max(t2.a1) from t2 left outer join t1 on t2.a2=10 where t2.a2=20;
â¤ max(t2.a1)[1,3,0]  ğ„€
BBB
select max(t2.a1) from t2 left outer join t1 on t2.a2=10 where t2.a2=10;
â¤ max(t2.a1)[1,3,0]  ğ„€
AAA
select max(t2.a1) from t1 left outer join t2 on t1.a2=t2.a1 and 1=0 where t2.a1='AAA';
â¤ max(t2.a1)[1,3,0]  ğ„€
null
select max(t1.a2),max(t2.a1) from t1 left outer join t2 on t1.a1=10;
â¤ max(t1.a2)[1,3,0]  Â¦  max(t2.a1)[1,3,0]  ğ„€
zzz  Â¦  BBB
drop table t1;
drop table t2;
CREATE TABLE t1 (a int, b int);
select count(b), sum(b), avg(b), std(b), min(b), max(b), bit_and(b), bit_or(b) from t1;
â¤ count(b)[-5,64,0]  Â¦  sum(b)[-5,64,0]  Â¦  avg(b)[8,54,0]  Â¦  std(b)[8,54,0]  Â¦  min(b)[4,32,0]  Â¦  max(b)[4,32,0]  Â¦  bit_and(b)[-5,64,0]  Â¦  bit_or(b)[-5,64,0]  ğ„€
0  Â¦  null  Â¦  null  Â¦  null  Â¦  null  Â¦  null  Â¦  null  Â¦  null
select a,count(b), sum(b), avg(b), std(b), min(b), max(b), bit_and(b), bit_or(b) from t1 group by a;
â¤ a[4,32,0]  Â¦  count(b)[-5,64,0]  Â¦  sum(b)[-5,64,0]  Â¦  avg(b)[8,54,0]  Â¦  std(b)[8,54,0]  Â¦  min(b)[4,32,0]  Â¦  max(b)[4,32,0]  Â¦  bit_and(b)[-5,64,0]  Â¦  bit_or(b)[-5,64,0]
insert into t1 values (1,null);
select a,count(b), sum(b), avg(b), std(b), min(b), max(b), bit_and(b), bit_or(b) from t1 group by a;
â¤ a[4,32,0]  Â¦  count(b)[-5,64,0]  Â¦  sum(b)[-5,64,0]  Â¦  avg(b)[8,54,0]  Â¦  std(b)[8,54,0]  Â¦  min(b)[4,32,0]  Â¦  max(b)[4,32,0]  Â¦  bit_and(b)[-5,64,0]  Â¦  bit_or(b)[-5,64,0]  ğ„€
1  Â¦  0  Â¦  null  Â¦  null  Â¦  null  Â¦  null  Â¦  null  Â¦  null  Â¦  null
insert into t1 values (1,null);
insert into t1 values (2,null);
select a,count(b), sum(b), avg(b), std(b), min(b), max(b), bit_and(b), bit_or(b) from t1 group by a;
â¤ a[4,32,0]  Â¦  count(b)[-5,64,0]  Â¦  sum(b)[-5,64,0]  Â¦  avg(b)[8,54,0]  Â¦  std(b)[8,54,0]  Â¦  min(b)[4,32,0]  Â¦  max(b)[4,32,0]  Â¦  bit_and(b)[-5,64,0]  Â¦  bit_or(b)[-5,64,0]  ğ„€
1  Â¦  0  Â¦  null  Â¦  null  Â¦  null  Â¦  null  Â¦  null  Â¦  null  Â¦  null  ğ„€
2  Â¦  0  Â¦  null  Â¦  null  Â¦  null  Â¦  null  Â¦  null  Â¦  null  Â¦  null
insert into t1 values (2,1);
select a,count(b), sum(b), avg(b), std(b), min(b), max(b), bit_and(b), bit_or(b) from t1 group by a;
â¤ a[4,32,0]  Â¦  count(b)[-5,64,0]  Â¦  sum(b)[-5,64,0]  Â¦  avg(b)[8,54,0]  Â¦  std(b)[8,54,0]  Â¦  min(b)[4,32,0]  Â¦  max(b)[4,32,0]  Â¦  bit_and(b)[-5,64,0]  Â¦  bit_or(b)[-5,64,0]  ğ„€
1  Â¦  0  Â¦  null  Â¦  null  Â¦  null  Â¦  null  Â¦  null  Â¦  null  Â¦  null  ğ„€
2  Â¦  1  Â¦  1  Â¦  1.0  Â¦  0.0  Â¦  1  Â¦  1  Â¦  1  Â¦  1
insert into t1 values (3,1);
select a,count(b), sum(b), avg(b), std(b), min(b), max(b), bit_and(b), bit_or(b) from t1 group by a;
â¤ a[4,32,0]  Â¦  count(b)[-5,64,0]  Â¦  sum(b)[-5,64,0]  Â¦  avg(b)[8,54,0]  Â¦  std(b)[8,54,0]  Â¦  min(b)[4,32,0]  Â¦  max(b)[4,32,0]  Â¦  bit_and(b)[-5,64,0]  Â¦  bit_or(b)[-5,64,0]  ğ„€
1  Â¦  0  Â¦  null  Â¦  null  Â¦  null  Â¦  null  Â¦  null  Â¦  null  Â¦  null  ğ„€
2  Â¦  1  Â¦  1  Â¦  1.0  Â¦  0.0  Â¦  1  Â¦  1  Â¦  1  Â¦  1  ğ„€
3  Â¦  1  Â¦  1  Â¦  1.0  Â¦  0.0  Â¦  1  Â¦  1  Â¦  1  Â¦  1
drop table t1;
create table t1(a1 char(3) primary key,a2 smallint,a3 char(3),a4 real,a5 date);
create table t2(a1 char(3) primary key,a2 char(17),a3 char(2),a4 char(3));
insert into t1 values('AME',0,'SEA',0.100,date'1942-02-19');
insert into t1 values('HBR',1,'SEA',0.085,date'1948-03-05');
insert into t1 values('BOT',2,'SEA',0.085,date'1951-11-29');
insert into t1 values('BMC',3,'SEA',0.085,date'1958-09-08');
insert into t1 values('TWU',0,'LAX',0.080,date'1969-10-05');
insert into t1 values('BDL',0,'DEN',0.080,date'1960-11-27');
insert into t1 values('DTX',1,'NYC',0.080,date'1961-05-04');
insert into t1 values('PLS',1,'WDC',0.075,date'1949-01-02');
insert into t1 values('ZAJ',2,'CHI',0.075,date'1960-06-15');
insert into t1 values('VVV',2,'MIN',0.075,date'1959-06-28');
insert into t1 values('GTM',3,'DAL',0.070,date'1977-09-23');
insert into t1 values('SSJ',null,'CHI',null,date'1974-03-19');
insert into t1 values('KKK',3,'ATL',null,null);
insert into t1 values('XXX',null,'MIN',null,null);
insert into t1 values('WWW',1,'LED',null,null);
insert into t2 values('TKF','Seattle','WA','AME');
insert into t2 values('LCC','Los Angeles','CA','TWU');
insert into t2 values('DEN','Denver','CO','BDL');
insert into t2 values('SDC','San Diego','CA','TWU');
insert into t2 values('NOL','New Orleans','LA','GTM');
insert into t2 values('LAK','Los Angeles','CA','TWU');
insert into t2 values('AAA','AAA','AA','AME');
select * from t1;
â¤ a1[1,3,0]  Â¦  a2[5,16,0]  Â¦  a3[1,3,0]  Â¦  a4[8,54,0]  Â¦  a5[91,64,0]  ğ„€
AME  Â¦  0  Â¦  SEA  Â¦  0.1  Â¦  1942-02-19  ğ„€
HBR  Â¦  1  Â¦  SEA  Â¦  0.085  Â¦  1948-03-05  ğ„€
BOT  Â¦  2  Â¦  SEA  Â¦  0.085  Â¦  1951-11-29  ğ„€
BMC  Â¦  3  Â¦  SEA  Â¦  0.085  Â¦  1958-09-08  ğ„€
TWU  Â¦  0  Â¦  LAX  Â¦  0.08  Â¦  1969-10-05  ğ„€
BDL  Â¦  0  Â¦  DEN  Â¦  0.08  Â¦  1960-11-27  ğ„€
DTX  Â¦  1  Â¦  NYC  Â¦  0.08  Â¦  1961-05-04  ğ„€
PLS  Â¦  1  Â¦  WDC  Â¦  0.075  Â¦  1949-01-02  ğ„€
ZAJ  Â¦  2  Â¦  CHI  Â¦  0.075  Â¦  1960-06-15  ğ„€
VVV  Â¦  2  Â¦  MIN  Â¦  0.075  Â¦  1959-06-28  ğ„€
GTM  Â¦  3  Â¦  DAL  Â¦  0.07  Â¦  1977-09-23  ğ„€
SSJ  Â¦  null  Â¦  CHI  Â¦  null  Â¦  1974-03-19  ğ„€
KKK  Â¦  3  Â¦  ATL  Â¦  null  Â¦  null  ğ„€
XXX  Â¦  null  Â¦  MIN  Â¦  null  Â¦  null  ğ„€
WWW  Â¦  1  Â¦  LED  Â¦  null  Â¦  null
select * from t2;
â¤ a1[1,3,0]  Â¦  a2[1,17,0]  Â¦  a3[1,2,0]  Â¦  a4[1,3,0]  ğ„€
TKF  Â¦  Seattle  Â¦  WA  Â¦  AME  ğ„€
LCC  Â¦  Los Angeles  Â¦  CA  Â¦  TWU  ğ„€
DEN  Â¦  Denver  Â¦  CO  Â¦  BDL  ğ„€
SDC  Â¦  San Diego  Â¦  CA  Â¦  TWU  ğ„€
NOL  Â¦  New Orleans  Â¦  LA  Â¦  GTM  ğ„€
LAK  Â¦  Los Angeles  Â¦  CA  Â¦  TWU  ğ„€
AAA  Â¦  AAA  Â¦  AA  Â¦  AME
select min(a1) from t1;
â¤ min(a1)[1,3,0]  ğ„€
AME
select max(a4) from t1;
â¤ max(a4)[8,54,0]  ğ„€
0.1
select min(a5), max(a5) from t1;
â¤ min(a5)[91,64,0]  Â¦  max(a5)[91,64,0]  ğ„€
1942-02-19  Â¦  1977-09-23
select min(a3) from t1 where a2 = 2;
â¤ min(a3)[1,3,0]  ğ„€
CHI
select min(a1), max(a1) from t1 where a4 = 0.080;
â¤ min(a1)[1,3,0]  Â¦  max(a1)[1,3,0]  ğ„€
BDL  Â¦  TWU
select min(t1.a5), max(t2.a3) from t1, t2;
â¤ min(t1.a5)[91,64,0]  Â¦  max(t2.a3)[1,2,0]  ğ„€
1942-02-19  Â¦  WA
select min(t1.a3), max(t2.a2) from t1, t2 where t1.a2 = 0 and t2.a3 = 'CA';
â¤ min(t1.a3)[1,3,0]  Â¦  max(t2.a2)[1,17,0]  ğ„€
DEN  Â¦  San Diego
select min(a1) from t1 where a1 > 'KKK';
â¤ min(a1)[1,3,0]  ğ„€
PLS
select min(a1) from t1 where a1 >= 'KKK';
â¤ min(a1)[1,3,0]  ğ„€
KKK
select max(a3) from t1 where a2 = 2 and a3 < 'SEA';
â¤ max(a3)[1,3,0]  ğ„€
MIN
select max(a5) from t1 where a5 < date'1970-01-01';
â¤ max(a5)[91,64,0]  ğ„€
1969-10-05
select max(a3) from t1 where a2 is null;
â¤ max(a3)[1,3,0]  ğ„€
MIN
select max(a3) from t1 where a2 = 0 and a3 between 'K' and 'Q';
â¤ max(a3)[1,3,0]  ğ„€
LAX
select min(a1), max(a1) from t1 where a1 between 'A' and 'P';
â¤ min(a1)[1,3,0]  Â¦  max(a1)[1,3,0]  ğ„€
AME  Â¦  KKK
select max(a3) from t1 where a3 < 'SEA' and a2 = 2 and a3 <= 'MIN';
â¤ max(a3)[1,3,0]  ğ„€
MIN
select max(a3) from t1 where a3 = 'MIN' and a2 = 2;
â¤ max(a3)[1,3,0]  ğ„€
MIN
select max(a3) from t1 where a3 = 'DEN' and a2 = 2;
â¤ max(a3)[1,3,0]  ğ„€
null
select max(t1.a3), min(t2.a2) from t1, t2 where t1.a2 = 2 and t1.a3 < 'MIN' and t2.a3 = 'CA';
â¤ max(t1.a3)[1,3,0]  Â¦  min(t2.a2)[1,17,0]  ğ„€
CHI  Â¦  Los Angeles
select max(a3) from t1 where a2 is null and a2 = 2;
â¤ max(a3)[1,3,0]  ğ„€
null
select max(a2) from t1 where a2 >= 1;
â¤ max(a2)[5,16,0]  ğ„€
3
select min(a3) from t1 where a2 = 2 and a3 < 'SEA';
â¤ min(a3)[1,3,0]  ğ„€
CHI
select min(a3) from t1 where a2 = 4;
â¤ min(a3)[1,3,0]  ğ„€
null
select min(a3) from t1 where a2 = 2 and a3 > 'SEA';
â¤ min(a3)[1,3,0]  ğ„€
null
select (min(a4)+max(a4))/2 from t1;
â¤ (min(a4) + max(a4)) / 2[8,54,0]  ğ„€
0.085
select min(a3) from t1 where 2 = a2;
â¤ min(a3)[1,3,0]  ğ„€
CHI
select max(a3) from t1 where a2 = 2 and 'SEA' > a3;
â¤ max(a3)[1,3,0]  ğ„€
MIN
select max(a3) from t1 where a2 = 2 and 'SEA' < a3;
â¤ max(a3)[1,3,0]  ğ„€
null
select min(a3) from t1 where a2 = 2 and a3 >= 'CHI';
â¤ min(a3)[1,3,0]  ğ„€
CHI
select min(a3) from t1 where a2 = 2 and a3 >= 'CHI' and a3 < 'SEA';
â¤ min(a3)[1,3,0]  ğ„€
CHI
select min(a3) from t1 where a2 = 2 and a3 >= 'CHI' and a3 = 'MIN';
â¤ min(a3)[1,3,0]  ğ„€
MIN
select min(a3) from t1 where a2 = 2 and a3 >= 'SEA' and a3 = 'MIN';
â¤ min(a3)[1,3,0]  ğ„€
null
select min(t1.a1), min(t2.a4) from t1,t2 where t1.a1 < 'KKK' and t2.a4 < 'KKK';
â¤ min(t1.a1)[1,3,0]  Â¦  min(t2.a4)[1,3,0]  ğ„€
AME  Â¦  AME
drop table t1;
drop table t2;
create table t1 (a int);
insert into t1 values (1);
select max(a) as b from t1 having b=1;
â¤ b[4,32,0]  ğ„€
1
select a from t1 having a=1;
SQL syntax error: column "t1.a" must appear in the GROUP BY clause or be used in an aggregate function
drop table t1;
CREATE TABLE t1 (a int primary key);
INSERT INTO t1 VALUES (1),(2),(3),(4);
SELECT MAX(a) FROM t1 WHERE a > 5;
â¤ MAX(a)[4,32,0]  ğ„€
null
SELECT MIN(a) FROM t1 WHERE a < 0;
â¤ MIN(a)[4,32,0]  ğ„€
null
DROP TABLE t1;
CREATE TABLE t1 (id int PRIMARY KEY, b char(3));
INSERT INTO t1 VALUES (1,'xx'), (2,'aa');
SELECT * FROM t1;
â¤ id[4,32,0]  Â¦  b[1,3,0]  ğ„€
1  Â¦  xx  ğ„€
2  Â¦  aa
SELECT MAX(b) FROM t1 WHERE b < 'ppppp';
â¤ MAX(b)[1,3,0]  ğ„€
aa
SELECT MAX(b) FROM t1 WHERE b < 'pp';
â¤ MAX(b)[1,3,0]  ğ„€
aa
DROP TABLE t1;
CREATE TABLE t1 (id int PRIMARY KEY, b char(16));
INSERT INTO t1 VALUES (1, 'xxxxbbbb'), (2, 'xxxxaaaa');
SELECT MAX(b) FROM t1;
â¤ MAX(b)[1,16,0]  ğ„€
xxxxbbbb
DROP TABLE t1;
create table t1 (col1 decimal(16,12));
insert into t1 values (-5.00000000001);
insert into t1 values (-5.00000000001);
select col1,sum(col1),max(col1),min(col1) from t1 group by col1;
â¤ col1[3,16,12]  Â¦  sum(col1)[3,38,12]  Â¦  max(col1)[3,16,12]  Â¦  min(col1)[3,16,12]  ğ„€
-5.000000000010  Â¦  -10.000000000020  Â¦  -5.000000000010  Â¦  -5.000000000010
delete from t1;
insert into t1 values (5.00000000001);
insert into t1 values (5.00000000001);
select col1,sum(col1),max(col1),min(col1) from t1 group by col1;
â¤ col1[3,16,12]  Â¦  sum(col1)[3,38,12]  Â¦  max(col1)[3,16,12]  Â¦  min(col1)[3,16,12]  ğ„€
5.000000000010  Â¦  10.000000000020  Â¦  5.000000000010  Â¦  5.000000000010
DROP TABLE t1;
create table t1 (f1 int, f2 int, f3 date, f4 datetime);
insert into t1 values(98,1998,"1998-01-01","1998-01-01 00:00:00");
insert into t1 values('00',2000,"20000101","2000-01-01 00:00:01");
insert into t1 values(02,2002,"20020101","2002-01-01 23:59:59");
insert into t1 values(60,2060,"20600101","2060-01-01 11:11:11");
insert into t1 values(70,1970,"19700101","1970-11-11 22:22:22");
insert into t1 values(NULL,NULL,NULL,NULL);
select min(f1),max(f1) from t1;
â¤ min(f1)[4,32,0]  Â¦  max(f1)[4,32,0]  ğ„€
0  Â¦  98
select min(f2),max(f2) from t1;
â¤ min(f2)[4,32,0]  Â¦  max(f2)[4,32,0]  ğ„€
1970  Â¦  2060
select min(f3),max(f3) from t1;
â¤ min(f3)[91,64,0]  Â¦  max(f3)[91,64,0]  ğ„€
1970-01-01  Â¦  2060-01-01
select min(f4),max(f4) from t1;
â¤ min(f4)[93,64,0]  Â¦  max(f4)[93,64,0]  ğ„€
1970-11-11 22:22:22  Â¦  2060-01-01 11:11:11
drop table t1;
create table t1 (grp int, a bigint unsigned, c char(10) not null);
insert into t1 values (1,1,"a");
insert into t1 values (2,2,"b");
insert into t1 values (2,3,"c");
insert into t1 values (3,4,"E");
insert into t1 values (3,5,"C");
insert into t1 values (3,6,"D");
select max(distinct a),max(distinct grp) from t1;
â¤ max(distinct a)[-5,64,0]  Â¦  max(distinct grp)[4,32,0]  ğ„€
6  Â¦  3
insert into t1 values (null,null,'');
select max(distinct a),max(distinct grp) from t1;
â¤ max(distinct a)[-5,64,0]  Â¦  max(distinct grp)[4,32,0]  ğ„€
6  Â¦  3
drop table t1;
CREATE TABLE t1 (a INT);
INSERT INTO t1 SELECT result FROM generate_series(1,100000) g;
SELECT MAX(a) FROM t1;
â¤ MAX(a)[4,32,0]  ğ„€
100000
DELETE FROM t1 WHERE a>50000;
SELECT MAX(a) FROM t1;
â¤ MAX(a)[4,32,0]  ğ„€
50000
DELETE FROM t1 WHERE a%2=0;
SELECT MAX(a) FROM t1;
â¤ MAX(a)[4,32,0]  ğ„€
49999
DROP TABLE t1;
