SELECT ORD('A') AS result1;
result1
65
SELECT ORD('B') AS single_char;
single_char
66
SELECT ORD('Hello') AS first_char_of_string;
first_char_of_string
72
SELECT ORD('') AS empty_string;
empty_string
0
SELECT ORD('0') AS digit;
digit
48
SELECT ORD(' ') AS space;
space
32
SELECT ORD(NULL) AS null_input;
null_input
null
CREATE TABLE t1(str VARCHAR(50));
INSERT INTO t1 VALUES ('A'), ('Hello'), ('World'), ('');
SELECT str, ORD(str) AS ord_value FROM t1;
str    ord_value
A    65
Hello    72
World    87
    0
DROP TABLE t1;
CREATE TABLE t1(str VARCHAR(50));
INSERT INTO t1 VALUES ('A'), ('Hello'), ('World'), ('B');
SELECT * FROM t1 WHERE ORD(str) = 65;
str
A
DROP TABLE t1;
SELECT ORD('A') AS ord_value, ASCII('A') AS ascii_value;
ord_value    ascii_value
65    65
