SELECT bit_and(null), bit_or(null), bit_xor(null);
â¤ bit_and(null)[-5,64,0]  Â¦  bit_or(null)[-5,64,0]  Â¦  bit_xor(null)[-5,64,0]  ğ„€
null  Â¦  null  Â¦  null
CREATE TABLE t1 (a int, b int);
INSERT INTO t1 VALUES (1,null);
INSERT INTO t1 VALUES (1,null);
INSERT INTO t1 VALUES (2,null);
select a, BIT_AND(b), BIT_OR(b), BIT_XOR(b) from t1 group by a;
â¤ a[4,32,0]  Â¦  BIT_AND(b)[-5,64,0]  Â¦  BIT_OR(b)[-5,64,0]  Â¦  BIT_XOR(b)[-5,64,0]  ğ„€
1  Â¦  null  Â¦  null  Â¦  null  ğ„€
2  Â¦  null  Â¦  null  Â¦  null
SELECT a, OCT(BIT_AND(b)), OCT(BIT_OR(b)), OCT(BIT_XOR(b)) FROM t1 GROUP BY a;
â¤ a[4,32,0]  Â¦  OCT(BIT_AND(b))[3,39,0]  Â¦  OCT(BIT_OR(b))[3,39,0]  Â¦  OCT(BIT_XOR(b))[3,39,0]  ğ„€
1  Â¦  null  Â¦  null  Â¦  null  ğ„€
2  Â¦  null  Â¦  null  Â¦  null
SELECT OCT(BIT_AND(b)), OCT(BIT_OR(b)), OCT(BIT_XOR(b)) FROM t1;
â¤ OCT(BIT_AND(b))[3,39,0]  Â¦  OCT(BIT_OR(b))[3,39,0]  Â¦  OCT(BIT_XOR(b))[3,39,0]  ğ„€
null  Â¦  null  Â¦  null
INSERT INTO t1 VALUES (3,123);
SELECT a, OCT(BIT_AND(b)), OCT(BIT_OR(b)), OCT(BIT_XOR(b)) FROM t1 GROUP BY a;
â¤ a[4,32,0]  Â¦  OCT(BIT_AND(b))[3,39,0]  Â¦  OCT(BIT_OR(b))[3,39,0]  Â¦  OCT(BIT_XOR(b))[3,39,0]  ğ„€
1  Â¦  null  Â¦  null  Â¦  null  ğ„€
2  Â¦  null  Â¦  null  Â¦  null  ğ„€
3  Â¦  173  Â¦  173  Â¦  173
INSERT INTO t1 VALUES (2,124124), (3, 4951312);
SELECT a, OCT(BIT_AND(b)), OCT(BIT_OR(b)), OCT(BIT_XOR(b)) FROM t1 GROUP BY a;
â¤ a[4,32,0]  Â¦  OCT(BIT_AND(b))[3,39,0]  Â¦  OCT(BIT_OR(b))[3,39,0]  Â¦  OCT(BIT_XOR(b))[3,39,0]  ğ„€
1  Â¦  null  Â¦  null  Â¦  null  ğ„€
2  Â¦  362334  Â¦  362334  Â¦  362334  ğ„€
3  Â¦  20  Â¦  22706573  Â¦  22706553
INSERT INTO t1 VALUES (4,-4124124);
SELECT a, OCT(BIT_AND(b)), OCT(BIT_OR(b)), OCT(BIT_XOR(b)) FROM t1 GROUP BY a;
â¤ a[4,32,0]  Â¦  OCT(BIT_AND(b))[3,39,0]  Â¦  OCT(BIT_OR(b))[3,39,0]  Â¦  OCT(BIT_XOR(b))[3,39,0]  ğ„€
1  Â¦  null  Â¦  null  Â¦  null  ğ„€
2  Â¦  362334  Â¦  362334  Â¦  362334  ğ„€
3  Â¦  20  Â¦  22706573  Â¦  22706553  ğ„€
4  Â¦  1777777777777760211044  Â¦  1777777777777760211044  Â¦  1777777777777760211044
DROP TABLE t1;
create table t1(a tinyint, b SMALLINT, c bigint, d INT, e BIGINT, f FLOAT, g DOUBLE, h decimal(38,19), i DATE, k datetime, l TIMESTAMP, m char(255), n varchar(255));
insert into t1 values(1, 1, 2, 43, 5, 35.5, 31.133, 14.314, "2012-03-10", "2012-03-12 10:03:12", "2022-03-12 13:03:12", "ab23c", "d5cf");
insert into t1 values(71, 1, 2, 34, 5, 5.5, 341.13, 15.314, "2012-03-22", "2013-03-12 10:03:12", "2032-03-12 13:04:12", "abr23c", "3dcf");
insert into t1 values(1, 1, 21, 4, 54, 53.5, 431.13, 14.394, "2011-03-12", "2015-03-12 10:03:12", "2002-03-12 13:03:12", "afbc", "dct5f");
insert into t1 values(1, 71, 2, 34, 5, 5.5, 31.313, 124.314, "2012-01-12", "2019-03-12 10:03:12", "2013-03-12 13:03:12", "3abd1c", "dcvf");
select bit_and(a) from t1;
â¤ bit_and(a)[-5,64,0]  ğ„€
1
select bit_and(b) from t1;
â¤ bit_and(b)[-5,64,0]  ğ„€
1
select bit_and(c) from t1;
â¤ bit_and(c)[-5,64,0]  ğ„€
0
select bit_and(d) from t1;
â¤ bit_and(d)[-5,64,0]  ğ„€
0
select bit_and(e) from t1;
â¤ bit_and(e)[-5,64,0]  ğ„€
4
select bit_and(f) from t1;
â¤ bit_and(f)[-5,64,0]  ğ„€
1
select bit_and(g) from t1;
â¤ bit_and(g)[-5,64,0]  ğ„€
5
select bit_and(h) from t1;
â¤ bit_and(h)[-5,64,0]  ğ„€
12
select bit_and(i) from t1;
invalid argument aggregate function bit_and, bad value [DATE]
select bit_and(k) from t1;
invalid argument aggregate function bit_and, bad value [DATETIME]
select bit_and(l) from t1;
invalid argument aggregate function bit_and, bad value [TIMESTAMP]
select bit_and(m) from t1;
[unknown result because it is related to issue#3373]
select bit_and(n) from t1;
[unknown result because it is related to issue#3373]
drop table t1;
create table t1(a tinyint, b SMALLINT, c bigint, d INT, e BIGINT, f FLOAT, g DOUBLE, h decimal(38,19), i DATE, k datetime, l TIMESTAMP, m char(255), n varchar(255));
insert into t1 values(1, 1, 2, 43, 5, 35.5, 31.133, 14.314, "2012-03-10", "2012-03-12 10:03:12", "2022-03-12 13:03:12", "ab23c", "d5cf");
insert into t1 values(71, 1, 2, 34, 5, 5.5, 341.13, 15.314, "2012-03-22", "2013-03-12 10:03:12", "2032-03-12 13:04:12", "abr23c", "3dcf");
insert into t1 values(1, 1, 21, 4, 54, 53.5, 431.13, 14.394, "2011-03-12", "2015-03-12 10:03:12", "2002-03-12 13:03:12", "afbc", "dct5f");
insert into t1 values(1, 71, 2, 34, 5, 5.5, 31.313, 124.314, "2012-01-12", "2019-03-12 10:03:12", "2013-03-12 13:03:12", "3abd1c", "dcvf");
select bit_or(a) from t1;
â¤ bit_or(a)[-5,64,0]  ğ„€
71
select bit_or(b) from t1;
â¤ bit_or(b)[-5,64,0]  ğ„€
71
select bit_or(c) from t1;
â¤ bit_or(c)[-5,64,0]  ğ„€
23
select bit_or(d) from t1;
â¤ bit_or(d)[-5,64,0]  ğ„€
47
select bit_or(e) from t1;
â¤ bit_or(e)[-5,64,0]  ğ„€
55
select bit_or(f) from t1;
â¤ bit_or(f)[-5,64,0]  ğ„€
55
select bit_or(g) from t1;
â¤ bit_or(g)[-5,64,0]  ğ„€
511
select bit_or(h) from t1;
â¤ bit_or(h)[-5,64,0]  ğ„€
127
select bit_or(i) from t1;
invalid argument aggregate function bit_or, bad value [DATE]
select bit_or(k) from t1;
invalid argument aggregate function bit_or, bad value [DATETIME]
select bit_or(l) from t1;
invalid argument aggregate function bit_or, bad value [TIMESTAMP]
select bit_or(m) from t1;
[unknown result because it is related to issue#3373]
select bit_or(n) from t1;
[unknown result because it is related to issue#3373]
drop table t1;
create table t1(a tinyint, b SMALLINT, c bigint, d INT, e BIGINT, f FLOAT, g DOUBLE, h decimal(38,19), i DATE, k datetime, l TIMESTAMP, m char(255), n varchar(255));
insert into t1 values(1, 1, 2, 43, 5, 35.5, 31.133, 14.314, "2012-03-10", "2012-03-12 10:03:12", "2022-03-12 13:03:12", "ab23c", "d5cf");
insert into t1 values(71, 1, 2, 34, 5, 5.5, 341.13, 15.314, "2012-03-22", "2013-03-12 10:03:12", "2032-03-12 13:04:12", "abr23c", "3dcf");
insert into t1 values(1, 1, 21, 4, 54, 53.5, 431.13, 14.394, "2011-03-12", "2015-03-12 10:03:12", "2002-03-12 13:03:12", "afbc", "dct5f");
insert into t1 values(1, 71, 2, 34, 5, 5.5, 31.313, 124.314, "2012-01-12", "2019-03-12 10:03:12", "2013-03-12 13:03:12", "3abd1c", "dcvf");
select bit_xor(a) from t1;
â¤ bit_xor(a)[-5,64,0]  ğ„€
70
select bit_xor(b) from t1;
â¤ bit_xor(b)[-5,64,0]  ğ„€
70
select bit_xor(c) from t1;
â¤ bit_xor(c)[-5,64,0]  ğ„€
23
select bit_xor(d) from t1;
â¤ bit_xor(d)[-5,64,0]  ğ„€
47
select bit_xor(e) from t1;
â¤ bit_xor(e)[-5,64,0]  ğ„€
51
select bit_xor(f) from t1;
â¤ bit_xor(f)[-5,64,0]  ğ„€
22
select bit_xor(g) from t1;
â¤ bit_xor(g)[-5,64,0]  ğ„€
250
select bit_xor(h) from t1;
â¤ bit_xor(h)[-5,64,0]  ğ„€
115
select bit_xor(i) from t1;
invalid argument aggregate function bit_xor, bad value [DATE]
select bit_xor(k) from t1;
invalid argument aggregate function bit_xor, bad value [DATETIME]
select bit_xor(l) from t1;
invalid argument aggregate function bit_xor, bad value [TIMESTAMP]
select bit_xor(m) from t1;
[unknown result because it is related to issue#3373]
select bit_xor(n) from t1;
[unknown result because it is related to issue#3373]
drop table t1;
select BIT_AND(99999999999999999.99999), BIT_OR(99999999999999999.99999), BIT_XOR(99999999999999999.99999);
â¤ BIT_AND(99999999999999999.99999)[-5,64,0]  Â¦  BIT_OR(99999999999999999.99999)[-5,64,0]  Â¦  BIT_XOR(99999999999999999.99999)[-5,64,0]  ğ„€
100000000000000000  Â¦  100000000000000000  Â¦  100000000000000000
select BIT_AND(999999999999999933193939.99999),BIT_OR(999999999999999933193939.99999),BIT_XOR(999999999999999933193939.99999);
â¤ BIT_AND(999999999999999933193939.99999)[-5,64,0]  Â¦  BIT_OR(999999999999999933193939.99999)[-5,64,0]  Â¦  BIT_XOR(999999999999999933193939.99999)[-5,64,0]  ğ„€
9223372036854775807  Â¦  9223372036854775807  Â¦  9223372036854775807
select BIT_AND(9999999999999999999999999999999999.9999999999999),BIT_OR(9999999999999999999999999999999999.9999999999999),BIT_XOR(9999999999999999999999999999999999.9999999999999);
â¤ BIT_AND(9999999999999999999999999999999999.9999999999999)[-5,64,0]  Â¦  BIT_OR(9999999999999999999999999999999999.9999999999999)[-5,64,0]  Â¦  BIT_XOR(9999999999999999999999999999999999.9999999999999)[-5,64,0]  ğ„€
9223372036854775807  Â¦  9223372036854775807  Â¦  9223372036854775807
select BIT_AND(-99999999999999999.99999),BIT_OR(-99999999999999999.99999),BIT_XOR(-99999999999999999.99999);
â¤ BIT_AND(-99999999999999999.99999)[-5,64,0]  Â¦  BIT_OR(-99999999999999999.99999)[-5,64,0]  Â¦  BIT_XOR(-99999999999999999.99999)[-5,64,0]  ğ„€
18346744073709551616  Â¦  18346744073709551616  Â¦  18346744073709551616
select BIT_AND(-999999999999999933193939.99999),BIT_OR(-999999999999999933193939.99999),BIT_XOR(-999999999999999933193939.99999);
â¤ BIT_AND(-999999999999999933193939.99999)[-5,64,0]  Â¦  BIT_OR(-999999999999999933193939.99999)[-5,64,0]  Â¦  BIT_XOR(-999999999999999933193939.99999)[-5,64,0]  ğ„€
9223372036854775808  Â¦  9223372036854775808  Â¦  9223372036854775808
select BIT_AND(-9999999999999999999999999999999999.9999999999999),BIT_OR(-9999999999999999999999999999999999.9999999999999),BIT_XOR(-9999999999999999999999999999999999.9999999999999);
â¤ BIT_AND(-9999999999999999999999999999999999.9999999999999)[-5,64,0]  Â¦  BIT_OR(-9999999999999999999999999999999999.9999999999999)[-5,64,0]  Â¦  BIT_XOR(-9999999999999999999999999999999999.9999999999999)[-5,64,0]  ğ„€
9223372036854775808  Â¦  9223372036854775808  Â¦  9223372036854775808
create table t1(a bigint);
select BIT_AND(a),BIT_OR(a), BIT_XOR(a) from t1;
â¤ BIT_AND(a)[-5,64,0]  Â¦  BIT_OR(a)[-5,64,0]  Â¦  BIT_XOR(a)[-5,64,0]  ğ„€
null  Â¦  null  Â¦  null
insert into t1 values(null),(null),(null),(null);
select BIT_AND(a),BIT_OR(a), BIT_XOR(a)  from t1;
â¤ BIT_AND(a)[-5,64,0]  Â¦  BIT_OR(a)[-5,64,0]  Â¦  BIT_XOR(a)[-5,64,0]  ğ„€
null  Â¦  null  Â¦  null
insert into t1 values(12417249128419),(124124125124151),(5124125151415),(124125152651515);
select BIT_AND(a),BIT_OR(a), BIT_XOR(a) from t1;
â¤ BIT_AND(a)[-5,64,0]  Â¦  BIT_OR(a)[-5,64,0]  Â¦  BIT_XOR(a)[-5,64,0]  ğ„€
2097187  Â¦  140668768616447  Â¦  17479809270168
drop table t1;
create table t1 ( a int not null default 1, big bigint );
insert into t1 (big) values (-1),(1234567890167),(92233720368547),(18446744073709515);
select * from t1;
â¤ a[4,32,0]  Â¦  big[-5,64,0]  ğ„€
1  Â¦  -1  ğ„€
1  Â¦  1234567890167  ğ„€
1  Â¦  92233720368547  ğ„€
1  Â¦  18446744073709515
select distinct BIT_AND(big),BIT_OR(big), BIT_XOR(big),BIT_AND(big)-1, BIT_OR(big)-1, BIT_XOR(big)-1  from t1;
â¤ BIT_AND(big)[-5,64,0]  Â¦  BIT_OR(big)[-5,64,0]  Â¦  BIT_XOR(big)[-5,64,0]  Â¦  BIT_AND(big) - 1[3,39,0]  Â¦  BIT_OR(big) - 1[3,39,0]  Â¦  BIT_XOR(big) - 1[3,39,0]  ğ„€
1109175436419  Â¦  18446744073709551615  Â¦  18428206535632081248  Â¦  1109175436418  Â¦  18446744073709551614  Â¦  18428206535632081247
select BIT_AND(big),BIT_OR(big), BIT_XOR(big),BIT_AND(big)-1, BIT_OR(big)-1, BIT_XOR(big)-1 from t1 group by a;
â¤ BIT_AND(big)[-5,64,0]  Â¦  BIT_OR(big)[-5,64,0]  Â¦  BIT_XOR(big)[-5,64,0]  Â¦  BIT_AND(big) - 1[3,39,0]  Â¦  BIT_OR(big) - 1[3,39,0]  Â¦  BIT_XOR(big) - 1[3,39,0]  ğ„€
1109175436419  Â¦  18446744073709551615  Â¦  18428206535632081248  Â¦  1109175436418  Â¦  18446744073709551614  Â¦  18428206535632081247
insert into t1 (big) values (184467440737615);
select * from t1;
â¤ a[4,32,0]  Â¦  big[-5,64,0]  ğ„€
1  Â¦  -1  ğ„€
1  Â¦  1234567890167  ğ„€
1  Â¦  92233720368547  ğ„€
1  Â¦  18446744073709515  ğ„€
1  Â¦  184467440737615
select distinct BIT_AND(big),BIT_OR(big), BIT_XOR(big),BIT_AND(big)-1, BIT_OR(big)-1, BIT_XOR(big)-1  from t1;
â¤ BIT_AND(big)[-5,64,0]  Â¦  BIT_OR(big)[-5,64,0]  Â¦  BIT_XOR(big)[-5,64,0]  Â¦  BIT_AND(big) - 1[3,39,0]  Â¦  BIT_OR(big) - 1[3,39,0]  Â¦  BIT_XOR(big) - 1[3,39,0]  ğ„€
1099511759875  Â¦  18446744073709551615  Â¦  18428311795277417519  Â¦  1099511759874  Â¦  18446744073709551614  Â¦  18428311795277417518
select BIT_AND(big),BIT_OR(big), BIT_XOR(big),BIT_AND(big)-1, BIT_OR(big)-1, BIT_XOR(big)-1 from t1 group by a;
â¤ BIT_AND(big)[-5,64,0]  Â¦  BIT_OR(big)[-5,64,0]  Â¦  BIT_XOR(big)[-5,64,0]  Â¦  BIT_AND(big) - 1[3,39,0]  Â¦  BIT_OR(big) - 1[3,39,0]  Â¦  BIT_XOR(big) - 1[3,39,0]  ğ„€
1099511759875  Â¦  18446744073709551615  Â¦  18428311795277417519  Â¦  1099511759874  Â¦  18446744073709551614  Â¦  18428311795277417518
drop table t1;
CREATE TABLE t1 (Fld1 int(11) default NULL,Fld2 int(11) default NULL);
INSERT INTO t1 VALUES (1,10),(1,20),(2,NULL),(2,NULL),(3,50);
select Fld1, BIT_AND(Fld2),BIT_OR(Fld2), BIT_XOR(Fld2) as q from t1 group by Fld1 having q is not null;
â¤ Fld1[4,32,0]  Â¦  BIT_AND(Fld2)[-5,64,0]  Â¦  BIT_OR(Fld2)[-5,64,0]  Â¦  q[-5,64,0]  ğ„€
1  Â¦  0  Â¦  30  Â¦  30  ğ„€
3  Â¦  50  Â¦  50  Â¦  50
select Fld1, BIT_AND(Fld2),BIT_OR(Fld2), BIT_XOR(Fld2) from t1 group by Fld1 having BIT_AND(Fld2) is not null;
â¤ Fld1[4,32,0]  Â¦  BIT_AND(Fld2)[-5,64,0]  Â¦  BIT_OR(Fld2)[-5,64,0]  Â¦  BIT_XOR(Fld2)[-5,64,0]  ğ„€
1  Â¦  0  Â¦  30  Â¦  30  ğ„€
3  Â¦  50  Â¦  50  Â¦  50
select Fld1, BIT_AND(Fld2),BIT_OR(Fld2), BIT_XOR(Fld2) from t1 group by Fld1 having BIT_OR(Fld2) is not null;
â¤ Fld1[4,32,0]  Â¦  BIT_AND(Fld2)[-5,64,0]  Â¦  BIT_OR(Fld2)[-5,64,0]  Â¦  BIT_XOR(Fld2)[-5,64,0]  ğ„€
1  Â¦  0  Â¦  30  Â¦  30  ğ„€
3  Â¦  50  Â¦  50  Â¦  50
select Fld1, BIT_AND(Fld2),BIT_OR(Fld2), BIT_XOR(Fld2) from t1 group by Fld1 having BIT_XOR(Fld2) is not null;
â¤ Fld1[4,32,0]  Â¦  BIT_AND(Fld2)[-5,64,0]  Â¦  BIT_OR(Fld2)[-5,64,0]  Â¦  BIT_XOR(Fld2)[-5,64,0]  ğ„€
1  Â¦  0  Â¦  30  Â¦  30  ğ„€
3  Â¦  50  Â¦  50  Â¦  50
drop table t1;
SELECT BIT_AND(1)<BIT_AND(2), BIT_AND(1)>BIT_OR(3), BIT_AND(3)>BIT_XOR(5);
â¤ BIT_AND(1) < BIT_AND(2)[12,4,0]  Â¦  BIT_AND(1) > BIT_OR(3)[12,4,0]  Â¦  BIT_AND(3) > BIT_XOR(5)[12,4,0]  ğ„€
true  Â¦  false  Â¦  false
SELECT BIT_AND(1 - 1), BIT_OR(1 - (-1)), BIT_XOR(1 / 0);
â¤ BIT_AND(1 - 1)[-5,64,0]  Â¦  BIT_OR(1 - (-1))[-5,64,0]  Â¦  BIT_XOR(1 / 0)[-5,64,0]  ğ„€
0  Â¦  2  Â¦  null
drop table if exists t1;
create table t1(a varbinary(3));
insert into t1 values(3), (4), (9), (7), (6);
select bit_and(a), bit_or(a), bit_xor(a) from t1;
â¤ bit_and(a)[12,9,0]  Â¦  bit_or(a)[12,9,0]  Â¦  bit_xor(a)[12,9,0]  ğ„€
0  Â¦  ?  Â¦  ?
insert into t1 values(33);
select bit_and(a) from t1;
internal error: Binary operands of bitwise operators must be of equal length
