select json_extract('{"a":1,"b":2,"c":3}','$.a');
json_extract({"a":1,"b":2,"c":3}, $.a)
1
select json_extract('{"a":1,"b":2,"c":3}','$.b');
json_extract({"a":1,"b":2,"c":3}, $.b)
2
select json_extract('{"a":{"q":[1,2,3]}}','$.a.q[1]');
json_extract({"a":{"q":[1,2,3]}}, $.a.q[1])
2
select json_extract('[{"a":1,"b":2,"c":3},{"a":4,"b":5,"c":6}]','$[1].a');
json_extract([{"a":1,"b":2,"c":3},{"a":4,"b":5,"c":6}], $[1].a)
4
select json_extract('{"a":{"q":[{"a":1},{"a":2},{"a":3}]}}','$.a.q[1]');
json_extract({"a":{"q":[{"a":1},{"a":2},{"a":3}]}}, $.a.q[1])
{"a": 2}
select json_extract('{"a":{"q":[{"a":1},{"a":2},{"a":3}]}}','$.a.q');
json_extract({"a":{"q":[{"a":1},{"a":2},{"a":3}]}}, $.a.q)
[{"a": 1}, {"a": 2}, {"a": 3}]
select json_extract('[1,2,3]','$[*]');
json_extract([1,2,3], $[*])
[1, 2, 3]
select json_extract('{"a":[1,2,3,{"b":4}]}','$.a[3].b');
json_extract({"a":[1,2,3,{"b":4}]}, $.a[3].b)
4
select json_extract('{"a":[1,2,3,{"b":4}]}','$.a[3].c');
json_extract({"a":[1,2,3,{"b":4}]}, $.a[3].c)
null
select json_extract('{"a":[1,2,3,{"b":4}],"c":5}','$.*');
json_extract({"a":[1,2,3,{"b":4}],"c":5}, $.*)
[[1, 2, 3, {"b": 4}], 5]
select json_extract('{"a":[1,2,3,{"a":4}]}','$**.a');
json_extract({"a":[1,2,3,{"a":4}]}, $**.a)
[[1, 2, 3, {"a": 4}], 4]
select json_extract('{"a":[1,2,3,{"a":4}]}','$.a[*].a');
json_extract({"a":[1,2,3,{"a":4}]}, $.a[*].a)
4
select json_extract('{"a":1}','$[0]');
json_extract({"a":1}, $[0])
{"a": 1}
select json_extract('{"a":1}','$[0].a');
json_extract({"a":1}, $[0].a)
1
select json_extract('{"a":1}','$[0].b');
json_extract({"a":1}, $[0].b)
null
select json_extract('{"a":1}','$[1]');
json_extract({"a":1}, $[1])
null
select json_extract('{"af": [1, "2", {"aaf": "bb"}],"eab":"888"}','$**.f');
json_extract({"af": [1, "2", {"aaf": "bb"}],"eab":"888"}, $**.f)
null
select json_extract('{"a": [1, "2", {"a": "bb"}]}','$**.a');
json_extract({"a": [1, "2", {"a": "bb"}]}, $**.a)
[[1, "2", {"a": "bb"}], "bb"]
select  json_extract('{"a":"a1","b":"b1"}','$.**');
invalid input: invalid json path '$.**'
select  json_extract('{"a":"a1","b":"b1"}','$**.1');
invalid input: invalid json path '$**.1'
drop table if exists t1;
create table t1 (a json,b int);
insert into t1(a,b) values ('{"a":1,"b":2,"c":3}',1);
select json_extract(t1.a,'$.a') from t1 where t1.b=1;
json_extract(t1.a, $.a)
1
insert into t1(a,b) values ('{"a":4,"b":5,"c":6}',2);
select json_extract(t1.a,'$.b') from t1 where t1.b=2;
json_extract(t1.a, $.b)
5
select json_extract(t1.a,'$.a') from t1;
json_extract(t1.a, $.a)
1
4
insert into t1(a,b) values ('{"a":{"q":[1,2,3]}}',3);
select json_extract(t1.a,'$.a.q[1]') from t1 where t1.b=3;
json_extract(t1.a, $.a.q[1])
2
insert into t1(a,b) values ('[{"a":1,"b":2,"c":3},{"a":4,"b":5,"c":6}]',4);
select json_extract(t1.a,'$[1].a') from t1 where t1.b=4;
json_extract(t1.a, $[1].a)
4
insert into t1(a,b) values ('{"a":{"q":[{"a":1},{"a":2},{"a":3}]}}',5);
select json_extract(t1.a,'$.a.q[1]') from t1 where t1.b=5;
json_extract(t1.a, $.a.q[1])
{"a": 2}
select json_extract(t1.a,'$.a.q') from t1 where t1.b=5;
json_extract(t1.a, $.a.q)
[{"a": 1}, {"a": 2}, {"a": 3}]
insert into t1(a,b) values ('[1,2,3]',6);
select json_extract(t1.a,'$[*]') from t1 where t1.b=6;
json_extract(t1.a, $[*])
[1, 2, 3]
insert into t1(a,b) values ('{"a":[1,2,3,{"b":4}]}',7);
select json_extract(t1.a,'$.a[3].b') from t1 where t1.b=7;
json_extract(t1.a, $.a[3].b)
4
select json_extract(t1.a,'$.a[3].c') from t1 where t1.b=7;
json_extract(t1.a, $.a[3].c)
null
insert into t1(a,b) values ('{"a":[1,2,3,{"b":4}],"c":5}',8);
select json_extract(t1.a,'$.*') from t1 where t1.b=8;
json_extract(t1.a, $.*)
[[1, 2, 3, {"b": 4}], 5]
insert into t1(a,b) values ('{"a":[1,2,3,{"a":4}]}',9);
select json_extract(t1.a,'$**.a') from t1 where t1.b=9;
json_extract(t1.a, $**.a)
[[1, 2, 3, {"a": 4}], 4]
select json_extract(t1.a,'$.a[*].a') from t1 where t1.b=9;
json_extract(t1.a, $.a[*].a)
4
drop table t1;
create table t1 (a json);
insert into t1(a) values ('{"a":1}'),('[1,2]'),('{"xa":1}');
drop table if exists t2;
create table t2 (a varchar(100));
insert into t2 values ('$[0]'),('$.a');
select json_extract(t1.a,t2.a) qqq,t1.a,t2.a from t2, t1;
qqq    a    a
{"a": 1}    {"a": 1}    $[0]
1    {"a": 1}    $.a
1    [1, 2]    $[0]
null    [1, 2]    $.a
{"xa": 1}    {"xa": 1}    $[0]
null    {"xa": 1}    $.a
drop table if exists json_table_1;
create table json_table_1 (j1 json);
insert into json_table_1 values('{"key10": "value1", "key2": "value2"}'),('{"key1": "@#$_%^&*()!@", "123456": "中文mo"}'),('{"芝士面包": "12abc", "123456": "中文mo"}'),('{"": "", "123456": "中文mo"}'),('{"a 1": "b 1", "123456": "中文mo"}'),('{"d1": "2020-10-09", "d2": "2019-08-20 12:30:00"}'),('{"d1": [true,false]}'),('{}');
select json_extract('{"a":"a1","b":"b1"}','$.*') from json_table_1;
json_extract({"a":"a1","b":"b1"}, $.*)
["a1", "b1"]
["a1", "b1"]
["a1", "b1"]
["a1", "b1"]
["a1", "b1"]
["a1", "b1"]
["a1", "b1"]
["a1", "b1"]
create view v1 as select json_extract('{"a":1}','$.a');
desc v1;
Field    Type    Null    Key    Default    Extra    Comment
json_extract({"a":1}, $.a)    JSON(0)    NO        null
select json_extract('{"a":1}',null);
json_extract({"a":1}, null)
null
select json_extract(null,'$');
json_extract(null, $)
null
select json_extract(null,null);
json_extract(null, null)
null
select json_extract('{"a":1}',null) from json_table_1;
json_extract({"a":1}, null)
null
null
null
null
null
null
null
null
select json_extract(null,'$') from json_table_1;
json_extract(null, $)
null
null
null
null
null
null
null
null
select json_extract('[1,2,3]','$[last]');
json_extract([1,2,3], $[last])
3
select json_extract('[1,2,3]','$[last-1]');
json_extract([1,2,3], $[last-1])
2
select json_extract('[1,2,3]','$[last-2]');
json_extract([1,2,3], $[last-2])
1
select json_extract('[1,2,3]','$[last-3]');
json_extract([1,2,3], $[last-3])
null
select json_extract('[1,2,3]','$[0 to 2]');
json_extract([1,2,3], $[0 to 2])
[1, 2, 3]
select json_extract('[1,2,3]','$[0 to last]');
json_extract([1,2,3], $[0 to last])
[1, 2, 3]
select json_extract('[1,2,3]','$[0 to last-1]');
json_extract([1,2,3], $[0 to last-1])
[1, 2]
select json_extract('[1,2,3]','$[last-2 to last]');
json_extract([1,2,3], $[last-2 to last])
[1, 2, 3]
select json_extract('[1,2,3]','$[last-1 to last-2]');
invalid input: invalid json path '$[last-1 to last-2]'
select json_extract('[1,2,3]','$[last-8 to last-2]');
json_extract([1,2,3], $[last-8 to last-2])
1
select json_extract('[1,2,3]','$[last-2 to last-8]');
invalid input: invalid json path '$[last-2 to last-8]'
select json_extract('[1,2,3]','$[0 to last-8]');
json_extract([1,2,3], $[0 to last-8])
null
select json_extract('{"a":1,"b":2,"c":3}','$.a','$.b');
json_extract({"a":1,"b":2,"c":3}, $.a, $.b)
[1, 2]
select json_extract('{"a":1,"b":2,"c":3}','$.a','$.b','$.c');
json_extract({"a":1,"b":2,"c":3}, $.a, $.b, $.c)
[1, 2, 3]
select json_extract('{"a":1,"b":2,"c":3}','$.c','$.d');
json_extract({"a":1,"b":2,"c":3}, $.c, $.d)
[3]
select json_extract('[0,1,2]', '$[0]', '$[1]');
json_extract([0,1,2], $[0], $[1])
[0, 1]
select json_extract('[0,1,2]', '$[1]', '$[0]');
json_extract([0,1,2], $[1], $[0])
[1, 0]
select json_extract('[0,1,2]', '$[last-1]', '$[0]', '$[2]');
json_extract([0,1,2], $[last-1], $[0], $[2])
[1, 0, 2]
select json_extract('[0,1,2]','$[4]');
json_extract([0,1,2], $[4])
null
select json_extract('[0,1,2]','$[100]');
json_extract([0,1,2], $[100])
null
select json_extract('[0,234,32432,423,5234,11443242,44242342424,23424323]','$[2000]');
json_extract([0,234,32432,423,5234,11443242,44242342424,23424323], $[2000])
null
