SELECT MID('Quadratically',5);
mid(Quadratically, 5)
ratically
SELECT MID('foobarbar' FROM 4);
mid(foobarbar, 4)
barbar
SELECT MID('Quadratically',5,6);
mid(Quadratically, 5, 6)
ratica
SELECT MID('Sakila', -3);
mid(Sakila, -3)
ila
SELECT MID('Sakila', -5, 3);
mid(Sakila, -5, 3)
aki
SELECT MID('Sakila' FROM -4 FOR 2);
mid(Sakila, -4, 2)
ki
SELECT MID('monty',5,1);
mid(monty, 5, 1)
y
SELECT MID('a',1,2);
mid(a, 1, 2)
a
select MID('abcdefg',3,2);
mid(abcdefg, 3, 2)
cd
select MID('abcdefg',3,2);
mid(abcdefg, 3, 2)
cd
select MID('abcdefg',-3,2);
mid(abcdefg, -3, 2)
ef
select MID('abcdefg',-1,5);
mid(abcdefg, -1, 5)
g
select MID('abcdefg',0,0);
mid(abcdefg, 0, 0)

select MID('abcdefg',-1,-1);
mid(abcdefg, -1, -1)

select MID('abcdefg',1,-1);
mid(abcdefg, 1, -1)

select mid('hello', 2, -1);
mid(hello, 2, -1)

select mid('hello', -1, 1);
mid(hello, -1, 1)
o
select mid('hello', -2, 1);
mid(hello, -2, 1)
l
select mid('hello', -4294967295, 1);
mid(hello, -4294967295, 1)

select mid('hello', 4294967295, 1);
mid(hello, 4294967295, 1)

select mid('hello', -4294967296, 1);
mid(hello, -4294967296, 1)

select mid('hello', 4294967296, 1);
mid(hello, 4294967296, 1)

select mid('hello', -4294967297, 1);
mid(hello, -4294967297, 1)

select mid('hello', 4294967297, 1);
mid(hello, 4294967297, 1)

select mid('hello', -18446744073709551615, 1);
mid(hello, -18446744073709551615, 1)

select mid('hello', 18446744073709551615, 1);
invalid argument function substring(str, start, lenth), bad value 18446744073709551615
select mid('hello', -18446744073709551616, 1);
mid(hello, -18446744073709551616, 1)

select mid('hello', 18446744073709551616, 1);
invalid argument function substring(str, start, lenth), bad value 1.8446744073709552e+19
select mid('hello', -18446744073709551617, 1);
mid(hello, -18446744073709551617, 1)

select mid('hello', 18446744073709551617, 1);
invalid argument function substring(str, start, lenth), bad value 1.8446744073709552e+19
select mid('hello', 1, -1);
mid(hello, 1, -1)

select mid('hello', 1, -4294967295);
mid(hello, 1, -4294967295)

select mid('hello', 1, 4294967295);
mid(hello, 1, 4294967295)
hello
select mid('hello', 1, -4294967296);
mid(hello, 1, -4294967296)

select mid('hello', 1, 4294967296);
mid(hello, 1, 4294967296)
hello
select mid('hello', 1, -4294967297);
mid(hello, 1, -4294967297)

select mid('hello', 1, 4294967297);
mid(hello, 1, 4294967297)
hello
select mid('hello', 1, -18446744073709551615);
mid(hello, 1, -18446744073709551615)

select mid('hello', 1, 18446744073709551615);
invalid argument function substring(str, start, lenth), bad value 18446744073709551615
select mid('hello', 1, -18446744073709551616);
mid(hello, 1, -18446744073709551616)

select mid('hello', 1, 18446744073709551616);
invalid argument function substring(str, start, lenth), bad value 1.8446744073709552e+19
select mid('hello', 1, -18446744073709551617);
mid(hello, 1, -18446744073709551617)

select mid('hello', 1, 18446744073709551617);
invalid argument function substring(str, start, lenth), bad value 1.8446744073709552e+19
select mid('hello', -1, -1);
mid(hello, -1, -1)

select mid('hello', -4294967295, -4294967295);
mid(hello, -4294967295, -4294967295)

select mid('hello', 4294967295, 4294967295);
mid(hello, 4294967295, 4294967295)

select mid('hello', -4294967296, -4294967296);
mid(hello, -4294967296, -4294967296)

select mid('hello', 4294967296, 4294967296);
mid(hello, 4294967296, 4294967296)

select mid('hello', -4294967297, -4294967297);
mid(hello, -4294967297, -4294967297)

select mid('hello', 4294967297, 4294967297);
mid(hello, 4294967297, 4294967297)

select mid('hello', -18446744073709551615, -18446744073709551615);
mid(hello, -18446744073709551615, -18446744073709551615)

select mid('hello', 18446744073709551615, 18446744073709551615);
invalid argument function substring(str, start, lenth), bad value 18446744073709551615
select mid('hello', -18446744073709551616, -18446744073709551616);
mid(hello, -18446744073709551616, -18446744073709551616)

select mid('hello', 18446744073709551616, 18446744073709551616);
invalid argument function substring(str, start, lenth), bad value 1.8446744073709552e+19
select mid('hello', -18446744073709551617, -18446744073709551617);
mid(hello, -18446744073709551617, -18446744073709551617)

select mid('hello', 18446744073709551617, 18446744073709551617);
invalid argument function substring(str, start, lenth), bad value 1.8446744073709552e+19
SELECT MID('Sakila' FROM -4 FOR 2);
mid(Sakila, -4, 2)
ki
SELECT MID('foobarbar' FROM 4);
mid(foobarbar, 4)
barbar
SELECT MID('w3resource',4,3);
mid(w3resource, 4, 3)
eso
select mid('abc', cast(2 as unsigned int));
mid(abc, cast(2 as int unsigned))
bc
create table t1(f1 varchar(255));
insert into t1 values ("123"),("456");
select mid(f1,1,1) from t1 group by 1;
SQL syntax error: column "t1.f1" must appear in the GROUP BY clause or be used in an aggregate function
drop table t1;
SELECT '1' IN ('1', MID(-9223372036854775809, 1));
1 in (1, mid(-9223372036854775809, 1))
true
SELECT MID('1', year(FROM_UNIXTIME(-1)));
mid(1, year(from_unixtime(-1)))
null
select reverse(mid(1,1,1));
reverse(mid(1, 1, 1))
1
CREATE TABLE t1(c1 CHAR(30));
INSERT INTO t1 VALUES('111'),('222');
SELECT DISTINCT mid(c1, 1, 2147483647) FROM t1;
mid(c1, 1, 2147483647)
111
222
SELECT DISTINCT mid(c1, 1, 2147483648) FROM t1;
mid(c1, 1, 2147483648)
111
222
SELECT DISTINCT mid(c1, -1, 2147483648) FROM t1;
mid(c1, -1, 2147483648)
1
2
SELECT DISTINCT mid(c1, -2147483647, 2147483648) FROM t1;
mid(c1, -2147483647, 2147483648)

SELECT DISTINCT mid(c1, 9223372036854775807, 23) FROM t1;
mid(c1, 9223372036854775807, 23)

DROP TABLE t1;
create table t1 (b varchar(5));
insert t1 values ('ab'), ('abc'), ('abcd'), ('abcde');
select *,mid(b,1),mid(b,-1),mid(b,-2),mid(b,-3),mid(b,-4),mid(b,-5) from t1;
b    mid(b, 1)    mid(b, -1)    mid(b, -2)    mid(b, -3)    mid(b, -4)    mid(b, -5)
ab    ab    b    ab            
abc    abc    c    bc    abc        
abcd    abcd    d    cd    bcd    abcd    
abcde    abcde    e    de    cde    bcde    abcde
select * from (select *,mid(b,1),mid(b,-1),mid(b,-2),mid(b,-3),mid(b,-4),mid(b,-5) from t1) t;
b    mid(b, 1)    mid(b, -1)    mid(b, -2)    mid(b, -3)    mid(b, -4)    mid(b, -5)
ab    ab    b    ab            
abc    abc    c    bc    abc        
abcd    abcd    d    cd    bcd    abcd    
abcde    abcde    e    de    cde    bcde    abcde
drop table t1;
CREATE TABLE t1 (a varchar(2000), b varchar(10));
INSERT INTO t1 select space(1300),'one';
INSERT INTO t1 select space(1300),'two';
SELECT MID(a,1,10), LENGTH(a) FROM t1 GROUP BY a;
mid(a, 1, 10)	length(a)
          	1300
drop table t1;
CREATE TABLE t1(a INT);
INSERT INTO t1 VALUES (0),(0);
SELECT 1 FROM t1 GROUP BY MID('',1,'');
invalid argument cast to int, bad value 
drop table t1;
create table t1 (email varchar(50));
insert into t1 values ('sasha@mysql.com'),('monty@mysql.com'),('foo@hotmail.com'),('foo@aol.com'),('bar@aol.com');
create table t2(id int not null, t2 varchar(50));
insert into t2 select 1, mid(email, 2,1) from t1;
select id from t2;
id
1
1
1
1
1
select t2 from t2;
t2
a
o
o
o
a
drop table t1;
drop table t2;
create table t1 (a varchar(50));
insert into t1 values("你好"), ("再见"), ("今天");
select * from t1;
a
你好
再见
今天
select mid(a, 1, 1) from t1;
mid(a, 1, 1)
你
再
今
drop table t1;
select mid(null, 1, 1);
mid(null, 1, 1)
null
create table t1 (b varchar(5));
insert t1 values ('ab'), ('abc'), ('abcd'), ('abcde');
select * from t1 where mid(b,1,1) = 'a';
b
ab
abc
abcd
abcde
drop table t1;
drop table if exists t1;
create table t1(b varchar(5));
insert into t1 values('ab'), ('abc'), ('abcd'), ('abcde');
select b from t1 group by b having mid(b,1,1)+'a'='aa';
b
ab
abc
abcd
abcde
drop table t1;
drop table if exists t1;
drop table if exists t2;
create table t1(a varchar(5));
create table t2(a varchar(20));
insert into t1 values('ab'), ('abc'), ('abcd'), ('abcde');
insert into t2 values("2013-04-30"),("1994-10-04"),("2018-06-04"),("2012-10-12"), ("abc"),("abcd");
SELECT t1.a, t2.a FROM t1 JOIN t2 ON (mid(t1.a, 1,1) = mid(t2.a, 1,1 ));
a    a
ab    abc
abc    abc
abcd    abc
abcde    abc
ab    abcd
abc    abcd
abcd    abcd
abcde    abcd
drop table t1;
drop table t2;
drop table if exists t1;
create table t1(a blob);
insert into t1 values('ab'), ('abc'), ('abcd'), ('abcde');
SELECT MID(a,1,4), LENGTH(a) FROM t1 GROUP BY a;
mid(a, 1, 4)    length(a)
ab    2
abc    3
abcd    4
abcd    5
SELECT MID(a,-1) FROM t1;
mid(a, -1)
b
c
d
e
drop table t1;
