SELECT STD(null);
STD(null)
null
SELECT STDDEV(null);
STDDEV(null)
null
SELECT STDDEV_POP(null);
STDDEV_POP(null)
null
create table t1(a tinyint, b SMALLINT, c BIGINT, d INT, e BIGINT, f FLOAT, g DOUBLE, h decimal(38,19), i DATE, k datetime, l TIMESTAMP, m char(255), n varchar(255));
insert into t1 values(1, 1, 2, 43, 5, 35.5, 31.133, 14.314, "2012-03-10", "2012-03-12 10:03:12", "2022-03-12 13:03:12", "ab23c", "d5cf");
insert into t1 values(71, 1, 2, 34, 5, 5.5, 341.13, 15.314, "2012-03-22", "2013-03-12 10:03:12", "2032-03-12 13:04:12", "abr23c", "3dcf");
insert into t1 values(1, 1, 21, 4, 54, 53.5, 431.13, 14.394, "2011-03-12", "2015-03-12 10:03:12", "2002-03-12 13:03:12", "afbc", "dct5f");
insert into t1 values(1, 71, 2, 34, 5, 5.5, 31.313, 124.314, "2012-01-12", "2019-03-12 10:03:12", "2013-03-12 13:03:12", "3abd1c", "dcvf");
select std(a) from t1;
std(a)
30.31088913245535
select std(b) from t1;
std(b)
30.31088913245535
select std(c) from t1;
std(c)
8.227241335952167
select std(d) from t1;
std(d)
14.7542366796795
select std(e) from t1;
std(e)
21.21762239271875
select std(f) from t1;
std(f)
20.512191496766015
select std(g) from t1;
std(g)
180.28380047095192
select std(h) from t1;
std(h)
47.4771387090671206400
select std(i) from t1;
invalid argument aggregate function std, bad value [DATE]
select std(k) from t1;
invalid argument aggregate function std, bad value [DATETIME]
select std(l) from t1;
invalid argument aggregate function std, bad value [TIMESTAMP]
select std(m) from t1;
invalid argument aggregate function std, bad value [CHAR]
select std(n) from t1;
invalid argument aggregate function std, bad value [VARCHAR]
select STDDEV_POP(a) from t1;
STDDEV_POP(a)
30.31088913245535
select STDDEV_POP(b) from t1;
STDDEV_POP(b)
30.31088913245535
select STDDEV_POP(c) from t1;
STDDEV_POP(c)
8.227241335952167
select STDDEV_POP(d) from t1;
STDDEV_POP(d)
14.7542366796795
select STDDEV_POP(e) from t1;
STDDEV_POP(e)
21.21762239271875
select STDDEV_POP(f) from t1;
STDDEV_POP(f)
20.512191496766015
select STDDEV_POP(g) from t1;
STDDEV_POP(g)
180.28380047095192
select STDDEV_POP(h) from t1;
STDDEV_POP(h)
47.4771387090671206400
select STDDEV_POP(i) from t1;
invalid argument aggregate function stddev_pop, bad value [DATE]
select STDDEV_POP(k) from t1;
invalid argument aggregate function stddev_pop, bad value [DATETIME]
select STDDEV_POP(l) from t1;
invalid argument aggregate function stddev_pop, bad value [TIMESTAMP]
select STDDEV_POP(m) from t1;
invalid argument aggregate function stddev_pop, bad value [CHAR]
select STDDEV_POP(n) from t1;
invalid argument aggregate function stddev_pop, bad value [VARCHAR]
drop table t1;
select STDDEV_POP(99999999999999999.99999);
STDDEV_POP(99999999999999999.99999)
0E-12
select STDDEV_POP(999999999999999933193939.99999);
STDDEV_POP(999999999999999933193939.99999)
0E-12
select STDDEV_POP(9999999999999999999999999999999999.9999999999999);
STDDEV_POP(9999999999999999999999999999999999.9999999999999)
0E-12
select STDDEV_POP(-99999999999999999.99999);
STDDEV_POP(-99999999999999999.99999)
0E-12
select STDDEV_POP(-999999999999999933193939.99999);
STDDEV_POP(-999999999999999933193939.99999)
0E-12
select STDDEV_POP(-9999999999999999999999999999999999.9999999999999);
STDDEV_POP(-9999999999999999999999999999999999.9999999999999)
0E-12
create table t1(a bigint);
select STDDEV_POP(a) from t1;
STDDEV_POP(a)
null
insert into t1 values(null),(null),(null),(null);
select STDDEV_POP(a) from t1;
STDDEV_POP(a)
null
insert into t1 values(12417249128419),(124124125124151),(5124125151415),(124125152651515);
select STDDEV_POP(a) from t1;
STDDEV_POP(a)
5.773458455090071E13
drop table t1;
create table t1 ( a int not null default 1, big bigint );
insert into t1 (big) values (-1),(1234567890167),(92233720368547),(18446744073709515);
select * from t1;
a    big
1    -1
1    1234567890167
1    92233720368547
1    18446744073709515
select distinct STDDEV_POP(big),max(big),STDDEV_POP(big)-1 from t1;
STDDEV_POP(big)    max(big)    STDDEV_POP(big) - 1
7.974271234688913E15    18446744073709515    7.974271234688912E15
select STDDEV_POP(big),max(big),STDDEV_POP(big)-1 from t1 group by a;
STDDEV_POP(big)    max(big)    STDDEV_POP(big) - 1
7.974271234688913E15    18446744073709515    7.974271234688912E15
insert into t1 (big) values (184467440737615);
select * from t1;
a    big
1    -1
1    1234567890167
1    92233720368547
1    18446744073709515
1    184467440737615
select STDDEV_POP(big),max(big),STDDEV_POP(big)-1 from t1;
STDDEV_POP(big)    max(big)    STDDEV_POP(big) - 1
7.351219993962747E15    18446744073709515    7.351219993962746E15
select STDDEV_POP(big),max(big),STDDEV_POP(big)-1 from t1 group by a;
STDDEV_POP(big)    max(big)    STDDEV_POP(big) - 1
7.351219993962747E15    18446744073709515    7.351219993962746E15
drop table t1;
CREATE TABLE t1 (Fld1 int(11) default NULL,Fld2 int(11) default NULL);
INSERT INTO t1 VALUES (1,10),(1,20),(2,NULL),(2,NULL),(3,50);
select Fld1, STDDEV_POP(Fld2) as q from t1 group by Fld1 having q is not null;
Fld1    q
1    5.0
3    0.0
select Fld1, STDDEV_POP(Fld2) from t1 group by Fld1 having STDDEV_POP(Fld2) is not null;
Fld1    STDDEV_POP(Fld2)
1    5.0
3    0.0
select Fld1, STDDEV_POP(Fld2) from t1 group by Fld1 having avg(Fld2) is not null;
Fld1    STDDEV_POP(Fld2)
1    5.0
3    0.0
select Fld1, STDDEV_POP(Fld2) from t1 group by Fld1 having variance(Fld2) is not null;
Fld1    STDDEV_POP(Fld2)
1    5.0
3    0.0
drop table t1;
SELECT STDDEV_POP(1)<STDDEV_POP(2);
STDDEV_POP(1) < STDDEV_POP(2)
false
CREATE TABLE t1(i INT);
INSERT INTO t1 VALUES (NULL),(1);
SELECT STDDEV_POP(i)+0 as splus0, i+0 as plain FROM t1 GROUP BY i ;
splus0    plain
null    null
0.0    1
DROP TABLE t1;
SELECT STDDEV(col) AS result FROM (SELECT 1 AS col UNION SELECT 2 UNION SELECT 3) AS t;
result
0.8164965809277263
SELECT STDDEV_SAMP(null);
STDDEV_SAMP(null)
null
SELECT STDDEV_SAMP(col) AS result FROM (SELECT 1 AS col UNION SELECT 2 UNION SELECT 3) AS t;
result
1.0000000000000002
create table t1(a tinyint, b SMALLINT, c BIGINT, d INT, e BIGINT, f FLOAT, g DOUBLE, h decimal(38,19));
insert into t1 values(1, 1, 2, 43, 5, 35.5, 31.133, 14.314);
insert into t1 values(71, 1, 2, 34, 5, 5.5, 341.13, 15.314);
insert into t1 values(1, 1, 21, 4, 54, 53.5, 431.13, 14.394);
insert into t1 values(1, 71, 2, 34, 5, 5.5, 31.313, 124.314);
select STDDEV_SAMP(a) from t1;
STDDEV_SAMP(a)
35.0
select STDDEV_SAMP(b) from t1;
STDDEV_SAMP(b)
35.0
select STDDEV_SAMP(c) from t1;
STDDEV_SAMP(c)
9.5
select STDDEV_SAMP(d) from t1;
STDDEV_SAMP(d)
17.03672503740082
select STDDEV_SAMP(e) from t1;
STDDEV_SAMP(e)
24.5
select STDDEV_SAMP(f) from t1;
STDDEV_SAMP(f)
23.68543856465402
select STDDEV_SAMP(g) from t1;
STDDEV_SAMP(g)
208.17380146486573
select STDDEV_SAMP(h) from t1;
STDDEV_SAMP(h)
54.8218776280662220800
drop table t1;
CREATE TABLE t1 (id int(11),value1 float(10,2));
INSERT INTO t1 VALUES (1,0.00),(1,1.00), (1,2.00), (2,10.00), (2,11.00), (2,12.00), (2,13.00);
select id, STDDEV_SAMP(value1) from t1 group by id;
id    STDDEV_SAMP(value1)
1    1.0
2    1.2909944487358056
drop table t1;
CREATE TABLE t1 (Fld1 int(11) default NULL,Fld2 int(11) default NULL);
INSERT INTO t1 VALUES (1,10),(1,20),(2,NULL),(2,NULL),(3,50);
select Fld1, STDDEV_SAMP(Fld2) as q from t1 group by Fld1 having q is not null;
Fld1    q
1    7.0710678118654755
3    0.0
select Fld1, STDDEV_SAMP(Fld2) from t1 group by Fld1 having STDDEV_SAMP(Fld2) is not null;
Fld1    STDDEV_SAMP(Fld2)
1    7.0710678118654755
3    0.0
drop table t1;
CREATE TABLE t1 (value float);
INSERT INTO t1 VALUES (1),(2),(3),(4),(5);
select STDDEV_POP(value) as pop, STDDEV_SAMP(value) as samp from t1;
pop    samp
1.4142135623730951    1.5811388300841898
drop table t1;
CREATE TABLE t1 (value int);
INSERT INTO t1 VALUES (5);
select STDDEV_SAMP(value) from t1;
STDDEV_SAMP(value)
0.0
drop table t1;
CREATE TABLE t1 (value int);
select STDDEV_SAMP(value) from t1;
STDDEV_SAMP(value)
null
drop table t1;
