drop table if exists t;
CREATE TABLE t (i1 INT,
d1 DOUBLE,
e2 DECIMAL(5,2));
INSERT INTO t VALUES ( 6,    6.0,  10.0/3),
( null, 9.0,  10.0/3),
( 1,    null, 10.0/3),
( 2,    2.0,  null  );
SELECT coalesce(e2,i1) nullif_c,
IF(e2 IS NULL,i1,e2) if_c,
SUM(d1) FROM t
GROUP BY e2,i1 ORDER BY nullif_c, SUM(d1);
nullif_c	if_c	SUM(d1)
2.00	2.00	2.0
3.33	3.33	null
3.33	3.33	6.0
3.33	3.33	9.0
DROP TABLE t;
CREATE TABLE t1(a INT);
CREATE TABLE t2(a INT);
INSERT INTO t1 VALUES (1),(2),(3),(4);
INSERT INTO t2 VALUES (1),(2);
SELECT t1.a, t2.a FROM t1 JOIN t2
ON t1.a+t2.a = (SELECT COUNT(*) FROM t1);
subquery in JOIN condition is not yet implemented
SELECT a + (SELECT SUM(a) + (SELECT COUNT(a) FROM t1) FROM t1) AS cnt
FROM t2;
cnt
15
16
drop table t1;
drop table t2;
CREATE TABLE t1 (name char(1) default NULL, val int default NULL);
INSERT INTO t1 VALUES ('a',1),  ('a',2),  ('a',2),  ('a',2),  ('a',3),  ('a',6), ('a',7), ('a',11), ('a',11), ('a',12), ('a',13), ('a',13), ('a',20), ('b',2), ('b',3), ('b',4), ('b',5);
SELECT s.name, AVG(s.val) AS med FROM (SELECT x.name, x.val FROM t1 x, t1 y WHERE x.name=y.name GROUP BY x.name, x.val HAVING SUM(y.val <= x.val) >= COUNT(*)/2 AND SUM(y.val >= x.val) >= COUNT(*)/2) AS s GROUP BY s.name;
invalid argument aggregate function sum, bad value [BOOL]
drop table t1;
create table t1 (a integer, b integer);
insert into t1 values (1,4), (2,2),(2,2), (4,1),(4,1),(4,1),(4,1);
select sum(b) from t1 group by a;
sum(b)
4
4
4
select sum(b) from (select a,b from t1) y group by a;
sum(b)
4
4
4
drop table t1;
CREATE TABLE t1
(a INTEGER,
b INTEGER,
c INTEGER
);
INSERT INTO t1 VALUES
(1, 1, 10), (1, 2, 20), (1, 3, 30), (2, 1, 40), (2, 2, 50), (2, 3, 60);
CREATE TABLE t2
(a INTEGER,
d INTEGER,
e INTEGER
);
INSERT INTO t2 VALUES
(1, 6, 60), (2, 6, 60), (3, 6, 60);
WITH
cte AS
(SELECT SUM(c) AS c, SUM(b) AS b, a
FROM t1
GROUP BY a)
SELECT t2.a, (SELECT MIN(c) FROM cte AS cte2 WHERE t2.d = cte2.b)
FROM t2 LEFT JOIN cte AS cte1 ON t2.a = cte1.a
LEFT JOIN t2 AS tx ON tx.e = cte1.c;
a	(SELECT MIN(c) FROM cte AS cte2 WHERE t2.d = cte2.b)
1	60
1	60
1	60
2	60
3	60
drop table t1;
drop table t2;
create table t1 (num  double(12,2));
insert into t1 values (144.54);
select sum(if(num is null,0.00,num)) from t1;
sum(if(num is null,0.00,num))
144.54
drop table t1;
CREATE TABLE t1(c0 INTEGER, c1 INTEGER, c2 INTEGER);
INSERT INTO t1 VALUES(1, 1, 1), (1, 1, 1);
SELECT CASE AVG (c0) WHEN any_value(c1) * any_value(c2) THEN 1 END FROM t1;
CASE AVG (c0) WHEN any_value(c1) * any_value(c2) THEN 1 END
1
SELECT CASE any_value(c1) * any_value(c2) WHEN SUM(c0) THEN 1 WHEN AVG(c0) THEN 2 END FROM t1;
CASE any_value(c1) * any_value(c2) WHEN SUM(c0) THEN 1 WHEN AVG(c0) THEN 2 END
2
SELECT CASE any_value(c1) WHEN any_value(c1) + 1 THEN 1 END, ABS(AVG(c0)) FROM t1;
CASE any_value(c1) WHEN any_value(c1) + 1 THEN 1 END	ABS(AVG(c0))
null	1.0000
DROP TABLE t1;
CREATE TABLE t1(a varchar(255), b INT, c INT UNSIGNED, d DECIMAL(12,2), e REAL);
INSERT INTO t1 VALUES('iynfj', 1, 1, 1, 1);
INSERT INTO t1 VALUES('innfj', 2, 2, 2, 2);
SELECT  SUM(  a ) FROM t1 GROUP BY a HAVING a IN ( AVG( 1 ), 1 + a);
invalid argument aggregate function sum, bad value [VARCHAR]
SELECT  SUM(  b ) FROM t1 GROUP BY b HAVING b IN ( AVG( 1 ), 1 + b);
SUM(  b )
1
SELECT  SUM(  c ) FROM t1 GROUP BY c HAVING c IN ( AVG( 1 ), 1 + c);
SUM(  c )
1
SELECT  SUM(  d ) FROM t1 GROUP BY d HAVING d IN ( AVG( 1 ), 1 + d);
SUM(  d )
1.00
SELECT  SUM(  e ) FROM t1 GROUP BY e HAVING e IN ( AVG( 1 ), 1 + e);
SUM(  e )
1.0
DROP TABLE t1;
SELECT SUM(NULL);
SUM(NULL)
null
select sum(1)>sum(0);
sum(1)>sum(0)
true
create table t1(a bigint, b float, c double, d double, e varchar(1000));
insert into t1 select 21474836471, 12412490231412.124124124124, 124141231249124124.1241241243124123, 12421512141241241241241241849912840129402.1241124124241241, space(1000);
insert into t1 select 21474836471, 12412490231412.124124124124, 124141231249124124.1241241243124123, 12421512141241241241241241849912840129402.1241124124241241, space(1000);
select sum(a), sum(b),sum(c),sum(d),sum(e) from t1;
invalid argument aggregate function sum, bad value [VARCHAR]
select sum(a), sum(b),sum(c),sum(d) from t1;
sum(a)	sum(b)	sum(c)	sum(d)
42949672942	2.4824980176896E13	2.48282462498248256E17	2.484302428248248E40
drop table t1;
create table t1 (num float(5,2),user char(20));
insert into t1 values (10.3,'nem'),(20.53,'monty'),(30.23,'sinisa');
insert into t1 values (30.13,'nem'),(20.98,'monty'),(10.45,'sinisa');
insert into t1 values (5.2,'nem'),(8.64,'monty'),(11.12,'sinisa');
select sum(num) from t1;
sum(num)
147.58
select sum(num) from t1 group by user;
sum(num)
45.63
50.15
51.8
drop table t1;
create table t2 (ff double);
insert into t2 values (2.2);
select cast(sum( ff) as decimal(5,2)) from t2;
cast(sum( ff) as decimal(5,2))
2.20
select cast(sum( ff) as signed) from t2;
cast(sum( ff) as signed)
2
select cast(variance(ff) as decimal(10,3)) from t2;
cast(variance(ff) as decimal(10,3))
0.000
select cast(min(ff) as decimal(5,2)) from t2;
cast(min(ff) as decimal(5,2))
2.20
create table t1 (df decimal(5,1));
insert into t1 values(1.1);
insert into t1 values(2.2);
select cast(sum( df) as signed) from t1;
cast(sum( df) as signed)
3
select cast(min(df) as signed) from t1;
cast(min(df) as signed)
1
select 1e8 * sum( df) from t1;
1e8 * sum( df)
3.3E8
select 1e8 * min(df) from t1;
1e8 * min(df)
1.1000000000000001E8
create table t3 (ifl int);
insert into t3 values(1), (2);
select cast(min(ifl) as decimal(5,2)) from t3;
cast(min(ifl) as decimal(5,2))
1.00
drop table t1;
drop table t2;
drop table t3;
create table t1 (grp int, a bigint unsigned, c char(10) not null);
insert into t1 values (1,1,"a");
insert into t1 values (2,2,"b");
insert into t1 values (2,3,"c");
insert into t1 values (3,4,"E");
insert into t1 values (3,5,"C");
insert into t1 values (3,6,"D");
select sum(distinct a),sum(distinct grp) from t1;
sum(distinct a)	    sum(distinct grp)
21	6
insert into t1 values (null,null,'');
select sum(distinct a),sum(distinct grp) from t1;
sum(distinct a)	    sum(distinct grp)
21	6
drop table t1;
