drop table if exists sales;
CREATE TABLE sales (
year INT,
country VARCHAR(20),
product VARCHAR(32),
profit INT
);
INSERT INTO
sales (
year,
country,
product,
profit
)
VALUES (2024, 'USA', 'Laptop', 1200),
(
2024,
'USA',
'Smartphone',
2000
),
(
2024,
'USA',
'Smartphone',
NULL
),
(
2024,
'USA',
'Smartphone',
NULL
),
(2024, 'USA', 'Printer', 1001),
(2024, 'USA', 'Laptop', 2010),
(
2024,
'Canada',
'Smartphone',
800
),
(
2024,
'Canada',
'Smartphone',
900
),
(
2024,
'Canada',
'Smartphone',
500
),
(2023, 'China', 'Printer', 400),
(2024, 'China', 'Printer', 500),
(2024, 'China', 'Printer', 600),
(2023, NULL, 'Printer', 700),
(NULL, 'India', 'Mouse', 500),
(NULL, 'China', 'Mouse', 300),
(NULL, NULL, 'Mouse', 150),
(NULL, NULL, 'Printer', 200),
(NULL, NULL, NULL, NULL);
SELECT
year,
country,
product,
SUM(profit) AS profit,
grouping(year),
grouping(country),
grouping(product)
FROM sales
GROUP BY
grouping sets (
(),
(year, country),
(country, product),
(),
(year, country)
)
ORDER BY profit;
year	country	product	profit	GROUPING(year)	GROUPING(country)	GROUPING(product)
null	null	Mouse	150	1	0	0
null	China	Mouse	300	1	0	0
null	China	null	300	0	0	1
null	China	null	300	0	0	1
null	null	null	350	0	0	1
null	null	null	350	0	0	1
2023	China	null	400	0	0	1
2023	China	null	400	0	0	1
null	India	null	500	0	0	1
null	India	null	500	0	0	1
null	India	Mouse	500	1	0	0
2023	null	null	700	0	0	1
2023	null	null	700	0	0	1
null	null	Printer	900	1	0	0
null	USA	Printer	1001	1	0	0
2024	China	null	1100	0	0	1
2024	China	null	1100	0	0	1
null	China	Printer	1500	1	0	0
null	USA	Smartphone	2000	1	0	0
2024	Canada	null	2200	0	0	1
2024	Canada	null	2200	0	0	1
null	Canada	Smartphone	2200	1	0	0
null	USA	Laptop	3210	1	0	0
2024	USA	null	6211	0	0	1
2024	USA	null	6211	0	0	1
null	null	null	11761	1	1	1
null	null	null	11761	1	1	1
null	null	null	null	1	0	0
SELECT *
FROM (
SELECT year, SUM(profit) AS profit
FROM sales
GROUP BY
rollup(year)
) AS dt
ORDER BY year DESC;
year	profit
2024	9511
2023	1100
null	11761
null	1150
SELECT year, country, product, SUM(profit) AS profit, grouping(year, country, product) as my_grouping
FROM sales
GROUP BY
cube (year, country, product)
ORDER BY profit,  my_grouping ;
year	country	product	profit	my_grouping
null	null	Mouse	150	0
null	null	Mouse	150	4
null	null	Printer	200	0
null	null	Printer	200	2
null	China	Mouse	300	0
null	China	null	300	1
null	China	Mouse	300	4
null	null	null	350	1
2023	China	Printer	400	0
2023	China	null	400	1
null	India	Mouse	500	0
null	India	null	500	1
null	India	Mouse	500	4
null	India	null	500	5
2023	null	Printer	700	0
2023	null	null	700	1
null	null	Printer	900	4
null	null	Mouse	950	2
null	null	Mouse	950	6
2024	USA	Printer	1001	0
null	USA	Printer	1001	4
null	null	null	1050	5
2024	China	Printer	1100	0
2024	China	null	1100	1
2023	null	Printer	1100	2
2023	null	null	1100	3
null	null	null	1150	3
null	China	Printer	1500	4
null	China	null	1800	5
2024	USA	Smartphone	2000	0
null	USA	Smartphone	2000	4
2024	null	Printer	2101	2
2024	Canada	Smartphone	2200	0
2024	Canada	null	2200	1
null	Canada	Smartphone	2200	4
null	Canada	null	2200	5
2024	USA	Laptop	3210	0
2024	null	Laptop	3210	2
null	USA	Laptop	3210	4
null	null	Laptop	3210	6
null	null	Printer	3401	6
2024	null	Smartphone	4200	2
null	null	Smartphone	4200	6
2024	USA	null	6211	1
null	USA	null	6211	5
2024	null	null	9511	3
null	null	null	11761	7
null	null	null	null	0
null	null	null	null	2
null	null	null	null	4
null	null	null	null	6
SELECT year, country, product, COUNT(profit) AS my_count, grouping(year, country, product) as my_grouping
FROM sales
GROUP BY
rollup (year, country, product)
ORDER BY my_count DESC, my_grouping ;
year	country	product	my_count	my_grouping
null	null	null	15	7
2024	null	null	9	3
2024	USA	null	4	1
null	null	null	4	3
2024	Canada	Smartphone	3	0
2024	Canada	null	3	1
2024	USA	Laptop	2	0
2024	China	Printer	2	0
null	null	null	2	1
2024	China	null	2	1
2023	null	null	2	3
2024	USA	Printer	1	0
null	China	Mouse	1	0
null	null	Printer	1	0
null	null	Mouse	1	0
2023	null	Printer	1	0
2024	USA	Smartphone	1	0
null	India	Mouse	1	0
2023	China	Printer	1	0
null	China	null	1	1
2023	China	null	1	1
2023	null	null	1	1
null	India	null	1	1
null	null	null	0	0
SELECT year, country, product, SUM(profit) AS profit, grouping(year, country, product) as my_grouping
FROM sales
GROUP BY
cube (year, country, product)
having grouping(year, country, product) > 4
ORDER BY profit DESC, my_grouping;
year	country	product	profit	my_grouping
null	null	null	11761	7
null	USA	null	6211	5
null	null	Smartphone	4200	6
null	null	Printer	3401	6
null	null	Laptop	3210	6
null	Canada	null	2200	5
null	China	null	1800	5
null	null	null	1050	5
null	null	Mouse	950	6
null	India	null	500	5
null	null	null	null	6
