select * from metadata_scan('table_func_metadata_scan.no_exist_table', '*') g;
SQL parser error: table "no_exist_table" does not exist
drop table if exists t;
create table t(a int, b varchar);
insert into t values(1, null);
insert into t values(2, "abc");
insert into t select * from t;
insert into t select * from t;
insert into t select * from t;
insert into t select * from t;
insert into t select * from t;
insert into t select * from t;
insert into t select * from t;
insert into t select * from t;
insert into t select * from t;
insert into t select * from t;
insert into t select * from t;
insert into t select * from t;
select count(*) from t;
count(*)
8192
select mo_ctl('dn', 'flush', 'table_func_metadata_scan.t');
mo_ctl(dn, flush, table_func_metadata_scan.t)
{\n  "method": "Flush",\n  "result": [\n    {\n      "returnStr": "OK"\n    }\n  ]\n}\n
select count(*) from metadata_scan('table_func_metadata_scan.t', '*') g;
count(*)
2
select count(*) from metadata_scan('table_func_metadata_scan.t', 'a') g;
count(*)
1
select count(*) from metadata_scan('table_func_metadata_scan.t', 'c') g;
invalid input: bad input column name c
select col_name, rows_cnt, null_cnt, origin_size from metadata_scan('table_func_metadata_scan.t', 'a') g;
col_name    rows_cnt    null_cnt    origin_size
a    8192    0    32806
select col_name, rows_cnt, null_cnt, origin_size from metadata_scan('table_func_metadata_scan.t', '*') g;
col_name    rows_cnt    null_cnt    origin_size
a    8192    0    32806
b    8192    4096    197698
select sum(origin_size) from metadata_scan('table_func_metadata_scan.t', '*') g;
sum(origin_size)
230504
select approx_count(*) from t;
approx_count(*)
8192
insert into t select * from t;
insert into t select * from t;
select mo_ctl('dn', 'flush', 'table_func_metadata_scan.t');
mo_ctl(dn, flush, table_func_metadata_scan.t)
{\n  "method": "Flush",\n  "result": [\n    {\n      "returnStr": "OK"\n    }\n  ]\n}\n
select approx_count(*) from t;
approx_count(*)
32768
drop table if exists t;
