select * from generate_series(1, 5) g;
result
1
2
3
4
5
select * from generate_series(5, 1) g;
result
5
4
3
2
1
select * from generate_series(1, 5, 2) g;
result
1
3
5
select * from generate_series(5, 1, -2) g;
result
5
3
1
select * from generate_series(1, 5, 0) g;
invalid input: step size cannot equal zero
select * from generate_series(1, 5, -1) g;
result
select * from generate_series(5, 1, 1) g;
result
select * from generate_series(2147483646, 2147483647,5) g;
result
2147483646
select * from generate_series(-2147483645, -2147483648,-2) g;
result
-2147483645
-2147483647
select * from generate_series(2147483647, 2147483649) g;
result
2147483647
2147483648
2147483649
select * from generate_series(2147483647, 2147483649, 2) g;
result
2147483647
2147483649
select * from generate_series(2147483649, 2147483647, -2) g;
result
2147483649
2147483647
select * from generate_series(2147483647, 2147483649, 0) g;
invalid input: step size cannot equal zero
select * from generate_series(2147483647, 2147483649, -1) g;
result
select * from generate_series(2147483649, 2147483647, 1) g;
result
select * from generate_series(9223372036854775806, 9223372036854775807) g;
result
9223372036854775806
9223372036854775807
select * from generate_series(9223372036854775806, 9223372036854775807, 2) g;
result
9223372036854775806
select * from generate_series(-9223372036854775805, -9223372036854775807) g;
result
-9223372036854775805
-9223372036854775806
-9223372036854775807
select * from generate_series(-9223372036854775805, -9223372036854775807,-2) g;
result
-9223372036854775805
-9223372036854775807
select * from generate_series(-9223372036854775805, cast(-9223372036854775808 as bigint),-2) g;
result
-9223372036854775805
-9223372036854775807
select * from generate_series('2020-02-28 00:00:00','2021-03-01 00:01:00', '1 year') g;
result
2020-02-28 00:00:00
2021-02-28 00:00:00
select * from generate_series('2020-02-29 00:00:00','2021-03-01 00:01:00', '1 year') g;
result
2020-02-29 00:00:00
2021-02-28 00:00:00
select * from generate_series('2020-02-29 00:00:00','2021-03-01 00:01:00', '1 quarter') g;
result
2020-02-29 00:00:00
2020-05-29 00:00:00
2020-08-29 00:00:00
2020-11-29 00:00:00
2021-02-28 00:00:00
select * from generate_series('2020-02-28 00:00:00','2021-03-01 00:01:00', '1 quarter') g;
result
2020-02-28 00:00:00
2020-05-28 00:00:00
2020-08-28 00:00:00
2020-11-28 00:00:00
2021-02-28 00:00:00
select * from generate_series('2020-02-29 00:00:00','2021-03-01 00:01:00', '1 month') g;
result
2020-02-29 00:00:00
2020-03-29 00:00:00
2020-04-29 00:00:00
2020-05-29 00:00:00
2020-06-29 00:00:00
2020-07-29 00:00:00
2020-08-29 00:00:00
2020-09-29 00:00:00
2020-10-29 00:00:00
2020-11-29 00:00:00
2020-12-29 00:00:00
2021-01-29 00:00:00
2021-02-28 00:00:00
select * from generate_series('2020-02-28 00:00:00','2021-03-01 00:01:00', '1 month') g;
result
2020-02-28 00:00:00
2020-03-28 00:00:00
2020-04-28 00:00:00
2020-05-28 00:00:00
2020-06-28 00:00:00
2020-07-28 00:00:00
2020-08-28 00:00:00
2020-09-28 00:00:00
2020-10-28 00:00:00
2020-11-28 00:00:00
2020-12-28 00:00:00
2021-01-28 00:00:00
2021-02-28 00:00:00
select * from generate_series('2020-02-29 00:00:00','2020-03-08 00:01:00', '1 week') g;
result
2020-02-29 00:00:00
2020-03-07 00:00:00
select * from generate_series('2000-01-01 00:00:00', '2000-01-05 00:00:00','1 day') g;
result
2000-01-01 00:00:00
2000-01-02 00:00:00
2000-01-03 00:00:00
2000-01-04 00:00:00
2000-01-05 00:00:00
select * from generate_series('2020-02-29 23:59:59','2020-03-01 00:01:00', '1 hour') g;
result
2020-02-29 23:59:59
select * from generate_series('2020-02-29 23:59:59','2020-03-01 00:01:00', '1 minute') g;
result
2020-02-29 23:59:59
2020-03-01 00:00:59
select * from generate_series('2020-02-29 23:59:59','2020-03-01 00:00:10', '1 second') g;
result
2020-02-29 23:59:59
2020-03-01 00:00:00
2020-03-01 00:00:01
2020-03-01 00:00:02
2020-03-01 00:00:03
2020-03-01 00:00:04
2020-03-01 00:00:05
2020-03-01 00:00:06
2020-03-01 00:00:07
2020-03-01 00:00:08
2020-03-01 00:00:09
2020-03-01 00:00:10
select * from generate_series('2020-02-29 23:59:59.124356','2020-02-29 23:59:59.124360', '1 microsecond') g;
result
2020-02-29 23:59:59.124356
2020-02-29 23:59:59.124357
2020-02-29 23:59:59.124358
2020-02-29 23:59:59.124359
2020-02-29 23:59:59.124360
select * from generate_series(5) g;
result
1
2
3
4
5
create table t(a int, b text);
insert into t select result, repeat('foobarzoo', 600) t from generate_series(1, 200000) t;
select count(*) as ttl from t;
ttl
200000
drop table t;