create publication pub1 database t;
internal error: database 't' does not exist
create account acc0 admin_name 'root' identified by '111';
create account acc1 admin_name 'root' identified by '111';
create account acc2 admin_name 'root' identified by '111';
create database t;
create publication pub1 database t;
create publication pub2 database t account all;
SQL parser error: You have an error in your SQL syntax; check the manual that corresponds to your MatrixOne server version for the right syntax to use. syntax error at line 1 column 46 near " all;";
create publication pub3 database t account acc0,acc1;
create publication pub4 database t account acc0,acc1,accx;
create publication pub5 database t account accx comment 'test';
show publications;
Name    Database
pub1    t
pub3    t
pub4    t
pub5    t
show create publication pub1;
Publication    Create Publication
pub1    CREATE PUBLICATION `pub1` DATABASE `t` ACCOUNT ALL
show create publication pub2;
internal error: publication 'pub2' does not exist
show create publication pub5;
Publication    Create Publication
pub5    CREATE PUBLICATION `pub5` DATABASE `t` ACCOUNT `accx` COMMENT 'test'
alter publication pub1 account acc0,acc1;
show create publication pub1;
Publication    Create Publication
pub1    CREATE PUBLICATION `pub1` DATABASE `t` ACCOUNT `acc0`, `acc1`
alter publication pub2 account drop acc1;
internal error: publication 'pub2' does not exist
show create publication pub2;
internal error: publication 'pub2' does not exist
alter publication pub3 account add accx;
show create publication pub3;
Publication    Create Publication
pub3    CREATE PUBLICATION `pub3` DATABASE `t` ACCOUNT `acc0`, `acc1`, `accx`
alter publication pub4 account drop acc1,acc2;
show create publication pub4;
Publication    Create Publication
pub4    CREATE PUBLICATION `pub4` DATABASE `t` ACCOUNT `acc0`, `accx`
alter publication pub5 account all comment '1212';
show create publication pub5;
Publication    Create Publication
pub5    CREATE PUBLICATION `pub5` DATABASE `t` ACCOUNT ALL COMMENT '1212'
drop publication pub1;
show publications;
Name    Database
pub3    t
pub4    t
pub5    t
create publication pub1 database t;
create publication pub1 database t;
Duplicate entry 'pub1' for key 'pub_name'
alter publication pub1 account `all`;
show create publication pub1;
Publication    Create Publication
pub1    CREATE PUBLICATION `pub1` DATABASE `t` ACCOUNT `all`
show create publication pubx;
internal error: publication 'pubx' does not exist
drop publication pub1;
drop publication pub2;
internal error: publication 'pub2' does not exist
drop publication pub3;
drop publication pub4;
drop publication pub5;
drop account acc0;
drop account acc1;
drop account acc2;
drop database t;
create account acc0 admin_name 'root' identified by '111';
create account acc1 admin_name 'root' identified by '111';
create account acc2 admin_name 'root' identified by '111';
create database sys_db_1;
use sys_db_1;
create table sys_tbl_1(a int primary key );
insert into sys_tbl_1 values(1),(2),(3);
create view v1 as (select * from sys_tbl_1);
create publication sys_pub_1 database sys_db_1;
show publications;
Name    Database
sys_pub_1    sys_db_1
create database sub1 from sys publication sys_pub_1;
show databases;
Database
sub1
system
system_metrics
information_schema
mysql
mo_catalog
show subscriptions;
Name    From_Account
sub1    sys
use sub1;
show tables;
Tables_in_sub1
sys_tbl_1
v1
desc sys_tbl_1;
Field    Type    Null    Key    Default    Extra    Comment
a    INT(32)    NO    PRI    null        
select * from sys_tbl_1 order by a;
a
1
2
3
select * from sub1.sys_tbl_1;
a
1
2
3
select * from v1;
a
1
2
3
show table_number from sub1;
Number of tables in sub1
2
show column_number from sys_tbl_1;
Number of columns in sys_tbl_1
2
show table_values from sys_tbl_1;
max(a)    min(a)
3    1
create database sub1 from sys publication sys_pub_1;
show databases;
Database
system
system_metrics
information_schema
mysql
sub1
mo_catalog
show subscriptions;
Name    From_Account
sub1    sys
use sub1;
show tables;
Tables_in_sub1
sys_tbl_1
v1
desc sys_tbl_1;
Field    Type    Null    Key    Default    Extra    Comment
a    INT(32)    NO    PRI    null        
select * from sys_tbl_1;
a
1
2
3
select * from sub1.sys_tbl_1;
a
1
2
3
alter publication sys_pub_1 account acc1;
show subscriptions;
Name    From_Account
sub1    sys
select * from sub1.sys_tbl_1;
SQL parser error: table "sys_tbl_1" does not exist
use sub1;
internal error: the account acc0 is not allowed to subscribe the publication sys_pub_1
show subscriptions;
Name    From_Account
sub1    sys
use sub1;
desc sys_tbl_1;
Field    Type    Null    Key    Default    Extra    Comment
a    INT(32)    NO    PRI    null        
select * from sys_tbl_1;
a
1
2
3
alter publication sys_pub_1 account add acc0;
show subscriptions;
Name    From_Account
sub1    sys
use sub1;
desc sys_tbl_1;
Field    Type    Null    Key    Default    Extra    Comment
a    INT(32)    NO    PRI    null        
select * from sys_tbl_1;
a
1
2
3
create database sub1 from sys publication sys_pub_1;
internal error: the account acc2 is not allowed to subscribe the publication sys_pub_1
use sys_db_1;
insert into sys_tbl_1 values(4);
create table sys_tbl_2(b text);
show subscriptions;
Name    From_Account
sub1    sys
use sub1;
desc sys_tbl_1;
Field    Type    Null    Key    Default    Extra    Comment
a    INT(32)    NO    PRI    null        
desc sys_tbl_2;
Field    Type    Null    Key    Default    Extra    Comment
b    TEXT(0)    YES        null        
select * from sys_tbl_1;
a
1
2
3
4
create database acc2_db_1;
use acc2_db_1;
create table acc2_tbl_1(q text,c int primary key auto_increment);
insert into acc2_tbl_1(q) values ('acc2'),('acc1'),('acc0'),('sys');
create publication acc2_pub_1 database acc2_db_1;
create database sub2 from acc2 publication acc2_pub_1;
use sub2;
show subscriptions;
Name    From_Account
sub2    acc2
show tables;
Tables_in_sub2
acc2_tbl_1
desc acc2_tbl_1;
Field    Type    Null    Key    Default    Extra    Comment
q    TEXT(0)    YES        null        
c    INT(32)    NO    PRI    null        
select * from acc2_tbl_1;
q    c
acc2    1
acc1    2
acc0    3
sys    4
create database sub2 from acc2 publication acc2_pub_1;
use sub2;
show subscriptions;
Name    From_Account
sub1    sys
sub2    acc2
desc acc2_tbl_1;
Field    Type    Null    Key    Default    Extra    Comment
q    TEXT(0)    YES        null        
c    INT(32)    NO    PRI    null        
select * from acc2_tbl_1;
q    c
acc2    1
acc1    2
acc0    3
sys    4
alter publication acc2_pub_1 account `sys`;
use acc2_db_1;
create table acc2_tbl_2(c text);
insert into acc2_tbl_1(q) values ('mo');
create database sub2 from acc2 publication acc2_pub_1;
internal error: the account acc1 is not allowed to subscribe the publication acc2_pub_1
select * from sub2.acc2_tbl_1;
SQL parser error: table "acc2_tbl_1" does not exist
use sub2;
internal error: the account acc0 is not allowed to subscribe the publication acc2_pub_1
show tables;
Tables_in_sub2
acc2_tbl_1
acc2_tbl_2
desc acc2_tbl_2;
Field    Type    Null    Key    Default    Extra    Comment
c    TEXT(0)    YES        null        
select * from sub2.acc2_tbl_2;
c
drop database acc2_db_1;
internal error: can not drop database 'acc2_db_1' which is publishing
drop publication acc2_pub_1;
drop database acc2_db_1;
drop account acc0;
drop account acc1;
drop account acc2;
drop publication sys_pub_1;
drop database sys_db_1;
drop database sub2;