drop table if exists t1;

create table t1(
a int primary key,
b varchar(10)
);

select mo_ctl('dn', 'inspect', 'policy -r 0 -m 0');
mo_ctl(dn, inspect, policy -r 0 -m 0)
\nmsg: (*) maxMergeObjN: 0, maxOsizeObj: 128MB, minOsizeQualified: 0MB, offloadToCnSize: 80000MB, hints: [Auto]\n\nauto merge is disabled
insert into t1 values (100, 'a');
select mo_ctl('dn', 'flush', 'mo_ctl_merge.t1');
mo_ctl(dn, flush, mo_ctl_merge.t1)
{\n  "method": "Flush",\n  "result": [\n    {\n      "returnStr": "OK"\n    }\n  ]\n}\n
insert into t1 values (110, 'a');
select mo_ctl('dn', 'flush', 'mo_ctl_merge.t1');
mo_ctl(dn, flush, mo_ctl_merge.t1)
{\n  "method": "Flush",\n  "result": [\n    {\n      "returnStr": "OK"\n    }\n  ]\n}\n
select mo_ctl('cn', 'mergeobjects', 't:mo_ctl_merge.t1:small');
mo_ctl(cn, mergeobjects, t:mo_ctl_merge.t1:small)
\nmsg: merged success\n018f2834-dcb3-7e7d-8ae5-215ad781e835_00000, rows 2, blks 1, osize 1.54KB, csize 687B\n\n\n
select sleep(1);
sleep(1)
0
select rows_cnt from metadata_scan('mo_ctl_merge.t1', 'a') g;
rows_cnt
2
insert into t1 values (105, 'a');
insert into t1 values (115, 'a');
select mo_ctl('dn', 'flush', 'mo_ctl_merge.t1');
mo_ctl(dn, flush, mo_ctl_merge.t1)
{\n  "method": "Flush",\n  "result": [\n    {\n      "returnStr": "OK"\n    }\n  ]\n}\n
insert into t1 values (120, 'a');
insert into t1 values (125, 'a');
select mo_ctl('dn', 'flush', 'mo_ctl_merge.t1');
mo_ctl(dn, flush, mo_ctl_merge.t1)
{\n  "method": "Flush",\n  "result": [\n    {\n      "returnStr": "OK"\n    }\n  ]\n}\n
select mo_ctl('cn', 'mergeobjects', 't:mo_ctl_merge.t1:overlap');
mo_ctl(cn, mergeobjects, t:mo_ctl_merge.t1:overlap)
\nmsg: merged success\n018f283b-2dcd-78db-9399-df2bd74d53e5_00000, rows 4, blks 1, osize 1.60KB, csize 704B\n\n\n
select sleep(1);
sleep(1)
0
select rows_cnt, bit_cast(`min` as int), bit_cast(`max` as int) from metadata_scan('mo_ctl_merge.t1', 'a') g;
rows_cnt    bit_cast(min as int)    bit_cast(max as int)
4    100    115
2    120    125
drop table t1;
create table t1(
a int,
b varchar(10)
);
insert into t1 values (100, 'a');
select mo_ctl('dn', 'flush', 'mo_ctl_merge.t1');
mo_ctl(dn, flush, mo_ctl_merge.t1)
{\n  "method": "Flush",\n  "result": [\n    {\n      "returnStr": "OK"\n    }\n  ]\n}\n
insert into t1 values (110, 'a');
select mo_ctl('dn', 'flush', 'mo_ctl_merge.t1');
mo_ctl(dn, flush, mo_ctl_merge.t1)
{\n  "method": "Flush",\n  "result": [\n    {\n      "returnStr": "OK"\n    }\n  ]\n}\n
select mo_ctl('cn', 'mergeobjects', 't:mo_ctl_merge.t1:small');
mo_ctl(cn, mergeobjects, t:mo_ctl_merge.t1:small)
\nmsg: merged success\n018f2834-dcb3-7e7d-8ae5-215ad781e835_00000, rows 2, blks 1, osize 1.54KB, csize 687B\n\n\n
select sleep(1);
sleep(1)
0
select rows_cnt from metadata_scan('mo_ctl_merge.t1', 'a') g;
rows_cnt
2
insert into t1 values (105, 'a');
insert into t1 values (115, 'a');
select mo_ctl('dn', 'flush', 'mo_ctl_merge.t1');
mo_ctl(dn, flush, mo_ctl_merge.t1)
{\n  "method": "Flush",\n  "result": [\n    {\n      "returnStr": "OK"\n    }\n  ]\n}\n
insert into t1 values (120, 'a');
insert into t1 values (125, 'a');
select mo_ctl('dn', 'flush', 'mo_ctl_merge.t1');
mo_ctl(dn, flush, mo_ctl_merge.t1)
{\n  "method": "Flush",\n  "result": [\n    {\n      "returnStr": "OK"\n    }\n  ]\n}\n
select mo_ctl('cn', 'mergeobjects', 't:mo_ctl_merge.t1:overlap');
mo_ctl(cn, mergeobjects, t:mo_ctl_merge.t1:overlap)
\nmsg: merged success\n018f283b-2dcd-78db-9399-df2bd74d53e5_00000, rows 4, blks 1, osize 1.60KB, csize 704B\n\n\n
select sleep(1);
sleep(1)
0
select rows_cnt, bit_cast(`min` as int), bit_cast(`max` as int) from metadata_scan('mo_ctl_merge.t1', 'a') g;
rows_cnt    bit_cast(min as int)    bit_cast(max as int)
6    100    125
drop table t1;
create table t1(
a varchar(100) primary key,
b varchar(10)
);
insert into t1 values ('abcdefghijklmnopqrstuvwxyzabcdefghijklmnopqrstuvwxyzabcdefghijklmnopqrstuvwxya', 'b');
select mo_ctl('dn', 'flush', 'mo_ctl_merge.t1');
mo_ctl(dn, flush, mo_ctl_merge.t1)
{\n  "method": "Flush",\n  "result": [\n    {\n      "returnStr": "OK"\n    }\n  ]\n}\n
insert into t1 values ('abcdefghijklmnopqrstuvwxyzabcdefghijklmnopqrstuvwxyzabcdefghijklmnopqrstuvwxyz', 'b');
select mo_ctl('dn', 'flush', 'mo_ctl_merge.t1');
mo_ctl(dn, flush, mo_ctl_merge.t1)
{\n  "method": "Flush",\n  "result": [\n    {\n      "returnStr": "OK"\n    }\n  ]\n}\n
select mo_ctl('cn', 'mergeobjects', 't:mo_ctl_merge.t1:small');
mo_ctl(cn, mergeobjects, t:mo_ctl_merge.t1:small)
\nmsg: merged success\n018f2834-dcb3-7e7d-8ae5-215ad781e835_00000, rows 2, blks 1, osize 1.54KB, csize 687B\n\n\n
select sleep(1);
sleep(1)
0
select rows_cnt from metadata_scan('mo_ctl_merge.t1', 'a') g;
rows_cnt
2
insert into t1 values ('abcdefghijklmnopqrstuvwxyzabcdefghijklmnopqrstuvwxyzabcdefghijklmnopqrstuvwxyb', 'b');
insert into t1 values ('abcdefghijklmnopqrstuvwxyzabcdefghijklmnopqrstuvwxyzabcdefghijklmnopqrstuvwxyc', 'b');
select mo_ctl('dn', 'flush', 'mo_ctl_merge.t1');
mo_ctl(dn, flush, mo_ctl_merge.t1)
{\n  "method": "Flush",\n  "result": [\n    {\n      "returnStr": "OK"\n    }\n  ]\n}\n
insert into t1 values ('abcdefghijklmnopqrstuvwxyzabcdefghijklmnopqrstuvwxyzabcdefghijklmnopqrstuvwxaa', 'b');
insert into t1 values ('abcdefghijklmnopqrstuvwxyzabcdefghijklmnopqrstuvwxyzabcdefghijklmnopqrstuvwxab', 'b');
select mo_ctl('dn', 'flush', 'mo_ctl_merge.t1');
mo_ctl(dn, flush, mo_ctl_merge.t1)
{\n  "method": "Flush",\n  "result": [\n    {\n      "returnStr": "OK"\n    }\n  ]\n}\n
select mo_ctl('cn', 'mergeobjects', 't:mo_ctl_merge.t1:overlap');
mo_ctl(cn, mergeobjects, t:mo_ctl_merge.t1:overlap)
\nmsg: merged success\n018f283b-2dcd-78db-9399-df2bd74d53e5_00000, rows 4, blks 1, osize 1.60KB, csize 704B\n\n\n
select sleep(1);
sleep(1)
0
select rows_cnt, min, max from metadata_scan('mo_ctl_merge.t1', 'a') g;
rows_cnt    min    max
6    abcdefghijklmnopqrstuvwxyzabcd    abcdefghijklmnopqrstuvwxyzabce
drop table t1;
create table t1(
a int primary key,
b varchar(10)
);
insert into t1 values (105, 'a');
insert into t1 values (115, 'a');
select mo_ctl('dn', 'flush', 'mo_ctl_merge.t1');
mo_ctl(dn, flush, mo_ctl_merge.t1)
{\n  "method": "Flush",\n  "result": [\n    {\n      "returnStr": "OK"\n    }\n  ]\n}\n
insert into t1 values (110, 'a');
insert into t1 values (120, 'a');
select mo_ctl('dn', 'flush', 'mo_ctl_merge.t1');
mo_ctl(dn, flush, mo_ctl_merge.t1)
{\n  "method": "Flush",\n  "result": [\n    {\n      "returnStr": "OK"\n    }\n  ]\n}\n
insert into t1 values (116, 'a');
insert into t1 values (126, 'a');
select mo_ctl('dn', 'flush', 'mo_ctl_merge.t1');
mo_ctl(dn, flush, mo_ctl_merge.t1)
{\n  "method": "Flush",\n  "result": [\n    {\n      "returnStr": "OK"\n    }\n  ]\n}\n
select mo_ctl('cn', 'mergeobjects', 't:mo_ctl_merge.t1:overlap(2)');
mo_ctl(cn, mergeobjects, t:mo_ctl_merge.t1:overlap(2))
\nmsg: merged success\n018f283b-2dcd-78db-9399-df2bd74d53e5_00000, rows 4, blks 1, osize 1.60KB, csize 704B\n\n\n
select sleep(1);
sleep(1)
0
select rows_cnt, bit_cast(`min` as int), bit_cast(`max` as int) from metadata_scan('mo_ctl_merge.t1', 'a') g;
rows_cnt    bit_cast(min as int)    bit_cast(max as int)
4    105    120
2    116    126
drop table t1;

create table p_table_01(col1 int,col2 varchar(25),col3 decimal(6,2))partition by key(col2)partitions 4;
insert into p_table_01 values (1,'mod',78.9),(2,'proto',0.34),(3,'mod',6.5),(4,'mode',9.0),(5,'make',662.9),(6,'io',88.92);
select mo_ctl('dn', 'flush', 'mo_ctl_merge.%!%p0%!%p_table_01');
mo_ctl(dn, flush, mo_ctl_merge.%!%p0%!%p_table_01)
{\n  "method": "Flush",\n  "result": [\n    {\n      "returnStr": "OK"\n    }\n  ]\n}\n
select mo_ctl('dn', 'flush', 'mo_ctl_merge.%!%p1%!%p_table_01');
mo_ctl(dn, flush, mo_ctl_merge.%!%p1%!%p_table_01)
\{\n  "method": "Flush",\n  "result": [\n    {\n      "returnStr": "OK"\n    }\n  ]\n}\n
select mo_ctl('dn', 'flush', 'mo_ctl_merge.%!%p2%!%p_table_01');
mo_ctl(dn, flush, mo_ctl_merge.%!%p2%!%p_table_01)
{\n  "method": "Flush",\n  "result": [\n    {\n      "returnStr": "OK"\n    }\n  ]\n}\n
select mo_ctl('dn', 'flush', 'mo_ctl_merge.%!%p3%!%p_table_01');
mo_ctl(dn, flush, mo_ctl_merge.%!%p3%!%p_table_01)
{\n  "method": "Flush",\n  "result": [\n    {\n      "returnStr": "OK"\n    }\n  ]\n}\n
insert into p_table_01 values (1,'mod',78.9),(2,'proto',0.34),(3,'mod',6.5),(4,'mode',9.0),(5,'make',662.9),(6,'io',88.92);
select mo_ctl('dn', 'flush', 'mo_ctl_merge.%!%p0%!%p_table_01');
mo_ctl(dn, flush, mo_ctl_merge.%!%p0%!%p_table_01)
{\n  "method": "Flush",\n  "result": [\n    {\n      "returnStr": "OK"\n    }\n  ]\n}\n
select mo_ctl('dn', 'flush', 'mo_ctl_merge.%!%p1%!%p_table_01');
mo_ctl(dn, flush, mo_ctl_merge.%!%p1%!%p_table_01)
\{\n  "method": "Flush",\n  "result": [\n    {\n      "returnStr": "OK"\n    }\n  ]\n}\n
select mo_ctl('dn', 'flush', 'mo_ctl_merge.%!%p2%!%p_table_01');
mo_ctl(dn, flush, mo_ctl_merge.%!%p2%!%p_table_01)
{\n  "method": "Flush",\n  "result": [\n    {\n      "returnStr": "OK"\n    }\n  ]\n}\n
select mo_ctl('dn', 'flush', 'mo_ctl_merge.%!%p3%!%p_table_01');
mo_ctl(dn, flush, mo_ctl_merge.%!%p3%!%p_table_01)
{\n  "method": "Flush",\n  "result": [\n    {\n      "returnStr": "OK"\n    }\n  ]\n}\n
select * from `%!%p0%!%p_table_01`;
col1    col2    col3
5    make    662.90
5    make    662.90
select * from `%!%p1%!%p_table_01`;
col1    col2    col3
2    proto    0.34
2    proto    0.34
select * from `%!%p2%!%p_table_01`;
col1    col2    col3
1    mod    78.90
3    mod    6.50
4    mode    9.00
1    mod    78.90
3    mod    6.50
4    mode    9.00
select * from `%!%p3%!%p_table_01`;
col1    col2    col3
6    io    88.92
6    io    88.92
select rows_cnt from metadata_scan('mo_ctl_merge.%!%p0%!%p_table_01', 'col1') g;
rows_cnt
1
1
select rows_cnt from metadata_scan('mo_ctl_merge.%!%p1%!%p_table_01', 'col1') g;
rows_cnt
1
1
select rows_cnt from metadata_scan('mo_ctl_merge.%!%p2%!%p_table_01', 'col1') g;
rows_cnt
3
3
select rows_cnt from metadata_scan('mo_ctl_merge.%!%p3%!%p_table_01', 'col1') g;
rows_cnt
1
1
select mo_ctl('cn', 'mergeobjects', 't:mo_ctl_merge.p_table_01');
mo_ctl(cn, mergeobjects, t:mo_ctl_merge.p_table_01)
internal error: no matching objects\ninternal error: no matching objects\ninternal error: no matching objects\ninternal error: no matching objects\n
select sleep(1);
sleep(1)
0
select rows_cnt from metadata_scan('mo_ctl_merge.%!%p0%!%p_table_01', 'col1') g;
rows_cnt
2
select rows_cnt from metadata_scan('mo_ctl_merge.%!%p1%!%p_table_01', 'col1') g;
rows_cnt
2
select rows_cnt from metadata_scan('mo_ctl_merge.%!%p2%!%p_table_01', 'col1') g;
rows_cnt
6
select rows_cnt from metadata_scan('mo_ctl_merge.%!%p3%!%p_table_01', 'col1') g;
rows_cnt
2
select mo_ctl('dn', 'inspect', 'policy');
mo_ctl(dn, inspect, policy)
\nmsg: (*) maxMergeObjN: 16, maxOsizeObj: 128MB, minOsizeQualified: 110MB, offloadToCnSize: 80000MB, hints: [Auto]\n\ngeneral setting has been refreshed
