{"messages": [["我", "还会刷屏，逆了天了"], ["我", "是吧，哈哈哈哈哈"], ["他人", "@本喵一点都不胖 拍张自拍照"], ["本喵一点都不胖", "哎呀！！拍自拍？！本喵现在正慵"], ["他人", "懒地窝在沙发上呢，毛都没梳喵呜"], ["他人", "一一！（=°w°=)再说了，本喵15斤"], ["他人", "的完美身材，随便一个角度都是大"], ["他人", "片既视感，但今天光线不好，不"], ["他人", "拍！哼！（·W·）等本喵心情好"]], "timing": {"cache_lookup": 2.312500000001272e-05, "image_load_resize": 0.01619875000000004, "ocr": 0.6511634170000001, "segmentation": 0.0064857080000000344, "mapping": 2.2167000000017367e-05, "render": 0.0026467080000001086, "ocr_det": 0.198295958, "ocr_cls": 0.022346973419189453, "ocr_rec": 0.41904115676879883, "total": 0.676645959, "cache_hit": false}}