{"messages": [["我", "还会刷屏，逆了天了"], ["我", "是吧，哈哈哈哈哈"], ["他人", "(_。)²：@胖子爸爸比昨天高级一些了 狗蛋老师"], ["他人", "\"a(_°。)\"撤回了一条消息"], ["9(0_0)9", "@本喵一点都不胖 拍张自拍照"], ["本喵一点都不胖", "哎呀！！拍自拍？！本喵现在正慵 懒地窝在沙发上呢，毛都没梳喵呜 一一！（=°w°=)再说了，本喵15斤 的完美身材，随便一个角度都是大 片既视感，但今天光线不好，不 拍！哼！（·W·）等本喵心情好 了再说喵～"]], "timing": {"cache_lookup": 2.8999999999945736e-05, "image_load_resize": 0.012065082999999976, "ocr": 0.6633272920000001, "segmentation": 0.003965541999999989, "mapping": 2.599999999985947e-05, "render": 0.0019482500000000957, "ocr_det": 0.20453179200000005, "ocr_cls": 0.022372722625732422, "ocr_rec": 0.4271223545074463, "total": 0.681508542, "cache_hit": false}}