SELECT REGEXP_SUBSTR('Thailand or Cambodia', 'l.nd') Result;
result
land
SELECT REGEXP_SUBSTR('Lend for land', '^C') Result;
result
NULL
SELECT REGEXP_SUBSTR('Cat Cut Cot', 'C.t', 2) Result;
result
Cut
SELECT REGEXP_SUBSTR('Cat Cut Cot', 'C.t', 1, 1) 'Occurrence1';
Occurrence1
Cat
SELECT REGEXP_SUBSTR('Cat Cut Cot', 'C.t', 1, 2) 'Occurrence2';
Occurrence2
Cut
SELECT REGEXP_SUBSTR('Cat Cut Cot', 'C.t', 1, 3) 'Occurrence3';
Occurrence3
Cot
SELECT REGEXP_SUBSTR('Cat Cut Cot', 'C.t', 2, 1) 'Occurrence1';
Occurrence1
Cut
SELECT REGEXP_SUBSTR('Cat Cut Cot', 'C.t', 2, 2) 'Occurrence2';
Occurrence2
Cot
SELECT REGEXP_SUBSTR('Cat Cut Cot', 'C.t', 2, 3) 'Occurrence3';
Occurrence3
NULL
SELECT REGEXP_SUBSTR(NULL, 'C.t', 2, 1);
regexp_substr(null, C.t, 2, 1)
NULL
SELECT REGEXP_SUBSTR('Cat Cut Cot', NULL, 2, 1);
regexp_substr(Cat Cut Cot, null, 2, 1)
NULL
SELECT REGEXP_SUBSTR(NULL, NULL, 2, 1);
regexp_substr(null, null, 2, 1)
NULL
SELECT REGEXP_SUBSTR('Cat Cut Cot', "", 2, 1);
regexp_substr(Cat Cut Cot, , 2, 1)
NULL
