drop table if exists t1;
create table t1(a int,b varchar(100),c char(20));
insert into t1 values
(1,'Ananya Majumdar', 'IX'),
(2,'Anushka Samanta', 'X'),
(3,'Aniket Sharma', 'XI'),
(4,'Anik Das', 'X'),
(5,'Riya Jain', 'IX'),
(6,'Tapan Samanta', 'X');
select a,startswith(b,'An') from t1;
a    startswith(b, An)
1    1
2    1
3    1
4    1
5    0
6    0
select a,b,c from t1 where startswith(b,'An')=1 and startswith(c,'I')=1;
a    b    c
1    Ananya Majumdar    IX
drop table t1;
drop table if exists t1;
create table t1(a int,b varchar(100),c char(20));
insert into t1 values
(1,'Ananya Majumdar', 'XI'),
(2,'Anushka Samanta', 'X'),
(3,'Aniket Sharma', 'XI'),
(4,'Anik Das', 'X'),
(5,'Riya Jain', 'IX'),
(6,'Tapan Samanta', 'XI');
select a,endsWith(b,'a') from t1;
a    endswith(b, a)
1    0
2    1
3    1
4    0
5    0
6    1
select a,b,c from t1 where endswith(b,'a')=1 and endswith(c,'I')=1;
a    b    c
3    Aniket Sharma    XI
6    Tapan Samanta    XI
drop table t1;
drop table if exists t1;
create table t1(a varchar(255),b char(255));
insert into t1 values(NULL, NULL);
insert into t1 values('a',null);
insert into t1 values(null, 'b');
select startswith(a,b) from t1;
startswith(a, b)
null
null
null
drop table t1;
drop table if exists t1;
create table t1(a varchar(255),b char(255));
insert into t1 values(NULL, NULL);
insert into t1 values('a',null);
insert into t1 values(null, 'b');
select endsWith(a,b) from t1;
endswith(a, b)
null
null
null
drop table t1;
select endsWith('a', 'a') from dual;
endswith(a, a)
1
select endsWith('a', 'b') from dual;
endswith(a, b)
0
select endsWith('aaaa', 'a') from dual;
endswith(aaaa, a)
1
select endsWith('xsdfsdf', 'fsdf') from dual;
endswith(xsdfsdf, fsdf)
1
select endsWith('xsdfsdf', 'fsdfx') from dual;
endswith(xsdfsdf, fsdfx)
0
