SELECT SUBSTRING('Quadratically',5);
SUBSTRING('Quadratically',5)
ratically
SELECT SUBSTRING('foobarbar' FROM 4);
SUBSTRING('foobarbar' FROM 4)
barbar
SELECT SUBSTRING('Quadratically',5,6);
SUBSTRING('Quadratically',5,6)
ratica
SELECT SUBSTRING('Sakila', -3);
SUBSTRING('Sakila', -3)
ila
SELECT SUBSTRING('Sakila', -5, 3);
SUBSTRING('Sakila', -5, 3)
aki
SELECT SUBSTRING('Sakila' FROM -4 FOR 2);
SUBSTRING('Sakila' FROM -4 FOR 2)
ki
SELECT SUBSTRING('monty',5,1);
SUBSTRING('monty',5,1)
y
SELECT SUBSTRING('a',1,2);
SUBSTRING('a',1,2)
a
select SUBSTR('abcdefg',3,2);
SUBSTR('abcdefg',3,2)
cd
select SUBSTRING('abcdefg',3,2);
SUBSTRING('abcdefg',3,2)
cd
select SUBSTR('abcdefg',-3,2);
SUBSTR('abcdefg',-3,2)
ef
select SUBSTR('abcdefg',-1,5);
SUBSTR('abcdefg',-1,5)
g
select SUBSTR('abcdefg',0,0);
SUBSTR('abcdefg',0,0)
select SUBSTR('abcdefg',-1,-1);
SUBSTR('abcdefg',-1,-1)
select SUBSTR('abcdefg',1,-1);
SUBSTR('abcdefg',1,-1)
select substring('hello', 2, -1);
substring('hello', 2, -1)
select substring('hello', -1, 1);
substring('hello', -1, 1)
o
select substring('hello', -2, 1);
substring('hello', -2, 1)
l
select substring('hello', -4294967295, 1);
substring('hello', -4294967295, 1)
select substring('hello', 4294967295, 1);
substring('hello', 4294967295, 1)
select substring('hello', -4294967296, 1);
substring('hello', -4294967296, 1)
select substring('hello', 4294967296, 1);
substring('hello', 4294967296, 1)
select substring('hello', -4294967297, 1);
substring('hello', -4294967297, 1)
select substring('hello', 4294967297, 1);
substring('hello', 4294967297, 1)
select substring('hello', -18446744073709551615, 1);
substring('hello', -18446744073709551615, 1)
select substring('hello', 18446744073709551615, 1);
substring('hello', 18446744073709551615, 1)
select substring('hello', -18446744073709551616, 1);
substring('hello', -18446744073709551616, 1)
select substring('hello', 18446744073709551616, 1);
substring('hello', 18446744073709551616, 1)
select substring('hello', -18446744073709551617, 1);
substring('hello', -18446744073709551617, 1)
select substring('hello', 18446744073709551617, 1);
substring('hello', 18446744073709551617, 1)
select substring('hello', 1, -1);
substring('hello', 1, -1)
select substring('hello', 1, -4294967295);
substring('hello', 1, -4294967295)
select substring('hello', 1, 4294967295);
substring('hello', 1, 4294967295)
hello
select substring('hello', 1, -4294967296);
substring('hello', 1, -4294967296)
select substring('hello', 1, 4294967296);
substring('hello', 1, 4294967296)
hello
select substring('hello', 1, -4294967297);
substring('hello', 1, -4294967297)
select substring('hello', 1, 4294967297);
substring('hello', 1, 4294967297)
hello
select substring('hello', 1, -18446744073709551615);
substring('hello', 1, -18446744073709551615)
select substring('hello', 1, 18446744073709551615);
substring('hello', 1, 18446744073709551615)
hello
select substring('hello', 1, -18446744073709551616);
substring('hello', 1, -18446744073709551616)
select substring('hello', 1, 18446744073709551616);
substring('hello', 1, 18446744073709551616)
hello
select substring('hello', 1, -18446744073709551617);
substring('hello', 1, -18446744073709551617)
select substring('hello', 1, 18446744073709551617);
substring('hello', 1, 18446744073709551617)
hello
select substring('hello', -1, -1);
substring('hello', -1, -1)
select substring('hello', -4294967295, -4294967295);
substring('hello', -4294967295, -4294967295)
select substring('hello', 4294967295, 4294967295);
substring('hello', 4294967295, 4294967295)
select substring('hello', -4294967296, -4294967296);
substring('hello', -4294967296, -4294967296)
select substring('hello', 4294967296, 4294967296);
substring('hello', 4294967296, 4294967296)
select substring('hello', -4294967297, -4294967297);
substring('hello', -4294967297, -4294967297)
select substring('hello', 4294967297, 4294967297);
substring('hello', 4294967297, 4294967297)
select substring('hello', -18446744073709551615, -18446744073709551615);
substring('hello', -18446744073709551615, -18446744073709551615)
select substring('hello', 18446744073709551615, 18446744073709551615);
substring('hello', 18446744073709551615, 18446744073709551615)
select substring('hello', -18446744073709551616, -18446744073709551616);
substring('hello', -18446744073709551616, -18446744073709551616)
select substring('hello', 18446744073709551616, 18446744073709551616);
substring('hello', 18446744073709551616, 18446744073709551616)
select substring('hello', -18446744073709551617, -18446744073709551617);
substring('hello', -18446744073709551617, -18446744073709551617)
select substring('hello', 18446744073709551617, 18446744073709551617);
substring('hello', 18446744073709551617, 18446744073709551617)
SELECT SUBSTRING('Sakila' FROM -4 FOR 2);
SUBSTRING('Sakila' FROM -4 FOR 2)
ki
SELECT SUBSTRING('foobarbar' FROM 4);
SUBSTRING('foobarbar' FROM 4)
barbar
SELECT SUBSTR('w3resource',4,3);
SUBSTR('w3resource',4,3)
eso
select substring('abc', cast(2 as unsigned int));
substring('abc', cast(2 as unsigned int))
bc
create table t1(f1 varchar(255));
insert into t1 values ("123"),("456");
select substring(f1,1,1) from t1 group by 1;
column "t1.f1" must appear in the GROUP BY clause or be used in an aggregate function
drop table t1;
SELECT '1' IN ('1', SUBSTRING(-9223372036854775809, 1));
'1' IN ('1', SUBSTRING(-9223372036854775809, 1))
true
SELECT SUBSTRING('1', year(FROM_UNIXTIME(-1)));
SUBSTRING('1', year(FROM_UNIXTIME(-1)))
null
select reverse(substring(1,1,1));
reverse(substring(1,1,1))
1
CREATE TABLE t1(c1 CHAR(30));
INSERT INTO t1 VALUES('111'),('222');
SELECT DISTINCT substr(c1, 1, 2147483647) FROM t1;
substr(c1, 1, 2147483647)
111
222
SELECT DISTINCT substr(c1, 1, 2147483648) FROM t1;
substr(c1, 1, 2147483648)
111
222
SELECT DISTINCT substr(c1, -1, 2147483648) FROM t1;
substr(c1, -1, 2147483648)
1
2
SELECT DISTINCT substr(c1, -2147483647, 2147483648) FROM t1;
substr(c1, -2147483647, 2147483648)
SELECT DISTINCT substr(c1, 9223372036854775807, 23) FROM t1;
substr(c1, 9223372036854775807, 23)
DROP TABLE t1;
create table t1 (b varchar(5));
insert t1 values ('ab'), ('abc'), ('abcd'), ('abcde');
select *,substring(b,1),substring(b,-1),substring(b,-2),substring(b,-3),substring(b,-4),substring(b,-5) from t1;
b	substring(b,1)	substring(b,-1)	substring(b,-2)	substring(b,-3)	substring(b,-4)	substring(b,-5)
ab	ab	b	ab			
abc	abc	c	bc	abc		
abcd	abcd	d	cd	bcd	abcd	
abcde	abcde	e	de	cde	bcde	abcde
select * from (select *,substring(b,1),substring(b,-1),substring(b,-2),substring(b,-3),substring(b,-4),substring(b,-5) from t1) t;
b	substring(b,1)	substring(b,-1)	substring(b,-2)	substring(b,-3)	substring(b,-4)	substring(b,-5)
ab	ab	b	ab			
abc	abc	c	bc	abc		
abcd	abcd	d	cd	bcd	abcd	
abcde	abcde	e	de	cde	bcde	abcde
drop table t1;
CREATE TABLE t1 (a varchar(2000), b varchar(10));
INSERT INTO t1 select space(1300),'one';
INSERT INTO t1 select space(1300),'two';
SELECT SUBSTRING(a,1,10), LENGTH(a) FROM t1 GROUP BY a;
SUBSTRING(a,1,10)	LENGTH(a)
          	1300
drop table t1;
CREATE TABLE t1(a INT);
INSERT INTO t1 VALUES (0),(0);
SELECT 1 FROM t1 GROUP BY SUBSTRING('',1,'');
1
1
drop table t1;
create table t1 (email varchar(50));
insert into t1 values ('sasha@mysql.com'),('monty@mysql.com'),('foo@hotmail.com'),('foo@aol.com'),('bar@aol.com');
create table t2(id int not null, t2 varchar(50));
insert into t2 select 1, substring(email, 2,1) from t1;
select id from t2;
id
1
1
1
1
1
select t2 from t2;
t2
a
o
o
o
a
drop table t1;
drop table t2;
create table t1 (a varchar(50));
insert into t1 values("你好"), ("再见"), ("今天");
select * from t1;
a
你好
再见
今天
select substring(a, 1, 1) from t1;
substring(a, 1, 1)
你
再
今
drop table t1;
select substring(null, 1, 1);
substring(null, 1, 1)
null
create table t1 (b varchar(5));
insert t1 values ('ab'), ('abc'), ('abcd'), ('abcde');
select * from t1 where substring(b,1,1) = 'a';
b
ab
abc
abcd
abcde
drop table t1;
drop table if exists t1;
create table t1(b varchar(5));
insert into t1 values('ab'), ('abc'), ('abcd'), ('abcde');
select b from t1 group by b having substring(b,1,1)+'a'='aa';
Operator '+' with parameters [VARCHAR VARCHAR] will be implemented in future version.
drop table t1;
drop table if exists t1;
drop table if exists t2;
create table t1(a varchar(5));
create table t2(a varchar(20));
insert into t1 values('ab'), ('abc'), ('abcd'), ('abcde');
insert into t2 values("2013-04-30"),("1994-10-04"),("2018-06-04"),("2012-10-12"), ("abc"),("abcd");
SELECT t1.a, t2.a FROM t1 JOIN t2 ON (substring(t1.a, 1,1) = substring(t2.a, 1,1 ));
a	a
abcde	abc
abcd	abc
abc	abc
ab	abc
abcde	abcd
abcd	abcd
abc	abcd
ab	abcd
drop table t1;
drop table t2;
