SELECT SUBSTRING_INDEX('www.mysql.com', '.', 0);
substring_index(www.mysql.com, ., 0)

SELECT SUBSTRING_INDEX('www.mysql.com', '.', 1);
substring_index(www.mysql.com, ., 1)
www
SELECT SUBSTRING_INDEX('www.mysql.com', '.', 2);
substring_index(www.mysql.com, ., 2)
www.mysql
SELECT SUBSTRING_INDEX('www.mysql.com', '.', 3);
substring_index(www.mysql.com, ., 3)
www.mysql.com
SELECT SUBSTRING_INDEX('www.mysql.com', '.', -3);
substring_index(www.mysql.com, ., -3)
www.mysql.com
SELECT SUBSTRING_INDEX('www.mysql.com', '.', -2);
substring_index(www.mysql.com, ., -2)
mysql.com
SELECT SUBSTRING_INDEX('www.mysql.com', '.', -1);
substring_index(www.mysql.com, ., -1)
com
SELECT SUBSTRING_INDEX('www.mysql.com', '', 0);
substring_index(www.mysql.com, , 0)

SELECT SUBSTRING_INDEX('www.mysql.com', '.', '0');
substring_index(www.mysql.com, ., 0)

SELECT SUBSTRING_INDEX('www.mysql.com', '.', '1');
substring_index(www.mysql.com, ., 1)
www
SELECT SUBSTRING_INDEX('www.mysql.com', '.', '2');
substring_index(www.mysql.com, ., 2)
www.mysql
SELECT SUBSTRING_INDEX('www.mysql.com', '.', '3');
substring_index(www.mysql.com, ., 3)
www.mysql.com
SELECT SUBSTRING_INDEX('www.mysql.com', '.', '4');
substring_index(www.mysql.com, ., 4)
www.mysql.com
SELECT SUBSTRING_INDEX('www.mysql.com', '.', '-3');
substring_index(www.mysql.com, ., -3)
www.mysql.com
SELECT SUBSTRING_INDEX('www.mysql.com', '.', '-2');
substring_index(www.mysql.com, ., -2)
mysql.com
SELECT SUBSTRING_INDEX('www.mysql.com', '.', '-1');
substring_index(www.mysql.com, ., -1)
com
SELECT SUBSTRING_INDEX('www.mysql.com', '', '0');
substring_index(www.mysql.com, , 0)

select substring_index('xyz', 'abc', 9223372036854775808);
substring_index(xyz, abc, 9223372036854775808)
xyz
select substring_index("aaa.bbb.ccc.ddd.eee",'.',18446744073709551613);
substring_index(aaa.bbb.ccc.ddd.eee, ., 18446744073709551613)
aaa.bbb.ccc.ddd.eee
select substring_index("aaa.bbb.ccc.ddd.eee",'.',-18446744073709551613);
substring_index(aaa.bbb.ccc.ddd.eee, ., -18446744073709551613)
aaa.bbb.ccc.ddd.eee
select substring_index(null, 'abc', 9223372036854775808);
substring_index(null, abc, 9223372036854775808)
null
select substring_index('xyz', null, 9223372036854775808);
substring_index(xyz, null, 9223372036854775808)
null
select substring_index('xyz', 'abc', null);
substring_index(xyz, abc, null)
null
SELECT SUBSTRING_INDEX('192,168,8,203', ',', 1);
substring_index(192,168,8,203, ,, 1)
192
SELECT SUBSTRING_INDEX('192,168,8,203', ',', -1);
substring_index(192,168,8,203, ,, -1)
203
SELECT SUBSTRING_INDEX(SUBSTRING_INDEX('192,168,8,203', ',', 2), ',',-1);
substring_index(substring_index(192,168,8,203, ,, 2), ,, -1)
168
SELECT SUBSTRING_INDEX(SUBSTRING_INDEX('192,168,8,203', ',', -2), ',',1);
substring_index(substring_index(192,168,8,203, ,, -2), ,, 1)
8
create table test(a varchar(100), b varchar(20), c int);
insert into test values('www.mysql.com', '.', 0);
insert into test values('www.mysql.com', '.', 1);
insert into test values('www.mysql.com', '.', 2);
insert into test values('www.mysql.com', '.', 3);
insert into test values('www.mysql.com', '.', 9223372036854775808);
truncated type INT value 9223372036854775808 for column c, 1
insert into test values('www.mysql.com', '.', -1);
insert into test values('www.mysql.com', '.', -2);
insert into test values('www.mysql.com', '.', -3);
select SUBSTRING_INDEX(a, b, c) from test;
substring_index(a, b, c)

www
www.mysql
www.mysql.com
com
mysql.com
www.mysql.com
drop table test;
create table test(a varchar(100), b varchar(20), c float);
insert into test values('www.mysql.com', '.', 0);
insert into test values('www.mysql.com', '.', 1.0);
insert into test values('www.mysql.com', '.', 2.0);
insert into test values('www.mysql.com', '.', 3.0);
insert into test values('www.mysql.com', '.', 92233720368547758.0);
insert into test values('www.mysql.com', '.', -1.0);
insert into test values('www.mysql.com', '.', -2.0);
insert into test values('www.mysql.com', '.', -3.0);
select SUBSTRING_INDEX(a, b, c) from test;
substring_index(a, b, c)

www
www.mysql
www.mysql.com
www.mysql.com
com
mysql.com
www.mysql.com
drop table test;
create table test(a varchar(100), b varchar(20), c varchar(100));
insert into test values('www.mysql.com', '.', '0');
insert into test values('www.mysql.com', '.', '1');
insert into test values('www.mysql.com', '.', '2');
insert into test values('www.mysql.com', '.', '3');
insert into test values('www.mysql.com', '.', '-1');
insert into test values('www.mysql.com', '.', '-2');
insert into test values('www.mysql.com', '.', '-3');
select SUBSTRING_INDEX(a, b, c) from test;
substring_index(a, b, c)

www
www.mysql
www.mysql.com
com
mysql.com
www.mysql.com
drop table test;
create table test(a text, b varchar(20), c int);
insert into test values('www.mysql.com', '.', 0);
insert into test values('www.mysql.com', '.', 1);
insert into test values('www.mysql.com', '.', 2);
insert into test values('www.mysql.com', '.', 3);
insert into test values('www.mysql.com', '.', 9223372036854775808);
truncated type INT value 9223372036854775808 for column c, 1
insert into test values('www.mysql.com', '.', -1);
insert into test values('www.mysql.com', '.', -2);
insert into test values('www.mysql.com', '.', -3);
select SUBSTRING_INDEX(a, b, c) from test;
substring_index(a, b, c)

www
www.mysql
www.mysql.com
com
mysql.com
www.mysql.com
drop table test;
create table test(a blob, b varchar(20), c int);
insert into test values('www.mysql.com', '.', 0);
insert into test values('www.mysql.com', '.', 1);
insert into test values('www.mysql.com', '.', 2);
insert into test values('www.mysql.com', '.', 3);
insert into test values('www.mysql.com', '.', 9223372036854775808);
truncated type INT value 9223372036854775808 for column c, 1
insert into test values('www.mysql.com', '.', -1);
insert into test values('www.mysql.com', '.', -2);
insert into test values('www.mysql.com', '.', -3);
select SUBSTRING_INDEX(a, b, c) from test;
substring_index(a, b, c)

www
www.mysql
www.mysql.com
com
mysql.com
www.mysql.com
drop table test;
