select log(ln(10)),ln(log(2));
log(ln(10))	ln(log(2))
0.834032445247956	-0.36651292058166435
SELECT ln(2);
ln(2)
0.6931471805599453
SELECT ln(-2);
ln(-2)
null
SELECT ln(0);
ln(0)
null
select ln(0.00000000000000001);
ln(0.00000000000000001)
-39.14394658089878
select ln(2e2);
ln(2e2)
5.298317366548036
select ln(0.141241241241313);
ln(0.141241241241313)
-1.9572859197892771
select ln(-124314124124.12412341);
ln(-124314124124.12412341)
null
select ln(null);
ln(null)
null
CREATE TABLE t1(a DOUBLE);
INSERT INTO t1 select (ln(56));
INSERT INTO t1 select (ln(100));
SELECT * FROM t1 ORDER BY a;
a
4.02535169073515
4.605170185988092
drop table t1;
create table t1(a tinyint, b SMALLINT, c bigint, d INT, e BIGINT, f FLOAT, g DOUBLE, h decimal(38,19));
insert into t1 values(1, 1, 2, 4, 5, 5.5, 31.13, 14.314);
select ln(a),ln(b),ln(c),ln(d),ln(e),ln(f),ln(g),ln(h) from t1;
ln(a)	ln(b)	ln(c)	ln(d)	ln(e)	ln(f)	ln(g)	ln(h)
0.0	0.0	0.6931471805599453	1.3862943611198906	1.6094379124341003	1.7047480922384253	3.4381719844535166	2.661238079316406
drop table t1;
select ln(123.54-123.03);
ln(123.54-123.03)
-0.6733445532637656
select ln(123.54*0.34);
ln(123.54*0.34)
3.737755328895823
select ln(134)-ln(194);
ln(134)-ln(194)
-0.3700183591124171
drop table if exists t1;
create table t1(a int);
insert into t1 values(10), (100);
select distinct * from t1 where ln(a)>0;
a
10
100
drop table t1;
create table t1(a INT, b int);
create table t2(a INT, b int);
insert into t1 values(2,4), (100,23);
insert into t2 values(10,100), (4,41);
SELECT t1.a, t2.a FROM t1 JOIN t2 ON (ln(t1.a) <> ln(t2.a));
a	a
100	10
2	10
100	4
2	4
drop table t1;
drop table t2;
drop table if exists t1;
create table t1(a float,  b float);
insert into t1 values(14.413, 43.413), (8.123, 0.409);
select b from t1 group by b having ln(b)>0;
b
43.413
drop table t1;
