SELECT SIN(PI());
SIN(PI())
1.2246467991473532E-16
SELECT ROUND(SIN(PI()));
ROUND(SIN(PI()))
0.0
SELECT COS(PI());
COS(PI())
-1.0
SELECT COT(12);
COT(12)
-1.5726734063976895
SELECT TAN(PI());
TAN(PI())
-1.2246467991473532E-16
SELECT TAN(PI()+1);
TAN(PI()+1)
1.5574077246549016
SELECT ACOS(1);
ACOS(1)
0.0
SELECT ACOS(1.0001);
ACOS(1.0001)
null
SELECT ACOS(0);
ACOS(0)
1.5707963267948966
SELECT ATAN(2);
ATAN(2)
1.1071487177940906
SELECT ATAN(-2);
ATAN(-2)
-1.1071487177940906
SELECT ATAN(-2,2);
ATAN(-2,2)
-0.7853981633974483
SELECT SIN(13413);
SIN(13413)
-0.9995549842668945
SELECT SIN(-3114);
SIN(-3114)
0.6300986853612236
SELECT SIN(1);
SIN(1)
0.8414709848078965
SELECT SIN(-1);
SIN(-1)
-0.8414709848078965
SELECT SIN(0);
SIN(0)
0.0
SELECT SIN(0.001);
SIN(0.001)
9.999998333333417E-4
SELECT SIN(-0.001);
SIN(-0.001)
-9.999998333333417E-4
SELECT SIN("ABC");
SIN("ABC")
0.0
SELECT COS(13413);
COS(13413)
-0.02983007588338295
SELECT COS(-3114);
COS(-3114)
-0.7765150653439106
SELECT COS(1);
COS(1)
0.5403023058681398
SELECT COS(-1);
COS(-1)
0.5403023058681398
SELECT COS(0);
COS(0)
1.0
SELECT COS(0.001);
COS(0.001)
0.9999995000000417
SELECT COS(-0.001);
COS(-0.001)
0.9999995000000417
SELECT COS("ABC");
COS("ABC")
1.0
SELECT TAN(13413);
TAN(13413)
33.50829505679211
SELECT TAN(-3114);
TAN(-3114)
-0.8114442507076914
SELECT TAN(1);
TAN(1)
1.557407724654902
SELECT TAN(-1);
TAN(-1)
-1.557407724654902
SELECT TAN(0);
TAN(0)
0.0
SELECT TAN(0.001);
TAN(0.001)
0.0010000003333334668
SELECT TAN(-0.001);
TAN(-0.001)
-0.0010000003333334668
SELECT TAN("ABC");
TAN("ABC")
0.0
SELECT COT(13413);
COT(13413)
0.029843356646619378
SELECT COT(-3114);
COT(-3114)
-1.2323705530328941
SELECT COT(1);
COT(1)
0.6420926159343308
SELECT COT(-1);
COT(-1)
-0.6420926159343308
SELECT COT(0.001);
COT(0.001)
999.9996666666443
SELECT COT(-0.001);
COT(-0.001)
-999.9996666666443
select cot(0);
cot(0) value out of range
SELECT ATAN(13413);
ATAN(13413)
1.5707217722583913
SELECT ATAN(-3114);
ATAN(-3114)
-1.5704751964270016
SELECT ATAN(1);
ATAN(1)
0.7853981633974483
SELECT ATAN(-1);
ATAN(-1)
-0.7853981633974483
SELECT ATAN(0);
ATAN(0)
0.0
SELECT ATAN(0.001);
ATAN(0.001)
9.999996666668668E-4
SELECT ATAN(-0.001);
ATAN(-0.001)
-9.999996666668668E-4
SELECT ATAN("ABC");
ATAN("ABC")
0.0
SELECT SIN(NULL);
SIN(NULL)
null
SELECT COS(NULL);
COS(NULL)
null
SELECT TAN(NULL);
TAN(NULL)
null
SELECT COT(NULL);
COT(NULL)
null
SELECT ACOS(NULL);
ACOS(NULL)
null
SELECT ATAN(NULL);
ATAN(NULL)
null
create table t1(a tinyint, b SMALLINT, c bigint, d INT, e BIGINT, f FLOAT, g DOUBLE, h decimal(38,19), i DATE, k datetime, l TIMESTAMP, m char(255), n varchar(255));
insert into t1 values(1, 1, 2, 43, 5, 35.5, 31.133, 14.314, "2012-03-10", "2012-03-12 10:03:12", "2022-03-12 13:03:12", "ab23c", "d5cf");
insert into t1 values(71, 1, 2, 34, 5, 5.5, 341.13, 15.314, "2012-03-22", "2013-03-12 10:03:12", "2032-03-12 13:04:12", "abr23c", "3dcf");
insert into t1 values(1, 1, 21, 4, 54, 53.5, 431.13, 14.394, "2011-03-12", "2015-03-12 10:03:12", "2002-03-12 13:03:12", "afbc", "dct5f");
insert into t1 values(1, 71, 2, 34, 5, 5.5, 31.313, 124.314, "2012-01-12", "2019-03-12 10:03:12", "2013-03-12 13:03:12", "3abd1c", "dcvf");
select sin(a), cos(a), tan(a),cot(a),acos(a),atan(a) from t1;
sin(a)	cos(a)	tan(a)	cot(a)	acos(a)	atan(a)
0.8414709848078965	0.5403023058681398	1.557407724654902	0.6420926159343308	0.0	0.7853981633974483
0.9510546532543747	-0.3090227281660707	-3.0776204031933605	-0.324926361601448	null	1.5567127509720364
0.8414709848078965	0.5403023058681398	1.557407724654902	0.6420926159343308	0.0	0.7853981633974483
0.8414709848078965	0.5403023058681398	1.557407724654902	0.6420926159343308	0.0	0.7853981633974483
select sin(b), cos(b), tan(b),cot(b),acos(b),atan(b) from t1;
sin(b)	cos(b)	tan(b)	cot(b)	acos(b)	atan(b)
0.8414709848078965	0.5403023058681398	1.557407724654902	0.6420926159343308	0.0	0.7853981633974483
0.8414709848078965	0.5403023058681398	1.557407724654902	0.6420926159343308	0.0	0.7853981633974483
0.8414709848078965	0.5403023058681398	1.557407724654902	0.6420926159343308	0.0	0.7853981633974483
0.9510546532543747	-0.3090227281660707	-3.0776204031933605	-0.324926361601448	null	1.5567127509720364
select sin(c), cos(c), tan(c),cot(c),acos(c),atan(c) from t1;
sin(c)	cos(c)	tan(c)	cot(c)	acos(c)	atan(c)
0.9092974268256817	-0.4161468365471424	-2.185039863261519	-0.45765755436028577	null	1.1071487177940906
0.9092974268256817	-0.4161468365471424	-2.185039863261519	-0.45765755436028577	null	1.1071487177940906
0.836655638536056	-0.5477292602242684	-1.527498527636603	-0.6546651154860578	null	1.5232132235179132
0.9092974268256817	-0.4161468365471424	-2.185039863261519	-0.45765755436028577	null	1.1071487177940906
select sin(d), cos(d), tan(d),cot(d),acos(d),atan(d) from t1;
sin(d)	cos(d)	tan(d)	cot(d)	acos(d)	atan(d)
-0.8317747426285983	0.5551133015206257	-1.4983873388551707	-0.6673841763532525	null	1.5475447039844337
0.5290826861200238	-0.8485702747846052	-0.6234989627162255	-1.6038519064146899	null	1.5413930385908916
-0.7568024953079283	-0.6536436208636119	1.1578212823495775	0.8636911544506167	null	1.3258176636680326
0.5290826861200238	-0.8485702747846052	-0.6234989627162255	-1.6038519064146899	null	1.5413930385908916
select sin(e), cos(e), tan(e),cot(e),acos(e),atan(e) from t1;
sin(e)	cos(e)	tan(e)	cot(e)	acos(e)	atan(e)
-0.9589242746631385	0.28366218546322625	-3.380515006246585	-0.2958129155327456	null	1.373400766945016
-0.9589242746631385	0.28366218546322625	-3.380515006246585	-0.2958129155327456	null	1.373400766945016
-0.5587890488516163	-0.8293098328631502	0.6738001006480597	1.484119695200701	null	1.5522799247268875
-0.9589242746631385	0.28366218546322625	-3.380515006246585	-0.2958129155327456	null	1.373400766945016
select sin(f), cos(f), tan(f),cot(f),acos(f),atan(f) from t1;
sin(f)	cos(f)	tan(f)	cot(f)	acos(f)	atan(f)
-0.8090187662119065	-0.587782813560387	1.3763906455709773	0.7265379223680812	null	1.5426347598070043
-0.7055403255703919	0.70866977429126	-0.995584052213885	-1.0044355348765333	null	1.3909428270024184
-0.09279121175730869	-0.9956855884367365	0.09319328594782049	10.730386742237057	null	1.5521069143479909
-0.7055403255703919	0.70866977429126	-0.995584052213885	-1.0044355348765333	null	1.3909428270024184
select sin(g), cos(g), tan(g),cot(g),acos(g),atan(g) from t1;
sin(g)	cos(g)	tan(g)	cot(g)	acos(g)	atan(g)
-0.27916702435082624	0.960242559208404	-0.2907255272886086	-3.4396704318547213	null	1.5386871079895943
0.9645147349480212	-0.2640290250486648	-3.653063275032908	-0.27374286310192414	null	1.5678649014274997
-0.6682146725852425	-0.7439685150204929	0.8981760102668273	1.1133675232574105	null	1.5684768449526045
-0.10274490038158632	0.9947077387079976	-0.103291546233509	-9.681334402133174	null	1.5388715592334
select sin(h), cos(h), tan(h),cot(h),acos(h),atan(h) from t1;
sin(h)	cos(h)	tan(h)	cot(h)	acos(h)	atan(h)
0.9844057342302103	-0.1759129057649856	-5.595983591706154	-0.17869959473828817	null	1.5010479781071044
0.3838510820599206	-0.923395011250022	-0.41569542544992977	-2.405607420186656	null	1.505589178172813
0.9671992895453196	-0.2540187676196956	-3.8075898824663335	-0.2626333273457116	null	1.5014343848467917
-0.9756589591814997	0.21929340019451712	-4.4491031573046556	-0.22476439962021863	null	1.5627523540210526
select sin(i), cos(i), tan(i),cot(i),acos(i),atan(i) from t1;
sin(i)	cos(i)	tan(i)	cot(i)	acos(i)	atan(i)
-0.9636543983126696	0.26715201779632264	-3.6071387604018113	-0.2772280376285293	null	1.570796277093873
-0.956530116604801	-0.29163356464578255	3.2799040733414904	0.3048869654840921	null	1.5707962770939028
-0.379315563851257	-0.9252673683969423	0.40995238436694714	2.4393076809254586	null	1.570796277069164
0.9818578412426335	-0.18961851067434182	-5.178069576387055	-0.19312216362641843	null	1.570796277093384
select sin(k), cos(k), tan(k),cot(k),acos(k),atan(k) from t1;
sin(k)	cos(k)	tan(k)	cot(k)	acos(k)	atan(k)
0.8778806798417133	-0.47887943363716434	-1.8331977073520822	-0.545494899971496	null	1.5707963267948468
0.9999514571273109	0.009853090325767762	101.48607432454384	0.009853568646296091	null	1.570796326794847
0.516262324727047	0.8564305062685618	0.60280702397721	1.6589056866029592	null	1.570796326794847
-0.9970865277426668	0.07627880566757722	-13.07160644449477	-0.07650169122259333	null	1.570796326794847
select sin(l), cos(l), tan(l),cot(l),acos(l),atan(l) from t1;
sin(l)	cos(l)	tan(l)	cot(l)	acos(l)	atan(l)
0.8680231381149973	0.49652374736460725	1.7482006504667553	0.572016718866343	null	1.5707963267948473
0.9901712503120509	-0.13986026975331417	-7.079717864540923	-0.14124856655779233	null	1.5707963267948475
-0.9712775413663274	0.23794944344835564	-4.081865152910655	-0.24498604499144958	null	1.5707963267948466
-0.604309316197871	0.7967498041144796	-0.7584681076508202	-1.3184469985129224	null	1.570796326794847
drop table t1;
Create table t1(a float);
insert into t1 select (sin(1));
insert into t1 select (cos(1));
insert into t1 select (tan(1));
insert into t1 select (cot(1));
insert into t1 select (acos(1));
insert into t1 select (atan(1));
insert into t1 select (sin(1));
insert into t1 select (cos(1));
insert into t1 select (tan(1));
insert into t1 select (cot(1));
insert into t1 select (acos(1));
insert into t1 select (atan(1));
select distinct sin(a) from t1;
sin(a)
0.7456241230036048
0.5143952334342761
0.9999103741675135
0.5988726343417219
0.0
0.7071067966408575
select distinct cos(a) from t1;
cos(a)
0.6663667662744783
0.8575532308959583
0.01338819002640532
0.8008442843877993
1.0
0.7071067657322372
select distinct tan(a) from t1;
tan(a)
1.118939540115781
0.5998405870348642
74.6860010348976
0.747801596410876
0.0
1.0000000437113907
select distinct acos(a) from t1;
acos(a)
0.5707963786279666
1.0000000347686513
null
0.873571492828528
1.5707963267948966
0.667457180719794
select distinct atan(a) from t1;
atan(a)
0.6995216279525449
0.4953672665727952
1.00000000353913
0.5707963474946961
0.0
0.6657737635458051
drop table t1;
drop table if exists t1;
create table t1(a INT,  b float);
insert into t1 values(1, 0),(0, 1),(1,1),(0,0);
select * from t1 where sin(a)<>cos(b);
a	b
1	0.0
0	1.0
1	1.0
0	0.0
select * from t1 where sin(b)<>cos(a);
a	b
1	0.0
0	1.0
1	1.0
0	0.0
select * from t1 where tan(b)<>cot(a-0.5);
a	b
1	0.0
0	1.0
1	1.0
0	0.0
select * from t1 where atan(b)<>acos(a);
a	b
0	1.0
1	1.0
0	0.0
drop table t1;
create table t1(a INT,  b float);
create table t2(a INT,  b float);
insert into t1 values(1, 0),(0, 1),(1,1),(0,0);
insert into t2 values(0, 1),(1, 0),(1,1),(0,0);
SELECT t1.a, t2.a FROM t1 JOIN t2 ON (sin(t1.a)=sin(t2.b));
a	a
1	0
1	0
0	1
0	1
1	1
1	1
0	0
0	0
SELECT t1.a, t2.a FROM t1 JOIN t2 ON (cos(t1.a)=cos(t2.b));
a	a
1	0
1	0
0	1
0	1
1	1
1	1
0	0
0	0
SELECT t1.a, t2.a FROM t1 JOIN t2 ON (tan(t1.a)=tan(t2.b));
a	a
1	0
1	0
0	1
0	1
1	1
1	1
0	0
0	0
SELECT t1.a, t2.a FROM t1 JOIN t2 ON (cot(t1.a-0.5)=cot(t2.b-0.5));
a	a
1	0
1	0
0	1
0	1
1	1
1	1
0	0
0	0
SELECT t1.a, t2.a FROM t1 JOIN t2 ON (acos(t1.a)=acos(t2.b));
a	a
1	0
1	0
0	1
0	1
1	1
1	1
0	0
0	0
SELECT t1.a, t2.a FROM t1 JOIN t2 ON (atan(t1.a)=atan(t2.b));
a	a
1	0
1	0
0	1
0	1
1	1
1	1
0	0
0	0
drop table t1;
drop table t2;
drop table if exists t1;
create table t1(a INT,  b float);
insert into t1 values(1, 0),(0, 1),(1,1),(0,0);
SELECT a FROM t1 group by a having sin(a)>0;
a
1
SELECT a FROM t1 group by a having cos(a)>0;
a
1
0
SELECT a FROM t1 group by a having tan(a)>0;
a
1
SELECT a FROM t1 group by a having cot(a-0.5)>0;
a
1
SELECT a FROM t1 group by a having acos(a)>0;
a
0
SELECT a FROM t1 group by a having atan(a)>0;
a
1
drop table t1;
SELECT sin(0.745e5);
sin(0.745e5)
0.2684780940249433
SELECT cos(1.1e5);
cos(1.1e5)
0.962472104675665
SELECT tan(1.1e5);
tan(1.1e5)
0.28196207581277094
SELECT cot(0.7e5);
cot(0.7e5)
-0.6889761663667616
SELECT acos(1.1e5);
acos(1.1e5)
null
SELECT atan(1.1e5);
atan(1.1e5)
1.570787235885806
