SELECT min(null);
min(null)
null
create table t1(a tinyint, b SMALLINT, c bigint, d INT, e BIGINT, f FLOAT, g DOUBLE, h decimal(38,19), i DATE, k datetime, l TIMESTAMP, m char(255), n varchar(255));
insert into t1 values(1, 1, 2, 43, 5, 35.5, 31.133, 14.314, "2012-03-10", "2012-03-12 10:03:12", "2022-03-12 13:03:12", "ab23c", "d5cf");
insert into t1 values(71, 1, 2, 34, 5, 5.5, 341.13, 15.314, "2012-03-22", "2013-03-12 10:03:12", "2032-03-12 13:04:12", "abr23c", "3dcf");
insert into t1 values(1, 1, 21, 4, 54, 53.5, 431.13, 14.394, "2011-03-12", "2015-03-12 10:03:12", "2002-03-12 13:03:12", "afbc", "dct5f");
insert into t1 values(1, 71, 2, 34, 5, 5.5, 31.313, 124.314, "2012-01-12", "2019-03-12 10:03:12", "2013-03-12 13:03:12", "3abd1c", "dcvf");
select min(a) from t1;
min(a)
1
select min(b) from t1;
min(b)
1
select min(c) from t1;
min(c)
2
select min(d) from t1;
min(d)
4
select min(e) from t1;
min(e)
5
select min(f) from t1;
min(f)
5.5
select min(g) from t1;
min(g)
31.133
select min(h) from t1;
min(h)
14.3140000000000000000
select min(i) from t1;
min(i)
2011-03-12
select min(k) from t1;
min(k)
2012-03-12 10:03:12
select min(l) from t1;
min(l)
2002-03-12 13:03:12
select min(m) from t1;
min(m)
3abd1c
select min(n) from t1;
min(n)
3dcf
drop table t1;
select min(99999999999999999.99999);
min(99999999999999999.99999)
99999999999999999.99999
select min(999999999999999933193939.99999);
min(999999999999999933193939.99999)
999999999999999933193939.99999
select min(9999999999999999999999999999999999.9999999999999);
min(9999999999999999999999999999999999.9999999999999)
9999999999999999999999999999999999.9999999999999
select min(-99999999999999999.99999);
min(-99999999999999999.99999)
-99999999999999999.99999
select min(-999999999999999933193939.99999);
min(-999999999999999933193939.99999)
-999999999999999933193939.99999
select min(-9999999999999999999999999999999999.9999999999999);
min(-9999999999999999999999999999999999.9999999999999)
-9999999999999999999999999999999999.9999999999999
create table t1(a bigint);
select min(a) from t1;
min(a)
null
insert into t1 values(null),(null),(null),(null);
select min(a) from t1;
min(a)
null
insert into t1 values(12417249128419),(124124125124151),(5124125151415),(124125152651515);
select min(a) from t1;
min(a)
5124125151415
drop table t1;
create table t1 ( a int not null default 1, big bigint );
insert into t1 (big) values (-1),(1234567890167),(92233720368547),(18446744073709515);
select * from t1;
a	big
1	-1
1	1234567890167
1	92233720368547
1	18446744073709515
select min(big),max(big),min(big)-1 from t1;
min(big)	max(big)	min(big)-1
-1	18446744073709515	-2
select min(big),max(big),min(big)-1 from t1 group by a;
min(big)	max(big)	min(big)-1
-1	18446744073709515	-2
insert into t1 (big) values (184467440737615);
select * from t1;
a	big
1	-1
1	1234567890167
1	92233720368547
1	18446744073709515
1	184467440737615
select min(big),max(big),min(big)-1 from t1;
min(big)	max(big)	min(big)-1
-1	18446744073709515	-2
select min(big),max(big),min(big)-1 from t1 group by a;
min(big)	max(big)	min(big)-1
-1	18446744073709515	-2
drop table t1;
CREATE TABLE t1 (Fld1 int(11) default NULL,Fld2 int(11) default NULL);
INSERT INTO t1 VALUES (1,10),(1,20),(2,NULL),(2,NULL),(3,50);
select Fld1,  min( Fld2) as q from t1 group by Fld1 having q is not null;
column "q" must appear in the GROUP BY clause or be used in an aggregate function
select Fld1, min(Fld2) from t1 group by Fld1 having min(Fld2) is not null;
Fld1	min(Fld2)
1	10
3	50
select Fld1, min(Fld2) from t1 group by Fld1 having avg(Fld2) is not null;
Fld1	min(Fld2)
1	10
3	50
select Fld1, min(Fld2) from t1 group by Fld1 having std(Fld2) is not null;
Fld1	min(Fld2)
1	10
3	50
select Fld1, min(Fld2) from t1 group by Fld1 having variance(Fld2) is not null;
Fld1	min(Fld2)
1	10
3	50
drop table t1;
SELECT min(1)<min(2);
min(1)<min(2)
true
