create table t1 (a double, b double, c double );
insert into t1 select -2,2,0.6;
insert into t1 select PI(),6,0;
select * from t1;
a	b	c
-2.0	2.0	0.6
3.141592653589793	6.0	0.0
drop table t1;
SELECT PI() AS DefaultPiValue;
DefaultPiValue
3.141593
SELECT PI()+0.000000000000000000 AS PiValue;
PiValue
3.141592653589793
CREATE TABLE Circle(Circle_id INT,  Radius DECIMAL(10, 3) NOT NULL,PRIMARY KEY(Circle_id ));
INSERT INTO Circle(Radius )
VALUES
(2 ),(3),(10 ),(12.5 ),(6.80),
(4.60 ),(6),(20),(25) ;
constraint vialation: Column 'circle_id' cannot be null
SELECT * FROM Circle;
Circle_id	Radius
SELECT Circle_id, Radius,
PI() * Radius * Radius  AS Area,
2 * PI() * Radius AS Perimeter
FROM Circle;
Circle_id	Radius	Area	Perimeter
drop table Circle;
SELECT distinct PI();
PI()
3.141593
SELECT PI()-3.1415;
pi() - 3.1415
9.265358979293481E-5
drop table if exists t1;
create table t1(a INT,  b float);
insert into t1 values(1,3.1415), (2, 4.14);
select * from t1 where pi()-b<0.1;
a	b
1	3.1415
2	4.14
drop table t1;
drop table if exists t1;
create table t1(a INT,  b float);
insert into t1 values(1, 1.1), (2,2.2);
select b from t1 group by b having b<pi();
b
1.1
2.2
drop table t1;
select pi(),sin(pi()/2);
pi()	sin(pi()/2)
3.141593	1.0
create table t1(a INT,  b float);
create table t2(a INT,  b float);
insert into t1 values(12124, -4213.413), (12124, -42413.409);
insert into t2 values(14124, -4213.413), (984798, -980.409);
SELECT t1.a, t2.a FROM t1 JOIN t2 ON (t1.b+pi() = t2.b+pi());
a	a
12124	14124
drop table t1;
drop table t2;
select pi()-1.04e5;
pi()-1.04e5
-103996.85840734642
