select left('abcde', 3) from dual;
left(abcde, 3)
abc
select left('abcde', 0) from dual;
left(abcde, 0)

select left('abcde', 10) from dual;
left(abcde, 10)
abcde
select left('abcde', -1) from dual;
left(abcde, -1)

select left('abcde', null) from dual;
left(abcde, null)
null
select left(null, 3) from dual;
left(null, 3)
null
select left(null, null) from dual;
left(null, null)
null
select left('foobarbar', 5) from dual;
left(foobarbar, 5)
fooba
select left('qwerty', 1.2) from dual;
left(qwerty, 1.2)
q
select left('qwerty', 1.5) from dual;
left(qwerty, 1.5)
qw
select left('qwerty', 1.8) from dual;
left(qwerty, 1.8)
qw
select left("是都方式快递费",3) from dual;
left(是都方式快递费, 3)
是都方
select left("あいうえお",3) from dual;
left(あいうえお, 3)
あいう
select left("あいうえお ",3) from dual;
left(あいうえお , 3)
あいう
select left("あいうえお  ",3) from dual;
left(あいうえお  , 3)
あいう
select left("あいうえお   ",3) from dual;
left(あいうえお   , 3)
あいう
select left("龔龖龗龞龡",3) from dual;
left(龔龖龗龞龡, 3)
龔龖龗
select left("龔龖龗龞龡 ",3) from dual;
left(龔龖龗龞龡 , 3)
龔龖龗
select left("龔龖龗龞龡  ",3) from dual;
left(龔龖龗龞龡  , 3)
龔龖龗
select left("龔龖龗龞龡   ",3) from dual;
left(龔龖龗龞龡   , 3)
龔龖龗
drop table if exists t1;
CREATE TABLE t1 (str VARCHAR(100), len INT);
insert into t1 values('abcdefghijklmn',3);
insert into t1 values('ABCDEFGH123456', 3);
insert into t1 values('ABCDEFGHIJKLMN', 20);
insert into t1 values('ABCDEFGHijklmn', -1);
insert into t1 values('ABCDEFGH123456', 7);
insert into t1 values('', 3);
select left(str, len) from t1;
left(str, len)
abc
ABC
ABCDEFGHIJKLMN

ABCDEFG

select * from t1 where left(str, len) = 'ABC';
str    len
ABCDEFGH123456    3
select left(str, 3) from t1;
left(str, 3)
abc
ABC
ABC
ABC
ABC

select left('sdfsdfsdfsdf', len) from t1;
left(sdfsdfsdfsdf, len)
sdf
sdf
sdfsdfsdfsdf

sdfsdfs
sdf
drop table t1;
DROP TABLE IF EXISTS t2;
CREATE TABLE t2(
d INT,
d1 BIGINT,
d2 FLOAT,
d3 DOUBLE,
PRIMARY KEY (d)
);
INSERT INTO t2 VALUES (1,101210131014,50565056.5566,80898089.8899);
INSERT INTO t2 VALUES (2,46863515648464,9876453.3156153,6486454631564.156153489);
SELECT LEFT(d1,3), LEFT(d2,4), LEFT(d3,5) FROM t2;
left(d1, 3)    left(d2, 4)    left(d3, 5)
101    5056    80898
468    9876    64864
drop table t2;
