SELECT REGEXP_SUBSTR('Thailand or Cambodia', 'l.nd') Result;
result
land
SELECT REGEXP_SUBSTR('Lend for land', '^C') Result;
result
NULL
SELECT REGEXP_SUBSTR('Cat Cut Cot', 'C.t', 2) Result;
result
Cut
SELECT REGEXP_SUBSTR('Cat Cut Cot', 'C.t', 1, 1) 'Occurrence1';
Occurrence1
Cat
SELECT REGEXP_SUBSTR('Cat Cut Cot', 'C.t', 1, 2) 'Occurrence2';
Occurrence2
Cut
SELECT REGEXP_SUBSTR('Cat Cut Cot', 'C.t', 1, 3) 'Occurrence3';
Occurrence3
Cot
SELECT REGEXP_SUBSTR('Cat Cut Cot', 'C.t', 2, 1) 'Occurrence1';
Occurrence1
Cut
SELECT REGEXP_SUBSTR('Cat Cut Cot', 'C.t', 2, 2) 'Occurrence2';
Occurrence2
Cot
SELECT REGEXP_SUBSTR('Cat Cut Cot', 'C.t', 2, 3) 'Occurrence3';
Occurrence3
NULL
SELECT REGEXP_SUBSTR(NULL, 'C.t', 2, 1);
regexp_substr(null, C.t, 2, 1)
NULL
SELECT REGEXP_SUBSTR('Cat Cut Cot', NULL, 2, 1);
regexp_substr(Cat Cut Cot, null, 2, 1)
NULL
SELECT REGEXP_SUBSTR(NULL, NULL, 2, 1);
regexp_substr(null, null, 2, 1)
NULL
SELECT REGEXP_SUBSTR('Cat Cut Cot', "", 2, 1);
regexp_substr(Cat Cut Cot, , 2, 1)
NULL
create table t1(a int, b varchar(20));
insert into t1 values(1 , "PowerSlave");
insert into t1 values(2 , "Powerage");
insert into t1 values( 3 , "Singing Down the Lane" );
insert into t1 values(4 , "Ziltoid the Omniscient");
insert into t1 values(5 , "Casualties of Cool");
insert into t1 values( 6 , "Epicloud");
insert into t1 values(7 , "Somewhere in Time");
insert into t1 values(8 , "Piece of Mind");
SELECT a, REGEXP_SUBSTR(b, '.i') from t1;
a    regexp_substr(b, .i)
1    null
2    null
3    Si
4    Zi
5    ti
6    pi
7     i
8    Pi
drop table t1;
create table t1(a int, b varchar(20));
insert into t1 values(1 , "PowerSlave");
insert into t1 values(2 , "Powerage");
insert into t1 values( 3 , "Singing Down the Lane" );
insert into t1 values(4 , "Ziltoid the Omniscient");
insert into t1 values(5 , "Casualties of Cool");
insert into t1 values( 6 , "Epicloud");
insert into t1 values(7 , "Somewhere in Time");
insert into t1 values(8 , "Piece of Mind");
SELECT a, REGEXP_SUBSTR(b, '.i', 3) from t1;
a    regexp_substr(b, .i, 3)
1    null
2    null
3    gi
4    oi
5    ti
6    null
7     i
8    Mi
drop table t1;
create table t1(a int, b varchar(20));
insert into t1 values(1 , "PowerSlave");
insert into t1 values(2 , "Powerage");
insert into t1 values( 3 , "Singing Down the Lane" );
insert into t1 values(4 , "Ziltoid the Omniscient");
insert into t1 values(5 , "Casualties of Cool");
insert into t1 values( 6 , "Epicloud");
insert into t1 values(7 , "Somewhere in Time");
insert into t1 values(8 , "Piece of Mind");
SELECT a, REGEXP_SUBSTR(b, '.i', 3, 2) from t1;
a    regexp_substr(b, .i, 3, 2)
1    null
2    null
3    null
4    ni
5    null
6    null
7    Ti
8    null
drop table t1;
