select from_unixtime(2147483647);
from_unixtime(2147483647)
2038-01-19 11:14:07
select from_unixtime(2147483648);
from_unixtime(2147483648)
2038-01-19 11:14:08
select from_unixtime(0);
from_unixtime(0)
1970-01-01 08:00:00
select from_unixtime(-1);
from_unixtime(-1)
null
select from_unixtime(-2147483648);
from_unixtime(-2147483648)
null
select unix_timestamp(from_unixtime(2147483647));
unix_timestamp(from_unixtime(2147483647))
2147483647
select unix_timestamp(from_unixtime(2147483648));
unix_timestamp(from_unixtime(2147483648))
2147483648
select unix_timestamp('2039-01-20 01:00:00');
unix_timestamp('2039-01-20 01:00:00')
2179069200
select unix_timestamp('1968-01-20 01:00:00');
unix_timestamp('1968-01-20 01:00:00')
0
select unix_timestamp('2038-02-10 01:00:00');
unix_timestamp('2038-02-10 01:00:00')
2149347600
select unix_timestamp('1969-11-20 01:00:00');
unix_timestamp('1969-11-20 01:00:00')
0
select unix_timestamp('2038-01-20 01:00:00');
unix_timestamp('2038-01-20 01:00:00')
2147533200
select unix_timestamp('1969-12-30 01:00:00');
unix_timestamp('1969-12-30 01:00:00')
0
select unix_timestamp('2038-01-17 12:00:00');
unix_timestamp('2038-01-17 12:00:00')
2147313600
select unix_timestamp('1970-01-01 03:00:01');
unix_timestamp('1970-01-01 03:00:01')
0
select unix_timestamp('2038-01-19 07:14:07');
unix_timestamp('2038-01-19 07:14:07')
2147469247
select unix_timestamp('1970-01-01 01:00:00'),
unix_timestamp('1970-01-01 01:00:01'),
unix_timestamp('2038-01-19 04:14:07'),
unix_timestamp('2038-01-19 04:14:08');
unix_timestamp('1970-01-01 01:00:00')	unix_timestamp('1970-01-01 01:00:01')	unix_timestamp('2038-01-19 04:14:07')	unix_timestamp('2038-01-19 04:14:08')
0	0	2147458447	2147458448
CREATE TABLE t1 (a DECIMAL(20,7));
INSERT INTO t1 VALUES
(32536771199.999999),
(32536771199.9999990),
(32536771199.9999991),
(32536771199.9999992),
(32536771199.9999993),
(32536771199.9999994),
(32536771199.9999995),
(32536771199.9999996),
(32536771199.9999997),
(32536771199.9999998),
(32536771199.9999999);
SELECT a, FROM_UNIXTIME(a) FROM t1;
a	FROM_UNIXTIME(a)
32536771199.9999990	3001-01-19 07:59:59.999999000
32536771199.9999990	3001-01-19 07:59:59.999999000
32536771199.9999991	3001-01-19 07:59:59.999999000
32536771199.9999992	3001-01-19 07:59:59.999999000
32536771199.9999993	3001-01-19 07:59:59.999999000
32536771199.9999994	3001-01-19 07:59:59.999999000
32536771199.9999995	null
32536771199.9999996	null
32536771199.9999997	null
32536771199.9999998	null
32536771199.9999999	null
DROP TABLE t1;
SELECT
FROM_UNIXTIME(2147483647) AS c1,
FROM_UNIXTIME(2147483648) AS c2,
FROM_UNIXTIME(2147483647.9999999) AS c3,
FROM_UNIXTIME(32536771199) AS c4,
FROM_UNIXTIME(32536771199.9999999) AS c5;
c1	c2	c3	c4	c5
2038-01-19 11:14:07	2038-01-19 11:14:08	2038-01-19 11:14:08	3001-01-19 07:59:59	null
SELECT FROM_UNIXTIME(32536771199);
FROM_UNIXTIME(32536771199)
3001-01-19 07:59:59
SELECT UNIX_TIMESTAMP('3001-01-18 23:59:59');
UNIX_TIMESTAMP('3001-01-18 23:59:59')
32536742399
SELECT FROM_UNIXTIME(32536771200);
FROM_UNIXTIME(32536771200)
null
SELECT UNIX_TIMESTAMP('3001-01-19 00:00:00');
UNIX_TIMESTAMP('3001-01-19 00:00:00')
32536742400
SELECT FROM_UNIXTIME(32536771200);
FROM_UNIXTIME(32536771200)
null
SELECT UNIX_TIMESTAMP('3001-01-19 00:00:00');
UNIX_TIMESTAMP('3001-01-19 00:00:00')
32536742400
SELECT FROM_UNIXTIME(32536771199);
FROM_UNIXTIME(32536771199)
3001-01-19 07:59:59
SELECT UNIX_TIMESTAMP('3001-01-19 00:59:59');
UNIX_TIMESTAMP('3001-01-19 00:59:59')
32536745999
SELECT FROM_UNIXTIME(32536771200);
FROM_UNIXTIME(32536771200)
null
SELECT UNIX_TIMESTAMP('3001-01-19 01:00:00');
UNIX_TIMESTAMP('3001-01-19 01:00:00')
32536746000
SELECT FROM_UNIXTIME(32536771199);
FROM_UNIXTIME(32536771199)
3001-01-19 07:59:59
SELECT UNIX_TIMESTAMP("3001-01-19 08:59:59");
UNIX_TIMESTAMP("3001-01-19 08:59:59")
0
SELECT UNIX_TIMESTAMP("3001-01-19 09:00:00");
UNIX_TIMESTAMP("3001-01-19 09:00:00")
0
SELECT FROM_UNIXTIME(32536771199);
FROM_UNIXTIME(32536771199)
3001-01-19 07:59:59
SELECT UNIX_TIMESTAMP('3001-01-18 22:59:59');
UNIX_TIMESTAMP('3001-01-18 22:59:59')
32536738799
SELECT FROM_UNIXTIME(32536771200);
FROM_UNIXTIME(32536771200)
null
SELECT UNIX_TIMESTAMP('3001-01-18 23:59:59');
UNIX_TIMESTAMP('3001-01-18 23:59:59')
32536742399
SELECT FROM_UNIXTIME(32536771199);
FROM_UNIXTIME(32536771199)
3001-01-19 07:59:59
SELECT UNIX_TIMESTAMP('3001-01-18 15:59:59');
UNIX_TIMESTAMP('3001-01-18 15:59:59')
32536713599
SELECT UNIX_TIMESTAMP('3001-01-18 16:00:00');
UNIX_TIMESTAMP('3001-01-18 16:00:00')
32536713600
SELECT FROM_UNIXTIME(9223372036854775807);
FROM_UNIXTIME(9223372036854775807)
null
SELECT FROM_UNIXTIME(-9223372036854775808);
FROM_UNIXTIME(-9223372036854775808)
null
SELECT FROM_UNIXTIME(9223372036854775808);
FROM_UNIXTIME(9223372036854775808)
null
SELECT FROM_UNIXTIME(99999999999999999999999999999999999999999999999999999999999999999);
FROM_UNIXTIME(99999999999999999999999999999999999999999999999999999999999999999)
null
