CREATE TABLE t1 (s CHAR(8));
INSERT INTO t1 VALUES ('test');
SELECT LENGTH(s) FROM t1;
LENGTH(s)
4
CREATE TABLE t2 (s CHAR(10));
INSERT INTO t2 VALUES ('1234589002');
SELECT LENGTH(s) FROM t2;
LENGTH(s)
10
drop table t1;
drop table t2;
CREATE TABLE t1 (s char(8), b CHAR(100), c VARCHAR(255), d int, e float, f datetime);
INSERT INTO t1 VALUES ('test', "hhhhhhh", "12jknfjniosdjcoijcpowef", 1234, 0.14123123, "2012-02-08 12:03:23");
SELECT LENGTH(s), length(b), length(c), length(d), length(e), length(f) FROM t1;
LENGTH(s)	length(b)	length(c)	length(d)	length(e)	length(f)
4	7	23	4	10	19
DROP TABLE t1;
CREATE TABLE t1 (t1_fld1 int, b varchar(255));
CREATE TABLE t2 (t2_fld1 int, b varchar(255));
CREATE TABLE t3 (t3_fld1 int, b varchar(255));
INSERT INTO t1 select LENGTH(space(300)), "abcdefg";
INSERT INTO t1 select LENGTH(space(300)), "123124141";
INSERT INTO t2 select LENGTH(space(65680)), "abcdefg";
the space count exceeds maxallowedCount 8000
INSERT INTO t2 select LENGTH(space(65680)), "1238193";
the space count exceeds maxallowedCount 8000
INSERT INTO t3 select LENGTH(space(65680)), "1238193";
the space count exceeds maxallowedCount 8000
INSERT INTO t3 select LENGTH(space(16777300)),"123124141";
the space count exceeds maxallowedCount 8000
INSERT INTO t3 select LENGTH(space(16777300)),"123asdq";
the space count exceeds maxallowedCount 8000
SELECT DISTINCT * from t1;
t1_fld1	b
300	abcdefg
300	123124141
SELECT t1.t1_fld1, t2.t2_fld1, t3.t3_fld1 FROM t1 JOIN t2 JOIN t3 ON (length(t1.b) = length(t2.b));
t1_fld1	t2_fld1	t3_fld1
drop table t1;
drop table t2;
drop table t3;
select length('\n\t\r\b\0\_\%\\');
length(\n\t\r\b\0\_\%\\)
10
select length(12314124);
length(12314124)
8
select length(0.14123124124);
length(0.14123124124)
13
select length('1039214-#**$&#@*#(*($*');
length('1039214-#**$&#@*#(*($*')
22
select length(NULL);
length(NULL)
null
select length("中文");
length("中文")
6
CREATE TABLE t1 (a varchar(10));
INSERT INTO t1 VALUES ('abc'), ('xyz');
SELECT a, CONCAT_WS(",",a,' ',a) AS c FROM t1
HAVING LENGTH(REVERSE(c)) >0;
column "c" must appear in the GROUP BY clause or be used in an aggregate function
DROP TABLE t1;
select length(space(1)) as a;
a
1
select length(space(1024*1024*1024)) as a;
the space count exceeds maxallowedCount 8000
select length(space(1024*1024)) as a;
the space count exceeds maxallowedCount 8000
select length(space(1024*1024*1024)) as a;
the space count exceeds maxallowedCount 8000
drop table if exists t1;
create table t1(a INT,  b date);
insert into t1 values(1, "2012-10-12"),(2, "2004-04-24"),(3, "2008-12-04"),(4, "2012-03-23");
select * from t1 where length(b)-8>0;
a	b
1	2012-10-12
2	2004-04-24
3	2008-12-04
4	2012-03-23
drop table t1;
