SELECT RTRIM('barbar   ');
RTRIM('barbar   ')
barbar
SELECT LTRIM('  barbar');
LTRIM('  barbar')
barbar
SELECT '    geeksforgeeks'  As OriginalString,
LTRIM ('    geeksforgeeks')  AS LeftTrimmedString;
OriginalString	LeftTrimmedString
    geeksforgeeks	geeksforgeeks
SELECT '    MySQL' AS String, RTRIM ('MySQL')  AS Tstring;
String	Tstring
    MySQL	MySQL
select cast(rtrim('  20.06 ') as decimal(19,2));
cast(rtrim(  20.06 ) as decimal(19, 2))
20.06
select cast(rtrim(ltrim('  20.06 ')) as decimal(19,2));
cast(rtrim(ltrim('  20.06 ')) as decimal(19,2))
20.06
select concat_ws(':',ltrim('  left  '),':',rtrim('  right  '),':');
concat_ws(':',ltrim('  left  '),':',rtrim('  right  '),':')
left  :::  right::
CREATE TABLE t (a int NOT NULL);
INSERT INTO t values(21123);
SELECT 1 FROM t WHERE rtrim(a & NULL);
'&' operator is not supported now
SELECT 1 FROM t WHERE ltrim(a & NULL);
'&' operator is not supported now
DROP TABLE t;
drop table if exists `Ｔ１`;
drop table if exists `Ｔ２`;
drop table if exists `Ｔ３`;
drop table if exists `Ｔ４`;
drop table if exists `Ｔ５`;
drop table if exists `Ｔ６`;
drop table if exists `Ｔ７`;
drop table if exists `Ｔ８`;
drop table if exists `Ｔ９`;
CREATE TABLE `Ｔ１` (`Ｃ１` char(8));
CREATE TABLE `Ｔ２` (`Ｃ１` char(8));
CREATE TABLE `Ｔ３` (`Ｃ１` char(8));
CREATE TABLE `Ｔ４` (`Ｃ１` char(8));
CREATE TABLE `Ｔ５` (`Ｃ１` char(8));
CREATE TABLE `Ｔ６` (`Ｃ１` char(8));
CREATE TABLE `Ｔ７` (`Ｃ１` char(8));
CREATE TABLE `Ｔ８` (`Ｃ１` char(8));
CREATE TABLE `Ｔ９` (`Ｃ１` char(8));
INSERT INTO `Ｔ１` VALUES ('ｱｲｳｴｵ');
INSERT INTO `Ｔ１` VALUES ('ｱｲｳｴｵ ');
INSERT INTO `Ｔ１` VALUES ('ｱｲｳｴｵ  ');
INSERT INTO `Ｔ１` VALUES ('ｱｲｳｴｵ   ');
INSERT INTO `Ｔ１` VALUES ('ｱｲｳｴｵ　');
INSERT INTO `Ｔ１` VALUES ('ｱｲｳｴｵ　　');
INSERT INTO `Ｔ１` VALUES ('ｱｲｳｴｵ　　　');
INSERT INTO `Ｔ２` VALUES ('あいうえお');
INSERT INTO `Ｔ２` VALUES ('あいうえお ');
INSERT INTO `Ｔ２` VALUES ('あいうえお  ');
INSERT INTO `Ｔ２` VALUES ('あいうえお   ');
INSERT INTO `Ｔ２` VALUES ('あいうえお　');
INSERT INTO `Ｔ２` VALUES ('あいうえお　　');
INSERT INTO `Ｔ２` VALUES ('あいうえお　　　');
INSERT INTO `Ｔ３` VALUES ('龔龖龗龞龡');
INSERT INTO `Ｔ３` VALUES ('龔龖龗龞龡 ');
INSERT INTO `Ｔ３` VALUES ('龔龖龗龞龡  ');
INSERT INTO `Ｔ３` VALUES ('龔龖龗龞龡   ');
INSERT INTO `Ｔ３` VALUES ('龔龖龗龞龡　');
INSERT INTO `Ｔ３` VALUES ('龔龖龗龞龡　　');
INSERT INTO `Ｔ３` VALUES ('龔龖龗龞龡　　　');
INSERT INTO `Ｔ４` VALUES ('ｱｲｳｴｵ');
INSERT INTO `Ｔ４` VALUES ('ｱｲｳｴｵ ');
INSERT INTO `Ｔ４` VALUES ('ｱｲｳｴｵ  ');
INSERT INTO `Ｔ４` VALUES ('ｱｲｳｴｵ   ');
INSERT INTO `Ｔ４` VALUES ('ｱｲｳｴｵ　');
INSERT INTO `Ｔ４` VALUES ('ｱｲｳｴｵ　　');
INSERT INTO `Ｔ４` VALUES ('ｱｲｳｴｵ　　　');
INSERT INTO `Ｔ５` VALUES ('あいうえお');
INSERT INTO `Ｔ５` VALUES ('あいうえお ');
INSERT INTO `Ｔ５` VALUES ('あいうえお  ');
INSERT INTO `Ｔ５` VALUES ('あいうえお   ');
INSERT INTO `Ｔ５` VALUES ('あいうえお　');
INSERT INTO `Ｔ５` VALUES ('あいうえお　　');
INSERT INTO `Ｔ５` VALUES ('あいうえお　　　');
INSERT INTO `Ｔ６` VALUES ('龔龖龗龞龡');
INSERT INTO `Ｔ６` VALUES ('龔龖龗龞龡 ');
INSERT INTO `Ｔ６` VALUES ('龔龖龗龞龡  ');
INSERT INTO `Ｔ６` VALUES ('龔龖龗龞龡   ');
INSERT INTO `Ｔ６` VALUES ('龔龖龗龞龡　');
INSERT INTO `Ｔ６` VALUES ('龔龖龗龞龡　　');
INSERT INTO `Ｔ６` VALUES ('龔龖龗龞龡　　　');
INSERT INTO `Ｔ７` VALUES ('ｱｲｳｴｵ');
INSERT INTO `Ｔ７` VALUES ('ｱｲｳｴｵ ');
INSERT INTO `Ｔ７` VALUES ('ｱｲｳｴｵ  ');
INSERT INTO `Ｔ７` VALUES ('ｱｲｳｴｵ   ');
INSERT INTO `Ｔ７` VALUES ('ｱｲｳｴｵ　');
INSERT INTO `Ｔ７` VALUES ('ｱｲｳｴｵ　　');
INSERT INTO `Ｔ７` VALUES ('ｱｲｳｴｵ　　　');
INSERT INTO `Ｔ８` VALUES ('あいうえお');
INSERT INTO `Ｔ８` VALUES ('あいうえお ');
INSERT INTO `Ｔ８` VALUES ('あいうえお  ');
INSERT INTO `Ｔ８` VALUES ('あいうえお   ');
INSERT INTO `Ｔ８` VALUES ('あいうえお　');
INSERT INTO `Ｔ８` VALUES ('あいうえお　　');
INSERT INTO `Ｔ８` VALUES ('あいうえお　　　');
INSERT INTO `Ｔ９` VALUES ('龔龖龗龞龡');
INSERT INTO `Ｔ９` VALUES ('龔龖龗龞龡 ');
INSERT INTO `Ｔ９` VALUES ('龔龖龗龞龡  ');
INSERT INTO `Ｔ９` VALUES ('龔龖龗龞龡   ');
INSERT INTO `Ｔ９` VALUES ('龔龖龗龞龡　');
INSERT INTO `Ｔ９` VALUES ('龔龖龗龞龡　　');
INSERT INTO `Ｔ９` VALUES ('龔龖龗龞龡　　　');
SELECT RTRIM(`Ｃ１`) from `Ｔ１`;
RTRIM(`Ｃ１`)
ｱｲｳｴｵ
ｱｲｳｴｵ
ｱｲｳｴｵ
ｱｲｳｴｵ
ｱｲｳｴｵ　
ｱｲｳｴｵ　　
ｱｲｳｴｵ　　　
SELECT RTRIM(`Ｃ１`) from `Ｔ２`;
RTRIM(`Ｃ１`)
あいうえお
あいうえお
あいうえお
あいうえお
あいうえお　
あいうえお　　
あいうえお　　　
SELECT RTRIM(`Ｃ１`) from `Ｔ３`;
RTRIM(`Ｃ１`)
龔龖龗龞龡
龔龖龗龞龡
龔龖龗龞龡
龔龖龗龞龡
龔龖龗龞龡　
龔龖龗龞龡　　
龔龖龗龞龡　　　
SELECT RTRIM(`Ｃ１`) from `Ｔ４`;
RTRIM(`Ｃ１`)
ｱｲｳｴｵ
ｱｲｳｴｵ
ｱｲｳｴｵ
ｱｲｳｴｵ
ｱｲｳｴｵ　
ｱｲｳｴｵ　　
ｱｲｳｴｵ　　　
SELECT RTRIM(`Ｃ１`) from `Ｔ５`;
RTRIM(`Ｃ１`)
あいうえお
あいうえお
あいうえお
あいうえお
あいうえお　
あいうえお　　
あいうえお　　　
SELECT RTRIM(`Ｃ１`) from `Ｔ６`;
RTRIM(`Ｃ１`)
龔龖龗龞龡
龔龖龗龞龡
龔龖龗龞龡
龔龖龗龞龡
龔龖龗龞龡　
龔龖龗龞龡　　
龔龖龗龞龡　　　
SELECT RTRIM(`Ｃ１`) from `Ｔ７`;
RTRIM(`Ｃ１`)
ｱｲｳｴｵ
ｱｲｳｴｵ
ｱｲｳｴｵ
ｱｲｳｴｵ
ｱｲｳｴｵ　
ｱｲｳｴｵ　　
ｱｲｳｴｵ　　　
SELECT RTRIM(`Ｃ１`) from `Ｔ８`;
RTRIM(`Ｃ１`)
あいうえお
あいうえお
あいうえお
あいうえお
あいうえお　
あいうえお　　
あいうえお　　　
SELECT RTRIM(`Ｃ１`) from `Ｔ９`;
RTRIM(`Ｃ１`)
龔龖龗龞龡
龔龖龗龞龡
龔龖龗龞龡
龔龖龗龞龡
龔龖龗龞龡　
龔龖龗龞龡　　
龔龖龗龞龡　　　
DROP TABLE `Ｔ１`;
DROP TABLE `Ｔ２`;
DROP TABLE `Ｔ３`;
DROP TABLE `Ｔ４`;
DROP TABLE `Ｔ５`;
DROP TABLE `Ｔ６`;
DROP TABLE `Ｔ７`;
DROP TABLE `Ｔ８`;
DROP TABLE `Ｔ９`;
drop table if exists `Ｔ１`;
drop table if exists `Ｔ２`;
drop table if exists `Ｔ３`;
drop table if exists `Ｔ４`;
drop table if exists `Ｔ５`;
drop table if exists `Ｔ６`;
drop table if exists `Ｔ７`;
drop table if exists `Ｔ８`;
drop table if exists `Ｔ９`;
SELECT RTRIM(NULL);
RTRIM(NULL)
null
SELECT LTRIM(NULL);
LTRIM(NULL)
null
SELECT RTRIM("你好  ");
RTRIM("你好  ")
你好
SELECT LTRIM("  你好");
LTRIM("  你好")
你好
drop table if exists t1;
create table t1(a varchar(255));
insert into t1 select (RTRIM("2017-06-15   "));
insert into t1 select (LTRIM("  2019-06-25"));
insert into t1 select (RTRIM("2017-06-15        "));
insert into t1 select ("2017-06-15   ");
select distinct RTRIM(ltrim(a)),LTRIM(rtrim(a)) from t1;
RTRIM(ltrim(a))	LTRIM(rtrim(a))
2017-06-15	2017-06-15
2019-06-25	2019-06-25
drop table t1;
drop table if exists t1;
create table t1(a INT,  b datetime);
insert into t1 values(1, "2017-06-15    "),(1, "2019-06-25    "),(2, "    2019-06-25  "),(3, "   2019-06-25   ");
Data truncation: Incorrect DATETIME value: '2017-06-15    ' for column 'b' at row 0
select b from t1 group by b having rtrim(ltrim(b))>"2018-01-01";
b
2019-06-25 00:00:00
drop table t1;
create table t1(a INT,  b date);
create table t2(a INT,  b date);
insert into t1 values(1, "    2012-10-12   "),(2, "   2004-04-24.   "),(3, "   2008-12-04.  "),(4, "    2012-03-23.   ");
Data truncation: Incorrect DATE value: '    2012-10-12   ' for column 'b' at row 0
insert into t2 values(1, "    2013-04-30  "),(2, "  1994-10-04  "),(3, "   2018-06-04  "),(4, " 2012-10-12  ");
Data truncation: Incorrect DATE value: '    2013-04-30  ' for column 'b' at row 0
SELECT t1.a, t2.a FROM t1 JOIN t2 ON (rtrim(ltrim(t1.b)) = ltrim(rtrim(t2.b)));
a	a
drop table t1;
drop table t2;
SELECT RTRIM(space(100000000)+"123");
Operator '+' with parameters [VARCHAR VARCHAR] will be implemented in future version.
SELECT LTRIM("123"+space(100000000));
Operator '+' with parameters [VARCHAR VARCHAR] will be implemented in future version.
SELECT LTRIM("    1241241^&@%#^*^!@#&*(!&");
LTRIM("    1241241^&@%#^*^!@#&*(!&")
1241241^&@%#^*^!@#&*(!&
SELECT RTRIM("1241241^&@%#^*^!@#&*(!&    ");
RTRIM("1241241^&@%#^*^!@#&*(!&    ")
1241241^&@%#^*^!@#&*(!&
SELECT RTRIM(" 123 ");
RTRIM(" 123 ")
 123
SELECT RTRIM(123124);
RTRIM(123124)
123124
SELECT RTRIM(123.41231);
RTRIM(123.41231)
123.41231
SELECT LTRIM(" 123");
LTRIM(" 123")
123
SELECT LTRIM(123124);
LTRIM(123124)
123124
SELECT LTRIM(123.41231);
LTRIM(123.41231)
123.41231
