SELECT REGEXP_REPLACE('Cat Dog Cat Dog Cat','Cat', 'Tiger') 'Result';
Result 
Tiger Dog Tiger Dog Tiger
SELECT REGEXP_REPLACE('Cat Dog Cat Dog Cat', 'Cow', 'Tiger') 'Result';
Result
Cat Dog Cat Dog Cat
SELECT REGEXP_REPLACE('Cat Dog Cat Dog Cat', 'Cat', 'Tiger', 1, 2) 'Result';
Result
Cat Dog Tiger Dog Cat
SELECT REGEXP_REPLACE('Cat Dog Cat Dog Cat', 'Cat', 'Tiger', 2, 1) 'Result';
Result 
Cat Dog Tiger Dog Cat
SELECT REGEXP_REPLACE('Cat Dog Cat Dog Cat', 'Cat', 'Tiger', 2, 2) 'Result';
Result
Cat Dog Cat Dog Tiger
SELECT REGEXP_REPLACE('Cat Dog Cat Dog Cat', 'Cat', 'Tiger', 1, 0) 'Result';
Result
Tiger Dog Tiger Dog Tiger
SELECT REGEXP_REPLACE(NULL, 'Cow', 'Tiger');
regexp_replace(null, Cow, Tiger)
NULL
SELECT REGEXP_REPLACE('Cat Dog Cat Dog Cat', NULL, 'Tiger');
regexp_replace(Cat Dog Cat Dog Cat, null, Tiger)
NULL
SELECT REGEXP_REPLACE('Cat Dog Cat Dog Cat', 'Cow', NULL);
regexp_replace(Cat Dog Cat Dog Cat, Cow, null) 
NULL