select oct(0b11111111);
oct(0b11111111)
377
select oct(12);
oct(12)
14
SELECT oct(1314);
oct(1314)
2442
select oct(2e5);
oct(2e5)
606500
SELECT oct(null);
oct(null)
null
SELECT concat_ws(",", oct(1000), oct(2000));
concat_ws(",", oct(1000), oct(2000))
1750,3720
select oct(0);
oct(0)
0
select oct(-1);
oct(-1)
1777777777777777777777
select oct(10e50);
the input value is out of integer range
select oct(-10e50);
the input value is out of integer range
select oct(0.00000000000000000000000001);
oct(0.00000000000000000000000001)
0
select oct(-0.00000000000000000000000001);
oct(-0.00000000000000000000000001)
0
select oct("你好");
oct("你好")
0
create table t1(a int);
insert into t1 values();
select oct(a) from t1;
oct(a)
null
drop table t1;
create table t1(a tinyint, b SMALLINT, c BIGINT, d INT, e BIGINT, f FLOAT, g DOUBLE, h decimal(38,19), i DATE, k datetime, l TIMESTAMP, m char(255), n varchar(255));
insert into t1 values(1, 1, 2, 4, 5, 5.5, 31.13, 14.314, "2012-03-12", "2012-03-12 10:03:12", "2012-03-12 13:03:12", "abc", "dcf");
insert into t1 values(1, 1, 2, 4, 5, 5.5, 31.13, 14.314, "2012-03-12", "2012-03-12 10:03:12", "2012-03-12 13:03:12", "abc", "dcf");
insert into t1 values(1, 1, 2, 4, 5, 5.5, 31.13, 14.314, "2012-03-12", "2012-03-12 10:03:12", "2012-03-12 13:03:12", "abc", "dcf");
insert into t1 values(1, 1, 2, 4, 5, 5.5, 31.13, 14.314, "2012-03-12", "2012-03-12 10:03:12", "2012-03-12 13:03:12", "abc", "dcf");
select oct(a),oct(b),oct(c),oct(d),oct(e),oct(f),oct(g),oct(h),oct(i),oct(k),oct(l),oct(m),oct(n) from t1;
oct(a)	oct(b)	oct(c)	oct(d)	oct(e)	oct(f)	oct(g)	oct(h)	oct(i)	oct(k)	oct(l)	oct(m)	oct(n)
1	1	2	4	5	5	37	16	3734	3734	3734	0	0
1	1	2	4	5	5	37	16	3734	3734	3734	0	0
1	1	2	4	5	5	37	16	3734	3734	3734	0	0
1	1	2	4	5	5	37	16	3734	3734	3734	0	0
drop table t1;
CREATE TABLE t1(a char(255), b varchar(255));
INSERT INTO t1 select oct(56), oct(234);
INSERT INTO t1 select oct(100), oct(234);
SELECT distinct oct(a), oct(b) FROM t1 ORDER BY oct(a);
oct(a)	oct(b)
106	540
220	540
drop table t1;
CREATE TABLE t1 (a int);
INSERT INTO t1 VALUES (100), (12);
SELECT a FROM t1
HAVING oct(a) <>0;
column "t1.a" must appear in the GROUP BY clause or be used in an aggregate function
DROP TABLE t1;
drop table if exists t1;
create table t1(a INT,  b int);
insert into t1 values(1, 2),(2, 3),(3, 4),(4, 5);
select oct(a)+oct(b) from t1 where oct(a)+oct(b)<>0;
Operator '+' with parameters [VARCHAR VARCHAR] will be implemented in future version.
drop table t1;
CREATE TABLE t1 (a int);
CREATE TABLE t2 (a int);
INSERT INTO t1 VALUES (100), (200), (300), (10);
INSERT INTO t2 VALUES (100), (50), (20), (10), (300);
SELECT t1.a, t2.a FROM t1 JOIN t2 ON (oct(t1.a) = oct(t2.a));
a	a
100	100
10	10
300	300
drop table t1;
drop table t2;
