select ceiling(5.5),ceiling(-5.5);
ceiling(5.5)	ceiling(-5.5)
6	-5
select ceiling(cast(-2 as unsigned)), ceiling(18446744073709551614), ceiling(-2);
Can't cast '-2' from BIGINT type to BIGINT UNSIGNED type. Reason: overflow
select ceiling(1.1e5);
ceiling(1.1e5)
110000.0
create table t(a double);
insert into t select (CEILING(18446744073709551615));
insert into t select (FLOOR(18446744073709551615));
select * from t;
a
1.8446744073709552E19
1.8446744073709552E19
drop table t;
create table t(a decimal(19,0));
insert into t select (CEILING(CAST(1844674407370955161 AS DECIMAL(19, 0))));
insert into t select (FLOOR(CAST(1844674407370955161 AS DECIMAL(19, 0))));
SELECT * FROM t;
a
1844674407370955161
1844674407370955161
DROP TABLE t;
create table t(a decimal(19,0));
insert into t select (CEILING(CAST(-9223372036854775808 AS DECIMAL(19, 0))));
insert into t select (FLOOR(CAST(-9223372036854775808 AS DECIMAL(19, 0))));
SELECT * FROM t;
a
-9223372036854775808
-9223372036854775808
DROP TABLE t;
create table t(a decimal(18,0));
insert into t select (CEILING(CAST(184467440737095516 AS DECIMAL(18, 0))));
insert into t select (FLOOR(CAST(184467440737095516 AS DECIMAL(18, 0))));
SELECT * FROM t;
a
184467440737095516
184467440737095516
DROP TABLE t;
create table t(a decimal(18,0));
insert into t select (CEILING(CAST(-922337203685477580 AS DECIMAL(18, 0))));
insert into t select (FLOOR(CAST(-922337203685477580 AS DECIMAL(18, 0))));
SELECT * FROM t;
a
-922337203685477580
-922337203685477580
DROP TABLE t;
CREATE table t1(a int, b float);
insert into t1 select ceiling(12124.413), ceiling(-4213.413);
insert into t1 select ceiling(12124.123), ceiling(-42413.409);
select distinct ceiling(a) from t1;
ceiling(a)
12125
drop table t1;
select ceiling(null);
ceiling(null)
null
select ceil(123.34)-ceil(123.03);
ceil(123.34)-ceil(123.03)
0
drop table if exists t1;
create table t1(a INT,  b float);
insert into t1 select ceiling(12124.413), ceiling(-4213.413);
insert into t1 select ceiling(12124.123), ceiling(-42413.409);
select * from t1 where ceiling(a)=12125;
a	b
12125	-4213.0
12125	-42413.0
drop table t1;
drop table if exists t1;
drop table if exists t2;
create table t1(a INT,  b float);
create table t2(a INT,  b float);
insert into t1 select ceiling(12124.413), ceiling(-4213.413);
insert into t1 select ceiling(12124.123), ceiling(-42413.409);
insert into t2 select ceiling(14124.413), ceiling(-4213.413);
insert into t2 select ceiling(984798.123), ceiling(-980.409);
SELECT t1.a, t2.a FROM t1 JOIN t2 ON (ceiling(t1.b) = ceiling(t2.b));
a	a
12125	14125
drop table t1;
drop table t2;
drop table if exists t1;
create table t1(a INT,  b float);
insert into t1 select ceiling(14124.413), ceiling(-4213.413);
insert into t1 select ceiling(984798.123), ceiling(-980.409);
select b from t1 group by b having ceil(b)<-1000;
b
-4213.0
drop table t1;
select ceil(123.342, 1);
ceil(123.342, 1)
123.4000
select ceil(123.45, -1);
ceil(123.45, -1)
130.0000
select ceil(123.342124124214, 100);
ceil(123.342124124214, 100)
123.342124124214
select ceil(-123.342124124214, -100);
ceil(-123.342124124214, -100)
-0.0
select ceil(123.342, null);
ceil(123.342, null)
null
select ceil(null, 1);
ceil(null, 1)
null
select ceil(null, null);
ceil(null, null)
null
