SELECT LPAD('hi',4,'??');
LPAD('hi',4,'??')
??hi
SELECT LPAD('hi',1,'??');
LPAD('hi',1,'??')
h
SELECT RPAD('hi',5,'?');
RPAD('hi',5,'?')
hi???
SELECT RPAD('hi',1,'?');
RPAD('hi',1,'?')
h
CREATE TABLE t1 (title varchar(255));
INSERT INTO t1 VALUES ('Congress reconvenes in September to debate welfare and adult education');
INSERT INTO t1 VALUES ('House passes the CAREERS bill');
SELECT RPAD("",(55 - LENGTH(title)),".") from t1;
RPAD("",(55 - LENGTH(title)),".")
null
..........................
DROP TABLE t1;
select rpad('a',4,'1'),rpad('a',4,'12'),rpad('abcd',3,'12'), rpad(11, 10 , 22), rpad("ab", 10, 22);
rpad('a',4,'1')	rpad('a',4,'12')	rpad('abcd',3,'12')	rpad(11, 10 , 22)	rpad("ab", 10, 22)
a111	a121	abc	1122222222	ab22222222
select lpad('a',4,'1'),lpad('a',4,'12'),lpad('abcd',3,'12'), lpad(11, 10 , 22);
lpad('a',4,'1')	lpad('a',4,'12')	lpad('abcd',3,'12')	lpad(11, 10 , 22)
111a	121a	abc	2222222211
select rpad(741653838,17,'0'),lpad(741653838,17,'0');
rpad(741653838,17,'0')	lpad(741653838,17,'0')
74165383800000000	00000000741653838
select rpad('abcd',7,'ab'),lpad('abcd',7,'ab');
rpad('abcd',7,'ab')	lpad('abcd',7,'ab')
abcdaba	abaabcd
select rpad('abcd',1,'ab'),lpad('abcd',1,'ab');
rpad('abcd',1,'ab')	lpad('abcd',1,'ab')
a	a
select rpad('STRING', 20, CONCAT_WS('p','a','d') );
rpad('STRING', 20, CONCAT_WS('p','a','d') )
STRINGapdapdapdapdap
select lpad('STRING', 20, CONCAT_WS('p','a','d') );
lpad('STRING', 20, CONCAT_WS('p','a','d') )
apdapdapdapdapSTRING
select rpad('hello', -1, '1');
rpad('hello', -1, '1')
null
select rpad('hello', -4294967295, '1');
rpad('hello', -4294967295, '1')
null
select rpad('hello', 4294967295, '1');
rpad('hello', 4294967295, '1')
null
select rpad('hello', -4294967296, '1');
rpad('hello', -4294967296, '1')
null
select rpad('hello', 4294967296, '1');
rpad('hello', 4294967296, '1')
null
select rpad('hello', -4294967297, '1');
rpad('hello', -4294967297, '1')
null
select rpad('hello', 4294967297, '1');
rpad('hello', 4294967297, '1')
null
select rpad('hello', -18446744073709551615, '1');
rpad('hello', -18446744073709551615, '1')
null
select rpad('hello', 18446744073709551615, '1');
rpad('hello', 18446744073709551615, '1')
null
select rpad('hello', -18446744073709551616, '1');
rpad('hello', -18446744073709551616, '1')
null
select rpad('hello', 18446744073709551616, '1');
rpad('hello', 18446744073709551616, '1')
null
select rpad('hello', -18446744073709551617, '1');
rpad('hello', -18446744073709551617, '1')
null
select rpad('hello', 18446744073709551617, '1');
rpad('hello', 18446744073709551617, '1')
null
select lpad('hello', -1, '1');
lpad('hello', -1, '1')
null
select lpad('hello', -4294967295, '1');
lpad('hello', -4294967295, '1')
null
select lpad('hello', 4294967295, '1');
lpad('hello', 4294967295, '1')
null
select lpad('hello', -4294967296, '1');
lpad('hello', -4294967296, '1')
null
select lpad('hello', 4294967296, '1');
lpad('hello', 4294967296, '1')
null
select lpad('hello', -4294967297, '1');
lpad('hello', -4294967297, '1')
null
select lpad('hello', 4294967297, '1');
lpad('hello', 4294967297, '1')
null
select lpad('hello', -18446744073709551615, '1');
Operator 'cast' with parameters [DECIMAL128 BIGINT] will be implemented in future version.
select lpad('hello', 18446744073709551615, '1');
Can't cast '18446744073709551615' from BIGINT UNSIGNED type to BIGINT type. Reason: overflow
select lpad('hello', -18446744073709551616, '1');
Operator 'cast' with parameters [DECIMAL128 BIGINT] will be implemented in future version.
select lpad('hello', 18446744073709551616, '1');
Operator 'cast' with parameters [DECIMAL128 BIGINT] will be implemented in future version.
select lpad('hello', -18446744073709551617, '1');
Operator 'cast' with parameters [DECIMAL128 BIGINT] will be implemented in future version.
select lpad('hello', 18446744073709551617, '1');
Operator 'cast' with parameters [DECIMAL128 BIGINT] will be implemented in future version.
SELECT RPAD('hi', year(FROM_UNIXTIME(-1)),'?');
RPAD('hi', year(FROM_UNIXTIME(-1)),'?')
null
SELECT LPAD('hi', year(FROM_UNIXTIME(-1)),'?');
LPAD('hi', year(FROM_UNIXTIME(-1)),'?')
null
SELECT LPAD(NULL, 5, 'x') AS result;
result
null
SELECT LPAD(NULL, NULL, 'x') AS result;
result
null
SELECT LPAD(NULL, NULL, NULL) AS result;
result
null
SELECT LPAD('a', NULL, 'x') AS result;
result
null
SELECT LPAD('a', NULL, NULL) AS result;
result
null
SELECT LPAD('a', 5, NULL) AS result;
result
null
SELECT LPAD(NULL, 5, NULL) AS result;
result
null
SELECT LPAD('a', 0, 'x') AS result;
result
SELECT LPAD('a', 0, '') AS result;
result
SELECT LPAD('', 0, 'x') AS result;
result
SELECT LPAD('', 0, '') AS result;
result
SELECT LPAD('a', -1, 'x');
LPAD('a', -1, 'x')
null
SELECT RPAD(NULL, 5, 'x') AS result;
result
null
SELECT RPAD(NULL, NULL, 'x') AS result;
result
null
SELECT RPAD(NULL, NULL, NULL) AS result;
result
null
SELECT RPAD('a', NULL, 'x') AS result;
result
null
SELECT RPAD('a', NULL, NULL) AS result;
result
null
SELECT RPAD('a', 5, NULL) AS result;
result
null
SELECT RPAD(NULL, 5, NULL) AS result;
result
null
SELECT RPAD('a', 0, 'x') AS result;
result
SELECT RPAD('a', 0, '') AS result;
result
SELECT RPAD('', 0, 'x') AS result;
result
SELECT RPAD('', 0, '') AS result;
result
SELECT RPAD('a', -1, 'x');
RPAD('a', -1, 'x')
null
SELECT (rpad(1.0,2048,1)) IS NOT FALSE;
(rpad(1.0, 2048, 1)) != false
true
SELECT ((+0) IN
((0b111111111111111111111111111111111111111111111111111),(rpad(1.0,2048,1)),
(32767.1)));
Can't cast '1.01111111111111111111111111111111111111111111111111111111111111111111111111111111111111111111111111...' from VARCHAR type to BIGINT type.
SELECT ((rpad(1.0,2048,1)) = ('4(') ^ (0.1));
((rpad(1.0,2048,1)) = ('4(') ^ (0.1))
0
SELECT RPAD("你好", 10, "再见");
RPAD("你好", 10, "再见")
你好再见再见再见再见
SELECT LPAD("你好", 10, "再见");
LPAD("你好", 10, "再见")
再见再见再见再见你好
drop table if exists t1;
create table t1(a INT,  b varchar(255));
insert into t1 values(1, "2012"),(2, "21241"),(3, "20032"),(4, "200");
select * from t1 where rpad(b, 5, "32")="20032";
a	b
3	20032
4	200
drop table t1;
create table t1(a INT,  b varchar(255));
create table t2(a INT,  b varchar(255));
insert into t1 values(1, "2012-10-12"),(2, "2004-04-24"),(3, "2008-12-04"),(4, "2012-03-23");
insert into t2 values(1, "2013-04-30"),(2, "1994-10-04"),(3, "2018-06-04"),(4, "2012-10-12");
SELECT t1.a, t2.a FROM t1 JOIN t2 ON (rpad(t1.b, 12, "ab") = rpad(t2.b, 12, "ab"));
a	a
1	4
drop table t1;
drop table t2;
drop table if exists t1;
create table t1(a varchar(255));
insert into t1 select (rpad('a',4,'1'));
insert into t1 select (rpad('a',4,'1'));
insert into t1 select (rpad('a',4,'1'));
insert into t1 select (lpad('a',4,'1'));
select distinct * from t1;
a
a111
111a
drop table t1;
drop table if exists t1;
create table t1(a INT, b varchar(255));
insert into t1 values(1, "2012"),(2, "21241"),(3, "20032"),(4, "200");
select b from t1 group by b having rpad(b, 5, "12")="20012";
b
200
drop table t1;
SELECT RPAD("123", 4, 123);
RPAD("123", 4, 123)
1231
SELECT RPAD(1234, 7, 123);
RPAD(1234, 7, 123)
1234123
SELECT RPAD("123", 4, 123.242);
RPAD("123", 4, 123.242)
1231
SELECT RPAD("123", 3.422, 123.242);
RPAD("123", 3.422, 123.242)
123
SELECT RPAD(0.341, 3.422, 123.242);
RPAD(0.341, 3.422, 123.242)
0.3
SELECT LPAD("123", 4, 123);
LPAD("123", 4, 123)
1123
SELECT LPAD(1234, 7, 123);
LPAD(1234, 7, 123)
1231234
SELECT LPAD("123", 4, 123.242);
LPAD("123", 4, 123.242)
1123
SELECT LPAD("123", 3.422, 123.242);
LPAD("123", 3.422, 123.242)
123
SELECT LPAD(0.341, 3.422, 123.242);
LPAD(0.341, 3.422, 123.242)
0.3
