SELECT YEAR(date_add("2021-09-30", interval 200 day)) AS year;
year
2022
SELECT YEAR("10000-12-21") as year;
year
null
SELECT YEAR("-1234-12-21") as year;
year
null
SELECT YEAR("12415141412-12-21") as year;
year
null
SELECT YEAR("0000-00-00") as year;
year
null
SELECT YEAR("2049-14-34") as year;
year
null
SELECT YEAR("2015-09") as year;
year
null
SELECT YEAR(2015) as year;
year
null
SELECT YEAR(1340124) as year;
year
null
SELECT YEAR(0.45133) as year;
year
null
SELECT YEAR(1=1) as year;
year
null
SELECT YEAR('2015-09.30') as year;
year
2015
SELECT YEAR('2015-0') as year;
year
null
SELECT YEAR('2015-09.30 12') as year;
year
2015
SELECT YEAR('2015-09-26 08:09:22') AS Year ;
Year
2015
SELECT YEAR("2015-09-10")- YEAR("2016-04-24");
YEAR("2015-09-10")- YEAR("2016-04-24")
-1
SELECT YEAR("2015-09-10")+ YEAR("2016-04-24");
YEAR("2015-09-10")+ YEAR("2016-04-24")
4031
SELECT YEAR("2015-09-10")*YEAR("2016-04-24");
YEAR("2015-09-10")*YEAR("2016-04-24")
4062240
SELECT YEAR("2015-09-10")/YEAR("2016-04-24");
YEAR("2015-09-10")/YEAR("2016-04-24")
0.9995
SELECT YEAR("2015-09-10")>YEAR("2016-04-24");
YEAR("2015-09-10")>YEAR("2016-04-24")
false
SELECT YEAR("2015-09-10")<YEAR("2016-04-24");
YEAR("2015-09-10")<YEAR("2016-04-24")
true
SELECT YEAR("2015-09-10")=YEAR("2016-04-24");
YEAR("2015-09-10")=YEAR("2016-04-24")
false
SELECT YEAR("2015-09-10")<>YEAR("2016-04-24");
YEAR("2015-09-10")<>YEAR("2016-04-24")
true
SELECT YEAR("2015-09-10")!=YEAR("2016-04-24");
YEAR("2015-09-10")!=YEAR("2016-04-24")
true
SELECT YEAR(NULL) AS Year ;
Year
null
CREATE TABLE Product(Product_id INT,  Product_name VARCHAR(100) NOT NULL,Buying_price DECIMAL(13, 2) NOT NULL,Selling_price DECIMAL(13, 2) NOT NULL,Selling_Date Date NOT NULL,PRIMARY KEY(Product_id));
INSERT INTO  Product(Product_name, Buying_price, Selling_price, Selling_Date) VALUES ('Audi Q8', 10000000.00, 15000000.00, '2018-01-26' ),('Volvo XC40', 2000000.00, 3000000.00, '2018-04-20' ),('Audi A6', 4000000.00, 5000000.00, '2018-07-25' ),('BMW X5', 5000500.00, 7006500.00, '2018-10-18'  ),('Jaguar XF', 5000000, 7507000.00, '2019-01-27'  ),('Mercedes-Benz C-Class', 4000000.00, 6000000.00, '2019-04-01'  ),('Jaguar F-PACE', 5000000.00, 7000000.00, '2019-12-26'  ),('Porsche Macan', 6500000.00, 8000000.00, '2020-04-16' ) ;
Field 'Product_id' doesn't have a default value
SELECT * FROM Product;
Product_id	Product_name	Buying_price	Selling_price	Selling_Date
SELECT  YEAR (Selling_Date) year,  COUNT(Product_id) Product_Sold FROM Product GROUP BY YEAR (Selling_Date) ORDER BY YEAR (Selling_Date);
year	Product_Sold
DROP TABLE Product;
drop table if exists t1;
create table t1(a INT,  b date);
insert into t1 select year("2012-10-12"), "2012-10-12";
insert into t1 select year("2004-04-24"), "2004-04-24";
insert into t1 select year("2008-12-04"), "2008-12-04";
select * from t1;
a	b
2012	2012-10-12
2004	2004-04-24
2008	2008-12-04
drop table t1;
drop table if exists t1;
create table t1(a INT,  b date);
insert into t1 values(1, "2012-10-12"),(2, "2004-04-24"),(3, "2008-12-04"),(4, "2012-03-23");
select * from t1 where year(b)="2012";
a	b
1	2012-10-12
4	2012-03-23
drop table t1;
drop table if exists t1;
drop table if exists t2;
create table t1(a INT,  b date);
create table t2(a INT,  b date);
insert into t1 values(1, "2012-10-12"),(2, "2004-04-24"),(3, "2008-12-04"),(4, "2012-03-23");
insert into t2 values(1, "2013-04-30"),(2, "1994-10-04"),(3, "2018-06-04"),(4, "2012-08-12");
SELECT t1.a, t2.a FROM t1 JOIN t2 ON (year(t1.b) = year(t2.b));
a	a
4	4
1	4
drop table t1;
drop table t2;
drop table if exists t1;
create table t1(a INT,  b date);
insert into t1 values(1, "2012-10-12"),(1, "2012-07-12"),(2, "2004-04-24"),(3, "2008-12-04"),(4, "2012-03-23");
select b from t1 group by b having year(b)="2012";
b
2012-10-12
2012-07-12
2012-03-23
drop table t1;
drop table if exists t1;
create table t1(a INT,  b date);
insert into t1 values(1, "2012-10-12"),(1, "2012-07-12"),(2, "2004-04-24"),(3, "2004-04-24"),(3, "2008-12-04"),(4, "2012-03-23");
select distinct year(b) from t1;
year(b)
2012
2004
2008
drop table t1;
CREATE TABLE t3(c1 DATE NOT NULL);
INSERT INTO t3 VALUES('2000-01-01');
INSERT INTO t3 VALUES('1999-12-31');
INSERT INTO t3 VALUES('2000-01-01');
INSERT INTO t3 VALUES('2006-12-25');
INSERT INTO t3 VALUES('2008-02-29');
SELECT YEAR(c1) FROM t3;
YEAR(c1)
2000
1999
2000
2006
2008
DROP TABLE t3;
CREATE TABLE t3(c1 DATETIME NOT NULL);
INSERT INTO t3 VALUES('2000-01-01');
INSERT INTO t3 VALUES('1999-12-31');
INSERT INTO t3 VALUES('2000-01-01');
INSERT INTO t3 VALUES('2006-12-25');
INSERT INTO t3 VALUES('2008-02-29');
SELECT YEAR(c1) FROM t3;
YEAR(c1)
2000
1999
2000
2006
2008
DROP TABLE t3;
CREATE TABLE t3(c1 TIMESTAMP NOT NULL);
INSERT INTO t3 VALUES('2000-01-01');
INSERT INTO t3 VALUES('1999-12-31');
INSERT INTO t3 VALUES('2000-01-01');
INSERT INTO t3 VALUES('2006-12-25');
INSERT INTO t3 VALUES('2008-02-29');
SELECT YEAR(c1) FROM t3;
YEAR(c1)
2000
1999
2000
2006
2008
DROP TABLE t3;
