use system;
set @case_name="case1";
select statement, result_count from statement_info where account="bvt_result_count" and statement not like '%mo_ctl%' and length(statement) > 0 and status != 'Running' and aggr_count < 1 order by request_at desc limit 52;
statement    result_count
use system    0
values row(1,1), row(2,2), row(3,3) order by column_0 desc    3
drop database db2    0
delete from t2 where a=1    0
delete from t2 where a=5    0
select * from t2 limit 3    3
select * from t2    5
update t2 set b='yy' where a=1    0
update t2 set b='xx' where a=5    0
insert into t2 values (1, 'a'),(1, 'b'),(3, 'c'),(4,'d'),(5,'e')    0
create table t2(a int, b varchar)    0
use db2    0
create database db2    0
drop database db2    0
commit    0
insert into t2 values (1, 'a'),(1, 'b'),(3, 'c'),(4,'d'),(5,'e')    0
begin    0
create table t2(a int, b varchar)    0
use db2    0
create database db2    0
drop database db1    0
drop role test_role    0
drop user user_name    0
revoke test_role from user_name    0
grant create table,drop table on database *.* to test_role    0
create database if not exists db1    0
create user user_name identified by '******'    0
create role test_role    0
drop database db1    0
drop view v2    0
drop table t1    0
drop view v1    0
show columns from t1    2
show create table t1    1
show create view v1    1
show create database db1    1
show tables    3
show databases like 'mysql'    1
deallocate prepare s2    0
deallocate prepare s2    0
prepare s2 from "select * from t1 where a=?"    0
prepare s1 from "select * from t1 where a>?"    0
set @a=1    0
create view v2 as select * from t1 limit 1    0
create view v1 as select * from t1    0
insert into t1 values (1, 'a'),(1, 'b'),(3, 'c'),(4,'d'),(5,'e')    0
create table t1(a int, b varchar)    0
use db1    0
create database db1    0
commit    0
start transaction    0
commit    0
set @case_name="case2";
select statement, result_count from statement_info where user="dump" and sql_source_type="cloud_user_sql" and status != 'Running' and statement like '%bvt_result_count_test_case2%' and aggr_count < 1 order by request_at desc limit 2;
statement    result_count
drop account bvt_result_count_test_case2    0
create account bvt_result_count_test_case2 admin_name 'test_account' identified by '******'    0
