select statement,query_type,sql_source_type from  system.statement_info where account="bvt_query_type_part1" and sql_source_type="external_sql" and status != "Running" and statement not like '%mo_ctl%' and aggr_count <1 order by request_at desc limit 96;
statement    query_type    sql_source_type
use system    Other    external_sql
rollback    TCL    external_sql
deallocate prepare s1    Other    external_sql
execute s1 using @a // prepare s1 from select * from test_table where col1=? ; set @a=2    Other    external_sql
set @a=2    Other    external_sql
prepare s1 from select * from test_table where col1=?    Other    external_sql
drop database db2    DDL    external_sql
drop table table_2    DDL    external_sql
drop view view_2    DDL    external_sql
drop index index_table_2 on table_2    DDL    external_sql
create index index_table_2 on table_2(col1)    DDL    external_sql
create view view_2 as select * from table_2    DDL    external_sql
create table table_2(\ncol1 int,\ncol2 varchar\n)    DDL    external_sql
create database db2    DDL    external_sql
drop database db1    DDL    external_sql
drop account test_account    DCL    external_sql
drop role test_role    DCL    external_sql
drop user user_name    DCL    external_sql
revoke test_role from user_name    DCL    external_sql
grant create table,drop table on database *.* to test_role    DCL    external_sql
create database if not exists db1    DDL    external_sql
create user user_name identified by '******'    DCL    external_sql
create role test_role    DCL    external_sql
create account test_account admin_name = 'test_name' identified by '******' open comment 'tenant_test'    DCL    external_sql
values row(1,1), row(2,2), row(3,3) order by column_0 desc    DQL    external_sql
show index from test_table    Other    external_sql
show tables    Other    external_sql
show privileges    Other    external_sql
show profiles    Other    external_sql
show plugins    Other    external_sql
show events    Other    external_sql
show config    Other    external_sql
show procedure status    Other    external_sql
show triggers    Other    external_sql
show create table test_table    Other    external_sql
show create database test_db    Other    external_sql
create view test_view as select * from test_table    DDL    external_sql
create table test_table(\ncol1 int,\ncol2 varchar\n)    DDL    external_sql
use test_db    Other    external_sql
begin    TCL    external_sql
create database test_db    DDL    external_sql
use statement_query_type    Other    external_sql
drop database test_db    DDL    external_sql
drop table test_01    DDL    external_sql
truncate table test_01    DDL    external_sql
delete from test_01 where a=1    DML    external_sql
explain select * from test_01    Other    external_sql
show create table test_01    Other    external_sql
create table test_01(a int, b varchar)    DDL    external_sql
drop table if exists test_01    DDL    external_sql
drop database db2    DDL    external_sql
drop table table_2    DDL    external_sql
drop view view_2    DDL    external_sql
drop index index_table_2 on table_2    DDL    external_sql
create index index_table_2 on table_2(col1)    DDL    external_sql
create view view_2 as select * from table_2    DDL    external_sql
create table table_2(\ncol1 int,\ncol2 varchar\n)    DDL    external_sql
create database db2    DDL    external_sql
drop database db1    DDL    external_sql
drop account test_account    DCL    external_sql
drop role test_role    DCL    external_sql
drop user user_name    DCL    external_sql
revoke test_role from user_name    DCL    external_sql
grant create table,drop table on database *.* to test_role    DCL    external_sql
create database if not exists db1    DDL    external_sql
create user user_name identified by '******'    DCL    external_sql
create role test_role    DCL    external_sql
create account test_account admin_name = 'test_name' identified by '******' open comment 'tenant_test'    DCL    external_sql
update test_table set col2='xxx' where col1=1    DML    external_sql
insert into test_table values (1,'a'),(2,'b'),(3,'c')    DML    external_sql
values row(1,1), row(2,2), row(3,3) order by column_0 desc    DQL    external_sql
show index from test_table    Other    external_sql
show collation like 'utf8mb4_general_ci%'    Other    external_sql
show collation like 'utf8mb4_general_ci'    Other    external_sql
show tables    Other    external_sql
show privileges    Other    external_sql
show profiles    Other    external_sql
show plugins    Other    external_sql
show events    Other    external_sql
show config    Other    external_sql
show procedure status    Other    external_sql
show triggers    Other    external_sql
show create view test_view    Other    external_sql
show create table test_table    Other    external_sql
show create database test_db    Other    external_sql
create view test_view as select * from test_table    DDL    external_sql
create table test_table(\ncol1 int,\ncol2 varchar\n)    DDL    external_sql
drop table if exists test_table    DDL    external_sql
use test_db    Other    external_sql
create database test_db    DDL    external_sql
drop database if exists test_db    DDL    external_sql
rollback    TCL    external_sql
start transaction    TCL    external_sql
commit    TCL    external_sql
begin    TCL    external_sql
create database statement_query_type    DDL    external_sql
