create table tt(aa int, bb int, cc int);
insert into tt values (1, 1, 1);
select * from tt;
aa    bb    cc
1    1    1
select aa from tt;
aa
1
select aA from tt;
aa
1
select count(*) from tt;
count(*)
1
select COUNT(*)  from tt;
count(*)
1
show variables like 'keep_user_target%';
Variable_name    Value
keep_user_target_list_in_result    0
set global keep_user_target_list_in_result = 1;
select aa from tt;
aa
1
select aA from tt;
aA
1
select AA from tt;
AA
1
select Aa from tt;
Aa
1
select count(*) from tt;
count(*)
1
select COUNT(*)  from tt;
COUNT(*)
1
select cOuNt(*)  from tt;
cOuNt(*)
1
set global keep_user_target_list_in_result = default;
drop table tt;
drop table if exists t1;
create table t1(
aa int,
bb varchar(25)
);
insert into  t1 values (0, 'a');
insert into  t1 values (1, NULL);
insert into  t1 values (NULL, NULL);
insert into  t1 values (null, 'b');
select * from t1;
aa    bb
0    a
1    null
null    null
null    b
select coalesCE(Aa, 1) from t1;
coalesce(aa, 1)
0
1
1
1
select coalEsCE(aA, 1) from t1;
coalesce(aa, 1)
0
1
1
1
select cOAlesce(bB, '1') from t1;
coalesce(bb, 1)
a
1
1
b
set global keep_user_target_list_in_result = 1;
select * from t1;
aa    bb
0    a
1    null
null    null
null    b
select coalesCE(Aa, 1) from t1;
coalesce(aa, 1)
0
1
1
1
select coalEsCE(aA, 1) from t1;
coalesce(aa, 1)
0
1
1
1
select cOAlesce(bB, '1') from t1;
coalesce(bb, 1)
a
1
1
b
set global keep_user_target_list_in_result = default;
drop table t1;
