show variables like 'auto%';
Variable_name    Value
auto_increment_increment    1
auto_increment_offset    1
autocommit    on
show variables like 'auto_increment_increment';
Variable_name    Value
auto_increment_increment    1
set auto_increment_increment = 2;
show variables like 'auto_increment_increment';
Variable_name    Value
auto_increment_increment    2
set auto_increment_increment = 1+1;
show variables like 'auto_increment_increment';
Variable_name    Value
auto_increment_increment    2
set auto_increment_increment = 2*3;
show variables like 'auto_increment_increment';
Variable_name    Value
auto_increment_increment    6
show variables like 'init%';
Variable_name    Value
init_connect
show variables like 'init_connect';
Variable_name    Value
init_connect
show variables like 'interactive%';
Variable_name    Value
interactive_timeout    30100
show variables like 'interactive_timeout';
Variable_name    Value
interactive_timeout    30100
set interactive_timeout = 36600;
show variables like 'interactive_timeout';
Variable_name    Value
interactive_timeout    36600
set interactive_timeout = 30000+100;
show variables like 'interactive_timeout';
Variable_name    Value
interactive_timeout    30100
set global interactive_timeout = 30000+100;
show variables like 'interactive_timeout';
Variable_name    Value
interactive_timeout    30100
show variables like 'lower%';
Variable_name    Value
lower_case_table_names    1
show variables like 'lower_case_table_names';
Variable_name    Value
lower_case_table_names    1
show variables like 'net_write_timeout';
Variable_name    Value
net_write_timeout    60
set net_write_timeout = 70;
show variables like 'net_write_timeout';
Variable_name    Value
net_write_timeout    70
set net_write_timeout = 20*20;
show variables like 'net_write_timeout';
Variable_name    Value
net_write_timeout    400
set net_write_timeout = 60;
show variables like 'net_write_timeout';
Variable_name    Value
net_write_timeout    60
show variables where variable_name like 'system%' and variable_name != 'system_time_zone';
Variable_name    Value
select @@system_time_zone != '';
@@system_time_zone !=
true
show variables like 'trans%';
Variable_name    Value
transaction_isolation    REPEATABLE-READ
transaction_read_only    0
show variables like 'transaction_isolation';
Variable_name    Value
transaction_isolation    REPEATABLE-READ
show variables like 'wait%';
Variable_name    Value
wait_timeout    28800
show variables like 'wait_timeout';
Variable_name    Value
wait_timeout    28800
set wait_timeout = 33600;
show variables like 'wait_timeout';
Variable_name    Value
wait_timeout    33600
set wait_timeout = 10;
show variables like 'wait_timeout';
Variable_name    Value
wait_timeout    10
drop table if exists t;
create table t(
a int,
b int,
c int,
primary key(a)
);
show indexes from t;
Table    Non_unique    Key_name    Seq_in_index    Column_name    Collation    Cardinality    Sub_part    Packed    Null    Index_type    Comment    Index_comment    Visible    Expression
t    0    PRIMARY    1    a    A    0    NULL    NULL                    YES    NULL
create account acc_idx ADMIN_NAME 'root' IDENTIFIED BY '123456';
create database db1;
use db1;
drop table if exists t;
create table t(
a int,
b int,
c int,
primary key(a)
);
show indexes from t;
Table    Non_unique    Key_name    Seq_in_index    Column_name    Collation    Cardinality    Sub_part    Packed    Null    Index_type    Comment    Index_comment    Visible    Expression
t    0    PRIMARY    1    a    A    0    NULL    NULL                    YES    NULL
drop database db1;
drop account acc_idx;
use information_schema;
show tables;
Tables_in_information_schema
key_column_usage
columns
profiling
processlist
user_privileges
schemata
character_sets
triggers
tables
views
engines
routines
parameters
keywords
desc key_column_usage;
Field    Type    Null    Key    Default    Extra    Comment
constraint_name    VARCHAR(64)    YES        null
constraint_schema    VARCHAR(64)    YES        null
table_catalog    VARCHAR(64)    YES        null
referenced_table_name    VARCHAR(64)    YES        null
referenced_table_schema    VARCHAR(64)    YES        null
table_name    VARCHAR(64)    YES        null
table_schema    VARCHAR(64)    YES        null
referenced_column_name    VARCHAR(64)    YES        null
column_name    VARCHAR(64)    YES        null
constraint_catalog    VARCHAR(64)    YES        null
ordinal_position    INT UNSIGNED(32)    YES        null
position_in_unique_constraint    INT UNSIGNED(32)    YES        null
select table_name, column_name from key_column_usage limit 2;
table_name    column_name
desc columns;
Field    Type    Null    Key    Default    Extra    Comment
table_catalog    VARCHAR(3)    NO        null        
table_schema    VARCHAR(256)    YES        null        
table_name    VARCHAR(256)    YES        null        
column_name    VARCHAR(256)    YES        null        
ordinal_position    INT(0)    YES        null        
column_default    VARCHAR(65535)    YES        null        
is_nullable    VARCHAR(3)    YES        null        
data_type    VARCHAR(65535)    YES        null        
character_maximum_length    BIGINT(0)    YES        null        
character_octet_length    BIGINT(0)    YES        null        
numeric_precision    BIGINT(0)    YES        null        
numeric_scale    BIGINT(0)    YES        null        
datetime_precision    BIGINT(0)    YES        null        
character_set_name    VARCHAR(4)    YES        null        
collation_name    VARCHAR(8)    YES        null        
column_type    VARCHAR(65535)    YES        null        
column_key    VARCHAR(3)    YES        null        
extra    VARCHAR(14)    YES        null        
privileges    VARCHAR(31)    NO        null        
column_comment    VARCHAR(2048)    YES        null        
generation_expression    VARCHAR(500)    NO        null        
srs_id    BIGINT(0)    YES        null        
select table_name, column_name from columns where table_schema = 'mo_catalog' order by table_name, column_name limit 5;
table_name    column_name
mo_account    account_id
mo_account    account_name
mo_account    comments
mo_account    created_time
mo_account    status
desc views;
Field    Type    Null    Key    Default    Extra    Comment
table_catalog    VARCHAR(3)    NO        null        
table_schema    VARCHAR(5000)    YES        null        
table_name    VARCHAR(5000)    YES        null        
view_definition    TEXT(0)    YES        null        
check_option    VARCHAR(4)    NO        null        
is_updatable    VARCHAR(3)    NO        null        
definer    VARCHAR(65535)    YES        null        
security_type    VARCHAR(7)    NO        null        
character_set_client    VARCHAR(7)    NO        null        
collation_connection    VARCHAR(18)    NO        null        
select table_schema, table_name, definer from views where table_schema = 'system' order by table_name;
table_schema    table_name    definer
system    error_info    root@localhost
system    log_info    root@localhost
system    span_info    root@localhost
desc profiling;
Field    Type    Null    Key    Default    Extra    Comment
messages_sent    INT(32)    YES        null
messages_received    INT(32)    YES        null
cpu_user    DECIMAL64(9)    YES        null
duration    DECIMAL64(9)    NO        '0.000000'
query_id    INT(32)    NO        '0'
seq    INT(32)    NO        '0'
state    VARCHAR(30)    NO        ''
swaps    INT(32)    YES        null
cpu_system    DECIMAL64(9)    YES        null
context_involuntary    INT(32)    YES        null
source_function    VARCHAR(30)    YES        null
block_ops_in    INT(32)    YES        null
page_faults_minor    INT(32)    YES        null
page_faults_major    INT(32)    YES        null
source_line    INT(32)    YES        null
source_file    VARCHAR(20)    YES        null
context_voluntary    INT(32)    YES        null
block_ops_out    INT(32)    YES        null
select seq, state from profiling;
seq    state
desc `PROCESSLIST`;
Field    Type    Null    Key    Default    Extra    Comment
command    VARCHAR(16)    NO        ''
db    VARCHAR(64)    YES        null
host    VARCHAR(261)    NO        ''
id    BIGINT UNSIGNED(64)    NO        '0'
info    TEXT(0)    YES        null
state    VARCHAR(64)    YES        null
time    INT(32)    NO        '0'
user    VARCHAR(32)    NO        ''
select * from `PROCESSLIST` limit 2;
id    user    host    db    command    time    state    info
desc user_privileges;
Field    Type    Null    Key    Default    Extra    Comment
table_catalog    VARCHAR(512)    NO        ''
grantee    VARCHAR(292)    NO        ''
is_grantable    VARCHAR(3)    NO        ''
privilege_type    VARCHAR(64)    NO        ''
select grantee, table_catalog from user_privileges limit 2;
grantee    table_catalog
desc schemata;
Field    Type    Null    Key    Default    Extra    Comment
catalog_name    VARCHAR(5000)    YES        null        
schema_name    VARCHAR(5000)    YES        null        
default_character_set_name    VARCHAR(7)    NO        null        
default_collation_name    VARCHAR(18)    NO        null        
sql_path    VARCHAR(0)    YES        null        
default_encryption    VARCHAR(3)    NO        null        
select catalog_name, schema_name from schemata where schema_name = 'mo_catalog' or schema_name = 'mo_task' order by catalog_name, schema_name;
catalog_name    schema_name
def    mo_task
mo_catalog    mo_catalog
desc character_sets;
Field    Type    Null    Key    Default    Extra    Comment
maxlen    INT UNSIGNED(32)    YES        null
character_set_name    VARCHAR(64)    YES        null
description    VARCHAR(2048)    YES        null
default_collate_name    VARCHAR(64)    YES        null
select character_set_name, description, maxlen from character_sets limit 5;
character_set_name    description    maxlen
desc triggers;
Field    Type    Null    Key    Default    Extra    Comment
action_statement    TEXT(0)    YES        null
action_condition    BINARY(0)    YES        null
trigger_schema    VARCHAR(64)    YES        null
action_reference_new_table    BINARY(0)    YES        null
created    TIMESTAMP(0)    YES        null
definer    VARCHAR(288)    YES        null
sql_mode    VARCHAR(10)    YES        null
action_reference_old_row    VARCHAR(3)    YES        null
event_manipulation    VARCHAR(10)    YES        null
character_set_client    VARCHAR(64)    YES        null
action_orientation    VARCHAR(3)    YES        null
action_reference_old_table    BINARY(0)    YES        null
trigger_name    VARCHAR(64)    YES        null
action_order    INT UNSIGNED(32)    YES        null
event_object_table    VARCHAR(64)    YES        null
trigger_catalog    VARCHAR(64)    YES        null
collation_connection    VARCHAR(64)    YES        null
database_collation    VARCHAR(64)    YES        null
event_object_schema    VARCHAR(64)    YES        null
action_timing    VARCHAR(10)    YES        null
action_reference_new_row    VARCHAR(3)    YES        null
event_object_catalog    VARCHAR(64)    YES        null
select trigger_name, action_order from triggers limit 3;
trigger_name    action_order
use mysql;
desc user;
Field    Type    Null    Key    Default    Extra    Comment
select_priv    VARCHAR(10)    NO        'N'
password_reuse_time    SMALLINT UNSIGNED(16)    YES        null
password_require_current    VARCHAR(10)    YES        null
password_reuse_history    SMALLINT UNSIGNED(16)    YES        null
user_attributes    JSON(0)    YES        null
x509_subject    BLOB(0)    NO        null
password_expired    VARCHAR(10)    NO        'N'
create_priv    VARCHAR(10)    NO        'N'
repl_client_priv    VARCHAR(10)    NO        'N'
password_lifetime    SMALLINT UNSIGNED(16)    YES        null
execute_priv    VARCHAR(10)    NO        'N'
drop_priv    VARCHAR(10)    NO        'N'
file_priv    VARCHAR(10)    NO        'N'
host    CHAR(255)    NO    PRI    ''
plugin    CHAR(64)    NO        'caching_sha2_password'
ssl_type    VARCHAR(10)    NO        ''
user    CHAR(32)    NO    PRI    ''
max_questions    INT UNSIGNED(32)    NO        '0'
max_updates    INT UNSIGNED(32)    NO        '0'
insert_priv    VARCHAR(10)    NO        'N'
process_priv    VARCHAR(10)    NO        'N'
max_user_connections    INT UNSIGNED(32)    NO        '0'
x509_issuer    BLOB(0)    NO        null
alter_routine_priv    VARCHAR(10)    NO        'N'
authentication_string    TEXT(0)    YES        null
ssl_cipher    BLOB(0)    NO        null
shutdown_priv    VARCHAR(10)    NO        'N'
create_tmp_table_priv    VARCHAR(10)    NO        'N'
show_view_priv    VARCHAR(10)    NO        'N'
max_connections    INT UNSIGNED(32)    NO        '0'
drop_role_priv    VARCHAR(10)    NO        'N'
grant_priv    VARCHAR(10)    NO        'N'
create_user_priv    VARCHAR(10)    NO        'N'
create_role_priv    VARCHAR(10)    NO        'N'
update_priv    VARCHAR(10)    NO        'N'
delete_priv    VARCHAR(10)    NO        'N'
trigger_priv    VARCHAR(10)    NO        'N'
show_db_priv    VARCHAR(10)    NO        'N'
index_priv    VARCHAR(10)    NO        'N'
account_locked    VARCHAR(10)    NO        'N'
lock_tables_priv    VARCHAR(10)    NO        'N'
password_last_changed    TIMESTAMP(0)    YES        null
create_routine_priv    VARCHAR(10)    NO        'N'
references_priv    VARCHAR(10)    NO        'N'
reload_priv    VARCHAR(10)    NO        'N'
event_priv    VARCHAR(10)    NO        'N'
repl_slave_priv    VARCHAR(10)    NO        'N'
alter_priv    VARCHAR(10)    NO        'N'
create_view_priv    VARCHAR(10)    NO        'N'
create_tablespace_priv    VARCHAR(10)    NO        'N'
super_priv    VARCHAR(10)    NO        'N'
select host, user from user limit 2;
host    user
desc db;
Field    Type    Null    Key    Default    Extra    Comment
host    CHAR(255)    NO    PRI    ''
db    CHAR(64)    NO    PRI    ''
user    CHAR(32)    NO    PRI    ''
select_priv    VARCHAR(10)    NO        'N'
insert_priv    VARCHAR(10)    NO        'N'
update_priv    VARCHAR(10)    NO        'N'
delete_priv    VARCHAR(10)    NO        'N'
create_priv    VARCHAR(10)    NO        'N'
drop_priv    VARCHAR(10)    NO        'N'
grant_priv    VARCHAR(10)    NO        'N'
references_priv    VARCHAR(10)    NO        'N'
index_priv    VARCHAR(10)    NO        'N'
alter_priv    VARCHAR(10)    NO        'N'
create_tmp_table_priv    VARCHAR(10)    NO        'N'
lock_tables_priv    VARCHAR(10)    NO        'N'
create_view_priv    VARCHAR(10)    NO        'N'
show_view_priv    VARCHAR(10)    NO        'N'
create_routine_priv    VARCHAR(10)    NO        'N'
alter_routine_priv    VARCHAR(10)    NO        'N'
execute_priv    VARCHAR(10)    NO        'N'
event_priv    VARCHAR(10)    NO        'N'
trigger_priv    VARCHAR(10)    NO        'N'
select db, user from db limit 5;
db    user
desc procs_priv;
Field    Type    Null    Key    Default    Extra    Comment
db    CHAR(64)    NO    PRI    ''
grantor    VARCHAR(288)    NO        ''
host    CHAR(255)    NO    PRI    ''
proc_priv    VARCHAR(10)    NO        ''
timestamp    TIMESTAMP(0)    NO        current_timestamp()
user    CHAR(32)    NO    PRI    ''
routine_type    VARCHAR(10)    NO    PRI    null
routine_name    CHAR(64)    NO    PRI    ''
select routine_name, routine_type from procs_priv limit 5;
routine_name    routine_type
desc columns_priv;
Field    Type    Null    Key    Default    Extra    Comment
db    CHAR(64)    NO    PRI    ''
host    CHAR(255)    NO    PRI    ''
timestamp    TIMESTAMP(0)    NO        current_timestamp()
user    CHAR(32)    NO    PRI    ''
table_name    CHAR(64)    NO    PRI    ''
column_name    CHAR(64)    NO    PRI    ''
column_priv    VARCHAR(10)    NO        ''
select table_name, column_name from columns_priv limit 5;
table_name    column_name
desc tables_priv;
Field    Type    Null    Key    Default    Extra    Comment
table_priv    VARCHAR(10)    NO        ''
table_name    CHAR(64)    NO    PRI    ''
db    CHAR(64)    NO    PRI    ''
grantor    VARCHAR(288)    NO        ''
host    CHAR(255)    NO    PRI    ''
timestamp    TIMESTAMP(0)    NO        current_timestamp()
user    CHAR(32)    NO    PRI    ''
column_priv    VARCHAR(10)    NO        ''
select host, table_name from tables_priv limit 5;
host    table_name
show variables like 'sql_select_limit';
Variable_name    Value
sql_select_limit    18446744073709551615
set sql_select_limit = 100000;
show variables like 'sql_select_limit';
Variable_name    Value
sql_select_limit    100000
set sql_select_limit = 1;
show variables like 'sql_select_limit';
Variable_name    Value
sql_select_limit    1
SET SQL_SELECT_LIMIT = Default;
show variables like 'sql_select_limit';
Variable_name    Value
sql_select_limit    18446744073709551615
show variables like 'max_allowed_packet';
Variable_name    Value
max_allowed_packet    16777216
set max_allowed_packet = 10000;
show variables like 'max_allowed_packet';
Variable_name    Value
max_allowed_packet    10000
set max_allowed_packet = default;
show variables like 'max_allowed_packet';
Variable_name    Value
max_allowed_packet    16777216
show variables like 'wait_timeout';
Variable_name    Value
wait_timeout    10
set wait_timeout = 10000;
show variables like 'wait_timeout';
Variable_name    Value
wait_timeout    10000
set wait_timeout = default;
show variables like 'wait_timeout';
Variable_name    Value
wait_timeout    28800
show variables like 'character_set_results';
Variable_name    Value
character_set_results    utf8
set character_set_server = default;
show variables like 'character_set_results';
Variable_name    Value
character_set_results    utf8
show variables like 'character_set_server';
Variable_name    Value
character_set_server    utf8mb4
set character_set_server = default;
show variables like 'character_set_server';
Variable_name    Value
character_set_server    utf8mb4
show variables like 'transaction_isolation';
Variable_name    Value
transaction_isolation    REPEATABLE-READ
set transaction_isolation = default;
show variables like 'transaction_isolation';
Variable_name    Value
transaction_isolation    REPEATABLE-READ
show variables like 'tx_isolation';
Variable_name    Value
tx_isolation    REPEATABLE-READ
set tx_isolation = default;
show variables like 'tx_isolation';
Variable_name    Value
tx_isolation    REPEATABLE-READ
select @@sql_mode;
@@sql_mode
ONLY_FULL_GROUP_BY,STRICT_TRANS_TABLES,NO_ZERO_IN_DATE,NO_ZERO_DATE,ERROR_FOR_DIVISION_BY_ZERO,NO_ENGINE_SUBSTITUTION
set @@sql_mode = ONLY_FULL_GROUP_BY;
select @@sql_mode;
@@sql_mode
ONLY_FULL_GROUP_BY
set @@sql_mode = "ONLY_FULL_GROUP_BY,STRICT_TRANS_TABLES";
select @@sql_mode;
@@sql_mode
ONLY_FULL_GROUP_BY,STRICT_TRANS_TABLES
set @@sql_mode = default;
select @@sql_mode;
@@sql_mode
ONLY_FULL_GROUP_BY,STRICT_TRANS_TABLES,NO_ZERO_IN_DATE,NO_ZERO_DATE,ERROR_FOR_DIVISION_BY_ZERO,NO_ENGINE_SUBSTITUTION
select @@sql_mode;
@@sql_mode
ONLY_FULL_GROUP_BY,STRICT_TRANS_TABLES,NO_ZERO_IN_DATE,NO_ZERO_DATE,ERROR_FOR_DIVISION_BY_ZERO,NO_ENGINE_SUBSTITUTION
set @@sql_mode ='';
select @@sql_mode;
@@sql_mode

set @@sql_mode = default;