create account if not exists `query_tae_table` ADMIN_NAME 'admin' IDENTIFIED BY '123456';

drop database if exists `query_tae_table`;

create database `query_tae_table`;

/*issue_8168*/use query_tae_table;select syntax error stmt;
SQL parser error: You have an error in your SQL syntax; check the manual that corresponds to your MatrixOne server version for the right syntax to use. syntax error at line 1 column 58 near " stmt;";

use query_tae_table;

drop table if exists `query_tae_table`;
set @uuid_drop_table = last_uuid();

create table query_tae_table (i int);
set @uuid_create_table = last_uuid();

insert into query_tae_table values (1);
set @uuid_insert_table = last_uuid();

select sleep(16);
sleep(16)
0
select account from system.statement_info where statement_id = @uuid_create_table;
account
query_tae_table
select account, statement from system.statement_info where statement = 'insert into query_tae_table values (1)' and statement_id = @uuid_insert_table limit 1;
account    statement
query_tae_table    insert into query_tae_table values (1)
select span_kind from system.rawlog where `raw_item` = "span_info" and span_name = "NOT_EXIST_SPAN" limit 1;
span_kind
select status, err_code, error from system.statement_info where account = 'query_tae_table' and statement in ('use query_tae_table', 'select syntax error stmt');
status    err_code    error
Failed    20303    SQL parser error: You have an error in your SQL syntax; check the manual that corresponds to your MatrixOne server version for the right syntax to use. syntax error at line 1 column 58 near " stmt;";
Failed    20303    SQL parser error: You have an error in your SQL syntax; check the manual that corresponds to your MatrixOne server version for the right syntax to use. syntax error at line 1 column 58 near " stmt;";
Success    0
drop account `query_tae_table`;
