drop table if exists t1;
create table t1 (a int, b int);
prepare stmt1 from 'select * from t1 where a > ?';
insert into t1 values (1, 11), (2, 22), (3, 33);
set @a_var = 1;
execute stmt1 using @a_var;
a	b
2	22
3	33
set @a_var = 2;
execute stmt1 using @a_var;
a	b
3	33
insert into t1 values (4, 44);
execute stmt1 using @a_var;
a	b
3	33
4	44
delete from t1 where a > 3;
execute stmt1 using @a_var;
a	b
3	33
deallocate prepare stmt1;
execute stmt1 using @a_var;
invalid state prepared statement 'stmt1' does not exist
prepare stmt1 from 'update t1 set a=999 where b = ?';
set @b_var = 33;
execute stmt1 using @b_var;
select * from t1;
a	b
1	11
2	22
999	33
deallocate prepare stmt1;
prepare stmt1 from 'delete from t1 where b = ?';
execute stmt1 using @b_var;
select * from t1;
a	b
1	11
2	22
deallocate prepare stmt1;
prepare stmt1 from "insert into t1 values (?, ?), (?, 99)";
set @a_var=5;
set @b_var=55;
set @c_var=9;
execute stmt1 using @a_var, @b_var, @c_var;
select * from t1;
a	b
1	11
2	22
5	55
9	99
deallocate prepare stmt1;
drop table t1;
create table t1(a timestamp);
prepare stmt1 from "insert into t1 values (current_timestamp())";
execute stmt1;
execute stmt1;
select count(*) from (select distinct a from t1) t;
count(*)
2
drop table t1;
prepare stmt2 from 'select @var_t1';
set @var_t1 = 0;
execute stmt2;
@var_t1
0
set @var_t1= 'aa';
execute stmt2;
@var_t1
aa
deallocate prepare stmt2;
create table t1 (a decimal(20,4), b int);
insert into t1 values (12.2222, 1);
prepare stmt1 from 'update t1 set a=a+? where b = 1';
set @a=0.1111;
execute stmt1 using @a;
select a, b from t1;
a	b
12.3333	1
drop table if exists t1;
create table t1 (a decimal(12,2));
insert into t1 values (30000);
prepare stmt1 from 'update t1 set a = a + ?';
set @a=4418.59;
execute stmt1;
invalid input: Incorrect arguments to EXECUTE
execute stmt1 using @a;
select a from t1;
a
34418.59
drop table if exists t1;
prepare s6 from 'create table t1(a int)';
execute s6;
show tables;
tables_in_db1
t1
prepare s7 from 'drop table t1';
execute s7;
show tables;
tables_in_db1
drop table if exists t1;
create table t1(a int);
set autocommit=0;
insert into t1 values (1);
prepare s1 from "create table t2(a int)";
prepare s1 from "drop table t1";
rollback;
prepare s1 from "create table t2(a int)";
commit;
prepare s2 from "drop table t1";
commit;
insert into t1 values (1);
execute s1;
execute s2;
rollback;
set autocommit=1;
create table bmsql_district ( d_w_id integer not null,
d_id integer not null,
d_ytd decimal(12,2),
d_tax decimal(4,4),
d_next_o_id integer,
d_name varchar(10),
d_street_1 varchar(20),
d_street_2 varchar(20),
d_city varchar(20),
d_state char(2),
d_zip char(9),
primary key (d_w_id, d_id) ) PARTITION BY KEY(d_w_id);
prepare __mo_stmt_id_1 from UPDATE bmsql_district  SET d_next_o_id = d_next_o_id + 1     WHERE d_w_id = ? AND d_id = ?;
set @__mo_stmt_var_0=1, @__mo_stmt_var_1=7;
execute __mo_stmt_id_1 using @__mo_stmt_var_0,@__mo_stmt_var_1;
deallocate prepare __mo_stmt_id_1;
drop table if exists user;
CREATE TABLE user
(
id BIGINT(20) NOT NULL COMMENT '主键ID',
name VARCHAR(30) NULL DEFAULT NULL COMMENT '姓名',
age INT(11) NULL DEFAULT NULL COMMENT '年龄',
email VARCHAR(50) NULL DEFAULT NULL COMMENT '邮箱',
PRIMARY KEY (id)
);
prepare __mo_stmt_id_1 from 'INSERT INTO user  ( id, name, age )  VALUES  ( ?, ?,? )';
set @__mo_stmt_var_0 = 0,@__mo_stmt_var_1 = "test_save_0" ,@__mo_stmt_var_2 = 0;
execute __mo_stmt_id_1 using @__mo_stmt_var_0,@__mo_stmt_var_1,@__mo_stmt_var_2;
deallocate prepare __mo_stmt_id_1;
prepare __mo_stmt_id_1 from 'select id, name, email, age from user';
execute __mo_stmt_id_1;
id    name    email    age
0    test_save_0    null    0
deallocate prepare __mo_stmt_id_1;
prepare __mo_stmt_id_1 from 'INSERT INTO user  ( id, name, age )  VALUES  ( ?, ?,? )';
set @__mo_stmt_var_0 = 1,@__mo_stmt_var_1 = "test_save_1" ,@__mo_stmt_var_2 = 1;
execute __mo_stmt_id_1 using @__mo_stmt_var_0,@__mo_stmt_var_1,@__mo_stmt_var_2;
deallocate prepare __mo_stmt_id_1;
prepare __mo_stmt_id_1 from 'select id, name, email, age from user';
execute __mo_stmt_id_1;
id    name    email    age
0    test_save_0    null    0
1    test_save_1    null    1
deallocate prepare __mo_stmt_id_1;
prepare __mo_stmt_id_1 from 'INSERT INTO user  ( id, name, age )  VALUES  ( ?, ?,? )';
set @__mo_stmt_var_0 = 2,@__mo_stmt_var_1 = "test_save_2" ,@__mo_stmt_var_2 = 2;
execute __mo_stmt_id_1 using @__mo_stmt_var_0,@__mo_stmt_var_1,@__mo_stmt_var_2;
deallocate prepare __mo_stmt_id_1;
prepare __mo_stmt_id_1 from 'select id, name, email, age from user';
execute __mo_stmt_id_1;
id    name    email    age
0    test_save_0    null    0
1    test_save_1    null    1
2    test_save_2    null    2
deallocate prepare __mo_stmt_id_1;
prepare __mo_stmt_id_1 from 'INSERT INTO user  ( id, name, age )  VALUES  ( ?, ?,? )';
set @__mo_stmt_var_0 = 3,@__mo_stmt_var_1 = "test_save_3" ,@__mo_stmt_var_2 = 3;
execute __mo_stmt_id_1 using @__mo_stmt_var_0,@__mo_stmt_var_1,@__mo_stmt_var_2;
deallocate prepare __mo_stmt_id_1;
prepare __mo_stmt_id_1 from 'select id, name, email, age from user';
execute __mo_stmt_id_1;
id    name    email    age
0    test_save_0    null    0
1    test_save_1    null    1
2    test_save_2    null    2
3    test_save_3    null    3
deallocate prepare __mo_stmt_id_1;
prepare __mo_stmt_id_1 from 'INSERT INTO user  ( id, name, age )  VALUES  ( ?, ?,? )';
set @__mo_stmt_var_0 = 4,@__mo_stmt_var_1 = "test_save_4" ,@__mo_stmt_var_2 = 4;
execute __mo_stmt_id_1 using @__mo_stmt_var_0,@__mo_stmt_var_1,@__mo_stmt_var_2;
deallocate prepare __mo_stmt_id_1;
prepare __mo_stmt_id_1 from 'select id, name, email, age from user';
execute __mo_stmt_id_1;
id    name    email    age
0    test_save_0    null    0
1    test_save_1    null    1
2    test_save_2    null    2
3    test_save_3    null    3
4    test_save_4    null    4
deallocate prepare __mo_stmt_id_1;
prepare __mo_stmt_id_1 from 'INSERT INTO user  ( id, name, age )  VALUES  ( ?, ?,? )';
set @__mo_stmt_var_0 = 5,@__mo_stmt_var_1 = "test_save_5" ,@__mo_stmt_var_2 = 5;
execute __mo_stmt_id_1 using @__mo_stmt_var_0,@__mo_stmt_var_1,@__mo_stmt_var_2;
deallocate prepare __mo_stmt_id_1;
prepare __mo_stmt_id_1 from 'select id, name, email, age from user';
execute __mo_stmt_id_1;
id    name    email    age
0    test_save_0    null    0
1    test_save_1    null    1
2    test_save_2    null    2
3    test_save_3    null    3
4    test_save_4    null    4
5    test_save_5    null    5
deallocate prepare __mo_stmt_id_1;
prepare __mo_stmt_id_1 from 'INSERT INTO user  ( id, name, age )  VALUES  ( ?, ?,? )';
set @__mo_stmt_var_0 = 6,@__mo_stmt_var_1 = "test_save_6" ,@__mo_stmt_var_2 = 6;
execute __mo_stmt_id_1 using @__mo_stmt_var_0,@__mo_stmt_var_1,@__mo_stmt_var_2;
deallocate prepare __mo_stmt_id_1;
prepare __mo_stmt_id_1 from 'select id, name, email, age from user';
execute __mo_stmt_id_1;
id    name    email    age
0    test_save_0    null    0
1    test_save_1    null    1
2    test_save_2    null    2
3    test_save_3    null    3
4    test_save_4    null    4
5    test_save_5    null    5
6    test_save_6    null    6
deallocate prepare __mo_stmt_id_1;
prepare __mo_stmt_id_1 from 'INSERT INTO user  ( id, name, age )  VALUES  ( ?, ?,? )';
set @__mo_stmt_var_0 = 7,@__mo_stmt_var_1 = "test_save_7" ,@__mo_stmt_var_2 = 7;
execute __mo_stmt_id_1 using @__mo_stmt_var_0,@__mo_stmt_var_1,@__mo_stmt_var_2;
deallocate prepare __mo_stmt_id_1;
prepare __mo_stmt_id_1 from 'select id, name, email, age from user';
execute __mo_stmt_id_1;
id    name    email    age
0    test_save_0    null    0
1    test_save_1    null    1
2    test_save_2    null    2
3    test_save_3    null    3
4    test_save_4    null    4
5    test_save_5    null    5
6    test_save_6    null    6
7    test_save_7    null    7
deallocate prepare __mo_stmt_id_1;
prepare __mo_stmt_id_1 from 'INSERT INTO user  ( id, name, age )  VALUES  ( ?, ?,? )';
set @__mo_stmt_var_0 = 8,@__mo_stmt_var_1 = "test_save_8" ,@__mo_stmt_var_2 = 8;
execute __mo_stmt_id_1 using @__mo_stmt_var_0,@__mo_stmt_var_1,@__mo_stmt_var_2;
deallocate prepare __mo_stmt_id_1;
prepare __mo_stmt_id_1 from 'select id, name, email, age from user';
execute __mo_stmt_id_1;
id    name    email    age
0    test_save_0    null    0
1    test_save_1    null    1
2    test_save_2    null    2
3    test_save_3    null    3
4    test_save_4    null    4
5    test_save_5    null    5
6    test_save_6    null    6
7    test_save_7    null    7
8    test_save_8    null    8
deallocate prepare __mo_stmt_id_1;
prepare __mo_stmt_id_1 from 'INSERT INTO user  ( id, name, age )  VALUES  ( ?, ?,? )';
set @__mo_stmt_var_0 = 9,@__mo_stmt_var_1 = "test_save_9" ,@__mo_stmt_var_2 = 9;
execute __mo_stmt_id_1 using @__mo_stmt_var_0,@__mo_stmt_var_1,@__mo_stmt_var_2;
deallocate prepare __mo_stmt_id_1;
prepare __mo_stmt_id_1 from 'select id, name, email, age from user';
execute __mo_stmt_id_1;
id    name    email    age
0    test_save_0    null    0
1    test_save_1    null    1
2    test_save_2    null    2
3    test_save_3    null    3
4    test_save_4    null    4
5    test_save_5    null    5
6    test_save_6    null    6
7    test_save_7    null    7
8    test_save_8    null    8
9    test_save_9    null    9
deallocate prepare __mo_stmt_id_1;
create table algo_offline (algo_id int(11) unsigned not null, algo_name varchar(50) not null);
prepare stmt1 from select count(*) from algo_offline where (algo_name like ? or algo_id like ?);
set @a="aa";
set @b="bb";
execute stmt1 using @a, @b;
count(*)
0
deallocate prepare stmt1;
drop table if exists t1;
create table t1 (a int, b int);
prepare stmt1 from 'show columns from t1';
execute stmt1;
Field    Type    Null    Key    Default    Extra    Comment
a    INT(32)    YES        null
b    INT(32)    YES        null            
prepare stmt1 from 'show variables like "aaaa"';
execute stmt1;
Variable_name    Value
prepare __mo_stmt_id_1 from 'INSERT INTO user  ( id, name, age )  VALUES  ( ?, ?,? )';
set @__mo_stmt_var_0 = 7,@__mo_stmt_var_1 = "test_save_7" ,@__mo_stmt_var_2 = 7;
execute __mo_stmt_id_1 using @__mo_stmt_var_0,@__mo_stmt_var_1,@__mo_stmt_var_2;
Duplicate entry '7' for key 'id'
reset prepare __mo_stmt_id_1;
deallocate prepare __mo_stmt_id_1;
drop table if exists t1;
create table t1( a int unique key,  b int,  c int );
prepare stmt1 from 'INSERT INTO t1 values(1, 2, 3)';
execute stmt1;
execute stmt1;
Duplicate entry '1' for key '__mo_index_idx_col'
select * from t1;
a    b    c
1    2    3
prepare stmt1 from 'update t1 set b = ? where a = ?';
set @varb = 22;
set @vara = 1;
execute stmt1 using @varb,@vara;
select * from t1;
a    b    c
1    22    3
drop table t1;
CREATE TABLE numbers(pk INTEGER PRIMARY KEY, ui BIGINT UNSIGNED, si BIGINT);
INSERT INTO numbers VALUES (0, 0, -9223372036854775808), (1, 18446744073709551615, 9223372036854775807);
SELECT * FROM numbers WHERE ui=-9223372036854775808;
pk    ui    si
SET @si_min = -9223372036854775808;
PREPARE s1 FROM 'SELECT * FROM numbers WHERE ui=?';
EXECUTE s1 USING @si_min;
pk    ui    si
DEALLOCATE PREPARE s1;
drop table numbers;