drop table if exists t1;
create table t1 (a int, b int);
prepare stmt1 from 'select * from t1 where a > ?';
insert into t1 values (1, 11), (2, 22), (3, 33);
set @a_var = 1;
execute stmt1 using @a_var;
a	b
2	22
3	33
set @a_var = 2;
execute stmt1 using @a_var;
a	b
3	33
insert into t1 values (4, 44);
execute stmt1 using @a_var;
a	b
3	33
4	44
delete from t1 where a > 3;
execute stmt1 using @a_var;
a	b
3	33
deallocate prepare stmt1;
execute stmt1 using @a_var;
invalid state prepared statement 'stmt1' does not exist
prepare stmt1 from 'update t1 set a=999 where b = ?';
set @b_var = 33;
execute stmt1 using @b_var;
select * from t1;
a	b
1	11
2	22
999	33
deallocate prepare stmt1;
prepare stmt1 from 'delete from t1 where b = ?';
execute stmt1 using @b_var;
select * from t1;
a	b
1	11
2	22
deallocate prepare stmt1;
prepare stmt1 from "insert into t1 values (?, ?), (?, 99)";
set @a_var=5;
set @b_var=55;
set @c_var=9;
execute stmt1 using @a_var, @b_var, @c_var;
select * from t1;
a	b
1	11
2	22
5	55
9	99
deallocate prepare stmt1;
drop table t1;
create table t1(a timestamp(6));
prepare stmt1 from "insert into t1 values (current_timestamp())";
execute stmt1;
execute stmt1;
select count(*) from (select distinct a from t1) t;
count(*)
2
drop table t1;
prepare stmt2 from 'select @var_t1';
set @var_t1 = 0;
execute stmt2;
@var_t1
0
set @var_t1= 'aa';
execute stmt2;
@var_t1
aa
deallocate prepare stmt2;
create table t1 (a decimal(20,4), b int);
insert into t1 values (12.2222, 1);
prepare stmt1 from 'update t1 set a=a+? where b = 1';
set @a=0.1111;
execute stmt1 using @a;
select a, b from t1;
a	b
12.3333	1
drop table if exists t1;
create table t1 (a decimal(12,2));
insert into t1 values (30000);
prepare stmt1 from 'update t1 set a = a + ?';
set @a=4418.59;
execute stmt1;
invalid input: Incorrect arguments to EXECUTE
execute stmt1 using @a;
select a from t1;
a
34418.59
drop table if exists t1;
prepare s6 from 'create table t1(a int)';
execute s6;
show tables;
tables_in_db1
t1
prepare s7 from 'drop table t1';
execute s7;
show tables;
tables_in_db1
drop table if exists t1;
create table t1(a int);
set autocommit=0;
insert into t1 values (1);
prepare s1 from "create table t2(a int)";
prepare s1 from "drop table t1";
rollback;
prepare s1 from "create table t2(a int)";
commit;
prepare s2 from "drop table t1";
commit;
insert into t1 values (1);
execute s1;
execute s2;
rollback;
set autocommit=1;
create table bmsql_district ( d_w_id integer not null,
d_id integer not null,
d_ytd decimal(12,2),
d_tax decimal(4,4),
d_next_o_id integer,
d_name varchar(10),
d_street_1 varchar(20),
d_street_2 varchar(20),
d_city varchar(20),
d_state char(2),
d_zip char(9),
primary key (d_w_id, d_id) ) PARTITION BY KEY(d_w_id);
prepare __mo_stmt_id_1 from UPDATE bmsql_district  SET d_next_o_id = d_next_o_id + 1     WHERE d_w_id = ? AND d_id = ?;
set @__mo_stmt_var_0=1, @__mo_stmt_var_1=7;
execute __mo_stmt_id_1 using @__mo_stmt_var_0,@__mo_stmt_var_1;
deallocate prepare __mo_stmt_id_1;
drop table if exists user;
CREATE TABLE user
(
id BIGINT(20) NOT NULL COMMENT '主键ID',
name VARCHAR(30) NULL DEFAULT NULL COMMENT '姓名',
age INT(11) NULL DEFAULT NULL COMMENT '年龄',
email VARCHAR(50) NULL DEFAULT NULL COMMENT '邮箱',
PRIMARY KEY (id)
);
prepare __mo_stmt_id_1 from 'INSERT INTO user  ( id, name, age )  VALUES  ( ?, ?,? )';
set @__mo_stmt_var_0 = 0,@__mo_stmt_var_1 = "test_save_0" ,@__mo_stmt_var_2 = 0;
execute __mo_stmt_id_1 using @__mo_stmt_var_0,@__mo_stmt_var_1,@__mo_stmt_var_2;
deallocate prepare __mo_stmt_id_1;
prepare __mo_stmt_id_1 from 'select id, name, email, age from user';
execute __mo_stmt_id_1;
id    name    email    age
0    test_save_0    null    0
deallocate prepare __mo_stmt_id_1;
prepare __mo_stmt_id_1 from 'INSERT INTO user  ( id, name, age )  VALUES  ( ?, ?,? )';
set @__mo_stmt_var_0 = 1,@__mo_stmt_var_1 = "test_save_1" ,@__mo_stmt_var_2 = 1;
execute __mo_stmt_id_1 using @__mo_stmt_var_0,@__mo_stmt_var_1,@__mo_stmt_var_2;
deallocate prepare __mo_stmt_id_1;
prepare __mo_stmt_id_1 from 'select id, name, email, age from user';
execute __mo_stmt_id_1;
id    name    email    age
0    test_save_0    null    0
1    test_save_1    null    1
deallocate prepare __mo_stmt_id_1;
prepare __mo_stmt_id_1 from 'INSERT INTO user  ( id, name, age )  VALUES  ( ?, ?,? )';
set @__mo_stmt_var_0 = 2,@__mo_stmt_var_1 = "test_save_2" ,@__mo_stmt_var_2 = 2;
execute __mo_stmt_id_1 using @__mo_stmt_var_0,@__mo_stmt_var_1,@__mo_stmt_var_2;
deallocate prepare __mo_stmt_id_1;
prepare __mo_stmt_id_1 from 'select id, name, email, age from user';
execute __mo_stmt_id_1;
id    name    email    age
0    test_save_0    null    0
1    test_save_1    null    1
2    test_save_2    null    2
deallocate prepare __mo_stmt_id_1;
prepare __mo_stmt_id_1 from 'INSERT INTO user  ( id, name, age )  VALUES  ( ?, ?,? )';
set @__mo_stmt_var_0 = 3,@__mo_stmt_var_1 = "test_save_3" ,@__mo_stmt_var_2 = 3;
execute __mo_stmt_id_1 using @__mo_stmt_var_0,@__mo_stmt_var_1,@__mo_stmt_var_2;
deallocate prepare __mo_stmt_id_1;
prepare __mo_stmt_id_1 from 'select id, name, email, age from user';
execute __mo_stmt_id_1;
id    name    email    age
0    test_save_0    null    0
1    test_save_1    null    1
2    test_save_2    null    2
3    test_save_3    null    3
deallocate prepare __mo_stmt_id_1;
prepare __mo_stmt_id_1 from 'INSERT INTO user  ( id, name, age )  VALUES  ( ?, ?,? )';
set @__mo_stmt_var_0 = 4,@__mo_stmt_var_1 = "test_save_4" ,@__mo_stmt_var_2 = 4;
execute __mo_stmt_id_1 using @__mo_stmt_var_0,@__mo_stmt_var_1,@__mo_stmt_var_2;
deallocate prepare __mo_stmt_id_1;
prepare __mo_stmt_id_1 from 'select id, name, email, age from user';
execute __mo_stmt_id_1;
id    name    email    age
0    test_save_0    null    0
1    test_save_1    null    1
2    test_save_2    null    2
3    test_save_3    null    3
4    test_save_4    null    4
deallocate prepare __mo_stmt_id_1;
prepare __mo_stmt_id_1 from 'INSERT INTO user  ( id, name, age )  VALUES  ( ?, ?,? )';
set @__mo_stmt_var_0 = 5,@__mo_stmt_var_1 = "test_save_5" ,@__mo_stmt_var_2 = 5;
execute __mo_stmt_id_1 using @__mo_stmt_var_0,@__mo_stmt_var_1,@__mo_stmt_var_2;
deallocate prepare __mo_stmt_id_1;
prepare __mo_stmt_id_1 from 'select id, name, email, age from user';
execute __mo_stmt_id_1;
id    name    email    age
0    test_save_0    null    0
1    test_save_1    null    1
2    test_save_2    null    2
3    test_save_3    null    3
4    test_save_4    null    4
5    test_save_5    null    5
deallocate prepare __mo_stmt_id_1;
prepare __mo_stmt_id_1 from 'INSERT INTO user  ( id, name, age )  VALUES  ( ?, ?,? )';
set @__mo_stmt_var_0 = 6,@__mo_stmt_var_1 = "test_save_6" ,@__mo_stmt_var_2 = 6;
execute __mo_stmt_id_1 using @__mo_stmt_var_0,@__mo_stmt_var_1,@__mo_stmt_var_2;
deallocate prepare __mo_stmt_id_1;
prepare __mo_stmt_id_1 from 'select id, name, email, age from user';
execute __mo_stmt_id_1;
id    name    email    age
0    test_save_0    null    0
1    test_save_1    null    1
2    test_save_2    null    2
3    test_save_3    null    3
4    test_save_4    null    4
5    test_save_5    null    5
6    test_save_6    null    6
deallocate prepare __mo_stmt_id_1;
prepare __mo_stmt_id_1 from 'INSERT INTO user  ( id, name, age )  VALUES  ( ?, ?,? )';
set @__mo_stmt_var_0 = 7,@__mo_stmt_var_1 = "test_save_7" ,@__mo_stmt_var_2 = 7;
execute __mo_stmt_id_1 using @__mo_stmt_var_0,@__mo_stmt_var_1,@__mo_stmt_var_2;
deallocate prepare __mo_stmt_id_1;
prepare __mo_stmt_id_1 from 'select id, name, email, age from user';
execute __mo_stmt_id_1;
id    name    email    age
0    test_save_0    null    0
1    test_save_1    null    1
2    test_save_2    null    2
3    test_save_3    null    3
4    test_save_4    null    4
5    test_save_5    null    5
6    test_save_6    null    6
7    test_save_7    null    7
deallocate prepare __mo_stmt_id_1;
prepare __mo_stmt_id_1 from 'INSERT INTO user  ( id, name, age )  VALUES  ( ?, ?,? )';
set @__mo_stmt_var_0 = 8,@__mo_stmt_var_1 = "test_save_8" ,@__mo_stmt_var_2 = 8;
execute __mo_stmt_id_1 using @__mo_stmt_var_0,@__mo_stmt_var_1,@__mo_stmt_var_2;
deallocate prepare __mo_stmt_id_1;
prepare __mo_stmt_id_1 from 'select id, name, email, age from user';
execute __mo_stmt_id_1;
id    name    email    age
0    test_save_0    null    0
1    test_save_1    null    1
2    test_save_2    null    2
3    test_save_3    null    3
4    test_save_4    null    4
5    test_save_5    null    5
6    test_save_6    null    6
7    test_save_7    null    7
8    test_save_8    null    8
deallocate prepare __mo_stmt_id_1;
prepare __mo_stmt_id_1 from 'INSERT INTO user  ( id, name, age )  VALUES  ( ?, ?,? )';
set @__mo_stmt_var_0 = 9,@__mo_stmt_var_1 = "test_save_9" ,@__mo_stmt_var_2 = 9;
execute __mo_stmt_id_1 using @__mo_stmt_var_0,@__mo_stmt_var_1,@__mo_stmt_var_2;
deallocate prepare __mo_stmt_id_1;
prepare __mo_stmt_id_1 from 'select id, name, email, age from user';
execute __mo_stmt_id_1;
id    name    email    age
0    test_save_0    null    0
1    test_save_1    null    1
2    test_save_2    null    2
3    test_save_3    null    3
4    test_save_4    null    4
5    test_save_5    null    5
6    test_save_6    null    6
7    test_save_7    null    7
8    test_save_8    null    8
9    test_save_9    null    9
deallocate prepare __mo_stmt_id_1;
create table algo_offline (algo_id int(11) unsigned not null, algo_name varchar(50) not null);
prepare stmt1 from select count(*) from algo_offline where (algo_name like ? or algo_id like ?);
set @a="aa";
set @b="bb";
execute stmt1 using @a, @b;
count(*)
0
deallocate prepare stmt1;
drop table if exists t1;
create table t1 (a int, b int);
prepare stmt1 from 'show columns from t1';
execute stmt1;
Field    Type    Null    Key    Default    Extra    Comment
a    INT(32)    YES        null
b    INT(32)    YES        null            
prepare stmt1 from 'show variables like "aaaa"';
execute stmt1;
Variable_name    Value
prepare __mo_stmt_id_1 from 'INSERT INTO user  ( id, name, age )  VALUES  ( ?, ?,? )';
set @__mo_stmt_var_0 = 7,@__mo_stmt_var_1 = "test_save_7" ,@__mo_stmt_var_2 = 7;
execute __mo_stmt_id_1 using @__mo_stmt_var_0,@__mo_stmt_var_1,@__mo_stmt_var_2;
Duplicate entry '7' for key 'id'
reset prepare __mo_stmt_id_1;
deallocate prepare __mo_stmt_id_1;
drop table if exists t1;
create table t1( a int unique key,  b int,  c int );
prepare stmt1 from 'INSERT INTO t1 values(1, 2, 3)';
execute stmt1;
execute stmt1;
Duplicate entry '1' for key '__mo_index_idx_col'
select * from t1;
a    b    c
1    2    3
prepare stmt1 from 'update t1 set b = ? where a = ?';
set @varb = 22;
set @vara = 1;
execute stmt1 using @varb,@vara;
select * from t1;
a    b    c
1    22    3
drop table t1;
CREATE TABLE numbers(pk INTEGER PRIMARY KEY, ui BIGINT UNSIGNED, si BIGINT);
INSERT INTO numbers VALUES (0, 0, -9223372036854775808), (1, 18446744073709551615, 9223372036854775807);
SELECT * FROM numbers WHERE ui=-9223372036854775808;
pk    ui    si
SET @si_min = -9223372036854775808;
PREPARE s1 FROM 'SELECT * FROM numbers WHERE ui=?';
EXECUTE s1 USING @si_min;
invalid argument cast to uint64, bad value -9223372036854775808
DEALLOCATE PREPARE s1;
drop table numbers;
drop table if exists t1;
create table t1 (a int);
prepare stmt1 from select * from t1;
execute stmt1;
a
alter table t1 add column b int after a;
execute stmt1;
internal error: table 't1' has been changed, please reset prepare statement 'stmt1'
prepare stmt1 from select * from t1;
execute stmt1;
a    b
truncate table t1;
execute stmt1;
internal error: table 't1' has been changed, please reset prepare statement 'stmt1'
prepare stmt1 from select * from t1;
execute stmt1;
a    b
drop table t1;
execute stmt1;
internal error: table 't1' in prepare statement 'stmt1' does not exist anymore
deallocate prepare stmt1;
create database abc;
use abc;
drop table if exists t1;
create table t1 (a int, b int);
insert into t1 values(1, 1);
insert into t1 values(2, 2);
prepare stmt1 from select * from t1 limit ?;
set @a_var = 1;
execute stmt1 using @a_var;
a    b
1    1
prepare stmt2 from select * from t1 limit ?;
set @b_var = '1';
execute stmt2 using @b_var;
a    b
1    1
deallocate prepare stmt1;
deallocate prepare stmt2;
insert into t1 values(3, 3);
insert into t1 values(4, 4);
insert into t1 values(5, 5);
prepare stmt3 from select * from t1 limit ? offset ?;
set @a_var = 2;
set @b_var = 0;
execute stmt3 using @a_var, @b_var;
a    b
1    1
2    2
select * from t1 where a > ?;
invalid input: only prepare statement can use ? expr
deallocate prepare stmt3;
drop database abc;
create database prepare_test;
use prepare_test;
CREATE TABLE m_user (
m_id INT NOT NULL,
m_name CHAR(25) NOT NULL
);
prepare stmt1 from 'INSERT INTO m_user SET m_id=?, m_name=? ON DUPLICATE KEY UPDATE m_name=?;';
set @a_var_1 = 111;
set @a_var_2 = "aaaa";
set @a_var_3 = "bbb";
execute stmt1 using @a_var_1, @a_var_2, @a_var_3;
select * from m_user;
m_id    m_name
111    aaaa
deallocate prepare stmt1;
prepare stmt1 from 'INSERT INTO m_user SET m_id=?, m_name=? ON DUPLICATE KEY UPDATE m_name= substring(?, 1, 3);';
set @a_var_1 = 111;
set @a_var_2 = "aaaa";
set @a_var_3 = "bbbbbbb";
execute stmt1 using @a_var_1, @a_var_2, @a_var_3;
select * from m_user;
m_id    m_name
111    aaaa
111    aaaa
deallocate prepare stmt1;
prepare stmt1 from 'INSERT INTO m_user SET m_id=?, m_name=? ON DUPLICATE KEY UPDATE m_id= m_id + ?;';
set @a_var_1 = 111;
set @a_var_2 = "aaaa";
set @a_var_3 = 1;
execute stmt1 using @a_var_1, @a_var_2, @a_var_3;
select * from m_user;
m_id    m_name
111    aaaa
111    aaaa
111    aaaa
deallocate prepare stmt1;
drop table m_user;
CREATE TABLE m_user (
m_id INT NOT NULL primary key,
m_name CHAR(25) NOT NULL
);
prepare stmt1 from 'INSERT INTO m_user SET m_id=?, m_name=? ON DUPLICATE KEY UPDATE m_name=?;';
set @a_var_1 = 111;
set @a_var_2 = "aaaa";
set @a_var_3 = "bbb";
execute stmt1 using @a_var_1, @a_var_2, @a_var_3;
select * from m_user;
m_id    m_name
111    aaaa
deallocate prepare stmt1;
CREATE TABLE `storage` (
`collecttime` DATETIME NOT NULL,
`value` DOUBLE NOT NULL,
`account` VARCHAR(128) NOT NULL,
`interval` INT NOT NULL,
PRIMARY KEY (`collecttime`,`account`)
);
set @value1 = '2024-05-14 09:34:00';
set @value2 = 1359.036876;
set @value3 = '1af94fff_9a6c_4008_a946_4d15036618e1';
set @value4 = 1;
set @value5 = '2024-05-14 09:34:00';
set @value6 = 0.011262;
set @value7 = '4fb01180_5286_48fe_bde7_a77cf16a6e4e';
set @value8 = 11;
set @value9 = '2024-05-14 09:34:00';
set @value10 = 1492.753363;
set @value11 = 'be8f7e22_6bc1_41c3_b510_0ef1ed98dab1';
set @value12 = 1;
set @value13 = '2024-05-14 09:34:00';
set @value14 = 0.011261;
set @value15 = 'ef945ec6_21d5_4758_bd72_7effe814500b';
set @value16 = 1;
set @value17 = '2024-05-14 09:34:00';
set @value18 = 0.011315;
set @value19 = '018ee4e0_35b8_781a_b208_4735dce1378b';
set @value20 = 1;
set @value21 = '2024-05-14 09:34:00';
set @value22 = 0.011274;
set @value23 = '018f7506_e13b_7333_abdd_107ba823a778';
set @value24 = 1;
set @value25 = '2024-05-14 09:34:00';
set @value26 = 0.011274;
set @value27 = '018f7528_f9a0_75c5_b88f_1fbda12e34ea';
set @value28 = 1;
prepare stmt1 from 'INSERT INTO storage VALUES (?,?,?,?),(?,?,?,?),(?,?,?,?),(?,?,?,?),(?,?,?,?),(?,?,?,?),(?,?,?,?)';
EXECUTE stmt1 USING  @value1, @value2, @value3, @value4, @value5, @value6, @value7, @value8, @value9, @value10,@value11,@value12,@value13,@value14,@value15,@value16,@value17,@value18,@value19,@value20,@value21,@value22,@value23,@value24,@value25,@value26,@value27,@value28;
deallocate prepare stmt1;
select * from storage;
collecttime    value    account    interval
2024-05-14 09:34:00    1359.036876    1af94fff_9a6c_4008_a946_4d15036618e1    1
2024-05-14 09:34:00    0.011262    4fb01180_5286_48fe_bde7_a77cf16a6e4e    11
2024-05-14 09:34:00    1492.753363    be8f7e22_6bc1_41c3_b510_0ef1ed98dab1    1
2024-05-14 09:34:00    0.011261    ef945ec6_21d5_4758_bd72_7effe814500b    1
2024-05-14 09:34:00    0.011315    018ee4e0_35b8_781a_b208_4735dce1378b    1
2024-05-14 09:34:00    0.011274    018f7506_e13b_7333_abdd_107ba823a778    1
2024-05-14 09:34:00    0.011274    018f7528_f9a0_75c5_b88f_1fbda12e34ea    1
drop table m_user;
drop database prepare_test;
CREATE TABLE prepare.workbook (
`id` VARCHAR(128) NOT NULL,
`account_id` VARCHAR(128) DEFAULT NULL,
`sql_user` VARCHAR(128) DEFAULT NULL,
`name` VARCHAR(255) DEFAULT NULL,
`created_at` DATETIME DEFAULT NULL,
`updated_at` DATETIME DEFAULT NULL,
PRIMARY KEY (`id`),
UNIQUE KEY `unq_account_name` (`account_id`,`sql_user`,`name`)
);
insert into prepare.workbook values("f7945612-e27f-4bd8-b372-8cc596ea8eb6","018f7a6b_162b_7492_b5f0_cce7193ace7f","admin","mo","2023-09-03","2023-09-05");
prepare __mo_stmt_id_23 from SELECT count(*) FROM prepare.workbook WHERE account_id = ? AND sql_user = ? AND id = ? ;
set @account_id='018f7a6b_162b_7492_b5f0_cce7193ace7f';
set @user='admin';
set @id='f7945612-e27f-4bd8-b372-8cc596ea8eb6';
execute __mo_stmt_id_23 using @account_id,@user,@id;
count(*)
1
