drop database if exists db2;
create database db2;
use db2;
CREATE TABLE t1 (a INTEGER PRIMARY KEY, b CHAR(10));
desc t1;
Field    Type    Null    Key    Default    Extra    Comment
a    INT(32)    NO    PRI    null        
b    CHAR(10)    YES        null        
insert into t1 values(1, 'ab');
insert into t1 values(2, 'ac');
insert into t1 values(3, 'ad');
select * from t1;
a    b
1    ab
2    ac
3    ad
alter table t1 change a x VARCHAR(20);
desc t1;
Field    Type    Null    Key    Default    Extra    Comment
x    VARCHAR(20)    NO    PRI    null        
b    CHAR(10)    YES        null        
select * from t1;
x    b
1    ab
2    ac
3    ad
drop table if exists t1;
CREATE TABLE t1 (a INTEGER PRIMARY KEY, b CHAR(10), c date);
desc t1;
Field    Type    Null    Key    Default    Extra    Comment
a    INT(32)    NO    PRI    null        
b    CHAR(10)    YES        null        
c    DATE(0)    YES        null        
insert into t1 values(1, 'ab', '1980-12-17');
insert into t1 values(2, 'ac', '1981-02-20');
insert into t1 values(3, 'ad', '1981-02-22');
select * from t1;
a    b    c
1    ab    1980-12-17
2    ac    1981-02-20
3    ad    1981-02-22
alter table t1 change a x VARCHAR(20) after b;
desc t1;
Field    Type    Null    Key    Default    Extra    Comment
b    CHAR(10)    YES        null        
x    VARCHAR(20)    NO    PRI    null        
c    DATE(0)    YES        null        
select * from t1;
b    x    c
ab    1    1980-12-17
ac    2    1981-02-20
ad    3    1981-02-22
drop table if exists t1;
CREATE TABLE t1 (a INTEGER PRIMARY KEY, b CHAR(10), c date);
desc t1;
Field    Type    Null    Key    Default    Extra    Comment
a    INT(32)    NO    PRI    null        
b    CHAR(10)    YES        null        
c    DATE(0)    YES        null        
insert into t1 values(1, 'ab', '1980-12-17');
insert into t1 values(2, 'ac', '1981-02-20');
insert into t1 values(3, 'ad', '1981-02-22');
select * from t1;
a    b    c
1    ab    1980-12-17
2    ac    1981-02-20
3    ad    1981-02-22
alter table t1 change a x VARCHAR(20) after c;
desc t1;
Field    Type    Null    Key    Default    Extra    Comment
b    CHAR(10)    YES        null        
c    DATE(0)    YES        null        
x    VARCHAR(20)    NO    PRI    null        
select * from t1;
b    c    x
ab    1980-12-17    1
ac    1981-02-20    2
ad    1981-02-22    3
drop table if exists t1;
CREATE TABLE t1 (a INTEGER, b CHAR(10), c date, PRIMARY KEY(a));
desc t1;
Field    Type    Null    Key    Default    Extra    Comment
a    INT(32)    NO    PRI    null        
b    CHAR(10)    YES        null        
c    DATE(0)    YES        null        
insert into t1 values(1, 'ab', '1980-12-17');
insert into t1 values(2, 'ac', '1981-02-20');
insert into t1 values(3, 'ad', '1981-02-22');
select * from t1;
a    b    c
1    ab    1980-12-17
2    ac    1981-02-20
3    ad    1981-02-22
alter table t1 change b x VARCHAR(20) first;
desc t1;
Field    Type    Null    Key    Default    Extra    Comment
x    VARCHAR(20)    YES        null        
a    INT(32)    NO    PRI    null        
c    DATE(0)    YES        null        
select * from t1;
x    a    c
ab    1    1980-12-17
ac    2    1981-02-20
ad    3    1981-02-22
drop table if exists t1;
CREATE TABLE t1 (a INTEGER PRIMARY KEY, b CHAR(10), c date, d decimal(7,2));
desc t1;
Field    Type    Null    Key    Default    Extra    Comment
a    INT(32)    NO    PRI    null        
b    CHAR(10)    YES        null        
c    DATE(0)    YES        null        
d    DECIMAL64(7)    YES        null        
insert into t1 values(1, 'ab', '1980-12-17', 800);
insert into t1 values(2, 'ac', '1981-02-20', 1600);
insert into t1 values(3, 'ad', '1981-02-22', 500);
select * from t1;
a    b    c    d
1    ab    1980-12-17    800.00
2    ac    1981-02-20    1600.00
3    ad    1981-02-22    500.00
alter table t1 change b x VARCHAR(20), change d y int unsigned;
desc t1;
Field    Type    Null    Key    Default    Extra    Comment
a    INT(32)    NO    PRI    null        
x    VARCHAR(20)    YES        null        
c    DATE(0)    YES        null        
y    INT UNSIGNED(32)    YES        null        
select * from t1;
a    x    c    y
1    ab    1980-12-17    800
2    ac    1981-02-20    1600
3    ad    1981-02-22    500
drop table if exists t1;
CREATE TABLE t1 (a INTEGER PRIMARY KEY, b CHAR(10), c date, d decimal(7,2));
desc t1;
Field    Type    Null    Key    Default    Extra    Comment
a    INT(32)    NO    PRI    null        
b    CHAR(10)    YES        null        
c    DATE(0)    YES        null        
d    DECIMAL64(7)    YES        null        
insert into t1 values(1, 'ab', '1980-12-17', 800);
insert into t1 values(2, 'ac', '1981-02-20', 1600);
insert into t1 values(3, 'ad', '1981-02-22', 500);
select * from t1;
a    b    c    d
1    ab    1980-12-17    800.00
2    ac    1981-02-20    1600.00
3    ad    1981-02-22    500.00
alter table t1 change a x VARCHAR(20) PRIMARY KEY;
Multiple primary key defined
alter table t1 change b x VARCHAR(20) PRIMARY KEY;
Multiple primary key defined
alter table t1 change b z VARCHAR(20) first, change d m int unsigned after b;
Unknown column 'b' in 'generated column function'
ALTER TABLE t1 CHANGE a a INT NOT NULL;
desc t1;
Field    Type    Null    Key    Default    Extra    Comment
a    INT(32)    NO    PRI    null        
b    CHAR(10)    YES        null        
c    DATE(0)    YES        null        
d    DECIMAL64(7)    YES        null        
select * from t1;
a    b    c    d
1    ab    1980-12-17    800.00
2    ac    1981-02-20    1600.00
3    ad    1981-02-22    500.00
alter table t1 change b z VARCHAR(20) first, change d m int unsigned after z;
desc t1;
Field    Type    Null    Key    Default    Extra    Comment
z    VARCHAR(20)    YES        null        
m    INT UNSIGNED(32)    YES        null        
a    INT(32)    NO    PRI    null        
c    DATE(0)    YES        null        
select * from t1;
z    m    a    c
ab    800    1    1980-12-17
ac    1600    2    1981-02-20
ad    500    3    1981-02-22
drop table if exists t1;
CREATE TABLE t1(a INTEGER, b CHAR(10), c datetime, d decimal(7,2), PRIMARY KEY(a, b));
desc t1;
Field    Type    Null    Key    Default    Extra    Comment
a    INT(32)    NO    PRI    null        
b    CHAR(10)    NO    PRI    null        
c    DATETIME(0)    YES        null        
d    DECIMAL64(7)    YES        null        
insert into t1 values(1, 'ab', '1980-12-17 11:34:45', 800);
insert into t1 values(2, 'ac', '1981-02-20 10:34:45', 1600);
insert into t1 values(3, 'ad', '1981-02-22 09:34:45', 500);
select * from t1;
a    b    c    d
1    ab    1980-12-17 11:34:45    800.00
2    ac    1981-02-20 10:34:45    1600.00
3    ad    1981-02-22 09:34:45    500.00
alter table t1 change c x datetime default '2023-06-21 12:34:45' on update CURRENT_TIMESTAMP;
desc t1;
Field    Type    Null    Key    Default    Extra    Comment
a    INT(32)    NO    PRI    null        
b    CHAR(10)    NO    PRI    null        
x    DATETIME(0)    YES        '2023-06-21 12:34:45'        
d    DECIMAL64(7)    YES        null        
select * from t1;
a    b    x    d
1    ab    1980-12-17 11:34:45    800.00
2    ac    1981-02-20 10:34:45    1600.00
3    ad    1981-02-22 09:34:45    500.00
alter table t1 change x y date;
desc t1;
Field    Type    Null    Key    Default    Extra    Comment
a    INT(32)    NO    PRI    null        
b    CHAR(10)    NO    PRI    null        
y    DATE(0)    YES        null        
d    DECIMAL64(7)    YES        null        
select * from t1;
a    b    y    d
1    ab    1980-12-17    800.00
2    ac    1981-02-20    1600.00
3    ad    1981-02-22    500.00
drop table if exists t1;
CREATE TABLE t1 (a INTEGER, b CHAR(10), c datetime PRIMARY KEY default '2023-06-21' on update CURRENT_TIMESTAMP);
desc t1;
Field    Type    Null    Key    Default    Extra    Comment
a    INT(32)    YES        null        
b    CHAR(10)    YES        null        
c    DATETIME(0)    NO    PRI    '2023-06-21'        
insert into t1 values(1, 'ab', '1980-12-17');
insert into t1 values(2, 'ac', '1981-02-20');
insert into t1 values(3, 'ad', '1981-02-22');
select * from t1;
a    b    c
1    ab    1980-12-17 00:00:00
2    ac    1981-02-20 00:00:00
3    ad    1981-02-22 00:00:00
alter table t1 change c x date first;
desc t1;
Field    Type    Null    Key    Default    Extra    Comment
x    DATE(0)    NO    PRI    null        
a    INT(32)    YES        null        
b    CHAR(10)    YES        null        
select * from t1;
x    a    b
1980-12-17    1    ab
1981-02-20    2    ac
1981-02-22    3    ad
alter table t1 change x y datetime default '2023-06-21';
desc t1;
Field    Type    Null    Key    Default    Extra    Comment
y    DATETIME(0)    NO    PRI    '2023-06-21'        
a    INT(32)    YES        null        
b    CHAR(10)    YES        null        
select * from t1;
y    a    b
1980-12-17 00:00:00    1    ab
1981-02-20 00:00:00    2    ac
1981-02-22 00:00:00    3    ad
drop table if exists t1;
CREATE TABLE t1(a INTEGER PRIMARY KEY, b CHAR(10), c date, d decimal(7,2), UNIQUE KEY(a, b));
desc t1;
Field    Type    Null    Key    Default    Extra    Comment
a    INT(32)    NO    PRI    null        
b    CHAR(10)    YES        null        
c    DATE(0)    YES        null        
d    DECIMAL64(7)    YES        null        
insert into t1 values(1, 'ab', '1980-12-17', 800);
insert into t1 values(2, 'ac', '1981-02-20', 1600);
insert into t1 values(3, 'ad', '1981-02-22', 500);
select * from t1;
a    b    c    d
1    ab    1980-12-17    800.00
2    ac    1981-02-20    1600.00
3    ad    1981-02-22    500.00
alter table t1 change b x VARCHAR(20);
show index from t1;
Table    Non_unique    Key_name    Seq_in_index    Column_name    Collation    Cardinality    Sub_part    Packed    Null    Index_type    Comment    Index_comment    Visible    Expression
t1    0    a    1    a    A    0    NULL    NULL                    YES    NULL
t1    0    a    2    x    A    0    NULL    NULL    YES                YES    NULL
t1    0    PRIMARY    1    a    A    0    NULL    NULL                    YES    NULL
desc t1;
Field    Type    Null    Key    Default    Extra    Comment
a    INT(32)    NO    PRI    null        
x    VARCHAR(20)    YES        null        
c    DATE(0)    YES        null        
d    DECIMAL64(7)    YES        null        
select * from t1;
a    x    c    d
1    ab    1980-12-17    800.00
2    ac    1981-02-20    1600.00
3    ad    1981-02-22    500.00
alter table t1 change x y VARCHAR(20) UNIQUE KEY;
show index from t1;
Table    Non_unique    Key_name    Seq_in_index    Column_name    Collation    Cardinality    Sub_part    Packed    Null    Index_type    Comment    Index_comment    Visible    Expression
t1    0    a    1    a    A    0    NULL    NULL                    YES    NULL
t1    0    a    2    y    A    0    NULL    NULL    YES                YES    NULL
t1    0    y    1    y    A    0    NULL    NULL    YES                YES    NULL
t1    0    PRIMARY    1    a    A    0    NULL    NULL                    YES    NULL
desc t1;
Field    Type    Null    Key    Default    Extra    Comment
a    INT(32)    NO    PRI    null        
y    VARCHAR(20)    YES        null        
c    DATE(0)    YES        null        
d    DECIMAL64(7)    YES        null        
select * from t1;
a    y    c    d
1    ab    1980-12-17    800.00
2    ac    1981-02-20    1600.00
3    ad    1981-02-22    500.00
alter table t1 change y z VARCHAR(20) UNIQUE KEY;
show index from t1;
Table    Non_unique    Key_name    Seq_in_index    Column_name    Collation    Cardinality    Sub_part    Packed    Null    Index_type    Comment    Index_comment    Visible    Expression
t1    0    a    1    a    A    0    NULL    NULL                    YES    NULL
t1    0    a    2    z    A    0    NULL    NULL    YES                YES    NULL
t1    0    y    1    z    A    0    NULL    NULL    YES                YES    NULL
t1    0    z    1    z    A    0    NULL    NULL    YES                YES    NULL
t1    0    PRIMARY    1    a    A    0    NULL    NULL                    YES    NULL
desc t1;
Field    Type    Null    Key    Default    Extra    Comment
a    INT(32)    NO    PRI    null        
z    VARCHAR(20)    YES        null        
c    DATE(0)    YES        null        
d    DECIMAL64(7)    YES        null        
select * from t1;
a    z    c    d
1    ab    1980-12-17    800.00
2    ac    1981-02-20    1600.00
3    ad    1981-02-22    500.00
drop table if exists t1;
CREATE TABLE t1(a INTEGER PRIMARY KEY, b CHAR(10), c date, d decimal(7,2), UNIQUE KEY(a, b));
desc t1;
Field    Type    Null    Key    Default    Extra    Comment
a    INT(32)    NO    PRI    null        
b    CHAR(10)    YES        null        
c    DATE(0)    YES        null        
d    DECIMAL64(7)    YES        null        
insert into t1 values(1, 'ab', '1980-12-17', 800);
insert into t1 values(2, 'ac', '1981-02-20', 1600);
insert into t1 values(3, 'ad', '1981-02-22', 500);
select * from t1;
a    b    c    d
1    ab    1980-12-17    800.00
2    ac    1981-02-20    1600.00
3    ad    1981-02-22    500.00
alter table t1 rename column a to x;
show index from t1;
Table    Non_unique    Key_name    Seq_in_index    Column_name    Collation    Cardinality    Sub_part    Packed    Null    Index_type    Comment    Index_comment    Visible    Expression
t1    0    a    1    x    A    0    NULL    NULL                    YES    NULL
t1    0    a    2    b    A    0    NULL    NULL    YES                YES    NULL
t1    0    PRIMARY    1    x    A    0    NULL    NULL                    YES    NULL
desc t1;
Field    Type    Null    Key    Default    Extra    Comment
x    INT(32)    NO    PRI    null        
b    CHAR(10)    YES        null        
c    DATE(0)    YES        null        
d    DECIMAL64(7)    YES        null        
select * from t1;
x    b    c    d
1    ab    1980-12-17    800.00
2    ac    1981-02-20    1600.00
3    ad    1981-02-22    500.00
alter table t1 rename column b to y;
show index from t1;
Table    Non_unique    Key_name    Seq_in_index    Column_name    Collation    Cardinality    Sub_part    Packed    Null    Index_type    Comment    Index_comment    Visible    Expression
t1    0    a    1    x    A    0    NULL    NULL                    YES    NULL
t1    0    a    2    y    A    0    NULL    NULL    YES                YES    NULL
t1    0    PRIMARY    1    x    A    0    NULL    NULL                    YES    NULL
desc t1;
Field    Type    Null    Key    Default    Extra    Comment
x    INT(32)    NO    PRI    null        
y    CHAR(10)    YES        null        
c    DATE(0)    YES        null        
d    DECIMAL64(7)    YES        null        
select * from t1;
x    y    c    d
1    ab    1980-12-17    800.00
2    ac    1981-02-20    1600.00
3    ad    1981-02-22    500.00
drop table if exists t1;
CREATE TABLE t1(a INTEGER PRIMARY KEY, b CHAR(10), c date, d decimal(7,2), INDEX(a, b), KEY(c));
desc t1;
Field    Type    Null    Key    Default    Extra    Comment
a    INT(32)    NO    PRI    null        
b    CHAR(10)    YES        null        
c    DATE(0)    YES        null        
d    DECIMAL64(7)    YES        null        
insert into t1 values(1, 'ab', '1980-12-17', 800);
insert into t1 values(2, 'ac', '1981-02-20', 1600);
insert into t1 values(3, 'ad', '1981-02-22', 500);
select * from t1;
a    b    c    d
1    ab    1980-12-17    800.00
2    ac    1981-02-20    1600.00
3    ad    1981-02-22    500.00
alter table t1 change c x datetime;
show index from t1;
Table    Non_unique    Key_name    Seq_in_index    Column_name    Collation    Cardinality    Sub_part    Packed    Null    Index_type    Comment    Index_comment    Visible    Expression
t1    1    a    1    a    A    0    NULL    NULL                    YES    NULL
t1    1    a    2    b    A    0    NULL    NULL    YES                YES    NULL
t1    1    c    1    x    A    0    NULL    NULL    YES                YES    NULL
t1    0    PRIMARY    1    a    A    0    NULL    NULL                    YES    NULL
desc t1;
Field    Type    Null    Key    Default    Extra    Comment
a    INT(32)    NO    PRI    null        
b    CHAR(10)    YES        null        
x    DATETIME(0)    YES        null        
d    DECIMAL64(7)    YES        null        
select * from t1;
a    b    x    d
1    ab    1980-12-17 00:00:00    800.00
2    ac    1981-02-20 00:00:00    1600.00
3    ad    1981-02-22 00:00:00    500.00
alter table t1 change x y VARCHAR(20) KEY;
Multiple primary key defined
alter table t1 change x y VARCHAR(20) UNIQUE KEY;
show index from t1;
Table    Non_unique    Key_name    Seq_in_index    Column_name    Collation    Cardinality    Sub_part    Packed    Null    Index_type    Comment    Index_comment    Visible    Expression
t1    0    y    1    y    A    0    NULL    NULL    YES                YES    NULL
t1    1    a    1    a    A    0    NULL    NULL                    YES    NULL
t1    1    a    2    b    A    0    NULL    NULL    YES                YES    NULL
t1    1    c    1    y    A    0    NULL    NULL    YES                YES    NULL
t1    0    PRIMARY    1    a    A    0    NULL    NULL                    YES    NULL
desc t1;
Field    Type    Null    Key    Default    Extra    Comment
a    INT(32)    NO    PRI    null        
b    CHAR(10)    YES        null        
y    VARCHAR(20)    YES        null        
d    DECIMAL64(7)    YES        null        
select * from t1;
a    b    y    d
1    ab    1980-12-17 00:00:00    800.00
2    ac    1981-02-20 00:00:00    1600.00
3    ad    1981-02-22 00:00:00    500.00
drop table if exists t1;
create table t1(a int unsigned, b varchar(15) NOT NULL, c date, d decimal(7,2), primary key(a));
desc t1;
Field    Type    Null    Key    Default    Extra    Comment
a    INT UNSIGNED(32)    NO    PRI    null        
b    VARCHAR(15)    NO        null        
c    DATE(0)    YES        null        
d    DECIMAL64(7)    YES        null        
insert into t1 values (7369,'SMITH','1980-12-17',800);
insert into t1 values  (7499,'ALLEN','1981-02-20',1600);
insert into t1 values (7521,'WARD','1981-02-22',1250);
insert into t1 values  (7566,'JONES','1981-04-02',2975);
insert into t1 values  (7654,'MARTIN','1981-09-28',1250);
select * from t1;
a    b    c    d
7369    SMITH    1980-12-17    800.00
7499    ALLEN    1981-02-20    1600.00
7521    WARD    1981-02-22    1250.00
7566    JONES    1981-04-02    2975.00
7654    MARTIN    1981-09-28    1250.00
alter table t1 change a x int auto_increment;
desc t1;
Field    Type    Null    Key    Default    Extra    Comment
x    INT(32)    NO    PRI    null        
b    VARCHAR(15)    NO        null        
c    DATE(0)    YES        null        
d    DECIMAL64(7)    YES        null        
select * from t1;
x    b    c    d
7369    SMITH    1980-12-17    800.00
7499    ALLEN    1981-02-20    1600.00
7521    WARD    1981-02-22    1250.00
7566    JONES    1981-04-02    2975.00
7654    MARTIN    1981-09-28    1250.00
alter table t1 change d y decimal(6,2);
desc t1;
Field    Type    Null    Key    Default    Extra    Comment
x    INT(32)    NO    PRI    null        
b    VARCHAR(15)    NO        null        
c    DATE(0)    YES        null        
y    DECIMAL64(6)    YES        null        
select * from t1;
x    b    c    y
7369    SMITH    1980-12-17    800.00
7499    ALLEN    1981-02-20    1600.00
7521    WARD    1981-02-22    1250.00
7566    JONES    1981-04-02    2975.00
7654    MARTIN    1981-09-28    1250.00
drop table if exists t1;
CREATE TABLE t1(a INTEGER, b CHAR(10), c datetime, d decimal(7,2), PRIMARY KEY(a, b));
desc t1;
Field    Type    Null    Key    Default    Extra    Comment
a    INT(32)    NO    PRI    null        
b    CHAR(10)    NO    PRI    null        
c    DATETIME(0)    YES        null        
d    DECIMAL64(7)    YES        null        
insert into t1 values(1, 'ab', '1980-12-17 11:34:45', 800);
insert into t1 values(2, 'ac', '1981-02-20 10:34:45', 1600);
insert into t1 values(3, 'ad', '1981-02-22 09:34:45', 500);
select * from t1;
a    b    c    d
1    ab    1980-12-17 11:34:45    800.00
2    ac    1981-02-20 10:34:45    1600.00
3    ad    1981-02-22 09:34:45    500.00
alter table t1 change a x decimal(7,2);
desc t1;
Field    Type    Null    Key    Default    Extra    Comment
x    DECIMAL64(7)    NO    PRI    null        
b    CHAR(10)    NO    PRI    null        
c    DATETIME(0)    YES        null        
d    DECIMAL64(7)    YES        null        
select * from t1;
x    b    c    d
1.00    ab    1980-12-17 11:34:45    800.00
2.00    ac    1981-02-20 10:34:45    1600.00
3.00    ad    1981-02-22 09:34:45    500.00
alter table t1 rename column b to y;
desc t1;
Field    Type    Null    Key    Default    Extra    Comment
x    DECIMAL64(7)    NO    PRI    null        
y    CHAR(10)    NO    PRI    null        
c    DATETIME(0)    YES        null        
d    DECIMAL64(7)    YES        null        
select * from t1;
x    y    c    d
1.00    ab    1980-12-17 11:34:45    800.00
2.00    ac    1981-02-20 10:34:45    1600.00
3.00    ad    1981-02-22 09:34:45    500.00
alter table t1 rename column c to z;
desc t1;
Field    Type    Null    Key    Default    Extra    Comment
x    DECIMAL64(7)    NO    PRI    null        
y    CHAR(10)    NO    PRI    null        
z    DATETIME(0)    YES        null        
d    DECIMAL64(7)    YES        null        
select * from t1;
x    y    z    d
1.00    ab    1980-12-17 11:34:45    800.00
2.00    ac    1981-02-20 10:34:45    1600.00
3.00    ad    1981-02-22 09:34:45    500.00
drop table if exists dept;
create table dept(
deptno varchar(20),
dname varchar(15),
loc varchar(50),
primary key(deptno)
);
INSERT INTO dept VALUES (10,'ACCOUNTING','NEW YORK');
INSERT INTO dept VALUES (20,'RESEARCH','DALLAS');
INSERT INTO dept VALUES (30,'SALES','CHICAGO');
INSERT INTO dept VALUES (40,'OPERATIONS','BOSTON');
drop table if exists emp;
create table emp(
empno int unsigned auto_increment,
ename varchar(15),
job varchar(10),
mgr int unsigned,
hiredate date,
sal decimal(7,2),
comm decimal(7,2),
deptno varchar(20),
primary key(empno),
FOREIGN KEY (deptno) REFERENCES dept(deptno)
);
INSERT INTO emp VALUES (7369,'SMITH','CLERK',7902,'1980-12-17',800,NULL,20);
INSERT INTO emp VALUES (7499,'ALLEN','SALESMAN',7698,'1981-02-20',1600,300,30);
INSERT INTO emp VALUES (7521,'WARD','SALESMAN',7698,'1981-02-22',1250,500,30);
INSERT INTO emp VALUES (7566,'JONES','MANAGER',7839,'1981-04-02',2975,NULL,20);
INSERT INTO emp VALUES (7654,'MARTIN','SALESMAN',7698,'1981-09-28',1250,1400,30);
INSERT INTO emp VALUES (7698,'BLAKE','MANAGER',7839,'1981-05-01',2850,NULL,30);
INSERT INTO emp VALUES (7782,'CLARK','MANAGER',7839,'1981-06-09',2450,NULL,10);
INSERT INTO emp VALUES (7788,'SCOTT','ANALYST',7566,'0087-07-13',3000,NULL,20);
INSERT INTO emp VALUES (7839,'KING','PRESIDENT',NULL,'1981-11-17',5000,NULL,10);
INSERT INTO emp VALUES (7844,'TURNER','SALESMAN',7698,'1981-09-08',1500,0,30);
INSERT INTO emp VALUES (7876,'ADAMS','CLERK',7788,'0087-07-13',1100,NULL,20);
INSERT INTO emp VALUES (7900,'JAMES','CLERK',7698,'1981-12-03',950,NULL,30);
INSERT INTO emp VALUES (7902,'FORD','ANALYST',7566,'1981-12-03',3000,NULL,20);
INSERT INTO emp VALUES (7934,'MILLER','CLERK',7782,'1982-01-23',1300,NULL,10);
alter table emp change deptno deptno char(20);
Cannot change column 'deptno': used in a foreign key constraint ''
alter table emp change deptno deptno int;
Cannot change column 'deptno': used in a foreign key constraint ''
alter table emp change deptno deptno varchar(10);
Cannot change column 'deptno': used in a foreign key constraint ''
alter table emp change deptno deptno varchar(25);
desc emp;
Field    Type    Null    Key    Default    Extra    Comment
empno    INT UNSIGNED(32)    NO    PRI    null        
ename    VARCHAR(15)    YES        null        
job    VARCHAR(10)    YES        null        
mgr    INT UNSIGNED(32)    YES        null        
hiredate    DATE(0)    YES        null        
sal    DECIMAL64(7)    YES        null        
comm    DECIMAL64(7)    YES        null        
deptno    VARCHAR(25)    YES        null        
select * from emp;
empno    ename    job    mgr    hiredate    sal    comm    deptno
7369    SMITH    CLERK    7902    1980-12-17    800.00    null    20
7499    ALLEN    SALESMAN    7698    1981-02-20    1600.00    300.00    30
7521    WARD    SALESMAN    7698    1981-02-22    1250.00    500.00    30
7566    JONES    MANAGER    7839    1981-04-02    2975.00    null    20
7654    MARTIN    SALESMAN    7698    1981-09-28    1250.00    1400.00    30
7698    BLAKE    MANAGER    7839    1981-05-01    2850.00    null    30
7782    CLARK    MANAGER    7839    1981-06-09    2450.00    null    10
7788    SCOTT    ANALYST    7566    0087-07-13    3000.00    null    20
7839    KING    PRESIDENT    null    1981-11-17    5000.00    null    10
7844    TURNER    SALESMAN    7698    1981-09-08    1500.00    0.00    30
7876    ADAMS    CLERK    7788    0087-07-13    1100.00    null    20
7900    JAMES    CLERK    7698    1981-12-03    950.00    null    30
7902    FORD    ANALYST    7566    1981-12-03    3000.00    null    20
7934    MILLER    CLERK    7782    1982-01-23    1300.00    null    10
alter table emp change deptno deptId varchar(25);
desc emp;
Field    Type    Null    Key    Default    Extra    Comment
empno    INT UNSIGNED(32)    NO    PRI    null        
ename    VARCHAR(15)    YES        null        
job    VARCHAR(10)    YES        null        
mgr    INT UNSIGNED(32)    YES        null        
hiredate    DATE(0)    YES        null        
sal    DECIMAL64(7)    YES        null        
comm    DECIMAL64(7)    YES        null        
deptid    VARCHAR(25)    YES        null        
select * from emp;
empno    ename    job    mgr    hiredate    sal    comm    deptid
7369    SMITH    CLERK    7902    1980-12-17    800.00    null    20
7499    ALLEN    SALESMAN    7698    1981-02-20    1600.00    300.00    30
7521    WARD    SALESMAN    7698    1981-02-22    1250.00    500.00    30
7566    JONES    MANAGER    7839    1981-04-02    2975.00    null    20
7654    MARTIN    SALESMAN    7698    1981-09-28    1250.00    1400.00    30
7698    BLAKE    MANAGER    7839    1981-05-01    2850.00    null    30
7782    CLARK    MANAGER    7839    1981-06-09    2450.00    null    10
7788    SCOTT    ANALYST    7566    0087-07-13    3000.00    null    20
7839    KING    PRESIDENT    null    1981-11-17    5000.00    null    10
7844    TURNER    SALESMAN    7698    1981-09-08    1500.00    0.00    30
7876    ADAMS    CLERK    7788    0087-07-13    1100.00    null    20
7900    JAMES    CLERK    7698    1981-12-03    950.00    null    30
7902    FORD    ANALYST    7566    1981-12-03    3000.00    null    20
7934    MILLER    CLERK    7782    1982-01-23    1300.00    null    10
