drop database if exists test;
create database test;
use test;
drop table if exists test01;
create table test01(
col1 tinyint,
col2 smallint,
col3 int,
col4 bigint,
col5 tinyint unsigned,
col6 smallint unsigned,
col7 int unsigned,
col8 bigint unsigned,
col9 float,
col10 double
);
insert into test01 values (1,2,3,4,5,6,7,8,10.2131,3824.34324);
insert into test01 values (2,3,4,5,6,7,8,9,2131.3242343,-3824.34324);
show create table test01;
Table    Create Table
test01    CREATE TABLE `test01` (\n`col1` TINYINT DEFAULT NULL,\n`col2` SMALLINT DEFAULT NULL,\n`col3` INT DEFAULT NULL,\n`col4` BIGINT DEFAULT NULL,\n`col5` TINYINT UNSIGNED DEFAULT NULL,\n`col6` SMALLINT UNSIGNED DEFAULT NULL,\n`col7` INT UNSIGNED DEFAULT NULL,\n`col8` BIGINT UNSIGNED DEFAULT NULL,\n`col9` FLOAT DEFAULT NULL,\n`col10` DOUBLE DEFAULT NULL\n)
create publication publication01 database test;
show publications;
publication    database    create_time    update_time    sub_account    comments
publication01    test    2024-03-11 16:59:14    null    *    
alter table test01 add primary key (col1, col2);
show create table test01;
Table    Create Table
test01    CREATE TABLE `test01` (\n`col1` TINYINT NOT NULL,\n`col2` SMALLINT NOT NULL,\n`col3` INT DEFAULT NULL,\n`col4` BIGINT DEFAULT NULL,\n`col5` TINYINT UNSIGNED DEFAULT NULL,\n`col6` SMALLINT UNSIGNED DEFAULT NULL,\n`col7` INT UNSIGNED DEFAULT NULL,\n`col8` BIGINT UNSIGNED DEFAULT NULL,\n`col9` FLOAT DEFAULT NULL,\n`col10` DOUBLE DEFAULT NULL,\nPRIMARY KEY (`col1`,`col2`)\n)
alter table test01 add unique index `ui`(col1, col3);
show create table test01;
Table    Create Table
test01    CREATE TABLE `test01` (\n`col1` TINYINT NOT NULL,\n`col2` SMALLINT NOT NULL,\n`col3` INT DEFAULT NULL,\n`col4` BIGINT DEFAULT NULL,\n`col5` TINYINT UNSIGNED DEFAULT NULL,\n`col6` SMALLINT UNSIGNED DEFAULT NULL,\n`col7` INT UNSIGNED DEFAULT NULL,\n`col8` BIGINT UNSIGNED DEFAULT NULL,\n`col9` FLOAT DEFAULT NULL,\n`col10` DOUBLE DEFAULT NULL,\nPRIMARY KEY (`col1`,`col2`),\nUNIQUE KEY `ui` (`col1`,`col3`)\n)
alter table test01 drop primary key;
show create table test01;
Table    Create Table
test01    CREATE TABLE `test01` (\n`col1` TINYINT NOT NULL,\n`col2` SMALLINT NOT NULL,\n`col3` INT DEFAULT NULL,\n`col4` BIGINT DEFAULT NULL,\n`col5` TINYINT UNSIGNED DEFAULT NULL,\n`col6` SMALLINT UNSIGNED DEFAULT NULL,\n`col7` INT UNSIGNED DEFAULT NULL,\n`col8` BIGINT UNSIGNED DEFAULT NULL,\n`col9` FLOAT DEFAULT NULL,\n`col10` DOUBLE DEFAULT NULL,\nUNIQUE KEY `ui` (`col1`,`col3`)\n)
alter table test01 add primary key (col10);
show create table test01;
Table    Create Table
test01    CREATE TABLE `test01` (\n`col1` TINYINT NOT NULL,\n`col2` SMALLINT NOT NULL,\n`col3` INT DEFAULT NULL,\n`col4` BIGINT DEFAULT NULL,\n`col5` TINYINT UNSIGNED DEFAULT NULL,\n`col6` SMALLINT UNSIGNED DEFAULT NULL,\n`col7` INT UNSIGNED DEFAULT NULL,\n`col8` BIGINT UNSIGNED DEFAULT NULL,\n`col9` FLOAT DEFAULT NULL,\n`col10` DOUBLE NOT NULL,\nPRIMARY KEY (`col10`),\nUNIQUE KEY `ui` (`col1`,`col3`)\n)
alter table test01 add column newCol int after col1;
select * from test01;
col1    newcol    col2    col3    col4    col5    col6    col7    col8    col9    col10
1    null    2    3    4    5    6    7    8    10.2131    3824.34324
2    null    3    4    5    6    7    8    9    2131.3242    -3824.34324
show create table test01;
Table    Create Table
test01    CREATE TABLE `test01` (\n`col1` TINYINT NOT NULL,\n`newcol` INT DEFAULT NULL,\n`col2` SMALLINT NOT NULL,\n`col3` INT DEFAULT NULL,\n`col4` BIGINT DEFAULT NULL,\n`col5` TINYINT UNSIGNED DEFAULT NULL,\n`col6` SMALLINT UNSIGNED DEFAULT NULL,\n`col7` INT UNSIGNED DEFAULT NULL,\n`col8` BIGINT UNSIGNED DEFAULT NULL,\n`col9` FLOAT DEFAULT NULL,\n`col10` DOUBLE NOT NULL,\nPRIMARY KEY (`col10`),\nUNIQUE KEY `ui` (`col1`,`col3`)\n)
alter table test01 modify column col1 decimal;
show create table test01;
Table    Create Table
test01    CREATE TABLE `test01` (\n`col1` DECIMAL(38,0) DEFAULT NULL,\n`newcol` INT DEFAULT NULL,\n`col2` SMALLINT NOT NULL,\n`col3` INT DEFAULT NULL,\n`col4` BIGINT DEFAULT NULL,\n`col5` TINYINT UNSIGNED DEFAULT NULL,\n`col6` SMALLINT UNSIGNED DEFAULT NULL,\n`col7` INT UNSIGNED DEFAULT NULL,\n`col8` BIGINT UNSIGNED DEFAULT NULL,\n`col9` FLOAT DEFAULT NULL,\n`col10` DOUBLE NOT NULL,\nPRIMARY KEY (`col10`),\nUNIQUE KEY `ui` (`col1`,`col3`)\n)
show publications;
publication    database    create_time    update_time    sub_account    comments
publication01    test    2024-03-11 16:59:14    null    *    
drop publication publication01;
drop table test01;
drop database test;
drop account if exists acc0;
create account acc0 admin_name 'root' identified by '111';
drop database if exists sys_db_1;
create database sys_db_1;
use sys_db_1;
create table sys_tbl_1(a int primary key, b decimal, c char, d varchar(20) );
insert into sys_tbl_1 values(1,2,'a','database'),(2,3,'b','test publication'),(3, 4, 'c','324243243');
create publication sys_pub_1 database sys_db_1;
select * from sys_tbl_1;
a    b    c    d
1    2    a    database
2    3    b    test publication
3    4    c    324243243
show publications;
publication    database    create_time    update_time    sub_account    comments
sys_pub_1    sys_db_1    2024-03-11 16:59:15    null    *    
select pub_name, database_name, account_list from mo_catalog.mo_pubs;
pub_name    database_name    account_list
sys_pub_1    sys_db_1    all
create database sub1 from sys publication sys_pub_1;
show databases;
Database
information_schema
mo_catalog
mysql
sub1
system
system_metrics
show subscriptions;
pub_name    pub_account    pub_database    pub_time    sub_name    sub_time
use sys_db_1;
alter table sys_tbl_1 drop primary key;
show create table sys_tbl_1;
Table    Create Table
sys_tbl_1    CREATE TABLE `sys_tbl_1` (\n`a` INT NOT NULL,\n`b` DECIMAL(38,0) DEFAULT NULL,\n`c` CHAR(1) DEFAULT NULL,\n`d` VARCHAR(20) DEFAULT NULL\n)
alter table sys_tbl_1 add primary key(a,b);
show create table sys_tbl_1;
Table    Create Table
sys_tbl_1    CREATE TABLE `sys_tbl_1` (\n`a` INT NOT NULL,\n`b` DECIMAL(38,0) NOT NULL,\n`c` CHAR(1) DEFAULT NULL,\n`d` VARCHAR(20) DEFAULT NULL,\nPRIMARY KEY (`a`,`b`)\n)
alter table sys_tbl_1 add unique index `b`(b,c);
show create table sys_tbl_1;
Table    Create Table
sys_tbl_1    CREATE TABLE `sys_tbl_1` (\n`a` INT NOT NULL,\n`b` DECIMAL(38,0) NOT NULL,\n`c` CHAR(1) DEFAULT NULL,\n`d` VARCHAR(20) DEFAULT NULL,\nPRIMARY KEY (`a`,`b`),\nUNIQUE KEY `b` (`b`,`c`)\n)
alter table sys_tbl_1 modify column a char after c;
show create table sys_tbl_1;
Table    Create Table
sys_tbl_1    CREATE TABLE `sys_tbl_1` (\n`b` DECIMAL(38,0) NOT NULL,\n`c` CHAR(1) DEFAULT NULL,\n`a` CHAR(1) NOT NULL,\n`d` VARCHAR(20) DEFAULT NULL,\nPRIMARY KEY (`a`,`b`),\nUNIQUE KEY `b` (`b`,`c`)\n)
drop database sub1;
drop account acc0;
drop publication sys_pub_1;
drop database sys_db_1;
