drop database if exists db7;
create database db7;
use db7;
drop table if exists dept;
create table dept(
deptno int unsigned auto_increment COMMENT '部门编号',
dname varchar(15) COMMENT '部门名称',
loc varchar(50)  COMMENT '部门所在位置',
primary key(deptno)
) COMMENT='部门表';
INSERT INTO dept VALUES (10,'ACCOUNTING','NEW YORK');
INSERT INTO dept VALUES (20,'RESEARCH','DALLAS');
INSERT INTO dept VALUES (30,'SALES','CHICAGO');
INSERT INTO dept VALUES (40,'OPERATIONS','BOSTON');
drop table if exists emp;
create table emp(
empno int unsigned auto_increment COMMENT '雇员编号',
ename varchar(15) COMMENT '雇员姓名',
job varchar(10) COMMENT '雇员职位',
mgr int unsigned COMMENT '雇员对应的领导的编号',
hiredate date COMMENT '雇员的雇佣日期',
sal decimal(7,2) COMMENT '雇员的基本工资',
comm decimal(7,2) COMMENT '奖金',
deptno int unsigned COMMENT '所在部门',
primary key(empno),
constraint `c1` FOREIGN KEY (deptno) REFERENCES dept(deptno)
);
INSERT INTO emp VALUES (7369,'SMITH','CLERK',7902,'1980-12-17',800,NULL,20);
INSERT INTO emp VALUES (7499,'ALLEN','SALESMAN',7698,'1981-02-20',1600,300,30);
INSERT INTO emp VALUES (7521,'WARD','SALESMAN',7698,'1981-02-22',1250,500,30);
INSERT INTO emp VALUES (7566,'JONES','MANAGER',7839,'1981-04-02',2975,NULL,20);
INSERT INTO emp VALUES (7654,'MARTIN','SALESMAN',7698,'1981-09-28',1250,1400,30);
INSERT INTO emp VALUES (7698,'BLAKE','MANAGER',7839,'1981-05-01',2850,NULL,30);
INSERT INTO emp VALUES (7782,'CLARK','MANAGER',7839,'1981-06-09',2450,NULL,10);
INSERT INTO emp VALUES (7788,'SCOTT','ANALYST',7566,'0087-07-13',3000,NULL,20);
INSERT INTO emp VALUES (7839,'KING','PRESIDENT',NULL,'1981-11-17',5000,NULL,10);
INSERT INTO emp VALUES (7844,'TURNER','SALESMAN',7698,'1981-09-08',1500,0,30);
INSERT INTO emp VALUES (7876,'ADAMS','CLERK',7788,'0087-07-13',1100,NULL,20);
INSERT INTO emp VALUES (7900,'JAMES','CLERK',7698,'1981-12-03',950,NULL,30);
INSERT INTO emp VALUES (7902,'FORD','ANALYST',7566,'1981-12-03',3000,NULL,20);
INSERT INTO emp VALUES (7934,'MILLER','CLERK',7782,'1982-01-23',1300,NULL,10);
alter table dept modify deptno int unsigned after dname;
Cannot change column 'deptno': used in a foreign key constraint 'c1' of table 'db7.emp'
alter table dept modify deptno int unsigned;
Cannot change column 'deptno': used in a foreign key constraint 'c1' of table 'db7.emp'
alter table dept change deptno deptId int unsigned after dname;
Columns participating in a foreign key are renamed
alter table dept change deptno deptId int unsigned;
Columns participating in a foreign key are renamed
alter table dept change deptno deptno int unsigned;
Cannot change column 'deptno': used in a foreign key constraint 'c1' of table 'db7.emp'
alter table dept change deptno deptno int unsigned after dname;
Cannot change column 'deptno': used in a foreign key constraint 'c1' of table 'db7.emp'
alter table dept modify deptno int unsigned auto_increment;
desc dept;
Field    Type    Null    Key    Default    Extra    Comment
deptno    INT UNSIGNED(32)    NO    PRI    null        
dname    VARCHAR(15)    YES        null        部门名称
loc    VARCHAR(50)    YES        null        部门所在位置
select * from dept;
deptno    dname    loc
10    ACCOUNTING    NEW YORK
20    RESEARCH    DALLAS
30    SALES    CHICAGO
40    OPERATIONS    BOSTON
alter table dept modify deptno int unsigned auto_increment after dname;
desc dept;
Field    Type    Null    Key    Default    Extra    Comment
dname    VARCHAR(15)    YES        null        部门名称
deptno    INT UNSIGNED(32)    NO    PRI    null        
loc    VARCHAR(50)    YES        null        部门所在位置
select * from dept;
dname    deptno    loc
ACCOUNTING    10    NEW YORK
RESEARCH    20    DALLAS
SALES    30    CHICAGO
OPERATIONS    40    BOSTON
INSERT INTO emp VALUES (7990,'MILLER','CLERK',7782,'1982-01-23',1300,NULL,100);
internal error: Cannot add or update a child row: a foreign key constraint fails
INSERT INTO emp VALUES (7990,'MILLER','CLERK',7782,'1982-01-23',1300,NULL,10);
select * from emp;
empno    ename    job    mgr    hiredate    sal    comm    deptno
7369    SMITH    CLERK    7902    1980-12-17    800.00    null    20
7499    ALLEN    SALESMAN    7698    1981-02-20    1600.00    300.00    30
7521    WARD    SALESMAN    7698    1981-02-22    1250.00    500.00    30
7566    JONES    MANAGER    7839    1981-04-02    2975.00    null    20
7654    MARTIN    SALESMAN    7698    1981-09-28    1250.00    1400.00    30
7698    BLAKE    MANAGER    7839    1981-05-01    2850.00    null    30
7782    CLARK    MANAGER    7839    1981-06-09    2450.00    null    10
7788    SCOTT    ANALYST    7566    0087-07-13    3000.00    null    20
7839    KING    PRESIDENT    null    1981-11-17    5000.00    null    10
7844    TURNER    SALESMAN    7698    1981-09-08    1500.00    0.00    30
7876    ADAMS    CLERK    7788    0087-07-13    1100.00    null    20
7900    JAMES    CLERK    7698    1981-12-03    950.00    null    30
7902    FORD    ANALYST    7566    1981-12-03    3000.00    null    20
7934    MILLER    CLERK    7782    1982-01-23    1300.00    null    10
7990    MILLER    CLERK    7782    1982-01-23    1300.00    null    10
drop table emp;
drop table dept;
drop table if exists dept;
create table dept(
deptno int unsigned COMMENT '部门编号',
dname varchar(15) COMMENT '部门名称',
loc varchar(50)  COMMENT '部门所在位置',
primary key(deptno)
) COMMENT='部门表';
INSERT INTO dept VALUES (10,'ACCOUNTING','NEW YORK');
INSERT INTO dept VALUES (20,'RESEARCH','DALLAS');
INSERT INTO dept VALUES (30,'SALES','CHICAGO');
INSERT INTO dept VALUES (40,'OPERATIONS','BOSTON');
drop table if exists emp;
create table emp(
empno int unsigned auto_increment COMMENT '雇员编号',
ename varchar(15) COMMENT '雇员姓名',
job varchar(10) COMMENT '雇员职位',
mgr int unsigned COMMENT '雇员对应的领导的编号',
hiredate date COMMENT '雇员的雇佣日期',
sal decimal(7,2) COMMENT '雇员的基本工资',
comm decimal(7,2) COMMENT '奖金',
deptno int unsigned COMMENT '所在部门',
primary key(empno),
constraint `c1` FOREIGN KEY (deptno) REFERENCES dept(deptno)
);
INSERT INTO emp VALUES (7369,'SMITH','CLERK',7902,'1980-12-17',800,NULL,20);
INSERT INTO emp VALUES (7499,'ALLEN','SALESMAN',7698,'1981-02-20',1600,300,30);
INSERT INTO emp VALUES (7521,'WARD','SALESMAN',7698,'1981-02-22',1250,500,30);
INSERT INTO emp VALUES (7566,'JONES','MANAGER',7839,'1981-04-02',2975,NULL,20);
INSERT INTO emp VALUES (7654,'MARTIN','SALESMAN',7698,'1981-09-28',1250,1400,30);
INSERT INTO emp VALUES (7698,'BLAKE','MANAGER',7839,'1981-05-01',2850,NULL,30);
INSERT INTO emp VALUES (7782,'CLARK','MANAGER',7839,'1981-06-09',2450,NULL,10);
INSERT INTO emp VALUES (7788,'SCOTT','ANALYST',7566,'0087-07-13',3000,NULL,20);
INSERT INTO emp VALUES (7839,'KING','PRESIDENT',NULL,'1981-11-17',5000,NULL,10);
INSERT INTO emp VALUES (7844,'TURNER','SALESMAN',7698,'1981-09-08',1500,0,30);
INSERT INTO emp VALUES (7876,'ADAMS','CLERK',7788,'0087-07-13',1100,NULL,20);
INSERT INTO emp VALUES (7900,'JAMES','CLERK',7698,'1981-12-03',950,NULL,30);
INSERT INTO emp VALUES (7902,'FORD','ANALYST',7566,'1981-12-03',3000,NULL,20);
INSERT INTO emp VALUES (7934,'MILLER','CLERK',7782,'1982-01-23',1300,NULL,10);
alter table dept modify deptno int unsigned auto_increment;
Cannot change column 'deptno': used in a foreign key constraint 'c1' of table 'db7.emp'
alter table dept modify deptno int unsigned auto_increment after dname;
Cannot change column 'deptno': used in a foreign key constraint 'c1' of table 'db7.emp'
alter table dept change deptno deptId int unsigned auto_increment after dname;
Columns participating in a foreign key are renamed
alter table dept change deptno deptId int unsigned auto_increment;
Columns participating in a foreign key are renamed
alter table dept change deptno deptId int unsigned after dname;
desc dept;
Field    Type    Null    Key    Default    Extra    Comment
dname    VARCHAR(15)    YES        null        部门名称
deptid    INT UNSIGNED(32)    NO    PRI    null        
loc    VARCHAR(50)    YES        null        部门所在位置
INSERT INTO emp VALUES (7990,'MILLER','CLERK',7782,'1982-01-23',1300,NULL,100);
internal error: Cannot add or update a child row: a foreign key constraint fails
INSERT INTO emp VALUES (7990,'MILLER','CLERK',7782,'1982-01-23',1300,NULL,10);
select * from emp;
empno    ename    job    mgr    hiredate    sal    comm    deptno
7369    SMITH    CLERK    7902    1980-12-17    800.00    null    20
7499    ALLEN    SALESMAN    7698    1981-02-20    1600.00    300.00    30
7521    WARD    SALESMAN    7698    1981-02-22    1250.00    500.00    30
7566    JONES    MANAGER    7839    1981-04-02    2975.00    null    20
7654    MARTIN    SALESMAN    7698    1981-09-28    1250.00    1400.00    30
7698    BLAKE    MANAGER    7839    1981-05-01    2850.00    null    30
7782    CLARK    MANAGER    7839    1981-06-09    2450.00    null    10
7788    SCOTT    ANALYST    7566    0087-07-13    3000.00    null    20
7839    KING    PRESIDENT    null    1981-11-17    5000.00    null    10
7844    TURNER    SALESMAN    7698    1981-09-08    1500.00    0.00    30
7876    ADAMS    CLERK    7788    0087-07-13    1100.00    null    20
7900    JAMES    CLERK    7698    1981-12-03    950.00    null    30
7902    FORD    ANALYST    7566    1981-12-03    3000.00    null    20
7934    MILLER    CLERK    7782    1982-01-23    1300.00    null    10
7990    MILLER    CLERK    7782    1982-01-23    1300.00    null    10
drop table emp;
drop table dept;
drop table if exists dept;
create table dept(
deptno int unsigned COMMENT '部门编号',
dname varchar(15) COMMENT '部门名称',
loc varchar(50)  COMMENT '部门所在位置',
primary key(deptno)
) COMMENT='部门表';
INSERT INTO dept VALUES (10,'ACCOUNTING','NEW YORK');
INSERT INTO dept VALUES (20,'RESEARCH','DALLAS');
INSERT INTO dept VALUES (30,'SALES','CHICAGO');
INSERT INTO dept VALUES (40,'OPERATIONS','BOSTON');
drop table if exists emp;
create table emp(
empno int unsigned auto_increment COMMENT '雇员编号',
ename varchar(15) COMMENT '雇员姓名',
job varchar(10) COMMENT '雇员职位',
mgr int unsigned COMMENT '雇员对应的领导的编号',
hiredate date COMMENT '雇员的雇佣日期',
sal decimal(7,2) COMMENT '雇员的基本工资',
comm decimal(7,2) COMMENT '奖金',
deptno int unsigned COMMENT '所在部门',
primary key(empno),
constraint `c1` FOREIGN KEY (deptno) REFERENCES dept(deptno)
);
INSERT INTO emp VALUES (7369,'SMITH','CLERK',7902,'1980-12-17',800,NULL,20);
INSERT INTO emp VALUES (7499,'ALLEN','SALESMAN',7698,'1981-02-20',1600,300,30);
INSERT INTO emp VALUES (7521,'WARD','SALESMAN',7698,'1981-02-22',1250,500,30);
INSERT INTO emp VALUES (7566,'JONES','MANAGER',7839,'1981-04-02',2975,NULL,20);
INSERT INTO emp VALUES (7654,'MARTIN','SALESMAN',7698,'1981-09-28',1250,1400,30);
INSERT INTO emp VALUES (7698,'BLAKE','MANAGER',7839,'1981-05-01',2850,NULL,30);
INSERT INTO emp VALUES (7782,'CLARK','MANAGER',7839,'1981-06-09',2450,NULL,10);
INSERT INTO emp VALUES (7788,'SCOTT','ANALYST',7566,'0087-07-13',3000,NULL,20);
INSERT INTO emp VALUES (7839,'KING','PRESIDENT',NULL,'1981-11-17',5000,NULL,10);
INSERT INTO emp VALUES (7844,'TURNER','SALESMAN',7698,'1981-09-08',1500,0,30);
INSERT INTO emp VALUES (7876,'ADAMS','CLERK',7788,'0087-07-13',1100,NULL,20);
INSERT INTO emp VALUES (7900,'JAMES','CLERK',7698,'1981-12-03',950,NULL,30);
INSERT INTO emp VALUES (7902,'FORD','ANALYST',7566,'1981-12-03',3000,NULL,20);
INSERT INTO emp VALUES (7934,'MILLER','CLERK',7782,'1982-01-23',1300,NULL,10);
alter table dept modify deptno int unsigned default 10;
desc dept;
Field    Type    Null    Key    Default    Extra    Comment
deptno    INT UNSIGNED(32)    NO    PRI    10        
dname    VARCHAR(15)    YES        null        部门名称
loc    VARCHAR(50)    YES        null        部门所在位置
select * from dept;
deptno    dname    loc
10    ACCOUNTING    NEW YORK
20    RESEARCH    DALLAS
30    SALES    CHICAGO
40    OPERATIONS    BOSTON
alter table dept modify deptno int unsigned after dname;
desc dept;
Field    Type    Null    Key    Default    Extra    Comment
dname    VARCHAR(15)    YES        null        部门名称
deptno    INT UNSIGNED(32)    NO    PRI    null        
loc    VARCHAR(50)    YES        null        部门所在位置
select * from dept;
dname    deptno    loc
ACCOUNTING    10    NEW YORK
RESEARCH    20    DALLAS
SALES    30    CHICAGO
OPERATIONS    40    BOSTON
INSERT INTO emp VALUES (7990,'MILLER','CLERK',7782,'1982-01-23',1300,NULL,100);
internal error: Cannot add or update a child row: a foreign key constraint fails
INSERT INTO emp VALUES (7990,'MILLER','CLERK',7782,'1982-01-23',1300,NULL,10);
select * from emp;
empno    ename    job    mgr    hiredate    sal    comm    deptno
7369    SMITH    CLERK    7902    1980-12-17    800.00    null    20
7499    ALLEN    SALESMAN    7698    1981-02-20    1600.00    300.00    30
7521    WARD    SALESMAN    7698    1981-02-22    1250.00    500.00    30
7566    JONES    MANAGER    7839    1981-04-02    2975.00    null    20
7654    MARTIN    SALESMAN    7698    1981-09-28    1250.00    1400.00    30
7698    BLAKE    MANAGER    7839    1981-05-01    2850.00    null    30
7782    CLARK    MANAGER    7839    1981-06-09    2450.00    null    10
7788    SCOTT    ANALYST    7566    0087-07-13    3000.00    null    20
7839    KING    PRESIDENT    null    1981-11-17    5000.00    null    10
7844    TURNER    SALESMAN    7698    1981-09-08    1500.00    0.00    30
7876    ADAMS    CLERK    7788    0087-07-13    1100.00    null    20
7900    JAMES    CLERK    7698    1981-12-03    950.00    null    30
7902    FORD    ANALYST    7566    1981-12-03    3000.00    null    20
7934    MILLER    CLERK    7782    1982-01-23    1300.00    null    10
7990    MILLER    CLERK    7782    1982-01-23    1300.00    null    10
drop table emp;
drop table dept;
drop table if exists dept;
create table dept(
deptno int unsigned auto_increment COMMENT '部门编号',
dname varchar(15) COMMENT '部门名称',
loc varchar(50)  COMMENT '部门所在位置',
primary key(deptno)
) COMMENT='部门表';
INSERT INTO dept VALUES (10,'ACCOUNTING','NEW YORK');
INSERT INTO dept VALUES (20,'RESEARCH','DALLAS');
INSERT INTO dept VALUES (30,'SALES','CHICAGO');
INSERT INTO dept VALUES (40,'OPERATIONS','BOSTON');
drop table if exists emp;
create table emp(
empno int unsigned auto_increment COMMENT '雇员编号',
ename varchar(15) COMMENT '雇员姓名',
job varchar(10) COMMENT '雇员职位',
mgr int unsigned COMMENT '雇员对应的领导的编号',
hiredate date COMMENT '雇员的雇佣日期',
sal decimal(7,2) COMMENT '雇员的基本工资',
comm decimal(7,2) COMMENT '奖金',
deptno int unsigned COMMENT '所在部门',
primary key(empno),
constraint `c1` FOREIGN KEY (deptno) REFERENCES dept(deptno)
);
INSERT INTO emp VALUES (7369,'SMITH','CLERK',7902,'1980-12-17',800,NULL,20);
INSERT INTO emp VALUES (7499,'ALLEN','SALESMAN',7698,'1981-02-20',1600,300,30);
INSERT INTO emp VALUES (7521,'WARD','SALESMAN',7698,'1981-02-22',1250,500,30);
INSERT INTO emp VALUES (7566,'JONES','MANAGER',7839,'1981-04-02',2975,NULL,20);
INSERT INTO emp VALUES (7654,'MARTIN','SALESMAN',7698,'1981-09-28',1250,1400,30);
INSERT INTO emp VALUES (7698,'BLAKE','MANAGER',7839,'1981-05-01',2850,NULL,30);
INSERT INTO emp VALUES (7782,'CLARK','MANAGER',7839,'1981-06-09',2450,NULL,10);
INSERT INTO emp VALUES (7788,'SCOTT','ANALYST',7566,'0087-07-13',3000,NULL,20);
INSERT INTO emp VALUES (7839,'KING','PRESIDENT',NULL,'1981-11-17',5000,NULL,10);
INSERT INTO emp VALUES (7844,'TURNER','SALESMAN',7698,'1981-09-08',1500,0,30);
INSERT INTO emp VALUES (7876,'ADAMS','CLERK',7788,'0087-07-13',1100,NULL,20);
INSERT INTO emp VALUES (7900,'JAMES','CLERK',7698,'1981-12-03',950,NULL,30);
INSERT INTO emp VALUES (7902,'FORD','ANALYST',7566,'1981-12-03',3000,NULL,20);
INSERT INTO emp VALUES (7934,'MILLER','CLERK',7782,'1982-01-23',1300,NULL,10);
alter table dept ALTER COLUMN deptno SET DEFAULT 10;
desc dept;
Field    Type    Null    Key    Default    Extra    Comment
deptno    INT UNSIGNED(32)    NO    PRI    null        部门编号
dname    VARCHAR(15)    YES        null        部门名称
loc    VARCHAR(50)    YES        null        部门所在位置
alter table dept ALTER COLUMN deptno SET INVISIBLE;
desc dept;
Field    Type    Null    Key    Default    Extra    Comment
deptno    INT UNSIGNED(32)    NO    PRI    null        部门编号
dname    VARCHAR(15)    YES        null        部门名称
loc    VARCHAR(50)    YES        null        部门所在位置
alter table dept ALTER COLUMN deptno drop default;
desc dept;
Field    Type    Null    Key    Default    Extra    Comment
deptno    INT UNSIGNED(32)    NO    PRI    null        部门编号
dname    VARCHAR(15)    YES        null        部门名称
loc    VARCHAR(50)    YES        null        部门所在位置
alter table dept rename column deptno to deptid;
desc dept;
Field    Type    Null    Key    Default    Extra    Comment
deptid    INT UNSIGNED(32)    NO    PRI    null        部门编号
dname    VARCHAR(15)    YES        null        部门名称
loc    VARCHAR(50)    YES        null        部门所在位置
select * from dept;
deptid    dname    loc
10    ACCOUNTING    NEW YORK
20    RESEARCH    DALLAS
30    SALES    CHICAGO
40    OPERATIONS    BOSTON
INSERT INTO emp VALUES (7990,'MILLER','CLERK',7782,'1982-01-23',1300,NULL,100);
internal error: Cannot add or update a child row: a foreign key constraint fails
INSERT INTO emp VALUES (7990,'MILLER','CLERK',7782,'1982-01-23',1300,NULL,10);
select * from emp;
empno    ename    job    mgr    hiredate    sal    comm    deptno
7369    SMITH    CLERK    7902    1980-12-17    800.00    null    20
7499    ALLEN    SALESMAN    7698    1981-02-20    1600.00    300.00    30
7521    WARD    SALESMAN    7698    1981-02-22    1250.00    500.00    30
7566    JONES    MANAGER    7839    1981-04-02    2975.00    null    20
7654    MARTIN    SALESMAN    7698    1981-09-28    1250.00    1400.00    30
7698    BLAKE    MANAGER    7839    1981-05-01    2850.00    null    30
7782    CLARK    MANAGER    7839    1981-06-09    2450.00    null    10
7788    SCOTT    ANALYST    7566    0087-07-13    3000.00    null    20
7839    KING    PRESIDENT    null    1981-11-17    5000.00    null    10
7844    TURNER    SALESMAN    7698    1981-09-08    1500.00    0.00    30
7876    ADAMS    CLERK    7788    0087-07-13    1100.00    null    20
7900    JAMES    CLERK    7698    1981-12-03    950.00    null    30
7902    FORD    ANALYST    7566    1981-12-03    3000.00    null    20
7934    MILLER    CLERK    7782    1982-01-23    1300.00    null    10
7990    MILLER    CLERK    7782    1982-01-23    1300.00    null    10
drop table emp;
drop table dept;
drop database if exists db7;
