drop table if exists f1;
drop table if exists c1;
create table f1(fa int primary key, fb int unique key);
create table c1 (ca int, cb int);
alter table c1 add constraint ffa foreign key f_a(ca) references f1(fa);
insert into f1 values (2,2);
insert into c1 values (1,1);
internal error: Cannot add or update a child row: a foreign key constraint fails
insert into c1 values (2,2);
select ca, cb from c1 order by ca;
ca    cb
2    2
alter table c1 drop foreign key ffa;
insert into c1 values (1,1);
select ca, cb from c1 order by ca;
ca    cb
1    1
2    2
drop table c1;
drop table f1;
create table f1(fa int primary key, fb int unique key);
create table c1 (ca int, cb int, constraint ffb foreign key f_a(cb) references f1(fb));
insert into f1 values (2,2);
insert into c1 values (2,1);
internal error: Cannot add or update a child row: a foreign key constraint fails
alter table c1 add constraint ffa foreign key f_a(ca) references f1(fa);
insert into c1 values (1,2);
internal error: Cannot add or update a child row: a foreign key constraint fails
alter table c1 drop foreign key ffb;
insert into c1 values (2,1);
insert into c1 values (1,2);
internal error: Cannot add or update a child row: a foreign key constraint fails
alter table c1 drop foreign key ffa;
insert into c1 values (1,2);
select ca, cb from c1 order by ca;
ca    cb
1    2
2    1
drop table c1;
drop table f1;
drop table if exists t1;
CREATE TABLE t1(
col1 INT NOT NULL,
col2 DATE NOT NULL,
col3 VARCHAR(16) NOT NULL,
col4 INT NOT NULL,
PRIMARY KEY(col1)
);
insert into t1 values(1, '1980-12-17','Abby', 21);
insert into t1 values(2, '1981-02-20','Bob', 22);
insert into t1 values(3, '1981-02-22','Carol', 23);
insert into t1 values(4, '1981-04-02','Dora', 24);
insert into t1 values(5, '1981-09-28','bcvdf', 25);
insert into t1 values(6, '1981-05-01','green', 26);
ALTER TABLE t1 ADD UNIQUE idx1 (col2, col3);
insert into t1 values(7, '1981-05-01','green', 26);
Duplicate entry '41170b09644601677265656e00' for key '__mo_index_idx_col'
show index from t1;
Table    Non_unique    Key_name    Seq_in_index    Column_name    Collation    Cardinality    Sub_part    Packed    Null    Index_type    Comment    Index_comment    Visible    Expression
t1    0    PRIMARY    1    col1    A    0    NULL    NULL                    YES    NULL
t1    0    idx1    1    col2    A    0    NULL    NULL                    YES    NULL
t1    0    idx1    2    col3    A    0    NULL    NULL                    YES    NULL
select * from t1;
col1    col2    col3    col4
1    1980-12-17    Abby    21
2    1981-02-20    Bob    22
3    1981-02-22    Carol    23
4    1981-04-02    Dora    24
5    1981-09-28    bcvdf    25
6    1981-05-01    green    26
alter table t1 alter index idx1 invisible;
show index from t1;
Table    Non_unique    Key_name    Seq_in_index    Column_name    Collation    Cardinality    Sub_part    Packed    Null    Index_type    Comment    Index_comment    Visible    Expression
t1    0    PRIMARY    1    col1    A    0    NULL    NULL                    YES    NULL
t1    0    idx1    1    col2    A    0    NULL    NULL                    NO    NULL
t1    0    idx1    2    col3    A    0    NULL    NULL                    NO    NULL
alter table t1 alter index idx1 visible;
show index from t1;
Table    Non_unique    Key_name    Seq_in_index    Column_name    Collation    Cardinality    Sub_part    Packed    Null    Index_type    Comment    Index_comment    Visible    Expression
t1    0    PRIMARY    1    col1    A    0    NULL    NULL                    YES    NULL
t1    0    idx1    1    col2    A    0    NULL    NULL                    YES    NULL
t1    0    idx1    2    col3    A    0    NULL    NULL                    YES    NULL
ALTER TABLE t1 DROP INDEX idx1;
show index from t1;
Table    Non_unique    Key_name    Seq_in_index    Column_name    Collation    Cardinality    Sub_part    Packed    Null    Index_type    Comment    Index_comment    Visible    Expression
t1    0    PRIMARY    1    col1    A    0    NULL    NULL                    YES    NULL
ALTER TABLE t1 ADD UNIQUE INDEX idx2 (col2, col3);
show index from t1;
Table    Non_unique    Key_name    Seq_in_index    Column_name    Collation    Cardinality    Sub_part    Packed    Null    Index_type    Comment    Index_comment    Visible    Expression
t1    0    PRIMARY    1    col1    A    0    NULL    NULL                    YES    NULL
t1    0    idx2    1    col2    A    0    NULL    NULL                    YES    NULL
t1    0    idx2    2    col3    A    0    NULL    NULL                    YES    NULL
alter table t1 alter index idx2 invisible;
show index from t1;
Table    Non_unique    Key_name    Seq_in_index    Column_name    Collation    Cardinality    Sub_part    Packed    Null    Index_type    Comment    Index_comment    Visible    Expression
t1    0    PRIMARY    1    col1    A    0    NULL    NULL                    YES    NULL
t1    0    idx2    1    col2    A    0    NULL    NULL                    NO    NULL
t1    0    idx2    2    col3    A    0    NULL    NULL                    NO    NULL
ALTER TABLE t1 DROP INDEX idx2;
show index from t1;
Table    Non_unique    Key_name    Seq_in_index    Column_name    Collation    Cardinality    Sub_part    Packed    Null    Index_type    Comment    Index_comment    Visible    Expression
t1    0    PRIMARY    1    col1    A    0    NULL    NULL                    YES    NULL
drop table t1;
drop table if exists t2;
CREATE TABLE t2(
col1 INT NOT NULL,
col2 DATE NOT NULL,
col3 VARCHAR(16) NOT NULL,
col4 INT NOT NULL,
PRIMARY KEY(col1)
);
insert into t2 values(1, '1980-12-17','Abby', 21);
insert into t2 values(2, '1981-02-20','Bob', 22);
insert into t2 values(3, '1981-02-22','Carol', 23);
insert into t2 values(4, '1981-04-02','Dora', 24);
insert into t2 values(5, '1981-09-28','bcvdf', 25);
insert into t2 values(6, '1981-05-01','green', 26);
ALTER TABLE t2 ADD INDEX index1 (col2);
show index from t2;
Table    Non_unique    Key_name    Seq_in_index    Column_name    Collation    Cardinality    Sub_part    Packed    Null    Index_type    Comment    Index_comment    Visible    Expression
t2    0    PRIMARY    1    col1    A    0    NULL    NULL                    YES    NULL
t2    1    index1    1    col2    A    0    NULL    NULL                    YES    NULL
alter table t2 alter index index1 invisible;
show index from t2;
Table    Non_unique    Key_name    Seq_in_index    Column_name    Collation    Cardinality    Sub_part    Packed    Null    Index_type    Comment    Index_comment    Visible    Expression
t2    0    PRIMARY    1    col1    A    0    NULL    NULL                    YES    NULL
t2    1    index1    1    col2    A    0    NULL    NULL                    NO    NULL
select * from t2;
col1    col2    col3    col4
1    1980-12-17    Abby    21
2    1981-02-20    Bob    22
3    1981-02-22    Carol    23
4    1981-04-02    Dora    24
5    1981-09-28    bcvdf    25
6    1981-05-01    green    26
ALTER TABLE t2 DROP INDEX index1;
show index from t2;
Table    Non_unique    Key_name    Seq_in_index    Column_name    Collation    Cardinality    Sub_part    Packed    Null    Index_type    Comment    Index_comment    Visible    Expression
t2    0    PRIMARY    1    col1    A    0    NULL    NULL                    YES    NULL
ALTER TABLE t2 ADD INDEX index2 (col2,col3);
show index from t2;
Table    Non_unique    Key_name    Seq_in_index    Column_name    Collation    Cardinality    Sub_part    Packed    Null    Index_type    Comment    Index_comment    Visible    Expression
t2    0    PRIMARY    1    col1    A    0    NULL    NULL                    YES    NULL
t2    1    index2    1    col2    A    0    NULL    NULL                    YES    NULL
t2    1    index2    2    col3    A    0    NULL    NULL                    YES    NULL
alter table t2 alter index index2 invisible;
show index from t2;
Table    Non_unique    Key_name    Seq_in_index    Column_name    Collation    Cardinality    Sub_part    Packed    Null    Index_type    Comment    Index_comment    Visible    Expression
t2    0    PRIMARY    1    col1    A    0    NULL    NULL                    YES    NULL
t2    1    index2    1    col2    A    0    NULL    NULL                    NO    NULL
t2    1    index2    2    col3    A    0    NULL    NULL                    NO    NULL
ALTER TABLE t2 DROP INDEX index2;
show index from t2;
Table    Non_unique    Key_name    Seq_in_index    Column_name    Collation    Cardinality    Sub_part    Packed    Null    Index_type    Comment    Index_comment    Visible    Expression
t2    0    PRIMARY    1    col1    A    0    NULL    NULL                    YES    NULL
drop table t2;
drop table if exists t3;
CREATE TABLE t3(
col1 INT NOT NULL,
col2 DATE NOT NULL,
col3 VARCHAR(16) NOT NULL,
col4 INT NOT NULL,
PRIMARY KEY(col1, col2)
);
insert into t3 values(1, '1980-12-17','Abby', 21);
insert into t3 values(2, '1981-02-20','Bob', 22);
insert into t3 values(3, '1981-02-22','Carol', 23);
insert into t3 values(4, '1981-04-02','Dora', 24);
insert into t3 values(5, '1981-09-28','bcvdf', 25);
insert into t3 values(6, '1981-05-01','green', 26);
ALTER TABLE t3 ADD INDEX index1 (col2);
show index from t3;
Table    Non_unique    Key_name    Seq_in_index    Column_name    Collation    Cardinality    Sub_part    Packed    Null    Index_type    Comment    Index_comment    Visible    Expression
t3    0    PRIMARY    1    col1    A    0    NULL    NULL                    YES    NULL
t3    0    PRIMARY    2    col2    A    0    NULL    NULL                    YES    NULL
t3    1    index1    1    col2    A    0    NULL    NULL                    YES    NULL
alter table t3 alter index index1 invisible;
show index from t3;
Table    Non_unique    Key_name    Seq_in_index    Column_name    Collation    Cardinality    Sub_part    Packed    Null    Index_type    Comment    Index_comment    Visible    Expression
t3    0    PRIMARY    1    col1    A    0    NULL    NULL                    YES    NULL
t3    0    PRIMARY    2    col2    A    0    NULL    NULL                    YES    NULL
t3    1    index1    1    col2    A    0    NULL    NULL                    NO    NULL
select * from t3;
col1    col2    col3    col4
1    1980-12-17    Abby    21
2    1981-02-20    Bob    22
3    1981-02-22    Carol    23
4    1981-04-02    Dora    24
5    1981-09-28    bcvdf    25
6    1981-05-01    green    26
ALTER TABLE t3 DROP INDEX index1;
show index from t3;
Table    Non_unique    Key_name    Seq_in_index    Column_name    Collation    Cardinality    Sub_part    Packed    Null    Index_type    Comment    Index_comment    Visible    Expression
t3    0    PRIMARY    1    col1    A    0    NULL    NULL                    YES    NULL
t3    0    PRIMARY    2    col2    A    0    NULL    NULL                    YES    NULL
ALTER TABLE t3 ADD UNIQUE INDEX index2 (col2,col3);
show index from t3;
Table    Non_unique    Key_name    Seq_in_index    Column_name    Collation    Cardinality    Sub_part    Packed    Null    Index_type    Comment    Index_comment    Visible    Expression
t3    0    PRIMARY    1    col1    A    0    NULL    NULL                    YES    NULL
t3    0    PRIMARY    2    col2    A    0    NULL    NULL                    YES    NULL
t3    0    index2    1    col2    A    0    NULL    NULL                    YES    NULL
t3    0    index2    2    col3    A    0    NULL    NULL                    YES    NULL
alter table t3 alter index index2 invisible;
show index from t3;
Table    Non_unique    Key_name    Seq_in_index    Column_name    Collation    Cardinality    Sub_part    Packed    Null    Index_type    Comment    Index_comment    Visible    Expression
t3    0    PRIMARY    1    col1    A    0    NULL    NULL                    YES    NULL
t3    0    PRIMARY    2    col2    A    0    NULL    NULL                    YES    NULL
t3    0    index2    1    col2    A    0    NULL    NULL                    NO    NULL
t3    0    index2    2    col3    A    0    NULL    NULL                    NO    NULL
ALTER TABLE t3 DROP INDEX index2;
show index from t3;
Table    Non_unique    Key_name    Seq_in_index    Column_name    Collation    Cardinality    Sub_part    Packed    Null    Index_type    Comment    Index_comment    Visible    Expression
t3    0    PRIMARY    1    col1    A    0    NULL    NULL                    YES    NULL
t3    0    PRIMARY    2    col2    A    0    NULL    NULL                    YES    NULL
create unique index idx3 on t3(col2,col3);
show index from t3;
Table    Non_unique    Key_name    Seq_in_index    Column_name    Collation    Cardinality    Sub_part    Packed    Null    Index_type    Comment    Index_comment    Visible    Expression
t3    0    PRIMARY    1    col1    A    0    NULL    NULL                    YES    NULL
t3    0    PRIMARY    2    col2    A    0    NULL    NULL                    YES    NULL
t3    0    idx3    1    col2    A    0    NULL    NULL                    YES    NULL
t3    0    idx3    2    col3    A    0    NULL    NULL                    YES    NULL
drop table t3;
drop table if exists t4;
CREATE TABLE t4(
col1 INT NOT NULL,
col2 DATE NOT NULL,
col3 VARCHAR(16) NOT NULL,
col4 int unsigned NOT NULL,
PRIMARY KEY(col1)
);
insert into t4 values(1, '1980-12-17','Abby', 21);
insert into t4 values(2, '1981-02-20','Bob', 22);
insert into t4 values(3, '1981-02-22','Carol', 23);
insert into t4 values(4, '1981-04-02','Dora', 24);
insert into t4 values(5, '1981-09-28','bcvdf', 25);
insert into t4 values(6, '1981-05-01','green', 26);
alter table t4 add constraint index (col3, col4);
SQL parser error: You have an error in your SQL syntax; check the manual that corresponds to your MatrixOne server version for the right syntax to use. syntax error at line 1 column 35 near " index (col3, col4);";
alter table t4 add constraint index wwwww (col3, col4);
SQL parser error: You have an error in your SQL syntax; check the manual that corresponds to your MatrixOne server version for the right syntax to use. syntax error at line 1 column 35 near " index wwwww (col3, col4);";
alter table t4 add constraint idx_6dotkott2kjsp8vw4d0m25fb7 index zxxxxx (col3);
SQL parser error: You have an error in your SQL syntax; check the manual that corresponds to your MatrixOne server version for the right syntax to use. syntax error at line 1 column 65 near " index zxxxxx (col3);";
show index from t4;
Table    Non_unique    Key_name    Seq_in_index    Column_name    Collation    Cardinality    Sub_part    Packed    Null    Index_type    Comment    Index_comment    Visible    Expression
t4    0    PRIMARY    1    col1    A    0    NULL    NULL                    YES    NULL
alter table t4 add index zxxxxx(col3);
show index from t4;
Table    Non_unique    Key_name    Seq_in_index    Column_name    Collation    Cardinality    Sub_part    Packed    Null    Index_type    Comment    Index_comment    Visible    Expression
t4    0    PRIMARY    1    col1    A    0    NULL    NULL                    YES    NULL
t4    1    zxxxxx    1    col3    A    0    NULL    NULL                    YES    NULL
drop table t4;
drop table if exists t5;
CREATE TABLE t5(
col1 INT NOT NULL,
col2 DATE NOT NULL,
col3 VARCHAR(16) NOT NULL,
col4 int unsigned NOT NULL,
PRIMARY KEY(col1)
);
insert into t5 values(1, '1980-12-17','Abby', 21);
insert into t5 values(2, '1981-02-20','Bob', 22);
insert into t5 values(3, '1981-02-22','Carol', 23);
insert into t5 values(4, '1981-04-02','Dora', 24);
insert into t5 values(5, '1981-09-28','bcvdf', 25);
insert into t5 values(6, '1981-05-01','green', 26);
alter table t5 add constraint unique key (col3, col4);
alter table t5 add constraint unique key wwwww (col3, col4);
alter table t5 add constraint idx_6dotkott2kjsp8vw4d0m25fb7 unique key zxxxxx (col3);
show index from t5;
Table    Non_unique    Key_name    Seq_in_index    Column_name    Collation    Cardinality    Sub_part    Packed    Null    Index_type    Comment    Index_comment    Visible    Expression
t5    0    PRIMARY    1    col1    A    0    NULL    NULL                    YES    NULL
t5    0    col3    1    col3    A    0    NULL    NULL                    YES    NULL
t5    0    col3    2    col4    A    0    NULL    NULL                    YES    NULL
t5    0    wwwww    1    col3    A    0    NULL    NULL                    YES    NULL
t5    0    wwwww    2    col4    A    0    NULL    NULL                    YES    NULL
t5    0    zxxxxx    1    col3    A    0    NULL    NULL                    YES    NULL
alter table t5 add unique key zxxxxx(col3);
duplicate key name 'zxxxxx'
show index from t5;
Table    Non_unique    Key_name    Seq_in_index    Column_name    Collation    Cardinality    Sub_part    Packed    Null    Index_type    Comment    Index_comment    Visible    Expression
t5    0    PRIMARY    1    col1    A    0    NULL    NULL                    YES    NULL
t5    0    col3    1    col3    A    0    NULL    NULL                    YES    NULL
t5    0    col3    2    col4    A    0    NULL    NULL                    YES    NULL
t5    0    wwwww    1    col3    A    0    NULL    NULL                    YES    NULL
t5    0    wwwww    2    col4    A    0    NULL    NULL                    YES    NULL
t5    0    zxxxxx    1    col3    A    0    NULL    NULL                    YES    NULL
alter table t5 add constraint idx_6dotkott2kjsp8v unique key (col3);
alter table t5 add constraint idx_6dotkott2kjsp8v unique key (col4);
duplicate key name 'idx_6dotkott2kjsp8v'
show index from t5;
Table    Non_unique    Key_name    Seq_in_index    Column_name    Collation    Cardinality    Sub_part    Packed    Null    Index_type    Comment    Index_comment    Visible    Expression
t5    0    PRIMARY    1    col1    A    0    NULL    NULL                    YES    NULL
t5    0    col3    1    col3    A    0    NULL    NULL                    YES    NULL
t5    0    col3    2    col4    A    0    NULL    NULL                    YES    NULL
t5    0    wwwww    1    col3    A    0    NULL    NULL                    YES    NULL
t5    0    wwwww    2    col4    A    0    NULL    NULL                    YES    NULL
t5    0    zxxxxx    1    col3    A    0    NULL    NULL                    YES    NULL
t5    0    idx_6dotkott2kjsp8v    1    col3    A    0    NULL    NULL                    YES    NULL
drop table t5;
