drop database if exists db1;
create database db1;
use db1;
drop table if exists t1;
CREATE TABLE t1 (a INTEGER PRIMARY KEY, b CHAR(10));
desc t1;
Field    Type    Null    Key    Default    Extra    Comment
a    INT(32)    NO    PRI    null        
b    CHAR(10)    YES        null        
insert into t1 values(1, 'ab');
insert into t1 values(2, 'ac');
insert into t1 values(3, 'ad');
select * from t1;
a    b
1    ab
2    ac
3    ad
alter table t1 modify a VARCHAR(20);
desc t1;
Field    Type    Null    Key    Default    Extra    Comment
a    VARCHAR(20)    NO    PRI    null        
b    CHAR(10)    YES        null        
select * from t1;
a    b
1    ab
2    ac
3    ad
drop table if exists t1;
CREATE TABLE t1 (a INTEGER PRIMARY KEY, b CHAR(10), c date);
desc t1;
Field    Type    Null    Key    Default    Extra    Comment
a    INT(32)    NO    PRI    null        
b    CHAR(10)    YES        null        
c    DATE(0)    YES        null        
insert into t1 values(1, 'ab', '1980-12-17');
insert into t1 values(2, 'ac', '1981-02-20');
insert into t1 values(3, 'ad', '1981-02-22');
select * from t1;
a    b    c
1    ab    1980-12-17
2    ac    1981-02-20
3    ad    1981-02-22
alter table t1 modify a VARCHAR(20) after b;
desc t1;
Field    Type    Null    Key    Default    Extra    Comment
b    CHAR(10)    YES        null        
a    VARCHAR(20)    NO    PRI    null        
c    DATE(0)    YES        null        
select * from t1;
b    a    c
ab    1    1980-12-17
ac    2    1981-02-20
ad    3    1981-02-22
drop table if exists t1;
CREATE TABLE t1 (a INTEGER PRIMARY KEY, b CHAR(10), c date);
desc t1;
Field    Type    Null    Key    Default    Extra    Comment
a    INT(32)    NO    PRI    null        
b    CHAR(10)    YES        null        
c    DATE(0)    YES        null        
insert into t1 values(1, 'ab', '1980-12-17');
insert into t1 values(2, 'ac', '1981-02-20');
insert into t1 values(3, 'ad', '1981-02-22');
select * from t1;
a    b    c
1    ab    1980-12-17
2    ac    1981-02-20
3    ad    1981-02-22
alter table t1 modify a VARCHAR(20) after c;
desc t1;
Field    Type    Null    Key    Default    Extra    Comment
b    CHAR(10)    YES        null        
c    DATE(0)    YES        null        
a    VARCHAR(20)    NO    PRI    null        
select * from t1;
b    c    a
ab    1980-12-17    1
ac    1981-02-20    2
ad    1981-02-22    3
drop table if exists t1;
CREATE TABLE t1 (a INTEGER, b CHAR(10), c date, PRIMARY KEY(a));
desc t1;
Field    Type    Null    Key    Default    Extra    Comment
a    INT(32)    NO    PRI    null        
b    CHAR(10)    YES        null        
c    DATE(0)    YES        null        
insert into t1 values(1, 'ab', '1980-12-17');
insert into t1 values(2, 'ac', '1981-02-20');
insert into t1 values(3, 'ad', '1981-02-22');
select * from t1;
a    b    c
1    ab    1980-12-17
2    ac    1981-02-20
3    ad    1981-02-22
alter table t1 modify b VARCHAR(20) first;
desc t1;
Field    Type    Null    Key    Default    Extra    Comment
b    VARCHAR(20)    YES        null        
a    INT(32)    NO    PRI    null        
c    DATE(0)    YES        null        
select * from t1;
b    a    c
ab    1    1980-12-17
ac    2    1981-02-20
ad    3    1981-02-22
drop table if exists t1;
CREATE TABLE t1 (a INTEGER PRIMARY KEY, b CHAR(10), c date, d decimal(7,2));
desc t1;
Field    Type    Null    Key    Default    Extra    Comment
a    INT(32)    NO    PRI    null        
b    CHAR(10)    YES        null        
c    DATE(0)    YES        null        
d    DECIMAL64(7)    YES        null        
insert into t1 values(1, 'ab', '1980-12-17', 800);
insert into t1 values(2, 'ac', '1981-02-20', 1600);
insert into t1 values(3, 'ad', '1981-02-22', 500);
select * from t1;
a    b    c    d
1    ab    1980-12-17    800.00
2    ac    1981-02-20    1600.00
3    ad    1981-02-22    500.00
alter table t1 modify b VARCHAR(20), modify d int unsigned;
desc t1;
Field    Type    Null    Key    Default    Extra    Comment
a    INT(32)    NO    PRI    null        
b    VARCHAR(20)    YES        null        
c    DATE(0)    YES        null        
d    INT UNSIGNED(32)    YES        null        
select * from t1;
a    b    c    d
1    ab    1980-12-17    800
2    ac    1981-02-20    1600
3    ad    1981-02-22    500
drop table if exists t1;
CREATE TABLE t1 (a INTEGER PRIMARY KEY, b CHAR(10), c date, d decimal(7,2));
desc t1;
Field    Type    Null    Key    Default    Extra    Comment
a    INT(32)    NO    PRI    null        
b    CHAR(10)    YES        null        
c    DATE(0)    YES        null        
d    DECIMAL64(7)    YES        null        
insert into t1 values(1, 'ab', '1980-12-17', 800);
insert into t1 values(2, 'ac', '1981-02-20', 1600);
insert into t1 values(3, 'ad', '1981-02-22', 500);
select * from t1;
a    b    c    d
1    ab    1980-12-17    800.00
2    ac    1981-02-20    1600.00
3    ad    1981-02-22    500.00
alter table t1 modify a VARCHAR(20) PRIMARY KEY;
Multiple primary key defined
alter table t1 modify b VARCHAR(20) PRIMARY KEY;
Multiple primary key defined
alter table t1 modify b VARCHAR(20) first, modify d int unsigned after b;
desc t1;
Field    Type    Null    Key    Default    Extra    Comment
b    VARCHAR(20)    YES        null        
d    INT UNSIGNED(32)    YES        null        
a    INT(32)    NO    PRI    null        
c    DATE(0)    YES        null        
select * from t1;
b    d    a    c
ab    800    1    1980-12-17
ac    1600    2    1981-02-20
ad    500    3    1981-02-22
drop table if exists t1;
CREATE TABLE t1(a INTEGER, b CHAR(10), c datetime, d decimal(7,2), PRIMARY KEY(a, b));
desc t1;
Field    Type    Null    Key    Default    Extra    Comment
a    INT(32)    NO    PRI    null        
b    CHAR(10)    NO    PRI    null        
c    DATETIME(0)    YES        null        
d    DECIMAL64(7)    YES        null        
insert into t1 values(1, 'ab', '1980-12-17 11:34:45', 800);
insert into t1 values(2, 'ac', '1981-02-20 10:34:45', 1600);
insert into t1 values(3, 'ad', '1981-02-22 09:34:45', 500);
select * from t1;
a    b    c    d
1    ab    1980-12-17 11:34:45    800.00
2    ac    1981-02-20 10:34:45    1600.00
3    ad    1981-02-22 09:34:45    500.00
alter table t1 modify c datetime default '2023-06-21 12:34:45' on update CURRENT_TIMESTAMP;
desc t1;
Field    Type    Null    Key    Default    Extra    Comment
a    INT(32)    NO    PRI    null        
b    CHAR(10)    NO    PRI    null        
c    DATETIME(0)    YES        '2023-06-21 12:34:45'        
d    DECIMAL64(7)    YES        null        
select * from t1;
a    b    c    d
1    ab    1980-12-17 11:34:45    800.00
2    ac    1981-02-20 10:34:45    1600.00
3    ad    1981-02-22 09:34:45    500.00
alter table t1 modify c date;
desc t1;
Field    Type    Null    Key    Default    Extra    Comment
a    INT(32)    NO    PRI    null        
b    CHAR(10)    NO    PRI    null        
c    DATE(0)    YES        null        
d    DECIMAL64(7)    YES        null        
select * from t1;
a    b    c    d
1    ab    1980-12-17    800.00
2    ac    1981-02-20    1600.00
3    ad    1981-02-22    500.00
drop table if exists t1;
CREATE TABLE t1 (a INTEGER, b CHAR(10), c datetime PRIMARY KEY default '2023-06-21' on update CURRENT_TIMESTAMP);
desc t1;
Field    Type    Null    Key    Default    Extra    Comment
a    INT(32)    YES        null        
b    CHAR(10)    YES        null        
c    DATETIME(0)    NO    PRI    '2023-06-21'        
insert into t1 values(1, 'ab', '1980-12-17');
insert into t1 values(2, 'ac', '1981-02-20');
insert into t1 values(3, 'ad', '1981-02-22');
select * from t1;
a    b    c
1    ab    1980-12-17 00:00:00
2    ac    1981-02-20 00:00:00
3    ad    1981-02-22 00:00:00
alter table t1 modify c date first;
desc t1;
Field    Type    Null    Key    Default    Extra    Comment
c    DATE(0)    NO    PRI    null        
a    INT(32)    YES        null        
b    CHAR(10)    YES        null        
select * from t1;
c    a    b
1980-12-17    1    ab
1981-02-20    2    ac
1981-02-22    3    ad
alter table t1 modify c datetime default '2023-06-21';
desc t1;
Field    Type    Null    Key    Default    Extra    Comment
c    DATETIME(0)    NO    PRI    '2023-06-21'        
a    INT(32)    YES        null        
b    CHAR(10)    YES        null        
select * from t1;
c    a    b
1980-12-17 00:00:00    1    ab
1981-02-20 00:00:00    2    ac
1981-02-22 00:00:00    3    ad
drop table if exists t1;
CREATE TABLE t1(a INTEGER PRIMARY KEY, b CHAR(10), c date, d decimal(7,2), UNIQUE KEY(a, b));
desc t1;
Field    Type    Null    Key    Default    Extra    Comment
a    INT(32)    NO    PRI    null        
b    CHAR(10)    YES        null        
c    DATE(0)    YES        null        
d    DECIMAL64(7)    YES        null        
insert into t1 values(1, 'ab', '1980-12-17', 800);
insert into t1 values(2, 'ac', '1981-02-20', 1600);
insert into t1 values(3, 'ad', '1981-02-22', 500);
select * from t1;
a    b    c    d
1    ab    1980-12-17    800.00
2    ac    1981-02-20    1600.00
3    ad    1981-02-22    500.00
alter table t1 modify b VARCHAR(20);
show index from t1;
Table    Non_unique    Key_name    Seq_in_index    Column_name    Collation    Cardinality    Sub_part    Packed    Null    Index_type    Comment    Index_comment    Visible    Expression
t1    0    a    1    a    A    0    NULL    NULL                    YES    NULL
t1    0    a    2    b    A    0    NULL    NULL    YES                YES    NULL
t1    0    PRIMARY    1    a    A    0    NULL    NULL                    YES    NULL
alter table t1 modify b VARCHAR(20) UNIQUE KEY;
show index from t1;
Table    Non_unique    Key_name    Seq_in_index    Column_name    Collation    Cardinality    Sub_part    Packed    Null    Index_type    Comment    Index_comment    Visible    Expression
t1    0    a    1    a    A    0    NULL    NULL                    YES    NULL
t1    0    a    2    b    A    0    NULL    NULL    YES                YES    NULL
t1    0    b    1    b    A    0    NULL    NULL    YES                YES    NULL
t1    0    PRIMARY    1    a    A    0    NULL    NULL                    YES    NULL
alter table t1 modify b VARCHAR(20) UNIQUE KEY;
show index from t1;
Table    Non_unique    Key_name    Seq_in_index    Column_name    Collation    Cardinality    Sub_part    Packed    Null    Index_type    Comment    Index_comment    Visible    Expression
t1    0    a    1    a    A    0    NULL    NULL                    YES    NULL
t1    0    a    2    b    A    0    NULL    NULL    YES                YES    NULL
t1    0    b    1    b    A    0    NULL    NULL    YES                YES    NULL
t1    0    b_2    1    b    A    0    NULL    NULL    YES                YES    NULL
t1    0    PRIMARY    1    a    A    0    NULL    NULL                    YES    NULL
desc t1;
Field    Type    Null    Key    Default    Extra    Comment
a    INT(32)    NO    PRI    null        
b    VARCHAR(20)    YES        null        
c    DATE(0)    YES        null        
d    DECIMAL64(7)    YES        null        
select * from t1;
a    b    c    d
1    ab    1980-12-17    800.00
2    ac    1981-02-20    1600.00
3    ad    1981-02-22    500.00
drop table if exists t1;
CREATE TABLE t1(a INTEGER PRIMARY KEY, b CHAR(10), c date, d decimal(7,2), INDEX(a, b), KEY(c));
desc t1;
Field    Type    Null    Key    Default    Extra    Comment
a    INT(32)    NO    PRI    null        
b    CHAR(10)    YES        null        
c    DATE(0)    YES        null        
d    DECIMAL64(7)    YES        null        
insert into t1 values(1, 'ab', '1980-12-17', 800);
insert into t1 values(2, 'ac', '1981-02-20', 1600);
insert into t1 values(3, 'ad', '1981-02-22', 500);
select * from t1;
a    b    c    d
1    ab    1980-12-17    800.00
2    ac    1981-02-20    1600.00
3    ad    1981-02-22    500.00
alter table t1 modify b VARCHAR(20);
show index from t1;
Table    Non_unique    Key_name    Seq_in_index    Column_name    Collation    Cardinality    Sub_part    Packed    Null    Index_type    Comment    Index_comment    Visible    Expression
t1    1    a    1    a    A    0    NULL    NULL                    YES    NULL
t1    1    a    2    b    A    0    NULL    NULL    YES                YES    NULL
t1    1    c    1    c    A    0    NULL    NULL    YES                YES    NULL
t1    0    PRIMARY    1    a    A    0    NULL    NULL                    YES    NULL
alter table t1 modify b VARCHAR(20) KEY;
Multiple primary key defined
alter table t1 modify b VARCHAR(20) UNIQUE KEY;
show index from t1;
Table    Non_unique    Key_name    Seq_in_index    Column_name    Collation    Cardinality    Sub_part    Packed    Null    Index_type    Comment    Index_comment    Visible    Expression
t1    0    b    1    b    A    0    NULL    NULL    YES                YES    NULL
t1    1    a    1    a    A    0    NULL    NULL                    YES    NULL
t1    1    a    2    b    A    0    NULL    NULL    YES                YES    NULL
t1    1    c    1    c    A    0    NULL    NULL    YES                YES    NULL
t1    0    PRIMARY    1    a    A    0    NULL    NULL                    YES    NULL
alter table t1 modify c VARCHAR(20) UNIQUE KEY;
show index from t1;
Table    Non_unique    Key_name    Seq_in_index    Column_name    Collation    Cardinality    Sub_part    Packed    Null    Index_type    Comment    Index_comment    Visible    Expression
t1    0    b    1    b    A    0    NULL    NULL    YES                YES    NULL
t1    0    c_2    1    c    A    0    NULL    NULL    YES                YES    NULL
t1    1    a    1    a    A    0    NULL    NULL                    YES    NULL
t1    1    a    2    b    A    0    NULL    NULL    YES                YES    NULL
t1    1    c    1    c    A    0    NULL    NULL    YES                YES    NULL
t1    0    PRIMARY    1    a    A    0    NULL    NULL                    YES    NULL
desc t1;
Field    Type    Null    Key    Default    Extra    Comment
a    INT(32)    NO    PRI    null        
b    VARCHAR(20)    YES        null        
c    VARCHAR(20)    YES        null        
d    DECIMAL64(7)    YES        null        
select * from t1;
a    b    c    d
1    ab    1980-12-17    800.00
2    ac    1981-02-20    1600.00
3    ad    1981-02-22    500.00
drop table if exists t1;
create table t1(
empno int unsigned auto_increment,
ename varchar(15) ,
job varchar(10),
mgr int unsigned,
hiredate date,
sal decimal(7,2),
comm decimal(7,2),
deptno int unsigned,
primary key(empno, ename)
);
desc t1;
Field    Type    Null    Key    Default    Extra    Comment
empno    INT UNSIGNED(32)    NO    PRI    null        
ename    VARCHAR(15)    NO    PRI    null        
job    VARCHAR(10)    YES        null        
mgr    INT UNSIGNED(32)    YES        null        
hiredate    DATE(0)    YES        null        
sal    DECIMAL64(7)    YES        null        
comm    DECIMAL64(7)    YES        null        
deptno    INT UNSIGNED(32)    YES        null        
INSERT INTO t1 VALUES (7369,'SMITH','CLERK',7902,'1980-12-17',800,NULL,20);
INSERT INTO t1 VALUES (7499,'ALLEN','SALESMAN',7698,'1981-02-20',1600,300,30);
INSERT INTO t1 VALUES (7521,'WARD','SALESMAN',7698,'1981-02-22',1250,500,30);
INSERT INTO t1 VALUES (7566,'JONES','MANAGER',7839,'1981-04-02',2975,NULL,20);
INSERT INTO t1 VALUES (7654,'MARTIN','SALESMAN',7698,'1981-09-28',1250,1400,30);
INSERT INTO t1 VALUES (7698,'BLAKE','MANAGER',7839,'1981-05-01',2850,NULL,30);
INSERT INTO t1 VALUES (7782,'CLARK','MANAGER',7839,'1981-06-09',2450,NULL,10);
INSERT INTO t1 VALUES (7788,'SCOTT','ANALYST',7566,'0087-07-13',3000,NULL,20);
INSERT INTO t1 VALUES (7839,'KING','PRESIDENT',NULL,'1981-11-17',5000,NULL,10);
INSERT INTO t1 VALUES (7844,'TURNER','SALESMAN',7698,'1981-09-08',1500,0,30);
INSERT INTO t1 VALUES (7876,'ADAMS','CLERK',7788,'0087-07-13',1100,NULL,20);
INSERT INTO t1 VALUES (7900,'JAMES','CLERK',7698,'1981-12-03',950,NULL,30);
INSERT INTO t1 VALUES (7902,'FORD','ANALYST',7566,'1981-12-03',3000,NULL,20);
INSERT INTO t1 VALUES (7934,'MILLER','CLERK',7782,'1982-01-23',1300,NULL,10);
select * from t1;
empno    ename    job    mgr    hiredate    sal    comm    deptno
7369    SMITH    CLERK    7902    1980-12-17    800.00    null    20
7499    ALLEN    SALESMAN    7698    1981-02-20    1600.00    300.00    30
7521    WARD    SALESMAN    7698    1981-02-22    1250.00    500.00    30
7566    JONES    MANAGER    7839    1981-04-02    2975.00    null    20
7654    MARTIN    SALESMAN    7698    1981-09-28    1250.00    1400.00    30
7698    BLAKE    MANAGER    7839    1981-05-01    2850.00    null    30
7782    CLARK    MANAGER    7839    1981-06-09    2450.00    null    10
7788    SCOTT    ANALYST    7566    0087-07-13    3000.00    null    20
7839    KING    PRESIDENT    null    1981-11-17    5000.00    null    10
7844    TURNER    SALESMAN    7698    1981-09-08    1500.00    0.00    30
7876    ADAMS    CLERK    7788    0087-07-13    1100.00    null    20
7900    JAMES    CLERK    7698    1981-12-03    950.00    null    30
7902    FORD    ANALYST    7566    1981-12-03    3000.00    null    20
7934    MILLER    CLERK    7782    1982-01-23    1300.00    null    10
alter table t1 modify empno varchar(20) after sal;
desc t1;
Field    Type    Null    Key    Default    Extra    Comment
ename    VARCHAR(15)    NO    PRI    null        
job    VARCHAR(10)    YES        null        
mgr    INT UNSIGNED(32)    YES        null        
hiredate    DATE(0)    YES        null        
sal    DECIMAL64(7)    YES        null        
empno    VARCHAR(20)    NO    PRI    null        
comm    DECIMAL64(7)    YES        null        
deptno    INT UNSIGNED(32)    YES        null        
select * from t1;
ename    job    mgr    hiredate    sal    empno    comm    deptno
SMITH    CLERK    7902    1980-12-17    800.00    7369    null    20
ALLEN    SALESMAN    7698    1981-02-20    1600.00    7499    300.00    30
WARD    SALESMAN    7698    1981-02-22    1250.00    7521    500.00    30
JONES    MANAGER    7839    1981-04-02    2975.00    7566    null    20
MARTIN    SALESMAN    7698    1981-09-28    1250.00    7654    1400.00    30
BLAKE    MANAGER    7839    1981-05-01    2850.00    7698    null    30
CLARK    MANAGER    7839    1981-06-09    2450.00    7782    null    10
SCOTT    ANALYST    7566    0087-07-13    3000.00    7788    null    20
KING    PRESIDENT    null    1981-11-17    5000.00    7839    null    10
TURNER    SALESMAN    7698    1981-09-08    1500.00    7844    0.00    30
ADAMS    CLERK    7788    0087-07-13    1100.00    7876    null    20
JAMES    CLERK    7698    1981-12-03    950.00    7900    null    30
FORD    ANALYST    7566    1981-12-03    3000.00    7902    null    20
MILLER    CLERK    7782    1982-01-23    1300.00    7934    null    10
drop table if exists t1;
create table t1(a int unsigned, b varchar(15) NOT NULL, c date, d decimal(7,2), primary key(a));
desc t1;
Field    Type    Null    Key    Default    Extra    Comment
a    INT UNSIGNED(32)    NO    PRI    null        
b    VARCHAR(15)    NO        null        
c    DATE(0)    YES        null        
d    DECIMAL64(7)    YES        null        
insert into t1 values (7369,'SMITH','1980-12-17',800);
insert into t1 values  (7499,'ALLEN','1981-02-20',1600);
insert into t1 values (7521,'WARD','1981-02-22',1250);
insert into t1 values  (7566,'JONES','1981-04-02',2975);
insert into t1 values  (7654,'MARTIN','1981-09-28',1250);
select * from t1;
a    b    c    d
7369    SMITH    1980-12-17    800.00
7499    ALLEN    1981-02-20    1600.00
7521    WARD    1981-02-22    1250.00
7566    JONES    1981-04-02    2975.00
7654    MARTIN    1981-09-28    1250.00
alter table t1 modify a int auto_increment;
desc t1;
Field    Type    Null    Key    Default    Extra    Comment
a    INT(32)    NO    PRI    null        
b    VARCHAR(15)    NO        null        
c    DATE(0)    YES        null        
d    DECIMAL64(7)    YES        null        
select * from t1;
a    b    c    d
7369    SMITH    1980-12-17    800.00
7499    ALLEN    1981-02-20    1600.00
7521    WARD    1981-02-22    1250.00
7566    JONES    1981-04-02    2975.00
7654    MARTIN    1981-09-28    1250.00
alter table t1 modify d decimal(6,2);
desc t1;
Field    Type    Null    Key    Default    Extra    Comment
a    INT(32)    NO    PRI    null        
b    VARCHAR(15)    NO        null        
c    DATE(0)    YES        null        
d    DECIMAL64(6)    YES        null        
select * from t1;
a    b    c    d
7369    SMITH    1980-12-17    800.00
7499    ALLEN    1981-02-20    1600.00
7521    WARD    1981-02-22    1250.00
7566    JONES    1981-04-02    2975.00
7654    MARTIN    1981-09-28    1250.00
drop table if exists dept;
create table dept(
deptno varchar(20),
dname varchar(15),
loc varchar(50),
primary key(deptno)
);
INSERT INTO dept VALUES (10,'ACCOUNTING','NEW YORK');
INSERT INTO dept VALUES (20,'RESEARCH','DALLAS');
INSERT INTO dept VALUES (30,'SALES','CHICAGO');
INSERT INTO dept VALUES (40,'OPERATIONS','BOSTON');
drop table if exists emp;
create table emp(
empno int unsigned auto_increment,
ename varchar(15),
job varchar(10),
mgr int unsigned,
hiredate date,
sal decimal(7,2),
comm decimal(7,2),
deptno varchar(20),
primary key(empno),
FOREIGN KEY (deptno) REFERENCES dept(deptno)
);
INSERT INTO emp VALUES (7369,'SMITH','CLERK',7902,'1980-12-17',800,NULL,20);
INSERT INTO emp VALUES (7499,'ALLEN','SALESMAN',7698,'1981-02-20',1600,300,30);
INSERT INTO emp VALUES (7521,'WARD','SALESMAN',7698,'1981-02-22',1250,500,30);
INSERT INTO emp VALUES (7566,'JONES','MANAGER',7839,'1981-04-02',2975,NULL,20);
INSERT INTO emp VALUES (7654,'MARTIN','SALESMAN',7698,'1981-09-28',1250,1400,30);
INSERT INTO emp VALUES (7698,'BLAKE','MANAGER',7839,'1981-05-01',2850,NULL,30);
INSERT INTO emp VALUES (7782,'CLARK','MANAGER',7839,'1981-06-09',2450,NULL,10);
INSERT INTO emp VALUES (7788,'SCOTT','ANALYST',7566,'0087-07-13',3000,NULL,20);
INSERT INTO emp VALUES (7839,'KING','PRESIDENT',NULL,'1981-11-17',5000,NULL,10);
INSERT INTO emp VALUES (7844,'TURNER','SALESMAN',7698,'1981-09-08',1500,0,30);
INSERT INTO emp VALUES (7876,'ADAMS','CLERK',7788,'0087-07-13',1100,NULL,20);
INSERT INTO emp VALUES (7900,'JAMES','CLERK',7698,'1981-12-03',950,NULL,30);
INSERT INTO emp VALUES (7902,'FORD','ANALYST',7566,'1981-12-03',3000,NULL,20);
INSERT INTO emp VALUES (7934,'MILLER','CLERK',7782,'1982-01-23',1300,NULL,10);
alter table emp modify deptno char(20);
Cannot change column 'deptno': used in a foreign key constraint ''
alter table emp modify deptno int;
Cannot change column 'deptno': used in a foreign key constraint ''
alter table emp modify deptno varchar(10);
Cannot change column 'deptno': used in a foreign key constraint ''
alter table emp modify deptno varchar(25);
desc emp;
Field    Type    Null    Key    Default    Extra    Comment
empno    INT UNSIGNED(32)    NO    PRI    null        
ename    VARCHAR(15)    YES        null        
job    VARCHAR(10)    YES        null        
mgr    INT UNSIGNED(32)    YES        null        
hiredate    DATE(0)    YES        null        
sal    DECIMAL64(7)    YES        null        
comm    DECIMAL64(7)    YES        null        
deptno    VARCHAR(25)    YES        null        
select * from emp;
empno    ename    job    mgr    hiredate    sal    comm    deptno
7369    SMITH    CLERK    7902    1980-12-17    800.00    null    20
7499    ALLEN    SALESMAN    7698    1981-02-20    1600.00    300.00    30
7521    WARD    SALESMAN    7698    1981-02-22    1250.00    500.00    30
7566    JONES    MANAGER    7839    1981-04-02    2975.00    null    20
7654    MARTIN    SALESMAN    7698    1981-09-28    1250.00    1400.00    30
7698    BLAKE    MANAGER    7839    1981-05-01    2850.00    null    30
7782    CLARK    MANAGER    7839    1981-06-09    2450.00    null    10
7788    SCOTT    ANALYST    7566    0087-07-13    3000.00    null    20
7839    KING    PRESIDENT    null    1981-11-17    5000.00    null    10
7844    TURNER    SALESMAN    7698    1981-09-08    1500.00    0.00    30
7876    ADAMS    CLERK    7788    0087-07-13    1100.00    null    20
7900    JAMES    CLERK    7698    1981-12-03    950.00    null    30
7902    FORD    ANALYST    7566    1981-12-03    3000.00    null    20
7934    MILLER    CLERK    7782    1982-01-23    1300.00    null    10
