drop table if exists ex_table_cpk;
drop table if exists cpk_table_1;
drop table if exists cpk_table_1_pk;
drop table if exists cpk_table_2;
drop table if exists cpk_table_3;
drop table if exists cpk_table_3_pk;
drop table if exists cpk_table_4;
drop table if exists cpk_table_5;
drop table if exists cpk_table_6;
drop table if exists cpk_table_7;
drop table if exists cpk_table_8;
drop table if exists cpk_table_9;
drop table if exists cpk_table_10;
drop table if exists cpk_table_11;
drop table if exists cpk_table_42;
drop table if exists cpk_table_43;
create external table ex_table_cpk(clo1 tinyint,clo2 smallint,clo3 int,clo4 bigint,clo5 tinyint unsigned,clo6 smallint unsigned,clo7 int unsigned,clo8 bigint unsigned,col9 float,col10 double,col11 varchar(255),col12 Date,col13 DateTime,col14 timestamp,col15 bool,col16 decimal(5,2),col17 text,col18 varchar(255),col19 varchar(255),col20 varchar(255))infile{"filepath"='$resources/external_table_file/cpk_table_1.csv'} ;
create table cpk_table_1(col1 tinyint,col2 smallint,col3 int,col4 bigint,col5 tinyint unsigned,col6 smallint unsigned,col7 int unsigned,col8 bigint unsigned,col9 float,col10 double,col11 varchar(255),col12 Date,col13 DateTime,col14 timestamp,col15 bool,col16 decimal(5,2),col17 text,col18 varchar(255),col19 varchar(255),col20 varchar(255),primary key(col3, col18));
insert into cpk_table_1 select * from ex_table_cpk;
select col3,col18 from cpk_table_1;
col3    col18
1    message
3    message
5    OPQR.STU-_+=VWXYZa
3    L/MN?OPQR.STU-_+=VWXYZabcdefghigklmnopqrstuvwxyz012
insert into cpk_table_1 select * from ex_table_cpk;
Duplicate entry '3a150146016d65737361676500' for key '__mo_cpkey_col'
create  table  cpk_table_2(col1 tinyint,col2 smallint,col3 int,col4 bigint,col5 tinyint unsigned,col6 smallint unsigned,col7 int unsigned,col8 bigint unsigned,col9 float,col10 double,col11 varchar(255),col12 Date,col13 DateTime,col14 timestamp,col15 bool,col16 decimal(5,2),col17 text,col18 varchar(255),col19 varchar(255),col20 varchar(255),primary key(col1,col12,col3));
insert into cpk_table_2 select * from ex_table_cpk;
select col1,col12,col3 from cpk_table_2;
col1    col12    col3
1    2020-04-30    1
2    2020-02-22    3
3    2020-02-16    5
3    2020-05-08    3
insert into cpk_table_2 select * from ex_table_cpk;
Duplicate entry '28150141170b41083a1501' for key '__mo_cpkey_col'
create  table  cpk_table_3(col1 tinyint,col2 smallint,col3 int,col4 bigint,col5 tinyint unsigned,col6 smallint unsigned,col7 int unsigned,col8 bigint unsigned,col9 float,col10 double,col11 varchar(255),col12 Date,col13 DateTime,col14 timestamp,col15 bool,col16 decimal(5,2),col17 text,col18 varchar(255),col19 varchar(255),col20 varchar(255),primary key(col2,col9,col14,col20));
insert into cpk_table_3 select * from ex_table_cpk;
select col2,col9,col14,col20 from cpk_table_3;
col2    col9    col14    col20
11    3.4365    1975-09-09 23:59:59    comment balabalabalabalabala
20    7.2914    1985-01-12 23:59:59    aaaabbbbbbccccc
9    1.1559    2034-02-10 00:00:00    .STU-_+=VWXYZab
20    7.2914    1985-01-12 23:59:59    bbbbbbccccc
create  table  cpk_table_3_pk(col1 tinyint,col2 smallint,col3 int,col4 bigint,col5 tinyint unsigned,col6 smallint unsigned,col7 int unsigned,col8 bigint unsigned,col9 float,col10 double,col11 varchar(255),col12 Date,col13 DateTime,col14 timestamp,col15 bool,col16 decimal(5,2),col17 text,col18 varchar(255),col19 varchar(255),col20 varchar(255),primary key(col2,col9,col14,col19));
insert into cpk_table_3_pk select * from ex_table_cpk;
tae data: duplicate
create  table  cpk_table_4(col1 tinyint,col2 smallint,col3 int,col4 bigint,col5 tinyint unsigned,col6 smallint unsigned,col7 int unsigned,col8 bigint unsigned,col9 float,col10 double,col11 varchar(255),col12 Date,col13 DateTime,col14 timestamp,col15 bool,col16 decimal(5,2),col17 text,col18 varchar(255),col19 varchar(255),col20 varchar(255),primary key(col4,col5,col13,col10,col6));
insert into cpk_table_4 select * from ex_table_cpk;
select col4,col5,col13,col10,col16 from cpk_table_4;
col4    col5    col13    col10    col16
2    15    1998-08-07 00:00:00    5.559    602.53
4    21    1998-06-04 00:00:00    6.5836    878.09
20    1    1998-01-21 23:59:59    6.5635    439.95
7    1    1998-12-30 00:00:00    1.1732    428.14
insert into cpk_table_4 select * from ex_table_cpk;
tae data: duplicate
create  table  cpk_table_5(col1 tinyint,col2 smallint,col3 int,col4 bigint,col5 tinyint unsigned,col6 smallint unsigned,col7 int unsigned,col8 bigint unsigned,col9 float,col10 double,col11 varchar(255),col12 Date,col13 DateTime,col14 timestamp,col15 bool,col16 decimal(5,2),col17 text,col18 char(255),col19 varchar(255),col20 varchar(255),primary key(col6,col7,col8,col18,col16,col19));
insert into cpk_table_5 select * from ex_table_cpk;
select col6,col7,col8,col18,col16,col19 from cpk_table_5;
col6    col7    col8    col18    col16    col19
600    700    56    message    602.53    s@126.com
220    1    3    message    878.09    r@sina.com
500    2    4    OPQR.STU-_+=VWXYZa    439.95    U-_+=VWXYZabcdefghigklmno
700    600    20    L/MN?OPQR.STU-_+=VWXYZabcdefghigklmnopqrstuvwxyz012    428.14    r@sina.com
insert into cpk_table_5 select * from ex_table_cpk;
tae data: duplicate
show create table cpk_table_5;
Table    Create Table
cpk_table_5    CREATE TABLE `cpk_table_5` (\n`col1` TINYINT DEFAULT NULL,\n`col2` SMALLINT DEFAULT NULL,\n`col3` INT DEFAULT NULL,\n`col4` BIGINT DEFAULT NULL,\n`col5` TINYINT UNSIGNED DEFAULT NULL,\n`col6` SMALLINT UNSIGNED NOT NULL,\n`col7` INT UNSIGNED NOT NULL,\n`col8` BIGINT UNSIGNED NOT NULL,\n`col9` FLOAT DEFAULT NULL,\n`col10` DOUBLE DEFAULT NULL,\n`col11` VARCHAR(255) DEFAULT NULL,\n`col12` DATE DEFAULT NULL,\n`col13` DATETIME DEFAULT NULL,\n`col14` TIMESTAMP DEFAULT NULL,\n`col15` BOOL DEFAULT NULL,\n`col16` DECIMAL(5,2) NOT NULL,\n`col17` TEXT DEFAULT NULL,\n`col18` CHAR(255) NOT NULL,\n`col19` VARCHAR(255) NOT NULL,\n`col20` VARCHAR(255) DEFAULT NULL,\nPRIMARY KEY (`col6`,`col7`,`col8`,`col18`,`col16`,`col19`)\n)
create  table  cpk_table_6(col1 tinyint,col2 smallint,col3 int,col4 bigint,col5 tinyint unsigned,col6 smallint unsigned,col7 int unsigned,col8 bigint unsigned,col9 float,col10 double,col11 varchar(255),col12 Date,col13 DateTime,col14 timestamp,col15 bool,col16 decimal(5,2),col17 text,col18 char(255),col19 varchar(255),col20 varchar(255),primary key(col1,col2,col3,col4,col5,col6,col7,col8,col9,col10,col11,col12,col13,col14,col15,col16,col18,col19,col20));
insert into cpk_table_6 select * from ex_table_cpk;
select * from cpk_table_6;
col1    col2    col3    col4    col5    col6    col7    col8    col9    col10    col11    col12    col13    col14    col15    col16    col17    col18    col19    col20
1    11    1    2    15    600    700    56    3.4365    5.559    math    2020-04-30    1998-08-07 00:00:00    1975-09-09 23:59:59    true    602.53    abcdefg    message    s@126.com    comment balabalabalabalabala
2    20    3    4    21    220    1    3    7.2914    6.5836    art    2020-02-22    1998-06-04 00:00:00    1985-01-12 23:59:59    false    878.09    abcdefg    message    r@sina.com    aaaabbbbbbccccc
3    9    5    20    1    500    2    4    1.1559    6.5635    english    2020-02-16    1998-01-21 23:59:59    2034-02-10 00:00:00    true    439.95    EF,GHI,G;KL/MN?OPQR.STU-_+=VWXYZabcdefgh    OPQR.STU-_+=VWXYZa    U-_+=VWXYZabcdefghigklmno    .STU-_+=VWXYZab
3    20    3    7    1    700    600    20    7.2914    1.1732    science    2020-05-08    1998-12-30 00:00:00    1985-01-12 23:59:59    false    428.14    U-_+=VWXYZabcdefghigklmnopqrstuvwxy    L/MN?OPQR.STU-_+=VWXYZabcdefghigklmnopqrstuvwxyz012    r@sina.com    bbbbbbccccc
insert into cpk_table_6 select * from ex_table_cpk;
tae data: duplicate
create table cpk_table_7(a int,b float,c char(20),primary key(a,d));
invalid input: column 'd' doesn't exist in table
create table cpk_table_8(a int,b float,c char(20),primary key(e,f));
invalid input: column 'e' doesn't exist in table
create table cpk_table_9(col1 int,col2 varchar(255),col3 timestamp, col4 double,col5 date,primary key(col1, col2,col5));
insert into cpk_table_9 values (3,'','2019-02-10 00:00:00',78.90,'2001-07-10');
insert into cpk_table_9 values (4,'beijing','2019-02-10 00:00:00',78.90,NULL);
constraint violation: Column 'col5' cannot be null
insert into cpk_table_9 values (NULL,NULL,'2019-02-10 00:00:00',78.90,NULL);
constraint violation: Column 'col1' cannot be null
create table cpk_table_10(col1 tinyint,col2 smallint,col3 int,col4 bigint,col5 tinyint unsigned,col6 smallint unsigned,col7 int unsigned,col8 bigint unsigned,col9 float,col10 double,col11 varchar(255),col12 Date,col13 DateTime,col14 timestamp,col15 bool,col16 decimal(5,2),col17 text,col18 varchar(255),col19 varchar(255),col20 varchar(255),primary key(col3,col11,col12,col3));
invalid input: duplicate column name 'col3' in primary key
create table cpk_table_10(col1 int,col2 text,col3 double,primary key(col1,col2));
not supported: TEXT column 'col2' cannot be in index
create table cpk_table_11(clo1 tinyint,clo2 smallint,clo3 int,clo4 bigint,clo5 tinyint unsigned,clo6 smallint unsigned,clo7 int unsigned,clo8 bigint unsigned,col9 float,col10 double,col11 varchar(255),col12 Date,col13 DateTime,col14 timestamp,col15 bool,col16 decimal(5,2),col17 text,col18 varchar(255),col19 varchar(255),col20 varchar(255),primary key(clo3, col19));
load data infile '$resources/external_table_file/ex_table_sep_1.csv' into table cpk_table_11 fields terminated by '|' enclosed by '\"';
create table cpk_table_42(clo1 tinyint,clo2 smallint,clo3 int,clo4 bigint,clo5 tinyint unsigned,clo6 smallint unsigned,clo7 int unsigned,clo8 bigint unsigned,col9 float,col10 double,col11 varchar(255),col12 Date,col13 DateTime,col14 timestamp,col15 bool,col16 decimal(5,2),col17 text,col18 varchar(255),col19 varchar(255),col20 varchar(255));
insert into cpk_table_42  select * from ex_table_cpk;
create table cpk_table_43(clo1 tinyint,clo2 smallint,clo3 int,clo4 bigint,clo5 tinyint unsigned,clo6 smallint unsigned,clo7 int unsigned,clo8 bigint unsigned,col9 float,col10 double,col11 varchar(255),col12 Date,col13 DateTime,col14 timestamp,col15 bool,col16 decimal(5,2),col17 text,col18 varchar(255),col19 varchar(255),col20 varchar(255),primary key(clo4, col14,col20));
insert into cpk_table_43 select * from cpk_table_42;
select clo4, col14,col20 from cpk_table_43;
clo4    col14    col20
2    1975-09-09 23:59:59    comment balabalabalabalabala
4    1985-01-12 23:59:59    aaaabbbbbbccccc
20    2034-02-10 00:00:00    .STU-_+=VWXYZab
7    1985-01-12 23:59:59    bbbbbbccccc
insert into cpk_table_43 values(8,11,1,9,15,600,700,56,3.4365,5.5590,"math","2020-04-30","1999-08-07 00:00:00","1975-09-09 23:59:59",true,602.53,"abcdefg","message","s@126.com","balabalabalabalabala");
select clo4, col14,col20 from cpk_table_43;
clo4    col14    col20
2    1975-09-09 23:59:59    comment balabalabalabalabala
4    1985-01-12 23:59:59    aaaabbbbbbccccc
20    2034-02-10 00:00:00    .STU-_+=VWXYZab
7    1985-01-12 23:59:59    bbbbbbccccc
9    1975-09-09 23:59:59    balabalabalabalabala
insert into cpk_table_42 select * from cpk_table_43;
select clo4, col14,col20 from cpk_table_43;
clo4    col14    col20
2    1975-09-09 23:59:59    comment balabalabalabalabala
4    1985-01-12 23:59:59    aaaabbbbbbccccc
20    2034-02-10 00:00:00    .STU-_+=VWXYZab
7    1985-01-12 23:59:59    bbbbbbccccc
9    1975-09-09 23:59:59    balabalabalabalabala
drop table if exists rawlog_withnull;
CREATE external TABLE rawlog_withnull (
`raw_item` VARCHAR(1024),
`node_uuid` VARCHAR(36),
`node_type` VARCHAR(64),
`span_id` VARCHAR(16),
`statement_id` VARCHAR(36),
`logger_name` VARCHAR(1024),
`timestamp` DATETIME,
`level` VARCHAR(1024),
`caller` VARCHAR(1024),
`message` TEXT,
`extra` JSON,
`err_code` VARCHAR(1024),
`error` TEXT,
`stack` VARCHAR(4096),
`span_name` VARCHAR(1024),
`parent_span_id` VARCHAR(16),
`start_time` DATETIME,
`end_time` DATETIME,
`duration` BIGINT UNSIGNED,
`resource` JSON)
infile{"filepath"='$resources/external_table_file/rawlog_withnull.csv'} fields terminated by ',' enclosed by '\"' lines terminated by '\n';
select raw_item,node_uuid,node_type,span_id,statement_id,logger_name,timestamp from rawlog_withnull order by 1 limit 1;
raw_item    node_uuid    node_type    span_id    statement_id    logger_name    timestamp
error_info    7c4dccb4-4d3c-41f8-b482-5251dc7a41bf    ALL    0    0        2022-11-01 11:11:24
drop table if exists rawlog_withnull;
