drop table if exists t1;
create table t1(id int PRIMARY KEY,name VARCHAR(255),age int);
insert into t1 values(1,"Abby", 24);
insert into t1 values(2,"Bob", 25);
insert into t1 values(3,"Carol", 23);
insert into t1 values(4,"Dora", 29);
create unique index idx on t1(name);
select * from t1;
id    name    age
1    Abby    24
2    Bob    25
3    Carol    23
4    Dora    29
drop table t1;
create table t2 (
col1 bigint primary key,
col2 varchar(25),
col3 float,
col4 varchar(50)
);
create unique index idx on t2(col2) comment 'create varchar index';
insert into t2 values(1,"Abby", 24,'zbcvdf');
insert into t2 values(2,"Bob", 25,'zbcvdf');
insert into t2 values(3,"Carol", 23,'zbcvdf');
insert into t2 values(4,"Dora", 29,'zbcvdf');
select * from t2;
col1    col2    col3    col4
1    Abby    24.0    zbcvdf
2    Bob    25.0    zbcvdf
3    Carol    23.0    zbcvdf
4    Dora    29.0    zbcvdf
drop table t2;
create table t3 (
col1 bigint primary key,
col2 varchar(25),
col3 float,
col4 varchar(50)
);
create unique index idx on t3(col2,col3);
insert into t3 values(1,"Abby", 24,'zbcvdf');
insert into t3 values(2,"Bob", 25,'zbcvdf');
insert into t3 values(3,"Carol", 23,'zbcvdf');
insert into t3 values(4,"Dora", 29,'zbcvdf');
select * from t3;
col1    col2    col3    col4
1    Abby    24.0    zbcvdf
2    Bob    25.0    zbcvdf
3    Carol    23.0    zbcvdf
4    Dora    29.0    zbcvdf
insert into t3 values(4,"Dora", 29,'zbcvdf');
Duplicate entry '4601446f72610020c1e80000' for key '__mo_index_idx_col'
drop table t3;
create table t4(a int, b int, key(c));
invalid input: column 'c' is not exist
create table t5(a int, b int, unique key(a));
show create table t5;
Table    Create Table
t5    CREATE TABLE `t5` (\n`a` INT DEFAULT NULL,\n`b` INT DEFAULT NULL,\nUNIQUE KEY `a` (`a`)\n)
create index b on t5(b);
show create table t5;
Table    Create Table
t5    CREATE TABLE `t5` (\n`a` INT DEFAULT NULL,\n`b` INT DEFAULT NULL,\nUNIQUE KEY `a` (`a`),\nKEY `b` (`b`)\n)
drop index b on t5;
show create table t5;
Table    Create Table
t5    CREATE TABLE `t5` (\n`a` INT DEFAULT NULL,\n`b` INT DEFAULT NULL,\nUNIQUE KEY `a` (`a`)\n)
drop table t5;
create table t6(a int, b int, unique key(a));
show create table t6;
Table    Create Table
t6    CREATE TABLE `t6` (\n`a` INT DEFAULT NULL,\n`b` INT DEFAULT NULL,\nUNIQUE KEY `a` (`a`)\n)
create index b on t6(a, b);
show create table t6;
Table    Create Table
t6    CREATE TABLE `t6` (\n`a` INT DEFAULT NULL,\n`b` INT DEFAULT NULL,\nUNIQUE KEY `a` (`a`),\nKEY `b` (`a`,`b`)\n)
drop index b on t6;
show create table t6;
Table    Create Table
t6    CREATE TABLE `t6` (\n`a` INT DEFAULT NULL,\n`b` INT DEFAULT NULL,\nUNIQUE KEY `a` (`a`)\n)
drop table t6;
create table t7(a int, b int);
create unique index x ON t7(a) comment 'x';
show create table t7;
Table    Create Table
t7    CREATE TABLE `t7` (\n`a` INT DEFAULT NULL,\n`b` INT DEFAULT NULL,\nUNIQUE KEY `x` (`a`) COMMENT `x`\n)
drop table t7;
create table t8(a int, b int);
create index x ON t8(a) comment 'x';
show create table t8;
Table    Create Table
t8    CREATE TABLE `t8` (\n`a` INT DEFAULT NULL,\n`b` INT DEFAULT NULL,\nKEY `x` (`a`) COMMENT `x`\n)
drop table t8;
create table t9(a int, b int, unique key(a) comment 'a');
show create table t9;
Table    Create Table
t9    CREATE TABLE `t9` (\n`a` INT DEFAULT NULL,\n`b` INT DEFAULT NULL,\nUNIQUE KEY `a` (`a`) COMMENT `a`\n)
drop table t9;
create table t10(a int, b int, key(a) comment 'a');
show create table t10;
Table    Create Table
t10    CREATE TABLE `t10` (\n`a` INT DEFAULT NULL,\n`b` INT DEFAULT NULL,\nKEY `a` (`a`) COMMENT `a`\n)
drop table t10;
create table t11(a int, b int, unique key(a) comment 'a');
create unique index x ON t11(a) comment 'x';
create index xx ON t11(a) comment 'xx';
show create table t11;
Table    Create Table
t11    CREATE TABLE `t11` (\n`a` INT DEFAULT NULL,\n`b` INT DEFAULT NULL,\nUNIQUE KEY `a` (`a`) COMMENT `a`,\nUNIQUE KEY `x` (`a`) COMMENT `x`,\nKEY `xx` (`a`) COMMENT `xx`\n)
drop table t11;
create table t12(a text);
create unique index x on t12(a);
not supported: TEXT column 'a' cannot be in index
create index x2 on t12(a);
not supported: TEXT column 'a' cannot be in index
drop table t12;
create table t13(a blob);
create unique index x on t13(a);
not supported: BLOB column 'a' cannot be in index
create index x2 on t13(a);
not supported: BLOB column 'a' cannot be in index
drop table t13;
create table t14(a json);
create unique index x on t14(a);
not supported: JSON column 'a' cannot be in index
create index x2 on t14(a);
not supported: JSON column 'a' cannot be in index
drop table t14;