create account acc101 admin_name='root' identified by '123456';
drop table if exists t1;
No database selected
drop index if exists idx1 on t1;
No database selected
drop view if exists v1;
No database selected
create database db1;
use db1;
create table t1(
empno int unsigned auto_increment,
ename varchar(15),
job varchar(10),
mgr int unsigned,
hiredate date,
sal decimal(7,2),
comm decimal(7,2),
deptno int unsigned,
primary key(empno),
unique index idx1(ename)
);
show index from t1;
Table    Non_unique    Key_name    Seq_in_index    Column_name    Collation    Cardinality    Sub_part    Packed    Null    Index_type    Comment    Index_comment    Index_params    Visible    Expression
t1    0    idx1    1    ename    A    0    NULL    NULL    YES                    YES    ename
t1    0    PRIMARY    1    empno    A    0    NULL    NULL                        YES    empno
create view v1 as select * from t1;
show tables;
Tables_in_db1
t1
v1
drop index if exists idx1 on t1;
No database selected
drop table if exists t1;
No database selected
drop view if exists v1;
No database selected
use db1;
drop index if exists idx1 on t1;
show index from t1;
Table    Non_unique    Key_name    Seq_in_index    Column_name    Collation    Cardinality    Sub_part    Packed    Null    Index_type    Comment    Index_comment    Index_params    Visible    Expression
t1    0    PRIMARY    1    empno    A    0    NULL    NULL                        YES    empno
drop view if exists v1;
drop table if exists t1;
show tables;
Tables_in_db1
drop database db1;
drop account acc101;
drop database if exists test;
create database test;
begin;
create table test.t1(a int, b varchar);
select enable_fault_injection();
enable_fault_injection()
true
select add_fault_point('fj/cn/flush_small_objs',':::','echo',40,'test.t1');
add_fault_point(fj/cn/flush_small_objs, :::, echo, 40, test.t1)
true
insert into test.t1 select *,"just a test for clean files from the disk" from generate_series(1, 50*10000)g;
select count(*) from test.t1;
count(*)
500000
drop table test.t1;
select disable_fault_injection();
disable_fault_injection()
true
commit;

drop database test;
