/*!40101 -- SET @saved_cs_client = @@character_set_client */;
/*!40101 -- SET character_set_client = utf8 */;
/*!40000 create database if not exists mysql_ddl_test_db_5 */;
/*!40000 show tables in mysql_ddl_test_db_5 */;
Tables_in_mysql_ddl_test_db_5
/* this is a comment */
/* and this
is also
a coment */
drop database /*!40000 if exists */ mysql_ddl_test_db_1;
create database /*!40000 if not exists */ mysql_ddl_test_db_1;
use mysql_ddl_test_db_1;
select database();
database()
mysql_ddl_test_db_1
drop database if exists mysql_ddl_test_db_2;
create database if not exists mysql_ddl_test_db_2;
use mysql_ddl_test_db_2;
select database();
database()
mysql_ddl_test_db_2
/*!40101 use mysql_ddl_test_db_3; */
invalid database mysql_ddl_test_db_3
select database();
database()
mysql_ddl_test_db_2
create database /* this is another comment */ if not exists mysql_ddl_test_db_3;
use mysql_ddl_test_db_3;
select database();
database()
mysql_ddl_test_db_3
CREATE DATABASE /*!32312 IF NOT EXISTS*/ `mysql_ddl_test_db_4` /*!40100 DEFAULT CHARACTER SET utf8mb4 COLLATE utf8mb4_0900_ai_ci */ /*!80016 DEFAULT ENCRYPTION='N' */;
[unknown result because it is related to issue#moc 1231]
/*!40101 use mysql_ddl_test_db_4; */
[unknown result because it is related to issue#moc 1231]
select database();
[unknown result because it is related to issue#moc 1231]
SET @MYSQLDUMP_TEMP_LOG_BIN = @@SESSION.SQL_LOG_BIN;
select @MYSQLDUMP_TEMP_LOG_BIN;
@MYSQLDUMP_TEMP_LOG_BIN
0
SET @MYSQLDUMP_TEMP_LOG_BIN = NULL;
SET @@SESSION.SQL_LOG_BIN= 0;
select @@SESSION.SQL_LOG_BIN;
@@SQL_LOG_BIN
0
SET @@GLOBAL.GTID_PURGED=/*!80000 '+'*/ '65c4c218-d343-11eb-8106-525400f4f901:1-769275';
select @@GLOBAL.GTID_PURGED;
@@GTID_PURGED
65c4c218-d343-11eb-8106-525400f4f901:1-769275
/*!40103 SET TIME_ZONE='+00:00' */;
select @@TIME_ZONE;
@@TIME_ZONE
+00:00
SET TIME_ZONE='+08:00';
select @@TIME_ZONE;
@@TIME_ZONE
+08:00
SET TIME_ZONE='SYSTEM';
select @@TIME_ZONE;
@@TIME_ZONE
SYSTEM
SET @saved_cs_client = xxx;
select @saved_cs_client;
@saved_cs_client
xxx
SET character_set_client  = xxx;
select @@character_set_client;
@@character_set_client
xxx
drop database if exists mysql_ddl_test_db_1;
drop database if exists mysql_ddl_test_db_2;
drop database if exists mysql_ddl_test_db_3;
drop database if exists mysql_ddl_test_db_4;
drop database if exists mysql_ddl_test_db_5;
