/*!40101 -- SET @saved_cs_client = @@character_set_client */;
/*!40101 -- SET character_set_client = utf8 */;
/*!40000 create database if not exists mysql_ddl_test_db_5 */;
/*!40000 show tables in mysql_ddl_test_db_5 */;
Tables_in_mysql_ddl_test_db_5
/* this is a comment */
/* and this
is also
a coment */
drop database /*!40000 if exists */ mysql_ddl_test_db_1;
create database /*!40000 if not exists */ mysql_ddl_test_db_1;
use mysql_ddl_test_db_1;
select database();
database()
mysql_ddl_test_db_1
drop database if exists mysql_ddl_test_db_2;
create database if not exists mysql_ddl_test_db_2;
use mysql_ddl_test_db_2;
select database();
database()
mysql_ddl_test_db_2
/*!40101 use mysql_ddl_test_db_3; */
Unknown database mysql_ddl_test_db_3
select database();
database()
mysql_ddl_test_db_2
create database /* this is another comment */ if not exists mysql_ddl_test_db_3;
use mysql_ddl_test_db_3;
select database();
database()
mysql_ddl_test_db_3
CREATE DATABASE /*!32312 IF NOT EXISTS*/ `mysql_ddl_test_db_4` /*!40100 DEFAULT CHARACTER SET utf8mb4 COLLATE utf8mb4_0900_ai_ci */ /*!80016 DEFAULT ENCRYPTION='N' */;
[unknown result because it is related to issue#moc 1231]
/*!40101 use mysql_ddl_test_db_4; */
[unknown result because it is related to issue#moc 1231]
select database();
[unknown result because it is related to issue#moc 1231]
SET @MYSQLDUMP_TEMP_LOG_BIN = @@SESSION.SQL_LOG_BIN;
select @MYSQLDUMP_TEMP_LOG_BIN;
@MYSQLDUMP_TEMP_LOG_BIN
0
SET @MYSQLDUMP_TEMP_LOG_BIN = NULL;
SET @@SESSION.SQL_LOG_BIN= 0;
select @@SESSION.SQL_LOG_BIN;
@@SQL_LOG_BIN
0
SET @@GLOBAL.GTID_PURGED=/*!80000 '+'*/ '65c4c218-d343-11eb-8106-525400f4f901:1-769275';
select @@GLOBAL.GTID_PURGED;
@@GTID_PURGED
65c4c218-d343-11eb-8106-525400f4f901:1-769275
/*!40103 SET TIME_ZONE='+00:00' */;
select @@TIME_ZONE;
@@TIME_ZONE
+00:00
SET TIME_ZONE='+08:00';
select @@TIME_ZONE;
@@TIME_ZONE
+08:00
SET TIME_ZONE='SYSTEM';
select @@TIME_ZONE;
@@TIME_ZONE
SYSTEM
SET @saved_cs_client = xxx;
select @saved_cs_client;
@saved_cs_client
xxx
SET character_set_client  = xxx;
select @@character_set_client;
@@character_set_client
xxx
drop database if exists mysql_ddl_test_db_1;
drop database if exists mysql_ddl_test_db_2;
drop database if exists mysql_ddl_test_db_3;
drop database if exists mysql_ddl_test_db_4;
drop database if exists mysql_ddl_test_db_5;
drop database if exists mysql_ddl_test_db_1;
create database if not exists mysql_ddl_test_db_1;
use mysql_ddl_test_db_1;
CREATE TABLE `tenx_configs` (
`config_id` varchar(45) NOT NULL,
`config_type` varchar(45) DEFAULT NULL COMMENT 'config_type 有效值
storage
cicd
registry
monitor',
`config_detail` varchar(2000) DEFAULT NULL,
`create_time` datetime DEFAULT NULL,
`description` varchar(2000) DEFAULT NULL,
PRIMARY KEY (`config_id`),
KEY `config_type` (`config_type`)
) COMMENT='该表包含了所有的通用配置，所有集群可以共用一个，目前有三类：storage, cicd, registry';
SELECT tenx_configs.*
FROM (SELECT _utf8mb4'ai' COLLATE utf8mb4_unicode_ci AS config_type
UNION ALL SELECT _utf8mb4'cicd'
UNION ALL SELECT _utf8mb4'registry'
UNION ALL SELECT _utf8mb4'mail'
UNION ALL SELECT _utf8mb4'apiServer'
UNION ALL SELECT _utf8mb4'harbor'
UNION ALL SELECT _utf8mb4'vm'
UNION ALL SELECT _utf8mb4'ftp'
UNION ALL SELECT _utf8mb4'msa'
UNION ALL SELECT _utf8mb4'billing'
UNION ALL SELECT _utf8mb4'message'
UNION ALL SELECT _utf8mb4'loadbalance'
UNION ALL SELECT _utf8mb4'openstack'
UNION ALL SELECT _utf8mb4'chart_repo'
UNION ALL SELECT _utf8mb4'license_menu'
UNION ALL SELECT _utf8mb4'tamp'
UNION ALL SELECT _utf8mb4'tdsf'
UNION ALL SELECT _utf8mb4 'asset') AS types
INNER JOIN tenx_configs ON types.config_type = tenx_configs.config_type;
config_id    config_type    config_detail    create_time    description
drop database if exists mysql_ddl_test_db_1;
