drop database if exists db1;
create database db1;
use db1;
drop table if exists t1;
CREATE TABLE t1 (
col1 INT NOT NULL,
col2 DATE NOT NULL,
col3 INT PRIMARY KEY
) PARTITION BY KEY(col3) PARTITIONS 4;
insert into `t1` values
(1, '1980-12-17', 7369),
(2, '1981-02-20', 7499),
(3, '1981-02-22', 7521),
(4, '1981-04-02', 7566),
(5, '1981-09-28', 7654),
(6, '1981-05-01', 7698),
(7, '1981-06-09', 7782),
(8, '0087-07-13', 7788),
(9, '1981-11-17', 7839),
(10, '1981-09-08', 7844),
(11, '2007-07-13', 7876),
(12, '1981-12-03', 7900),
(13, '1987-07-13', 7980),
(14, '2001-11-17', 7981),
(15, '1951-11-08', 7982),
(16, '1927-10-13', 7983),
(17, '1671-12-09', 7984),
(18, '1981-11-06', 7985),
(19, '1771-12-06', 7986),
(20, '1985-10-06', 7987),
(21, '1771-10-06', 7988),
(22, '1981-10-05', 7989),
(23, '2001-12-04', 7990),
(24, '1999-08-01', 7991),
(25, '1951-11-08', 7992),
(26, '1927-10-13', 7993),
(27, '1971-12-09', 7994),
(28, '1981-12-09', 7995),
(29, '2001-11-17', 7996),
(30, '1981-12-09', 7997),
(31, '2001-11-17', 7998),
(32, '2001-11-17', 7999);
select * from t1 where col3 = 7990;
col1    col2    col3
23    2001-12-04    7990
select * from t1 where col3 = 7990 or col3 = 7988;
col1    col2    col3
23    2001-12-04    7990
21    1771-10-06    7988
select * from t1 where col3 in (7990, 7698, 7988);
col1    col2    col3
23    2001-12-04    7990
6    1981-05-01    7698
21    1771-10-06    7988
select * from t1 where col3 = 7996 and col1 > 25;
col1    col2    col3
29    2001-11-17    7996
select * from t1 where col1 = 24 and col3 = 7991 or col3 = 7990;
col1    col2    col3
24    1999-08-01    7991
23    2001-12-04    7990
select * from t1 where col3 > 7992;
col1    col2    col3
27    1971-12-09    7994
28    1981-12-09    7995
29    2001-11-17    7996
31    2001-11-17    7998
26    1927-10-13    7993
30    1981-12-09    7997
32    2001-11-17    7999
select * from t1 where col3 >= 7992;
col1    col2    col3
25    1951-11-08    7992
27    1971-12-09    7994
28    1981-12-09    7995
29    2001-11-17    7996
31    2001-11-17    7998
26    1927-10-13    7993
30    1981-12-09    7997
32    2001-11-17    7999
select * from t1 where col1 > 25;
col1    col2    col3
27    1971-12-09    7994
28    1981-12-09    7995
29    2001-11-17    7996
31    2001-11-17    7998
26    1927-10-13    7993
30    1981-12-09    7997
32    2001-11-17    7999
select * from t1 where col3 != 7782 and col3 != 7980;
col1    col2    col3
9    1981-11-17    7839
12    1981-12-03    7900
20    1985-10-06    7987
23    2001-12-04    7990
25    1951-11-08    7992
27    1971-12-09    7994
28    1981-12-09    7995
29    2001-11-17    7996
31    2001-11-17    7998
1    1980-12-17    7369
19    1771-12-06    7986
21    1771-10-06    7988
22    1981-10-05    7989
5    1981-09-28    7654
6    1981-05-01    7698
10    1981-09-08    7844
16    1927-10-13    7983
17    1671-12-09    7984
24    1999-08-01    7991
26    1927-10-13    7993
30    1981-12-09    7997
32    2001-11-17    7999
2    1981-02-20    7499
3    1981-02-22    7521
4    1981-04-02    7566
8    0087-07-13    7788
11    2007-07-13    7876
14    2001-11-17    7981
15    1951-11-08    7982
18    1981-11-06    7985
select * from t1 where col3 not in (7990, 7698, 7983,7980, 7988, 7995);
col1    col2    col3
9    1981-11-17    7839
12    1981-12-03    7900
20    1985-10-06    7987
25    1951-11-08    7992
27    1971-12-09    7994
29    2001-11-17    7996
31    2001-11-17    7998
1    1980-12-17    7369
19    1771-12-06    7986
22    1981-10-05    7989
5    1981-09-28    7654
10    1981-09-08    7844
17    1671-12-09    7984
24    1999-08-01    7991
26    1927-10-13    7993
30    1981-12-09    7997
32    2001-11-17    7999
2    1981-02-20    7499
3    1981-02-22    7521
4    1981-04-02    7566
7    1981-06-09    7782
8    0087-07-13    7788
11    2007-07-13    7876
14    2001-11-17    7981
15    1951-11-08    7982
18    1981-11-06    7985
select * from t1 where col3 between 7988 and 7990;
col1    col2    col3
23    2001-12-04    7990
21    1771-10-06    7988
22    1981-10-05    7989
select * from t1 where col3 = 7996 or col1 > 25;
col1    col2    col3
27    1971-12-09    7994
28    1981-12-09    7995
29    2001-11-17    7996
31    2001-11-17    7998
26    1927-10-13    7993
30    1981-12-09    7997
32    2001-11-17    7999
drop table if exists t2;
CREATE TABLE t2 (
col1 INT NOT NULL,
col2 DATE NOT NULL,
col3 INT NOT NULL,
PRIMARY KEY(col1, col3)
) PARTITION BY KEY(col1, col3) PARTITIONS 4;
insert into `t2` values
(1, '1980-12-17', 7369),
(2, '1981-02-20', 7499),
(3, '1981-02-22', 7521),
(4, '1981-04-02', 7566),
(5, '1981-09-28', 7654),
(6, '1981-05-01', 7698),
(7, '1981-06-09', 7782),
(8, '0087-07-13', 7788),
(9, '1981-11-17', 7839),
(10, '1981-09-08', 7844),
(11, '2007-07-13', 7876),
(12, '1981-12-03', 7900),
(13, '1987-07-13', 7980),
(14, '2001-11-17', 7981),
(15, '1951-11-08', 7982),
(16, '1927-10-13', 7983),
(17, '1671-12-09', 7984),
(18, '1981-11-06', 7985),
(19, '1771-12-06', 7986),
(20, '1985-10-06', 7987),
(21, '1771-10-06', 7988),
(22, '1981-10-05', 7989),
(23, '2001-12-04', 7990),
(24, '1999-08-01', 7991),
(25, '1951-11-08', 7992),
(26, '1927-10-13', 7993),
(27, '1971-12-09', 7994),
(28, '1981-12-09', 7995),
(29, '2001-11-17', 7996),
(30, '1981-12-09', 7997),
(31, '2001-11-17', 7998),
(32, '2001-11-17', 7999);
select * from t2 where ((col1 = 1 and col3 = 7369) or (col1 = 27 and col3 = 7994)) and ((col1 = 1 and col3 = 7369) or (col1 = 29 and col3 = 7996));
col1    col2    col3
1    1980-12-17    7369
select * from t2 where ((col1 = 1 and col3 = 7369) or (col1 = 12 and col3 = 7900)) and ((col1 = 1 and col3 = 7369) or (col1 = 29 and col3 = 7996));
col1    col2    col3
1    1980-12-17    7369
select * from t2 where col1 = 23 and col3 = 7990;
col1    col2    col3
23    2001-12-04    7990
select * from t2 where col1 = 1 and col3 = 7990;
col1    col2    col3
select * from t2 where col1 = 23 and col3 = 7990 or col1 = 30;
col1    col2    col3
23    2001-12-04    7990
30    1981-12-09    7997
select * from t2 where col1 in(23, 6) and col3 in (7990, 7698, 7988);
col1    col2    col3
6    1981-05-01    7698
23    2001-12-04    7990
select * from t2 where col3 = 7996 and col1 > 25;
col1    col2    col3
29    2001-11-17    7996
select * from t2 where col3 = 7990 or col3 = 7988;
col1    col2    col3
21    1771-10-06    7988
23    2001-12-04    7990
select * from t2 where (col1 = 1 and col3 = 7369) or (col1 = 27 and col3 = 7994);
col1    col2    col3
1    1980-12-17    7369
27    1971-12-09    7994
drop table if exists employees;
CREATE TABLE employees (
id INT NOT NULL,
fname VARCHAR(30),
lname VARCHAR(30),
hired DATE NOT NULL DEFAULT '1970-01-01',
separated DATE NOT NULL DEFAULT '9999-12-31',
job_code INT,
store_id INT
) PARTITION BY HASH(store_id) PARTITIONS 4;
INSERT INTO employees VALUES
(10001, 'Georgi', 'Facello', '1953-09-02','1986-06-26',120, 1),
(10002, 'Bezalel', 'Simmel', '1964-06-02','1985-11-21',150, 7),
(10003, 'Parto', 'Bamford', '1959-12-03','1986-08-28',140, 3),
(10004, 'Chirstian', 'Koblick', '1954-05-01','1986-12-01',150, 3),
(10005, 'Kyoichi', 'Maliniak', '1955-01-21','1989-09-12',150, 18),
(10006, 'Anneke', 'Preusig', '1953-04-20','1989-06-02',150, 15),
(10007, 'Tzvetan', 'Zielinski', '1957-05-23','1989-02-10',110, 6),
(10008, 'Saniya', 'Kalloufi', '1958-02-19','1994-09-15',170, 10),
(10009, 'Sumant', 'Peac', '1952-04-19','1985-02-18',110, 13),
(10010, 'Duangkaew', 'Piveteau', '1963-06-01','1989-08-24',160, 10),
(10011, 'Mary', 'Sluis', '1953-11-07','1990-01-22',120, 8),
(10012, 'Patricio', 'Bridgland', '1960-10-04','1992-12-18',120, 7),
(10013, 'Eberhardt', 'Terkki', '1963-06-07','1985-10-20',160, 17),
(10014, 'Berni', 'Genin', '1956-02-12','1987-03-11',120, 15),
(10015, 'Guoxiang', 'Nooteboom', '1959-08-19','1987-07-02',140, 8),
(10016, 'Kazuhito', 'Cappelletti', '1961-05-02','1995-01-27',140, 2),
(10017, 'Cristinel', 'Bouloucos', '1958-07-06','1993-08-03',170, 10),
(10018, 'Kazuhide', 'Peha', '1954-06-19','1987-04-03',170, 2),
(10019, 'Lillian', 'Haddadi', '1953-01-23','1999-04-30',170, 13),
(10020, 'Mayuko', 'Warwick', '1952-12-24','1991-01-26',120, 1),
(10021, 'Ramzi', 'Erde', '1960-02-20','1988-02-10',120, 9),
(10022, 'Shahaf', 'Famili', '1952-07-08','1995-08-22',130, 10),
(10023, 'Bojan', 'Montemayor', '1953-09-29','1989-12-17',120, 5),
(10024, 'Suzette', 'Pettey', '1958-09-05','1997-05-19',130, 4),
(10025, 'Prasadram', 'Heyers', '1958-10-31','1987-08-17',180, 8),
(10026, 'Yongqiao', 'Berztiss', '1953-04-03','1995-03-20',170, 4),
(10027, 'Divier', 'Reistad', '1962-07-10','1989-07-07',180, 10),
(10028, 'Domenick', 'Tempesti', '1963-11-26','1991-10-22',110, 11),
(10029, 'Otmar', 'Herbst', '1956-12-13','1985-11-20',110, 12),
(10030, 'Elvis', 'Demeyer', '1958-07-14','1994-02-17',110, 1),
(10031, 'Karsten', 'Joslin', '1959-01-27','1991-09-01',110, 10),
(10032, 'Jeong', 'Reistad', '1960-08-09','1990-06-20',120, 19),
(10033, 'Arif', 'Merlo', '1956-11-14','1987-03-18',120, 14),
(10034, 'Bader', 'Swan', '1962-12-29','1988-09-21',130, 16),
(10035, 'Alain', 'Chappelet', '1953-02-08','1988-09-05',130, 3),
(10036, 'Adamantios', 'Portugali', '1959-08-10','1992-01-03',130, 14),
(10037, 'Pradeep', 'Makrucki', '1963-07-22','1990-12-05',140, 12),
(10038, 'Huan', 'Lortz', '1960-07-20','1989-09-20',140, 7),
(10039, 'Alejandro', 'Brender', '1959-10-01','1988-01-19',110, 20),
(10040, 'Weiyi', 'Meriste', '1959-09-13','1993-02-14',140, 17);
select * from employees where store_id = 8;
id    fname    lname    hired    separated    job_code    store_id
10011    Mary    Sluis    1953-11-07    1990-01-22    120    8
10015    Guoxiang    Nooteboom    1959-08-19    1987-07-02    140    8
10025    Prasadram    Heyers    1958-10-31    1987-08-17    180    8
select * from employees where store_id = 8 or store_id = 10;
id    fname    lname    hired    separated    job_code    store_id
10011    Mary    Sluis    1953-11-07    1990-01-22    120    8
10015    Guoxiang    Nooteboom    1959-08-19    1987-07-02    140    8
10025    Prasadram    Heyers    1958-10-31    1987-08-17    180    8
10008    Saniya    Kalloufi    1958-02-19    1994-09-15    170    10
10010    Duangkaew    Piveteau    1963-06-01    1989-08-24    160    10
10017    Cristinel    Bouloucos    1958-07-06    1993-08-03    170    10
10022    Shahaf    Famili    1952-07-08    1995-08-22    130    10
10027    Divier    Reistad    1962-07-10    1989-07-07    180    10
10031    Karsten    Joslin    1959-01-27    1991-09-01    110    10
select * from employees where store_id in (1, 2, 11);
id    fname    lname    hired    separated    job_code    store_id
10001    Georgi    Facello    1953-09-02    1986-06-26    120    1
10016    Kazuhito    Cappelletti    1961-05-02    1995-01-27    140    2
10018    Kazuhide    Peha    1954-06-19    1987-04-03    170    2
10020    Mayuko    Warwick    1952-12-24    1991-01-26    120    1
10028    Domenick    Tempesti    1963-11-26    1991-10-22    110    11
10030    Elvis    Demeyer    1958-07-14    1994-02-17    110    1
select * from employees where store_id in (1, 2, 6, 7);
id    fname    lname    hired    separated    job_code    store_id
10001    Georgi    Facello    1953-09-02    1986-06-26    120    1
10016    Kazuhito    Cappelletti    1961-05-02    1995-01-27    140    2
10018    Kazuhide    Peha    1954-06-19    1987-04-03    170    2
10020    Mayuko    Warwick    1952-12-24    1991-01-26    120    1
10030    Elvis    Demeyer    1958-07-14    1994-02-17    110    1
10002    Bezalel    Simmel    1964-06-02    1985-11-21    150    7
10007    Tzvetan    Zielinski    1957-05-23    1989-02-10    110    6
10012    Patricio    Bridgland    1960-10-04    1992-12-18    120    7
10038    Huan    Lortz    1960-07-20    1989-09-20    140    7
select * from employees where store_id in (1, 2, 11) or store_id in (6, 7, 18);
id    fname    lname    hired    separated    job_code    store_id
10001    Georgi    Facello    1953-09-02    1986-06-26    120    1
10016    Kazuhito    Cappelletti    1961-05-02    1995-01-27    140    2
10018    Kazuhide    Peha    1954-06-19    1987-04-03    170    2
10020    Mayuko    Warwick    1952-12-24    1991-01-26    120    1
10028    Domenick    Tempesti    1963-11-26    1991-10-22    110    11
10030    Elvis    Demeyer    1958-07-14    1994-02-17    110    1
10002    Bezalel    Simmel    1964-06-02    1985-11-21    150    7
10005    Kyoichi    Maliniak    1955-01-21    1989-09-12    150    18
10007    Tzvetan    Zielinski    1957-05-23    1989-02-10    110    6
10012    Patricio    Bridgland    1960-10-04    1992-12-18    120    7
10038    Huan    Lortz    1960-07-20    1989-09-20    140    7
select * from employees where store_id = 3 and id = 10004 or store_id = 10;
id    fname    lname    hired    separated    job_code    store_id
10004    Chirstian    Koblick    1954-05-01    1986-12-01    150    3
10008    Saniya    Kalloufi    1958-02-19    1994-09-15    170    10
10010    Duangkaew    Piveteau    1963-06-01    1989-08-24    160    10
10017    Cristinel    Bouloucos    1958-07-06    1993-08-03    170    10
10022    Shahaf    Famili    1952-07-08    1995-08-22    130    10
10027    Divier    Reistad    1962-07-10    1989-07-07    180    10
10031    Karsten    Joslin    1959-01-27    1991-09-01    110    10
select * from employees where (store_id = 3 and id = 10004) or (store_id = 10 and id = 10022);
id    fname    lname    hired    separated    job_code    store_id
10004    Chirstian    Koblick    1954-05-01    1986-12-01    150    3
10022    Shahaf    Famili    1952-07-08    1995-08-22    130    10
select * from employees where store_id > 15;
id    fname    lname    hired    separated    job_code    store_id
10034    Bader    Swan    1962-12-29    1988-09-21    130    16
10039    Alejandro    Brender    1959-10-01    1988-01-19    110    20
10013    Eberhardt    Terkki    1963-06-07    1985-10-20    160    17
10040    Weiyi    Meriste    1959-09-13    1993-02-14    140    17
10005    Kyoichi    Maliniak    1955-01-21    1989-09-12    150    18
10032    Jeong    Reistad    1960-08-09    1990-06-20    120    19
select * from employees where store_id = 10 or id = 10004;
id    fname    lname    hired    separated    job_code    store_id
10008    Saniya    Kalloufi    1958-02-19    1994-09-15    170    10
10010    Duangkaew    Piveteau    1963-06-01    1989-08-24    160    10
10017    Cristinel    Bouloucos    1958-07-06    1993-08-03    170    10
10022    Shahaf    Famili    1952-07-08    1995-08-22    130    10
10027    Divier    Reistad    1962-07-10    1989-07-07    180    10
10031    Karsten    Joslin    1959-01-27    1991-09-01    110    10
10004    Chirstian    Koblick    1954-05-01    1986-12-01    150    3
drop database db1;
