DROP DATABASE IF EXISTS db1;
create database db1;
use db1;
drop table if exists t1;
create table t1(id int PRIMARY KEY,name VARCHAR(255),age int);
insert into t1 values(1,"Abby", 24);
insert into t1 values(2,"Bob", 25);
insert into t1 values(3,"Carol", 23);
insert into t1 values(4,"Dora", 29);
create unique index idx1 on t1(name);
select * from t1;
id    name    age
1    Abby    24
2    Bob    25
3    Carol    23
4    Dora    29
show index from t1;
Table    Non_unique    Key_name    Seq_in_index    Column_name    Collation    Cardinality    Sub_part    Packed    Null    Index_type    Comment    Index_comment    Index_params    Visible    Expression
t1    0    PRIMARY    1    id    A    0    NULL    NULL                        YES    NULL
t1    0    idx1    1    name    A    0    NULL    NULL    YES                    YES    NULL
select name, type, column_name from mo_catalog.mo_indexes where name = 'idx1' and table_id in (select rel_id from mo_catalog.mo_tables where relname = 't1');
name    type    column_name
idx1    UNIQUE    name
select relkind from mo_catalog.mo_tables where relname in (select distinct index_table_name from mo_catalog.mo_indexes where name = 'idx1' and table_id in (select rel_id from mo_catalog.mo_tables where relname = 't1'));
relkind
i
create index idx2 on t1(name, age);
select * from t1;
id    name    age
1    Abby    24
2    Bob    25
3    Carol    23
4    Dora    29
show index from t1;
Table    Non_unique    Key_name    Seq_in_index    Column_name    Collation    Cardinality    Sub_part    Packed    Null    Index_type    Comment    Index_comment    Index_params    Visible    Expression
t1    0    PRIMARY    1    id    A    0    NULL    NULL                        YES    NULL
t1    0    idx1    1    name    A    0    NULL    NULL    YES                    YES    NULL
t1    1    idx2    1    name    A    0    NULL    NULL    YES                    YES    NULL
t1    1    idx2    2    age    A    0    NULL    NULL    YES                    YES    NULL
select name, type, column_name from mo_catalog.mo_indexes where name = 'idx2' and table_id in (select rel_id from mo_catalog.mo_tables where relname = 't1');
name    type    column_name
idx2    MULTIPLE    name
idx2    MULTIPLE    age
idx2    MULTIPLE    __mo_alias_id
select relkind from mo_catalog.mo_tables where relname in (select distinct index_table_name from mo_catalog.mo_indexes where name = 'idx2' and table_id in (select rel_id from mo_catalog.mo_tables where relname = 't1'));
relkind
i
alter table t1 add column sal int default 2000;
select name, type, column_name from mo_catalog.mo_indexes where name = 'idx1' and table_id in (select rel_id from mo_catalog.mo_tables where relname = 't1');
name    type    column_name
idx1    UNIQUE    name
select relkind from mo_catalog.mo_tables where relname in (select distinct index_table_name from mo_catalog.mo_indexes where name = 'idx1' and table_id in (select rel_id from mo_catalog.mo_tables where relname = 't1'));
relkind
i
select name, type, column_name from mo_catalog.mo_indexes where name = 'idx2' and table_id in (select rel_id from mo_catalog.mo_tables where relname = 't1');
name    type    column_name
idx2    MULTIPLE    name
idx2    MULTIPLE    age
idx2    MULTIPLE    __mo_alias_id
select relkind from mo_catalog.mo_tables where relname in (select distinct index_table_name from mo_catalog.mo_indexes where name = 'idx2' and table_id in (select rel_id from mo_catalog.mo_tables where relname = 't1'));
relkind
i
SET experimental_ivf_index = 1;
drop table if exists t2;
create table t2(a int primary key, b vecf32(3), index idx9 using ivfflat (b));
select * from t2;
a    b
show index from t2;
Table    Non_unique    Key_name    Seq_in_index    Column_name    Collation    Cardinality    Sub_part    Packed    Null    Index_type    Comment    Index_comment    Index_params    Visible    Expression
t2    1    idx9    1    b    A    0    NULL    NULL    YES    ivfflat            {"lists":"1","op_type":"vector_l2_ops"}    YES    NULL
t2    0    PRIMARY    1    a    A    0    NULL    NULL                        YES    NULL
select name, type, column_name from mo_catalog.mo_indexes where name = 'idx9' and table_id in (select rel_id from mo_catalog.mo_tables where relname = 't2');
name    type    column_name
idx9    MULTIPLE    b
idx9    MULTIPLE    b
idx9    MULTIPLE    b
select relkind from mo_catalog.mo_tables where relname in (select distinct index_table_name from mo_catalog.mo_indexes where name = 'idx9' and table_id in (select rel_id from mo_catalog.mo_tables where relname = 't2'));
relkind
metadata
centroids
entries
drop table if exists t3;
create table t3(a int primary key, b vecf32(3), index idx10 using ivfflat (b));
insert into t3 values(1, "[1,2,3]");
insert into t3 values(2, "[1,2,4]");
show index from t3;
Table    Non_unique    Key_name    Seq_in_index    Column_name    Collation    Cardinality    Sub_part    Packed    Null    Index_type    Comment    Index_comment    Index_params    Visible    Expression
t3    1    idx10    1    b    A    0    NULL    NULL    YES    ivfflat            {"lists":"1","op_type":"vector_l2_ops"}    YES    NULL
t3    0    PRIMARY    1    a    A    0    NULL    NULL                        YES    NULL
show create table t3;
Table    Create Table
t3    CREATE TABLE `t3` (\n  `a` int NOT NULL,\n  `b` vecf32(3) DEFAULT NULL,\n  PRIMARY KEY (`a`),\n  KEY `idx10` USING ivfflat (`b`) lists = 1  op_type 'vector_l2_ops' \n)
select name, type, column_name from mo_catalog.mo_indexes where name = 'idx10' and table_id in (select rel_id from mo_catalog.mo_tables where relname = 't3');
name    type    column_name
idx10    MULTIPLE    b
idx10    MULTIPLE    b
idx10    MULTIPLE    b
select relkind from mo_catalog.mo_tables where relname in (select distinct index_table_name from mo_catalog.mo_indexes where name = 'idx10' and table_id in (select rel_id from mo_catalog.mo_tables where relname = 't3'));
relkind
metadata
centroids
entries
alter table t3 drop column b;
show index from t3;
Table    Non_unique    Key_name    Seq_in_index    Column_name    Collation    Cardinality    Sub_part    Packed    Null    Index_type    Comment    Index_comment    Index_params    Visible    Expression
t3    0    PRIMARY    1    a    A    0    NULL    NULL                        YES    NULL
show create table t3;
Table    Create Table
t3    CREATE TABLE `t3` (\n  `a` int NOT NULL,\n  PRIMARY KEY (`a`)\n)
select name, type, column_name from mo_catalog.mo_indexes where name = 'idx10' and table_id in (select rel_id from mo_catalog.mo_tables where relname = 't3');
name    type    column_name
select relkind from mo_catalog.mo_tables where relname in (select distinct index_table_name from mo_catalog.mo_indexes where name = 'idx10' and table_id in (select rel_id from mo_catalog.mo_tables where relname = 't3'));
relkind
drop table if exists tbl;
create table tbl(id int primary key, embedding vecf32(3));
insert into tbl values(1, "[1,2,3]");
insert into tbl values(2, "[1,2,4]");
insert into tbl values(3, "[1,2.4,4]");
insert into tbl values(4, "[1,2,5]");
insert into tbl values(5, "[1,3,5]");
insert into tbl values(6, "[100,44,50]");
insert into tbl values(7, "[120,50,70]");
insert into tbl values(8, "[130,40,90]");
create index idx1 using IVFFLAT on tbl(embedding) lists = 2 op_type 'vector_l2_ops';
show index from tbl;
Table    Non_unique    Key_name    Seq_in_index    Column_name    Collation    Cardinality    Sub_part    Packed    Null    Index_type    Comment    Index_comment    Index_params    Visible    Expression
tbl    0    PRIMARY    1    id    A    0    NULL    NULL                        YES    NULL
tbl    1    idx1    1    embedding    A    0    NULL    NULL    YES    ivfflat            {"lists":"2","op_type":"vector_l2_ops"}    YES    NULL
show create table tbl;
Table    Create Table
tbl    CREATE TABLE `tbl` (\n  `id` int NOT NULL,\n  `embedding` vecf32(3) DEFAULT NULL,\n  PRIMARY KEY (`id`),\n  KEY `idx1` USING ivfflat (`embedding`) lists = 2  op_type 'vector_l2_ops' \n)
select name, type, column_name, algo, algo_table_type,algo_params from mo_catalog.mo_indexes where name = 'idx1' and table_id in (select rel_id from mo_catalog.mo_tables where relname = 'tbl');
name    type    column_name    algo    algo_table_type    algo_params
idx1    MULTIPLE    embedding    ivfflat    metadata    {"lists":"2","op_type":"vector_l2_ops"}
idx1    MULTIPLE    embedding    ivfflat    centroids    {"lists":"2","op_type":"vector_l2_ops"}
idx1    MULTIPLE    embedding    ivfflat    entries    {"lists":"2","op_type":"vector_l2_ops"}
select relkind from mo_catalog.mo_tables where relname in (select distinct index_table_name from mo_catalog.mo_indexes where name = 'idx1' and table_id in (select rel_id from mo_catalog.mo_tables where relname = 'tbl'));
relkind
metadata
centroids
entries
alter table tbl alter reindex idx1 ivfflat lists=3;
show index from tbl;
Table    Non_unique    Key_name    Seq_in_index    Column_name    Collation    Cardinality    Sub_part    Packed    Null    Index_type    Comment    Index_comment    Index_params    Visible    Expression
tbl    0    PRIMARY    1    id    A    0    NULL    NULL                        YES    NULL
tbl    1    idx1    1    embedding    A    0    NULL    NULL    YES    ivfflat            {"lists":"3","op_type":"vector_l2_ops"}    YES    NULL
show create table tbl;
Table    Create Table
tbl    CREATE TABLE `tbl` (\n  `id` int NOT NULL,\n  `embedding` vecf32(3) DEFAULT NULL,\n  PRIMARY KEY (`id`),\n  KEY `idx1` USING ivfflat (`embedding`) lists = 3  op_type 'vector_l2_ops' \n)
select name, type, column_name, algo, algo_table_type,algo_params from mo_catalog.mo_indexes where name = 'idx1' and table_id in (select rel_id from mo_catalog.mo_tables where relname = 'tbl');
name    type    column_name    algo    algo_table_type    algo_params
idx1    MULTIPLE    embedding    ivfflat    metadata    {"lists":"3","op_type":"vector_l2_ops"}
idx1    MULTIPLE    embedding    ivfflat    centroids    {"lists":"3","op_type":"vector_l2_ops"}
idx1    MULTIPLE    embedding    ivfflat    entries    {"lists":"3","op_type":"vector_l2_ops"}
select relkind from mo_catalog.mo_tables where relname in (select distinct index_table_name from mo_catalog.mo_indexes where name = 'idx1' and table_id in (select rel_id from mo_catalog.mo_tables where relname = 'tbl'));
relkind
metadata
centroids
entries
alter table tbl add c vecf32(3);
show index from tbl;
Table    Non_unique    Key_name    Seq_in_index    Column_name    Collation    Cardinality    Sub_part    Packed    Null    Index_type    Comment    Index_comment    Index_params    Visible    Expression
tbl    1    idx1    1    embedding    A    0    NULL    NULL    YES    ivfflat            {"lists":"3","op_type":"vector_l2_ops"}    YES    NULL
tbl    0    PRIMARY    1    id    A    0    NULL    NULL                        YES    NULL
show create table tbl;
Table    Create Table
tbl    CREATE TABLE `tbl` (\n  `id` int NOT NULL,\n  `embedding` vecf32(3) DEFAULT NULL,\n  `c` vecf32(3) DEFAULT NULL,\n  PRIMARY KEY (`id`),\n  KEY `idx1` USING ivfflat (`embedding`) lists = 3  op_type 'vector_l2_ops' \n)
select name, type, column_name, algo, algo_table_type,algo_params from mo_catalog.mo_indexes where name = 'idx1' and table_id in (select rel_id from mo_catalog.mo_tables where relname = 'tbl');
name    type    column_name    algo    algo_table_type    algo_params
idx1    MULTIPLE    embedding    ivfflat    metadata    {"lists":"3","op_type":"vector_l2_ops"}
idx1    MULTIPLE    embedding    ivfflat    centroids    {"lists":"3","op_type":"vector_l2_ops"}
idx1    MULTIPLE    embedding    ivfflat    entries    {"lists":"3","op_type":"vector_l2_ops"}
select relkind from mo_catalog.mo_tables where relname in (select distinct index_table_name from mo_catalog.mo_indexes where name = 'idx1' and table_id in (select rel_id from mo_catalog.mo_tables where relname = 'tbl'));
relkind
metadata
centroids
entries
drop table if exists tbl;
create table tbl(a int primary key,b vecf32(3), c vecf64(5));
create index idx2 using IVFFLAT on tbl(b) lists = 2 op_type 'vector_l2_ops';
show index from tbl;
Table    Non_unique    Key_name    Seq_in_index    Column_name    Collation    Cardinality    Sub_part    Packed    Null    Index_type    Comment    Index_comment    Index_params    Visible    Expression
tbl    0    PRIMARY    1    a    A    0    NULL    NULL                        YES    NULL
tbl    1    idx2    1    b    A    0    NULL    NULL    YES    ivfflat            {"lists":"2","op_type":"vector_l2_ops"}    YES    NULL
show create table tbl;
Table    Create Table
tbl    CREATE TABLE `tbl` (\n  `a` int NOT NULL,\n  `b` vecf32(3) DEFAULT NULL,\n  `c` vecf64(5) DEFAULT NULL,\n  PRIMARY KEY (`a`),\n  KEY `idx2` USING ivfflat (`b`) lists = 2  op_type 'vector_l2_ops' \n)
select name, type, column_name, algo, algo_table_type,algo_params from mo_catalog.mo_indexes where name = 'idx2' and table_id in (select rel_id from mo_catalog.mo_tables where relname = 'tbl');
name    type    column_name    algo    algo_table_type    algo_params
idx2    MULTIPLE    b    ivfflat    metadata    {"lists":"2","op_type":"vector_l2_ops"}
idx2    MULTIPLE    b    ivfflat    centroids    {"lists":"2","op_type":"vector_l2_ops"}
idx2    MULTIPLE    b    ivfflat    entries    {"lists":"2","op_type":"vector_l2_ops"}
select relkind from mo_catalog.mo_tables where relname in (select distinct index_table_name from mo_catalog.mo_indexes where name = 'idx2' and table_id in (select rel_id from mo_catalog.mo_tables where relname = 'tbl'));
relkind
metadata
centroids
entries
set experimental_fulltext_index=1;
create table src1 (id bigint primary key, body varchar, title text);
insert into src1 values (0, 'color is red', 't1'), (1, 'car is yellow', 'crazy car'), (2, 'sky is blue', 'no limit'), (3, 'blue is not red', 'colorful'),
(4, '遠東兒童中文是針對6到9歲的小朋友精心設計的中文學習教材，共三冊，目前已出版一、二冊。', '遠東兒童中文'),
(5, '每冊均採用近百張全幅彩圖及照片，生動活潑、自然真實，加深兒童學習印象，洋溢學習樂趣。', '遠東兒童中文'),
(6, '各個單元主題內容涵蓋中華文化及生活應用的介紹。本套教材含課本、教學指引、生字卡、學生作業本與CD，中英對照，精美大字版。本系列有繁體字及簡體字兩種版本印行。', '中文短篇小說'),
(7, '59個簡單的英文和中文短篇小說', '適合初學者'),
(8, NULL, 'NOT INCLUDED'),
(9, 'NOT INCLUDED BODY', NULL),
(10, NULL, NULL);
create fulltext index ftidx on src1 (body, title);
show index from src1;
Table    Non_unique    Key_name    Seq_in_index    Column_name    Collation    Cardinality    Sub_part    Packed    Null    Index_type    Comment    Index_comment    Index_params    Visible    Expression
src1    0    PRIMARY    1    id    A    0    NULL    NULL                        YES    NULL
src1    1    ftidx    1    body    A    0    NULL    NULL    YES    fulltext                YES    NULL
src1    1    ftidx    2    title    A    0    NULL    NULL    YES    fulltext                YES    NULL
select name, type, column_name from mo_catalog.mo_indexes where name = 'ftidx' and table_id in (select rel_id from mo_catalog.mo_tables where relname = 'src1');
name    type    column_name
ftidx    MULTIPLE    body
ftidx    MULTIPLE    title
select relkind from mo_catalog.mo_tables where relname in (select distinct index_table_name from mo_catalog.mo_indexes where name = 'ftidx' and table_id in (select rel_id from mo_catalog.mo_tables where relname = 'src1'));
relkind
i
alter table src1 add fulltext index ftidx2 (body);
show index from src1;
Table    Non_unique    Key_name    Seq_in_index    Column_name    Collation    Cardinality    Sub_part    Packed    Null    Index_type    Comment    Index_comment    Index_params    Visible    Expression
src1    0    PRIMARY    1    id    A    0    NULL    NULL                        YES    NULL
src1    1    ftidx    1    body    A    0    NULL    NULL    YES    fulltext                YES    NULL
src1    1    ftidx    2    title    A    0    NULL    NULL    YES    fulltext                YES    NULL
src1    1    ftidx2    1    body    A    0    NULL    NULL    YES    fulltext                YES    NULL
select name, type, column_name from mo_catalog.mo_indexes where name = 'ftidx2' and table_id in (select rel_id from mo_catalog.mo_tables where relname = 'src1');
name    type    column_name
ftidx2    MULTIPLE    body
select relkind from mo_catalog.mo_tables where relname in (select distinct index_table_name from mo_catalog.mo_indexes where name = 'ftidx2' and table_id in (select rel_id from mo_catalog.mo_tables where relname = 'src1'));
relkind
i
select * from src1 where match(body, title) against('red');
id    body    title
0    color is red    t1
3    blue is not red    colorful
select *, match(body, title) against('is red' in natural language mode) as score from src1;
id    body    title    score
0    color is red    t1    0.74115014
3    blue is not red    colorful    0.74115014
1    car is yellow    crazy car    0.19301322
2    sky is blue    no limit    0.19301322
select * from src1 where match(body, title) against('教學指引');
id    body    title
6    各個單元主題內容涵蓋中華文化及生活應用的介紹。本套教材含課本、教學指引、生字卡、學生作業本與CD，中英對照，精美大字版。本系列有繁體字及簡體字兩種版本印行。    中文短篇小說
select * from src1 where match(body, title) against('彩圖' in natural language mode);
id    body    title
5    每冊均採用近百張全幅彩圖及照片，生動活潑、自然真實，加深兒童學習印象，洋溢學習樂趣。    遠東兒童中文
select * from src1 where match(body, title) against('遠東' in natural language mode);
id    body    title
4    遠東兒童中文是針對6到9歲的小朋友精心設計的中文學習教材，共三冊，目前已出版一、二冊。    遠東兒童中文
5    每冊均採用近百張全幅彩圖及照片，生動活潑、自然真實，加深兒童學習印象，洋溢學習樂趣。    遠東兒童中文
select * from src1 where match(body, title) against('版一、二冊' in natural language mode);
id    body    title
4    遠東兒童中文是針對6到9歲的小朋友精心設計的中文學習教材，共三冊，目前已出版一、二冊。    遠東兒童中文
drop table src1;
create table src2 (id bigint primary key, body varchar, title text, FULLTEXT(title, body));
insert into src2 values (0, 'color is red', 't1'), (1, 'car is yellow', 'crazy car'), (2, 'sky is blue', 'no limit'), (3, 'blue is not red', 'colorful'),
(4, '遠東兒童中文是針對6到9歲的小朋友精心設計的中文學習教材，共三冊，目前已出版一、二冊。', '遠東兒童中文'),
(5, '每冊均採用近百張全幅彩圖及照片，生動活潑、自然真實，加深兒童學習印象，洋溢學習樂趣。', '遠東兒童中文'),
(6, '各個單元主題內容涵蓋中華文化及生活應用的介紹。本套教材含課本、教學指引、生字卡、學生作業本與CD，中英對照，精美大字版。本系列有繁體字及簡體字兩種版本印行。', '中文短篇小說
'),
(7, '59個簡單的英文和中文短篇小說', '適合初學者'),
(8, NULL, 'NOT INCLUDED'),
(9, 'NOT INCLUDED BODY', NULL),
(10, NULL, NULL);
show index from src2;
Table    Non_unique    Key_name    Seq_in_index    Column_name    Collation    Cardinality    Sub_part    Packed    Null    Index_type    Comment    Index_comment    Index_params    Visible    Expression
src2    1        1    title    A    0    NULL    NULL    YES    fulltext                YES    NULL
src2    1        2    body    A    0    NULL    NULL    YES    fulltext                YES    NULL
src2    0    PRIMARY    1    id    A    0    NULL    NULL                        YES    NULL
select name, type, column_name from mo_catalog.mo_indexes where table_id in (select rel_id from mo_catalog.mo_tables where relname = 'src2');
name    type    column_name
    MULTIPLE    title
    MULTIPLE    body
PRIMARY    PRIMARY    id
select relkind from mo_catalog.mo_tables where relname in (select distinct index_table_name from mo_catalog.mo_indexes where table_id in (select rel_id from mo_catalog.mo_tables where relname = 'src2') and name != 'PRIMARY');
relkind
i
select * from src2 where match(body, title) against('red');
id    body    title
0    color is red    t1
3    blue is not red    colorful
select *, match(body, title) against('is red' in natural language mode) as score from src2;
id    body    title    score
0    color is red    t1    0.74115014
3    blue is not red    colorful    0.74115014
1    car is yellow    crazy car    0.19301322
2    sky is blue    no limit    0.19301322
select * from src2 where match(body, title) against('教學指引');
id    body    title
6    各個單元主題內容涵蓋中華文化及生活應用的介紹。本套教材含課本、教學指引、生字卡、學生作業本與CD，中英對照，精美大字版。本系列有繁體字及簡體字兩種版本印行。    中文短篇小說\n
select * from src2 where match(body, title) against('彩圖' in natural language mode);
id    body    title
5    每冊均採用近百張全幅彩圖及照片，生動活潑、自然真實，加深兒童學習印象，洋溢學習樂趣。    遠東兒童中文
select * from src2 where match(body, title) against('遠東' in natural language mode);
id    body    title
4    遠東兒童中文是針對6到9歲的小朋友精心設計的中文學習教材，共三冊，目前已出版一、二冊。    遠東兒童中文
5    每冊均採用近百張全幅彩圖及照片，生動活潑、自然真實，加深兒童學習印象，洋溢學習樂趣。    遠東兒童中文
select * from src2 where match(body, title) against('版一、二冊' in natural language mode);
id    body    title
4    遠東兒童中文是針對6到9歲的小朋友精心設計的中文學習教材，共三冊，目前已出版一、二冊。    遠東兒童中文
select *, match(body, title) against('遠東兒童中文' in natural language mode) as score from src2;
id    body    title    score
4    遠東兒童中文是針對6到9歲的小朋友精心設計的中文學習教材，共三冊，目前已出版一、二冊。    遠東兒童中文    5.4813685
5    每冊均採用近百張全幅彩圖及照片，生動活潑、自然真實，加深兒童學習印象，洋溢學習樂趣。    遠東兒童中文    3.2888215
drop table src2;
DROP DATABASE IF EXISTS db1;
