drop account if exists test_tenant_1;
create account test_tenant_1 admin_name 'test_account' identified by '111';
drop database if exists republication01;
create database republication01;
use republication01;
create publication publication01 database republication01 account test_tenant_1 comment 'republish';
create table repub01(col1 int);
insert into repub01 values (1);
drop database if exists resub01;
create database resub01 from sys publication publication01;
show subscriptions all;
pub_name    pub_account    pub_database    pub_tables    pub_comment    pub_time    sub_name    sub_time    status
publication01    sys    republication01    *    republish    2024-07-23 21:40:26    resub01    2024-07-23 21:40:26    0
drop database if exists database03;
create database database03;
use database03;
create table table01 (col1 int);
insert into table01 values (1);
insert into table01 select * from table01;
alter publication publication01 database database03;
show publications;
publication    database    tables    sub_account    subscribed_accounts    create_time    update_time    comments
publication01    database03    *    test_tenant_1    test_tenant_1    2024-07-23 21:40:26    2024-07-23 21:40:27    republish
use resub01;
show tables;
Tables_in_resub01
table01
select * from table01;
col1
1
1
show columns from table01;
Field    Type    Null    Key    Default    Extra    Comment
col1    INT(32)    YES        null        
desc table01;
Field    Type    Null    Key    Default    Extra    Comment
col1    INT(32)    YES        null        
show table status;
Name    Engine    Row_format    Rows    Avg_row_length    Data_length    Max_data_length    Index_length    Data_free    Auto_increment    Create_time    Update_time    Check_time    Collation    Checksum    Create_options    Comment    Role_id    Role_name
table01    Tae    Dynamic    2    0    72    0    0    NULL    0    2024-07-23 21:40:26    NULL    NULL    utf-8    NULL            0    moadmin
alter publication publication01 database republication01;
show publications;
publication    database    tables    sub_account    subscribed_accounts    create_time    update_time    comments
publication01    republication01    *    test_tenant_1    test_tenant_1    2024-07-23 21:40:26    2024-07-23 21:40:27    republish
show subscriptions all;
pub_name    pub_account    pub_database    pub_tables    pub_comment    pub_time    sub_name    sub_time    status
publication01    sys    republication01    *    republish    2024-07-23 21:40:27    resub01    2024-07-23 21:40:26    0
use resub01;
show tables;
Tables_in_resub01
repub01
show columns from repub01;
Field    Type    Null    Key    Default    Extra    Comment
col1    INT(32)    YES        null        
desc repub01;
Field    Type    Null    Key    Default    Extra    Comment
col1    INT(32)    YES        null        
select * from repub01;
col1
1
drop publication publication01;
drop database database03;
drop database republication01;
drop account test_tenant_1;
