drop account if exists acc01;
create account acc01 admin_name = 'test_account' identified by '111';
drop account if exists acc02;
create account acc02 admin_name = 'test_account' identified by '111';
drop account if exists acc03;
create account acc03 admin_name = 'test_account' identified by '111';
drop database if exists test_pub_sub;
create database test_pub_sub;
use test_pub_sub;
drop table if exists authors;
create table authors (
author_id int auto_increment PRIMARY KEY,
first_name varchar(100) NOT NULL,
last_name varchar(100) NOT NULL,
date_of_birth DATE,
year_of_birth int
);
drop table if exists publishers;
create table publishers (
publisher_id int auto_increment PRIMARY KEY,
name varchar(100) NOT NULL,
address varchar(255),
city varchar(100),
country varchar(100)
);
drop table if exists books;
create table books (
book_id int auto_increment PRIMARY KEY,
title varchar(255) NOT NULL,
publisher_id int,
author_id int,
year_published int,
edition int,
foreign key fk1(publisher_id) references publishers(publisher_id),
foreign key fk2(author_id) fk2 references authors(author_id)
);
SQL parser error: You have an error in your SQL syntax; check the manual that corresponds to your MatrixOne server version for the right syntax to use. syntax error at line 9 column 31 near " fk2 references authors(author_id)
);";
insert into authors (first_name, last_name, date_of_birth, year_of_birth) values
('J.K.', 'Rowling', '1965-07-31', 1965),
('George R.R.', 'Martin', '1948-09-20', 1948);
insert into publishers (name, address, city, country) values
('Penguin Books', '80 Strand, London', 'London', 'UK'),
('HarperCollins', '10 East 53rd Street', 'New York', 'USA');
insert into books (title, publisher_id, author_id, year_published, edition) values
('Harry Potter and the Sorcerer''s Stone', 1, 1, 1997, 1),
('A Game of Thrones', 2, 2, 1996, 1);
no such table test_pub_sub.books
drop publication if exists p01;
create publication p01 database test_pub_sub account all;
show publications;
publication    database    tables    sub_account    subscribed_accounts    create_time    update_time    comments
p01    test_pub_sub    *    *        2024-08-09 14:53:25    null    
show subscriptions all;
pub_name    pub_account    pub_database    pub_tables    pub_comment    pub_time    sub_name    sub_time    status
p01    sys    test_pub_sub    *        2024-08-09 14:53:25    null    null    0
create database acc01_sub01 from sys publication p01;
show subscriptions;
pub_name    pub_account    pub_database    pub_tables    pub_comment    pub_time    sub_name    sub_time    status
p01    sys    test_pub_sub    *        2024-08-09 14:53:25    acc01_sub01    2024-08-09 14:53:25    0
show databases;
Database
acc01_sub01
information_schema
mo_catalog
mysql
system
system_metrics
use acc01_sub01;
show tables;
Tables_in_acc01_sub01
authors
publishers
select * from authors;
author_id    first_name    last_name    date_of_birth    year_of_birth
1    J.K.    Rowling    1965-07-31    1965
2    George R.R.    Martin    1948-09-20    1948
select count(*) from books;
SQL parser error: table "books" does not exist
show create table publishers;
Table    Create Table
publishers    CREATE TABLE `publishers` (\n  `publisher_id` INT NOT NULL AUTO_INCREMENT,\n  `name` VARCHAR(100) NOT NULL,\n  `address` VARCHAR(255) DEFAULT NULL,\n  `city` VARCHAR(100) DEFAULT NULL,\n  `country` VARCHAR(100) DEFAULT NULL,\n  PRIMARY KEY (`publisher_id`)\n)
drop database acc01_sub01;
show publications;
publication    database    tables    sub_account    subscribed_accounts    create_time    update_time    comments
p01    test_pub_sub    *    *        2024-08-09 14:53:25    null    
drop publication if exists p02;
create publication p02 database test_pub_sub account acc02;
show publications;
publication    database    tables    sub_account    subscribed_accounts    create_time    update_time    comments
p02    test_pub_sub    *    acc02        2024-08-09 14:53:25    null    
p01    test_pub_sub    *    *        2024-08-09 14:53:25    null    
show subscriptions all;
pub_name    pub_account    pub_database    pub_tables    pub_comment    pub_time    sub_name    sub_time    status
p02    sys    test_pub_sub    *        2024-08-09 14:53:25    null    null    0
p01    sys    test_pub_sub    *        2024-08-09 14:53:25    null    null    0
create database sub_acc02 from sys publication p01;
show subscriptions all;
pub_name    pub_account    pub_database    pub_tables    pub_comment    pub_time    sub_name    sub_time    status
p01    sys    test_pub_sub    *        2024-08-09 14:53:25    sub_acc02    2024-08-09 14:53:25    0
p02    sys    test_pub_sub    *        2024-08-09 14:53:25    null    null    0
show subscriptions;
pub_name    pub_account    pub_database    pub_tables    pub_comment    pub_time    sub_name    sub_time    status
p01    sys    test_pub_sub    *        2024-08-09 14:53:25    sub_acc02    2024-08-09 14:53:25    0
show databases;
Database
information_schema
mo_catalog
mysql
sub_acc02
system
system_metrics
use sub_acc02;
show tables;
Tables_in_sub_acc02
authors
publishers
select count(*) from authors;
count(*)
2
show create table books;
no such table sub_acc02.books
select * from publishers;
publisher_id    name    address    city    country
1    Penguin Books    80 Strand, London    London    UK
2    HarperCollins    10 East 53rd Street    New York    USA
show publications;
publication    database    tables    sub_account    subscribed_accounts    create_time    update_time    comments
p02    test_pub_sub    *    acc02        2024-08-09 14:53:25    null    
p01    test_pub_sub    *    *    acc02    2024-08-09 14:53:25    null    
drop database acc01_sub01;
Can't drop database 'acc01_sub01'; database doesn't exist
drop database sub_acc02;
drop publication p01;
drop publication p02;
drop database test_pub_sub;
drop database if exists test_pub_sub1;
create database test_pub_sub1;
use test_pub_sub1;
drop table if exists table01;
create table table01(col1 int primary key , col2 decimal, col3 char, col4 varchar(20), col5 text, col6 double);
insert into table01 values (1, 2, 'a', '23eiojf', 'r23v324r23rer', 3923.324);
insert into table01 values (2, 3, 'b', '32r32r', 'database', 1111111);
drop table if exists table02;
create table table02 (col1 int unique key, col2 varchar(20));
insert into table02 (col1, col2) values (133, 'database');
drop publication if exists p03;
create publication p03 database test_pub_sub1 account all;
drop database if exists acc_sub02;
create database acc_sub02 from sys publication p03;
show subscriptions;
pub_name    pub_account    pub_database    pub_tables    pub_comment    pub_time    sub_name    sub_time    status
p03    sys    test_pub_sub1    *        2024-08-09 14:53:26    acc_sub02    2024-08-09 14:53:26    0
use acc_sub02;
show tables;
Tables_in_acc_sub02
table01
table02
select * from table01;
col1    col2    col3    col4    col5    col6
1    2    a    23eiojf    r23v324r23rer    3923.324
2    3    b    32r32r    database    1111111.0
select count(*) from table02;
count(*)
1
alter publication p03 account acc01,acc02 database test_pub_sub1 table table01;
show publications;
publication    database    tables    sub_account    subscribed_accounts    create_time    update_time    comments
p03    test_pub_sub1    table01    acc01,acc02    acc01    2024-08-09 14:53:26    2024-08-09 14:53:26    
show subscriptions;
pub_name    pub_account    pub_database    pub_tables    pub_comment    pub_time    sub_name    sub_time    status
p03    sys    test_pub_sub1    table01        2024-08-09 14:53:26    acc_sub02    2024-08-09 14:53:26    0
use acc_sub02;
show tables;
Tables_in_acc_sub02
table01
select * from table01;
col1    col2    col3    col4    col5    col6
1    2    a    23eiojf    r23v324r23rer    3923.324
2    3    b    32r32r    database    1111111.0
drop database acc_sub02;
show subscriptions all;
pub_name    pub_account    pub_database    pub_tables    pub_comment    pub_time    sub_name    sub_time    status
p03    sys    test_pub_sub1    table01        2024-08-09 14:53:26    null    null    0
drop database if exists acc02_sub02;
create database acc02_sub02 from sys publication p03;
use acc02_sub02;
show tables;
Tables_in_acc02_sub02
table01
select * from table01;
col1    col2    col3    col4    col5    col6
1    2    a    23eiojf    r23v324r23rer    3923.324
2    3    b    32r32r    database    1111111.0
drop database acc02_sub02;
drop publication p03;
drop database test_pub_sub1;
drop database if exists sys_db01;
create database sys_db01;
use sys_db01;
drop table if exists t1;
create table t1 (col1 int auto_increment, col2 char(20));
insert into t1 values(1, 'ad');
insert into t1 values(2, 'ew');
drop publication if exists pub_sys;
create publication pub_sys database t1 account sys;
internal error: can't publish to self
create publication pub_sys database sys_db01 table t1 account sys;
internal error: can't publish to self
drop database sys_db01;
drop database if exists sys_db02;
create database sys_db02;
use sys_db02;
drop table if exists t2;
create table pri01(
deptno int unsigned comment '部门编号',
dname varchar(15) comment '部门名称',
loc varchar(50)  comment '部门所在位置',
primary key(deptno)
) comment='部门表';
insert into pri01 values (10,'ACCOUNTING','NEW YORK');
insert into pri01 values (20,'RESEARCH','DALLAS');
insert into pri01 values (30,'SALES','CHICAGO');
insert into pri01 values (40,'OPERATIONS','BOSTON');
drop publication if exists pub10;
create publication pub10 database sys_db02 account acc10;
internal error: not existed account name 'acc10'
create publication pub10 database sys_db02 table pri01 account acc10;
internal error: not existed account name 'acc10'
create publication pub10 database sys_db02 account acc01,acc10;
internal error: not existed account name 'acc10'
create publication pub10 database sys_db02 table pri01 account acc01,acc10;
internal error: not existed account name 'acc10'
drop database sys_db02;
drop database if exists sys_db01;
create database sys_db01;
use sys_db01;
drop table if exists t1;
create table t1 (col1 int auto_increment, col2 char(20));
insert into t1 values(1, 'ad');
insert into t1 values(2, 'ew');
drop publication if exists pub_sys;
create publication pub_sys database sys_db01 account acc01;
internal error: can't publish to self
create publication pub_sys database sys_db01 table t1 account acc01;
internal error: can't publish to self
drop database sys_db01;
drop database if exists sys_db01;
create database sys_db01;
use sys_db01;
drop table if exists t1;
create table t1 (col1 int auto_increment, col2 char(20));
insert into t1 values(1, 'ad');
insert into t1 values(2, 'ew');
drop publication if exists pub_sys;
create publication pub_sys database sys_db01 account acc01,acc10;
internal error: can't publish to self
create publication pub_sys database sys_db01 table t1 account acc08,acc10;
internal error: not existed account name 'acc08'
drop database sys_db01;
use mo_catalog;
create cluster table clu01(col1 int, col2 decimal);
insert into clu01 values(1,2,0);
insert into clu01 values(2,3,0);
drop publication if exists p04;
create publication p04 database mo_catalog table clu01 account all;
internal error: invalid database name 'mo_catalog', not support publishing system database
drop table clu01;
drop database if exists publish_subscribed_table;
create database publish_subscribed_table;
use publish_subscribed_table;
create table t1(col1 int primary key);
insert into t1 values(1),(2),(3);
drop publication if exists pub01;
create publication pub01 database publish_subscribed_table table t1 account acc01;
drop database if exists sub01;
create database sub01 from sys publication pub01;
show databases;
Database
information_schema
mo_catalog
mysql
sub01
system
system_metrics
drop publication if exists sub_p01;
create publication sub_p01 database sub01 account acc02;
internal error: database 'sub01' is not a user database
drop database sub01;
drop publication pub01;
drop database publish_subscribed_table;
drop database if exists test10;
create database test10;
use test10;
create table table01(col1 varchar(50), col2 bigint);
insert into table01 values('database',23789324);
insert into table01 values('fhuwehwfw',3829032);
drop publication pub11;
internal error: publication 'pub11' does not exist
create publication pub11 table table01 account acc01;
SQL parser error: You have an error in your SQL syntax; check the manual that corresponds to your MatrixOne server version for the right syntax to use. syntax error at line 1 column 30 near " table table01 account acc01;";
create publication pub11 table table01;
SQL parser error: You have an error in your SQL syntax; check the manual that corresponds to your MatrixOne server version for the right syntax to use. syntax error at line 1 column 30 near " table table01;";
drop database test10;
drop database if exists mul01;
create database mul01;
use mul01;
create table table10 (col1 int, col2 float, col3 decimal, col4 enum('1','2','3','4'));
insert into table10 values (1, 12.21, 32324.32131, 1);
insert into table10 values (2, null, null, 2);
insert into table10 values (2, -12.1, 34738, null);
insert into table10 values (1, 90.2314, null, 4);
insert into table10 values (1, 43425.4325, -7483.432, 2);
drop publication if exists pub15;
create publication pub15 database mul01 account acc01;
drop database if exists sub15;
create database sub15 from sys publication pub15;
create database sub16 from sys publication pub15;
internal error: publication pub15 can only be subscribed once
drop database sub15;
drop publication pub15;
drop database mul01;
drop user if exists u01;
create user u01 identified by '111';
drop database if exists auth01;
internal error: do not have privilege to execute the statement
create database auth01;
internal error: do not have privilege to execute the statement
use auth01;
invalid database auth01
create publication p01 database auth01 account acc01;
internal error: do not have privilege to execute the statement
drop user u01;
drop database if exists dup01;
create database dup01;
use dup01;
create table t01(col1 int, col2 decimal);
insert into t01 values(1,2);
insert into t01 values(2,3);
drop publication if exists p10;
create publication p10 database dup01 account acc01;
create publication p10 database dup01 account acc02;
(Duplicate entry.*)|(internal error.*)
drop database if exists dup_sub01;
create database dup_sub01 from sys publication p10;
create database dup_sub01 from sys publication p10;
database dup_sub01 already exists
drop database dup_sub01;
drop publication p10;
drop database dup01;
drop account acc01;
drop account acc02;
drop account acc03;
