drop table if exists t1;
drop table if exists t2;
create table t1 (a smallint, b bigint, c int);
insert into t1 values (1,2,3);
insert into t1 values (1,2,3);
insert into t1 values (3,4,5);
insert into t1 values (3,4,5);
insert into t1 values (3,4,5);
insert into t1 values (4,5,6);
insert into t1 values (4,5,6);
insert into t1 values (1,1,2);
insert into t1 values (1,2,1);
insert into t1 values (3,4,5);
create table t2 (a smallint, b bigint, c int);
insert into t2 values (1,2,3);
insert into t2 values (1,2,3);
insert into t2 values (1,2,3);
insert into t2 values (3,4,5);
insert into t2 values (3,4,5);
insert into t2 values (1,2,1);
insert into t2 values (1,2,1);
(select * from t1 intersect all select * from t2) order by 1,2,3;
a    b    c
1    2    3
1    2    3
1    2    1
3    4    5
3    4    5
(select a,b from t1 intersect all select b,c from t2) order by 1,2;
a    b
4    5
4    5
drop table if exists t1;
drop table if exists t2;
create table t1 (
id int not null,
name varchar(20) default null,
country varchar(20) default null,
city varchar(20) default null,
PRIMARY KEY (id)
);
insert into t1 values (1, 'Aakash', 'INDIA', 'Mumbai');
insert into t1 values (2, 'George', 'USA', 'New York');
insert into t1 values (3, 'David', 'INDIA', 'Bangalore');
insert into t1 values (4, 'Leo', 'SPAIN', 'Madrid');
insert into t1 values (5, 'Rahul', 'INDIA', 'Delhi');
insert into t1 values (6, 'Brian', 'USA', 'Chicago');
insert into t1 values (7, 'Justin', 'SPAIN', 'Barcelona');
insert into t1 values (8, 'Judy', 'USA', null);
insert into t1 values (9, 'Jessica', null, null);
insert into t1 values (10, 'LiLei', 'CHINA', null);
create table t2 (
id int not null,
country varchar(20) default null,
city varchar(20) default null,
PRIMARY KEY  (id)
);
insert into t2 values(101, 'INDIA', 'Mumbai');
insert into t2 values(201, 'INDIA', 'Bangalore');
insert into t2 values(301, 'USA', 'Chicago');
insert into t2 values(401, 'USA', 'New York');
insert into t2 values(501, 'SPAIN', 'Madrid');
insert into t2 values(666, 'CHINA', null);
insert into t2 values(404, 'USA', null);
insert into t2 values(0, null, null);
(select country from t1 intersect all select country from t2) order by 1;
country
USA
USA
USA
null
CHINA
INDIA
INDIA
SPAIN
(select city from t1 intersect all select city from t2) order by 1;
city
New York
null
null
null
Chicago
Mumbai
Bangalore
Madrid
(select city from t1 intersect all select city from t2 where city is not null) order by 1;
city
New York
Chicago
Mumbai
Bangalore
Madrid
(select country,city from t1 intersect all select country,city from t2) order by 1,2;
country    city
INDIA    Mumbai
USA    New York
SPAIN    Madrid
USA    null
null    null
INDIA    Bangalore
USA    Chicago
CHINA    null
(select country,city from t1 where country='JAPAN' intersect all select country,city from t2) order by 1,2;
country    city
(select country,city from t1 intersect all select country,city from t2 where country='JAPAN') order by 1,2;
country    city
t1 intersect all select * from t2 ;
You have an error in your SQL syntax; check the manual that corresponds to your MatrixOne server version for the right syntax to use. syntax error at line 1 column 2 near "t1 intersect all select * from t2 ;";