select cast('2020-02-01' as date) + NULL;
cast(2020-02-01 as date) + null
NULL
select 1 + NULL;
1 + null
NULL
select NULL + 1;
null + 1
NULL
select NULL + cast('2020-02-01 00:00:00' as datetime);
null + cast(2020-02-01 00:00:00 as date)
NULL