drop database if exists rollup_test;
create database rollup_test;
use rollup_test;
drop table if exists sales;
create table sales(col1 float, col2 double);
insert into sales values (2000, 4525.32321);
insert into sales values (2001, 31214321.3432423);
insert into sales values (null, null);
select * from sales;
col1    col2
2000.0    4525.32321
2001.0    3.12143213432423E7
null    null
select col1, sum(col2) as profit from sales group by col1 with rollup;
col1    profit
2000.0    4525.32321
2001.0    3.12143213432423E7
null    null
null    3.12188466664523E7
select col1, avg(col2) as profit from sales group by col1 with rollup;
col1    profit
2000.0    4525.32321
2001.0    3.12143213432423E7
null    null
null    1.560942333322615E7
drop table sales;
drop table if exists sales;
create table sales(year int, quarter int, amount int);
insert into sales values (2021,1,100);
insert into sales values (2021,2,150);
insert into sales values (2021,3,200);
insert into sales values (2021,4,250);
insert into sales values (2022,1,300);
insert into sales values (2022,2,350);
insert into sales values (2022,3,400);
insert into sales values (2022,4,450);
select * from sales;
year    quarter    amount
2021    1    100
2021    2    150
2021    3    200
2021    4    250
2022    1    300
2022    2    350
2022    3    400
2022    4    450
select year, quarter, sum(amount) as total_sales from sales group by year, quarter with rollup;
year    quarter    total_sales
2021    1    100
2021    2    150
2021    3    200
2021    4    250
2022    1    300
2022    2    350
2022    3    400
2022    4    450
null    null    2200
2021    null    700
2022    null    1500
select year, quarter, avg(amount) as avg_sales from sales group by year, quarter with rollup;
year    quarter    avg_sales
2021    1    100.0
2021    2    150.0
2021    3    200.0
2021    4    250.0
2022    1    300.0
2022    2    350.0
2022    3    400.0
2022    4    450.0
null    null    275.0
2021    null    175.0
2022    null    375.0
select year, quarter, count(amount) as avg_sales from sales group by year, quarter with rollup order by avg_sales desc;
year    quarter    avg_sales
null    null    8
2021    null    4
2022    null    4
2021    1    1
2021    2    1
2021    3    1
2021    4    1
2022    1    1
2022    2    1
2022    3    1
2022    4    1
show create table sales;
Table    Create Table
sales    CREATE TABLE `sales` (\n  `year` int DEFAULT NULL,\n  `quarter` int DEFAULT NULL,\n  `amount` int DEFAULT NULL\n)
select * from sales;
year    quarter    amount
2021    1    100
2021    2    150
2021    3    200
2021    4    250
2022    1    300
2022    2    350
2022    3    400
2022    4    450
truncate sales;
drop table sales;
drop table if exists sales;
create table sales (
year int,
quarter char(2),
product text,
amount decimal(10, 2)
);
insert into sales (year, quarter, product, amount) values
(2022, 'Q1', 'Product A', 1000.00),
(2022, 'Q1', 'Product B', 1500.00),
(2022, 'Q2', 'Product A', 2000.00),
(2022, 'Q2', 'Product C', 2500.00),
(2023, 'Q1', 'Product A', 3000.00),
(2023, 'Q1', 'Product B', 3500.00),
(2023, 'Q2', 'Product B', 4000.00),
(2023, 'Q2', 'Product C', 4500.00);
select
year,
quarter,
null as product,
sum(amount) as total_sales
from
sales
group by
year,
quarter with rollup;
year    quarter    product    total_sales
2022    Q1    null    2500.00
2022    Q2    null    4500.00
2023    Q1    null    6500.00
2023    Q2    null    8500.00
2022    null    null    7000.00
2023    null    null    15000.00
null    null    null    22000.00
select
year,
quarter,
product,
sum(amount) as total_sales
from
sales
group by
year,
quarter,
product with rollup;
year    quarter    product    total_sales
null    null    null    22000.00
2022    null    null    7000.00
2023    null    null    15000.00
2022    Q1    null    2500.00
2022    Q2    null    4500.00
2023    Q1    null    6500.00
2023    Q2    null    8500.00
2022    Q1    Product A    1000.00
2022    Q1    Product B    1500.00
2022    Q2    Product A    2000.00
2022    Q2    Product C    2500.00
2023    Q1    Product A    3000.00
2023    Q1    Product B    3500.00
2023    Q2    Product B    4000.00
2023    Q2    Product C    4500.00
select
year,
quarter,
product,
sum(amount) as total_sales
from
sales
group by
year,
quarter,
product with rollup
having
(product is not null and quarter is not null) or
(product is null and quarter is null);
year    quarter    product    total_sales
null    null    null    22000.00
2022    null    null    7000.00
2023    null    null    15000.00
2022    Q1    Product A    1000.00
2022    Q1    Product B    1500.00
2022    Q2    Product A    2000.00
2022    Q2    Product C    2500.00
2023    Q1    Product A    3000.00
2023    Q1    Product B    3500.00
2023    Q2    Product B    4000.00
2023    Q2    Product C    4500.00
select
year,
quarter,
product,
sum(amount) as total_sales
from
sales
group by
year,
quarter,
product with rollup
having
(product = 'Product A') or (product = 'Product B');
year    quarter    product    total_sales
2022    Q1    Product A    1000.00
2022    Q1    Product B    1500.00
2022    Q2    Product A    2000.00
2023    Q1    Product A    3000.00
2023    Q1    Product B    3500.00
2023    Q2    Product B    4000.00
drop table sales;
drop table if exists orders;
drop table if exists order_items;
drop table if exists customers;
drop table if exists products;
drop table if exists categories;
create table orders (
order_id int primary key ,
customer_id int,
order_date date,
status enum('Pending', 'Shipped', 'Delivered', 'Cancelled')
);
insert into orders (order_id, customer_id, order_date, status) values
(1, 1, '2024-01-01', 'Delivered'),
(2, 2, '2024-01-02', 'Shipped'),
(3, 3, '2024-01-03', 'Delivered'),
(4, 1, '2024-01-04', 'Delivered');
select * from orders;
order_id    customer_id    order_date    status
1    1    2024-01-01    Delivered
2    2    2024-01-02    Shipped
3    3    2024-01-03    Delivered
4    1    2024-01-04    Delivered
create table order_items (
item_id int primary key,
order_id int,
product_id int,
quantity int,
price decimal(10, 2)
);
insert into order_items (item_id, order_id, product_id, quantity, price) values
(1, 1, 101, 2, 19.99),
(2, 1, 102, 1, 29.99),
(3, 2, 103, 3, 9.99),
(4, 3, 104, 1, 49.99),
(5, 4, 101, 1, 19.99);
select * from order_items;
item_id    order_id    product_id    quantity    price
1    1    101    2    19.99
2    1    102    1    29.99
3    2    103    3    9.99
4    3    104    1    49.99
5    4    101    1    19.99
create table customers (
customer_id int primary key,
first_name varchar(50),
last_name varchar(50),
city char(50)
);
insert into customers (customer_id, first_name, last_name, city) values
(1, 'John', 'Doe', 'New York'),
(2, 'Jane', 'Smith', 'Los Angeles'),
(3, 'Alice', 'Johnson', 'Chicago');
select * from customers;
customer_id    first_name    last_name    city
1    John    Doe    New York
2    Jane    Smith    Los Angeles
3    Alice    Johnson    Chicago
create table products (
product_id int primary key,
product_name varchar(100),
category_id int
);
insert into products (product_id, product_name, category_id) values
(101, 'Product A', 1),
(102, 'Product B', 1),
(103, 'Product C', 2),
(104, 'Product D', 2);
select * from products;
product_id    product_name    category_id
101    Product A    1
102    Product B    1
103    Product C    2
104    Product D    2
create table categories (
category_id int primary key,
category_name varchar(100)
);
insert into categories (category_id, category_name) values
(1, 'Electronics'),
(2, 'Books');
select * from categories;
category_id    category_name
1    Electronics
2    Books
select
year(o.order_date) as order_year,
month(o.order_date) as order_month,
c.city,
cat.category_name,
sum(oi.quantity * oi.price) as total_sales
from
orders o
join
order_items oi on o.order_id = oi.order_id
join
customers c on o.customer_id = c.customer_id
join
products p on oi.product_id = p.product_id
join
categories cat on p.category_id = cat.category_id
where
o.status = 'Delivered'
group by
year(o.order_date),
month(o.order_date),
cat.category_name,
c.city,
c.customer_id,
cat.category_id with rollup
order by
order_year,
order_month,
c.city,
cat.category_name;
[unknown result because it is related to issue#20000]
select
year(o.order_date) as order_year,
month(o.order_date) as order_month,
c.city,
cat.category_name,
sum(oi.quantity * oi.price) as total_sales,
grouping(year(o.order_date)) as year_grouping,
grouping(month(o.order_date)) as month_grouping,
grouping(c.city) as city_grouping,
grouping(c.customer_id) as customer_grouping,
grouping(cat.category_id) as category_grouping
from
orders o
join
order_items oi on o.order_id = oi.order_id
join
customers c on o.customer_id = c.customer_id
join
products p on oi.product_id = p.product_id
join
categories cat on p.category_id = cat.category_id
where
o.status = 'Delivered'
group by
year(o.order_date),
month(o.order_date),
cat.category_name,
c.city,
c.customer_id,
cat.category_id with rollup
order by
order_year,
order_month,
c.city,
cat.category_name;
[unknown result because it is related to issue#19993]
drop table if exists orders;
drop table if exists order_items;
drop table if exists customers;
drop table if exists products;
drop table if exists categories;
drop table if exists uint_64;
create table uint_64(i bigint unsigned, j bigint unsigned, k decimal);
insert into uint_64 values (18446744073709551615, 2147483647, 123213.99898);
insert into uint_64 values (4294967295, 2147483647, 2);
insert into uint_64 values (18446744073709551615, 1, 2);
insert into uint_64 values (2147483647, 23289483, 123213.99898);
insert into uint_64 values (13289392, 2, 2);
insert into uint_64 values (18446744073709551615, 23289483, 1);
insert into uint_64 values (3824, 13289392, 123213.99898);
insert into uint_64 values (2438294, 1, 2);
insert into uint_64 values (3824, 13289392, 1);
select * from uint_64;
i    j    k
18446744073709551615    2147483647    123214
4294967295    2147483647    2
18446744073709551615    1    2
2147483647    23289483    123214
13289392    2    2
18446744073709551615    23289483    1
3824    13289392    123214
2438294    1    2
3824    13289392    1
select
i, j, sum(k) as total
from
uint_64
group by
i, j with rollup;
i    j    total
null    null    369652
18446744073709551615    2147483647    123214
4294967295    2147483647    2
18446744073709551615    1    2
2147483647    23289483    123214
13289392    2    2
18446744073709551615    23289483    1
3824    13289392    123215
2438294    1    2
18446744073709551615    null    123217
4294967295    null    2
2147483647    null    123214
13289392    null    2
3824    null    123215
2438294    null    2
select
i, j, sum(k) as total
from
uint_64
group by
j, i with rollup;
i    j    total
null    null    369652
18446744073709551615    2147483647    123214
4294967295    2147483647    2
18446744073709551615    1    2
2147483647    23289483    123214
13289392    2    2
18446744073709551615    23289483    1
3824    13289392    123215
2438294    1    2
null    2147483647    123216
null    1    4
null    23289483    123215
null    2    2
null    13289392    123215
select
i, j, sum(k) as total
from
uint_64
group by
j, i with rollup
having
(i is not null and j is not null);
i    j    total
18446744073709551615    2147483647    123214
4294967295    2147483647    2
18446744073709551615    1    2
2147483647    23289483    123214
13289392    2    2
18446744073709551615    23289483    1
3824    13289392    123215
2438294    1    2
drop table uint_64;
drop table if exists sales;
create table sales (
year int,
quarter int,
region text,
amount decimal(10, 2)
);
insert into sales (year, quarter, region, amount) values
(2021, 1, 'North', 10000),
(2021, 1, 'South', 15000),
(2021, 2, 'North', 20000),
(2021, 2, 'South', 25000),
(2022, 1, 'North', 30000),
(2022, 1, 'South', 35000),
(2022, 2, 'North', 40000),
(2022, 2, 'South', 45000);
select
year,
quarter,
region,
sum(amount) as total_sales
from
sales
group by
year,
quarter,
region with rollup
order by
total_sales desc;
year    quarter    region    total_sales
null    null    null    220000.00
2022    null    null    150000.00
2022    2    null    85000.00
2021    null    null    70000.00
2022    1    null    65000.00
2022    2    South    45000.00
2021    2    null    45000.00
2022    2    North    40000.00
2022    1    South    35000.00
2022    1    North    30000.00
2021    2    South    25000.00
2021    1    null    25000.00
2021    2    North    20000.00
2021    1    South    15000.00
2021    1    North    10000.00
select
if(grouping(year), 'Total', cast(year as char)) as year,
if(grouping(quarter), 'Total', cast(quarter as char)) as quarter,
if(grouping(region), 'Total', region) as region,
sum(amount) as total_sales
from
sales
group by
year,
quarter,
region with rollup;
year    quarter    region    total_sales
2021    Total    Total    70000.00
2022    Total    Total    150000.00
Total    Total    Total    220000.00
2021    1    Total    25000.00
2021    2    Total    45000.00
2022    1    Total    65000.00
2022    2    Total    85000.00
2021    1    North    10000.00
2021    1    South    15000.00
2021    2    North    20000.00
2021    2    South    25000.00
2022    1    North    30000.00
2022    1    South    35000.00
2022    2    North    40000.00
2022    2    South    45000.00
select
grouping(year) as year,
grouping(quarter) as quarter,
grouping(region) as region,
sum(amount) as total_sales
from
sales
group by
year,
quarter,
region with rollup;
year    quarter    region    total_sales
1    1    1    220000.00
0    1    1    70000.00
0    1    1    150000.00
0    0    0    10000.00
0    0    0    15000.00
0    0    0    20000.00
0    0    0    25000.00
0    0    0    30000.00
0    0    0    35000.00
0    0    0    40000.00
0    0    0    45000.00
0    0    1    25000.00
0    0    1    45000.00
0    0    1    65000.00
0    0    1    85000.00
select
grouping(year) as year,
grouping(quarter) as quarter,
grouping(region) as region,
count(amount) as total_sales
from
sales
group by
year,
quarter,
region with rollup;
year    quarter    region    total_sales
1    1    1    8
0    1    1    4
0    1    1    4
0    0    1    2
0    0    1    2
0    0    1    2
0    0    1    2
0    0    0    1
0    0    0    1
0    0    0    1
0    0    0    1
0    0    0    1
0    0    0    1
0    0    0    1
0    0    0    1
select
if(grouping(year), 'Total', cast(year as char)) as year,
if(grouping(quarter), 'Total', cast(quarter as char)) as quarter,
if(grouping(region), 'Total', region) as region,
min(amount) as total_sales
from
sales
group by
year,
quarter,
region with rollup
order by
total_sales desc;
year    quarter    region    total_sales
2022    2    South    45000.00
2022    2    Total    40000.00
2022    2    North    40000.00
2022    1    South    35000.00
2022    1    North    30000.00
2022    1    Total    30000.00
2022    Total    Total    30000.00
2021    2    South    25000.00
2021    2    North    20000.00
2021    2    Total    20000.00
2021    1    South    15000.00
2021    1    North    10000.00
Total    Total    Total    10000.00
2021    1    Total    10000.00
2021    Total    Total    10000.00
select
if(grouping(year), 'Total', cast(year as char)) as year,
if(grouping(quarter), 'Total', cast(quarter as char)) as quarter,
if(grouping(region), 'Total', region) as region,
max(amount) as total_sales
from
sales
group by
year,
quarter,
region with rollup;
year    quarter    region    total_sales
Total    Total    Total    45000.00
2021    Total    Total    25000.00
2022    Total    Total    45000.00
2021    1    North    10000.00
2021    1    South    15000.00
2021    2    North    20000.00
2021    2    South    25000.00
2022    1    North    30000.00
2022    1    South    35000.00
2022    2    North    40000.00
2022    2    South    45000.00
2021    1    Total    15000.00
2021    2    Total    25000.00
2022    1    Total    35000.00
2022    2    Total    45000.00
select
year,
quarter,
region,
sum(amount) as total_sales
from
sales
group by
year,
quarter,
region with rollup
order by total_sales desc;
year    quarter    region    total_sales
null    null    null    220000.00
2022    null    null    150000.00
2022    2    null    85000.00
2021    null    null    70000.00
2022    1    null    65000.00
2022    2    South    45000.00
2021    2    null    45000.00
2022    2    North    40000.00
2022    1    South    35000.00
2022    1    North    30000.00
2021    2    South    25000.00
2021    1    null    25000.00
2021    2    North    20000.00
2021    1    South    15000.00
2021    1    North    10000.00
select
if(grouping(year), 'All years', year) as year,
if(grouping(quarter), 'Quarter', quarter) as quarter,
region,
sum(amount) as total_sales
from
sales
group by
year,
quarter,
region with rollup
order by total_sales desc;
[unknown result because it is related to issue#19998]
drop table sales;
drop table if exists sales_details;
create table sales_details (
id int auto_increment primary key,
sale_date date,
year int,
quarter varchar(2),
region char(50),
country varchar(50),
state varchar(50),
city varchar(50),
product_category varchar(50),
product_name varchar(50),
amount decimal(10, 2)
);
insert into sales_details (sale_date, year, quarter, region, country, state, city, product_category, product_name, amount) values
('2022-01-15', 2022, 'Q1', 'North America', 'USA', 'California', 'Los Angeles', 'Electronics', 'Laptop', 1000.00),
('2022-02-20', 2022, 'Q1', 'North America', 'USA', 'California', 'San Francisco', 'Electronics', 'Smartphone', 1500.00),
('2022-03-30', 2022, 'Q1', 'Europe', 'France', 'Ile-de-France', 'Paris', 'Furniture', 'Sofa', 2000.00),
('2023-09-10', 2023, 'Q3', 'asia', 'Japan', 'Tokyo', 'Tokyo', 'Electronics', 'Tablet', 4500.00),
('2023-09-10', 2023, 'Q3', 'asia', 'Japan', 'Tokyo', 'Tokyo', 'Electronics', 'Tablet', 4500.00);
select
year,
quarter,
region,
country,
state,
city,
product_category,
product_name,
sum(amount) as total_sales,
if(grouping(year), '9999', year) as sort_year,
if(grouping(quarter), 'ZZ', quarter) as sort_quarter,
if(grouping(region), 'ZZZ', quarter) as sort_region,
if(grouping(country), 'ZZZZ', country) as sort_country,
if(grouping(state), 'ZZZZZ', state) as sort_state,
if(grouping(city), 'ZZZZZZ', city) as sort_city,
if(grouping(product_category), 'ZZZZZZZ', product_category) as sort_product_category,
if(grouping(product_name), 'ZZZZZZZZZZZZZZZZ', product_name) as sort_product_name
from
sales_details
group by
year,
quarter,
region,
country,
state,
city,
product_category,
product_name with rollup
order by
sort_year desc,
sort_quarter asc,
sort_region asc,
sort_country asc,
sort_state asc,
sort_city asc,
sort_product_category asc,
sort_product_name asc;
year    quarter    region    country    state    city    product_category    product_name    total_sales    sort_year    sort_quarter    sort_region    sort_country    sort_state    sort_city    sort_product_category    sort_product_name
null    null    null    null    null    null    null    null    13500.00    9999    ZZ    ZZZ    ZZZZ    ZZZZZ    ZZZZZZ    ZZZZZZZ    ZZZZZZZZZZZZZZZZ
2023    Q3    asia    Japan    Tokyo    Tokyo    Electronics    Tablet    9000.00    2023    Q3    Q3    Japan    Tokyo    Tokyo    Electronics    Tablet
2023    Q3    asia    Japan    Tokyo    Tokyo    Electronics    null    9000.00    2023    Q3    Q3    Japan    Tokyo    Tokyo    Electronics    ZZZZZZZZZZZZZZZZ
2023    Q3    asia    Japan    Tokyo    Tokyo    null    null    9000.00    2023    Q3    Q3    Japan    Tokyo    Tokyo    ZZZZZZZ    ZZZZZZZZZZZZZZZZ
2023    Q3    asia    Japan    Tokyo    null    null    null    9000.00    2023    Q3    Q3    Japan    Tokyo    ZZZZZZ    ZZZZZZZ    ZZZZZZZZZZZZZZZZ
2023    Q3    asia    Japan    null    null    null    null    9000.00    2023    Q3    Q3    Japan    ZZZZZ    ZZZZZZ    ZZZZZZZ    ZZZZZZZZZZZZZZZZ
2023    Q3    asia    null    null    null    null    null    9000.00    2023    Q3    Q3    ZZZZ    ZZZZZ    ZZZZZZ    ZZZZZZZ    ZZZZZZZZZZZZZZZZ
2023    Q3    null    null    null    null    null    null    9000.00    2023    Q3    ZZZ    ZZZZ    ZZZZZ    ZZZZZZ    ZZZZZZZ    ZZZZZZZZZZZZZZZZ
2023    null    null    null    null    null    null    null    9000.00    2023    ZZ    ZZZ    ZZZZ    ZZZZZ    ZZZZZZ    ZZZZZZZ    ZZZZZZZZZZZZZZZZ
2022    Q1    Europe    France    Ile-de-France    Paris    Furniture    Sofa    2000.00    2022    Q1    Q1    France    Ile-de-France    Paris    Furniture    Sofa
2022    Q1    Europe    France    Ile-de-France    Paris    Furniture    null    2000.00    2022    Q1    Q1    France    Ile-de-France    Paris    Furniture    ZZZZZZZZZZZZZZZZ
2022    Q1    Europe    France    Ile-de-France    Paris    null    null    2000.00    2022    Q1    Q1    France    Ile-de-France    Paris    ZZZZZZZ    ZZZZZZZZZZZZZZZZ
2022    Q1    Europe    France    Ile-de-France    null    null    null    2000.00    2022    Q1    Q1    France    Ile-de-France    ZZZZZZ    ZZZZZZZ    ZZZZZZZZZZZZZZZZ
2022    Q1    Europe    France    null    null    null    null    2000.00    2022    Q1    Q1    France    ZZZZZ    ZZZZZZ    ZZZZZZZ    ZZZZZZZZZZZZZZZZ
2022    Q1    North America    USA    California    Los Angeles    Electronics    Laptop    1000.00    2022    Q1    Q1    USA    California    Los Angeles    Electronics    Laptop
2022    Q1    North America    USA    California    Los Angeles    Electronics    null    1000.00    2022    Q1    Q1    USA    California    Los Angeles    Electronics    ZZZZZZZZZZZZZZZZ
2022    Q1    North America    USA    California    Los Angeles    null    null    1000.00    2022    Q1    Q1    USA    California    Los Angeles    ZZZZZZZ    ZZZZZZZZZZZZZZZZ
2022    Q1    North America    USA    California    San Francisco    Electronics    Smartphone    1500.00    2022    Q1    Q1    USA    California    San Francisco    Electronics    Smartphone
2022    Q1    North America    USA    California    San Francisco    Electronics    null    1500.00    2022    Q1    Q1    USA    California    San Francisco    Electronics    ZZZZZZZZZZZZZZZZ
2022    Q1    North America    USA    California    San Francisco    null    null    1500.00    2022    Q1    Q1    USA    California    San Francisco    ZZZZZZZ    ZZZZZZZZZZZZZZZZ
2022    Q1    North America    USA    California    null    null    null    2500.00    2022    Q1    Q1    USA    California    ZZZZZZ    ZZZZZZZ    ZZZZZZZZZZZZZZZZ
2022    Q1    North America    USA    null    null    null    null    2500.00    2022    Q1    Q1    USA    ZZZZZ    ZZZZZZ    ZZZZZZZ    ZZZZZZZZZZZZZZZZ
2022    Q1    North America    null    null    null    null    null    2500.00    2022    Q1    Q1    ZZZZ    ZZZZZ    ZZZZZZ    ZZZZZZZ    ZZZZZZZZZZZZZZZZ
2022    Q1    Europe    null    null    null    null    null    2000.00    2022    Q1    Q1    ZZZZ    ZZZZZ    ZZZZZZ    ZZZZZZZ    ZZZZZZZZZZZZZZZZ
2022    Q1    null    null    null    null    null    null    4500.00    2022    Q1    ZZZ    ZZZZ    ZZZZZ    ZZZZZZ    ZZZZZZZ    ZZZZZZZZZZZZZZZZ
2022    null    null    null    null    null    null    null    4500.00    2022    ZZ    ZZZ    ZZZZ    ZZZZZ    ZZZZZZ    ZZZZZZZ    ZZZZZZZZZZZZZZZZ
drop table sales_details;
drop table if exists sales_mixed_types;
create table sales_mixed_types (
year int,
quarter int,
region text,
amount decimal(10, 2)
);
insert into sales_mixed_types (year, quarter, region, amount) values
(2021, 1, 'North', 10000),
(2021, 1, 'South', 15000),
(2021, 2, 'North', 20000),
(2021, 2, 'South', 25000),
(2022, 1, 'North', 30000),
(2022, 1, 'South', 35000),
(2022, 2, 'North', 40000),
(2022, 2, 'South', 45000);
select
if(grouping(year), 'All years', year) AS year_label,
if(grouping(quarter), 'All quarters', quarter) as quarter_label,
region,
sum(amount) as total_sales
from
sales_mixed_types
group by
year,
quarter,
region with rollup
order by year_label, quarter_label, region;
year_label    quarter_label    region    total_sales
2021    1    North    10000.00
2021    1    South    15000.00
2021    1    null    25000.00
2021    2    North    20000.00
2021    2    South    25000.00
2021    2    null    45000.00
2021    All quarters    null    70000.00
2022    1    North    30000.00
2022    1    South    35000.00
2022    1    null    65000.00
2022    2    North    40000.00
2022    2    South    45000.00
2022    2    null    85000.00
2022    All quarters    null    150000.00
All years    All quarters    null    220000.00
select
if(grouping(year) = 0, year, 'Grand Total') AS year_label,
sum(amount) as total_sales
from
sales_mixed_types
group by
year with rollup
order by year_label;
year_label    total_sales
2021    70000.00
2022    150000.00
Grand Total    220000.00
select
if(grouping(year), 'All', cast(year as char)) AS year_str,
if(grouping(quarter), 'Total', quarter) as quarter_val,
count(*) as cnt
from
sales_mixed_types
group by
year,
quarter with rollup
order by year_str, quarter_val;
year_str    quarter_val    cnt
2021    1    2
2021    2    2
2021    Total    4
2022    1    2
2022    2    2
2022    Total    4
All    Total    8
select
year,
if(grouping(region), if(grouping(year), 'Grand Total', 'Year Total'), region) as region_label,
sum(amount) as total_sales
from
sales_mixed_types
group by
year,
region with rollup
order by year, region_label;
year    region_label    total_sales
null    Grand Total    220000.00
2021    North    30000.00
2021    South    40000.00
2021    Year Total    70000.00
2022    North    70000.00
2022    South    80000.00
2022    Year Total    150000.00
select
case when grouping(year) = 1 then 'All years' else cast(year as char) end AS year_label,
case when grouping(quarter) = 1 then 'All quarters' else cast(quarter as char) end as quarter_label,
sum(amount) as total_sales
from
sales_mixed_types
group by
year,
quarter with rollup
order by year_label, quarter_label;
year_label    quarter_label    total_sales
2021    1    25000.00
2021    2    45000.00
2021    All quarters    70000.00
2022    1    65000.00
2022    2    85000.00
2022    All quarters    150000.00
All years    All quarters    220000.00
select
concat('Year: ', if(grouping(year), 'Total', year)) AS year_label,
sum(amount) as total_sales
from
sales_mixed_types
group by
year with rollup
order by year_label;
year_label    total_sales
Year: 2021    70000.00
Year: 2022    150000.00
Year: Total    220000.00
drop table sales_mixed_types;
drop database rollup_test;
