drop database if exists time_window;
create database time_window;
use time_window;
drop table if exists time_window01;
create table time_window01 (ts timestamp, col2 int);
insert into time_window01 values ('2021-01-12 00:00:00.000', 12);
insert into time_window01 values ('2020-01-12 12:00:12.000', 24);
insert into time_window01 values ('2021-01-12 00:00:00.000', 34);
insert into time_window01 values ('2020-01-12 12:00:12.000', 20);
select * from time_window01;
ts    col2
2021-01-12 00:00:00    12
2020-01-12 12:00:12    24
2021-01-12 00:00:00    34
2020-01-12 12:00:12    20
select _wstart, _wend, max(col2), min(col2) from time_window01 where ts > '2020-01-11 12:00:12.000' and ts < '2021-01-13 00:00:00.000' interval(ts, 100, day) fill(prev);
not supported: time_window01.ts is not only primary key in time window
drop table time_window01;
drop table if exists time_window02;
create table time_window02 (ts timestamp primary key , col2 bool);
insert into time_window02 values ('2023-10-26 10:00:00.000', false);
insert into time_window02 values ('2023-10-26 10:10:00.000', true);
insert into time_window02 values ('2023-10-26 10:20:00.000', null);
insert into time_window02 values ('2023-10-26 10:30:00.000', true);
select * from time_window02;
ts    col2
2023-10-26 10:00:00    false
2023-10-26 10:10:00    true
2023-10-26 10:20:00    null
2023-10-26 10:30:00    true
select _wstart, _wend, max(col2), min(col2) from time_window02 where ts > '2020-01-11 12:00:12.000' and ts < '2024-01-13 00:00:00.000' interval(ts, 10, second) fill(prev);
_wstart    _wend    max(col2)    min(col2)
2023-10-26 10:00:00    2023-10-26 10:00:10    false    false
2023-10-26 10:10:00    2023-10-26 10:10:10    true    true
2023-10-26 10:20:00    2023-10-26 10:20:10    true    true
2023-10-26 10:30:00    2023-10-26 10:30:10    true    true
drop table time_window02;
drop table if exists time_window03;
create table time_window03 (ts datetime primary key , col2 int);
insert into time_window03 values ('2021-01-12 00:00:00', 12);
insert into time_window03 values ('2020-01-12 12:00:12', 24);
insert into time_window03 values ('2021-01-14 00:00:00', 34);
insert into time_window03 values ('2020-01-16 12:00:12', 20);
select * from time_window03;
ts    col2
2021-01-12 00:00:00    12
2020-01-12 12:00:12    24
2021-01-14 00:00:00    34
2020-01-16 12:00:12    20
select _wstart, _wend, max(col2), min(col2) from time_window03 where ts > '2020-01-11 12:00:12.000' and ts < '2021-01-13 00:00:00.000' interval(ts, 100, day) fill(prev);
not supported: the type of time_window03.ts must be timestamp in time window
drop table time_window03;
drop table if exists time_window04;
create table time_window04 (ts timestamp primary key, col2 char, col3 varchar(10), col4 text);
insert into time_window04 values ('2023-10-26 10:00:00.000', 'a', 'b', 'djiweijwfcjwefwq');
insert into time_window04 values ('2020-01-12 12:00:12.000', '1', '2', 'efwq3232e数据库系统');
insert into time_window04 values ('2021-01-12 00:00:00.000', '是', 'srewrew', null);
insert into time_window04 values ('2023-10-26 10:30:00.000', 'w', null, null);
select * from time_window04;
ts    col2    col3    col4
2023-10-26 10:00:00    a    b    djiweijwfcjwefwq
2020-01-12 12:00:12    1    2    efwq3232e数据库系统
2021-01-12 00:00:00    是    srewrew    null
2023-10-26 10:30:00    w    null    null
select _wstart, _wend, max(col2), min(col3), max() from time_window04 where ts > '2020-01-11 12:00:12.000' and ts < '2021-01-13 00:00:00.000' interval(ts, 100, day) fill(prev);
SQL parser error: You have an error in your SQL syntax; check the manual that corresponds to your MatrixOne server version for the right syntax to use. syntax error at line 1 column 50 near ") from time_window04 where ts > '2020-01-11 12:00:12.000' and ts < '2021-01-13 00:00:00.000' interval(ts, 100, day) fill(prev);";
drop table time_window04;
drop table if exists time_window05;
create table time_window05 (ts datetime primary key , col2 decimal);
insert into time_window05 values ('2022-10-10', 4324.43423);
insert into time_window05 values ('2022-10-12', -4324.43423);
select * from time_window05;
ts    col2
2022-10-10 00:00:00    4324
2022-10-12 00:00:00    -4324
select _wstart, _wend, max(col2) from time_window05 where ts > '2020-01-11 12:00:12.000' and ts < '2021-01-13 00:00:00.000' interval(ts, 100, day) fill(prev);
not supported: the type of time_window05.ts must be timestamp in time window
drop table time_window05;
drop table if exists time_window06;
create table time_window06 (ts timestamp, col2 int);
insert into time_window06 values ('2020-01-01 10:00:00.000', 212332);
insert into time_window06 values ('2020-01-02 12:00:00.000', -3890232);
insert into time_window06 values ('2020-01-04 09:00:00.000', null);
select * from time_window06;
ts    col2
2020-01-01 10:00:00    212332
2020-01-02 12:00:00    -3890232
2020-01-04 09:00:00    null
select _wstart, _wend, max(col2) from time_window05 where ts > '2020-01-11 12:00:12.000' and ts < '2021-01-13 00:00:00.000' interval(ts, 100, day) fill(prev);
SQL parser error: table "time_window05" does not exist
drop table time_window06;
drop table if exists time_window07;
create table time_window07 (ts timestamp primary key, col2 smallint unsigned);
insert into time_window07 values ('2020-01-01 10:00:00.000', 127);
insert into time_window07 values ('2020-01-02 12:00:00.000', 0);
select _wstart, _wend, max(col2) from time_window07 where ts > '2020-01-01 00:00:00.000' and ts < '2021-01-13 00:00:00.000' interval(ts, 0.1, second) fill(next);
SQL parser error: You have an error in your SQL syntax; check the manual that corresponds to your MatrixOne server version for the right syntax to use. syntax error at line 1 column 140 near " 0.1, second) fill(next);";
drop table time_window07;
drop table if exists time_window08;
create table time_window08 (ts timestamp primary key, col2 smallint unsigned);
insert into time_window08 values ('2020-01-01 10:00:00.000', 127);
insert into time_window08 values ('2020-01-02 12:00:00.000', 0);
insert into time_window08 values ('2020-01-03 12:00:00.000', 22);
select _wstart, _wend, max(col2) from time_window08 where ts > '2020-01-01 00:00:00.000' and ts < '2021-01-13 00:00:00.000' interval(ts, 1, day) sliding(2,day);

drop table time_window08;
drop table if exists int01;
create table int01 (ts timestamp primary key , col2 tinyint unsigned, col3 smallint, col4 bigint unsigned);
insert into int01 values ('2020-01-01 10:00:00.000', 127, null, 32151654354);
insert into int01 values ('2020-01-02 12:00:00.000', 0, null, 9223372036854775807);
insert into int01 values ('2020-01-03 13:00:00.000', 64, null, null);
insert into int01 values ('2020-01-04 09:00:00.000', 100, -1921, 32173892173092);
insert into int01 values ('2020-01-05 09:00:00.000', 200, 0, 37219739821);
insert into int01 values ('2020-01-06 09:00:00.000', 200, 0, 294095);
select * from int01;
ts    col2    col3    col4
2020-01-01 10:00:00    127    null    32151654354
2020-01-02 12:00:00    0    null    9223372036854775807
2020-01-03 13:00:00    64    null    null
2020-01-04 09:00:00    100    -1921    32173892173092
2020-01-05 09:00:00    200    0    37219739821
2020-01-06 09:00:00    200    0    294095
select _wstart, _wend, max(col2), min(col3), avg(col4) from int01 where ts > '2020-01-01 00:00:00.000' and ts < '2021-01-13 00:00:00.000' interval(ts, 1, day);
_wstart    _wend    max(col2)    min(col3)    avg(col4)
2020-01-01 00:00:00    2020-01-02 00:00:00    127    null    3.2151654354E10
2020-01-02 00:00:00    2020-01-03 00:00:00    0    null    9.223372036854776E18
2020-01-03 00:00:00    2020-01-04 00:00:00    64    null    null
2020-01-04 00:00:00    2020-01-05 00:00:00    100    -1921    3.2173892173092E13
2020-01-05 00:00:00    2020-01-06 00:00:00    200    0    3.7219739821E10
2020-01-06 00:00:00    2020-01-07 00:00:00    200    0    294095.0
select _wstart, _wend, max(col2), min(col3), avg(col4) from int01 where ts > '2020-01-01 00:00:00.000' and ts < '2021-01-13 00:00:00.000' interval(ts, 1, day) fill(prev);
_wstart    _wend    max(col2)    min(col3)    avg(col4)
2020-01-01 00:00:00    2020-01-02 00:00:00    127    null    3.2151654354E10
2020-01-02 00:00:00    2020-01-03 00:00:00    0    null    9.223372036854776E18
2020-01-03 00:00:00    2020-01-04 00:00:00    64    null    9.223372036854776E18
2020-01-04 00:00:00    2020-01-05 00:00:00    100    -1921    3.2173892173092E13
2020-01-05 00:00:00    2020-01-06 00:00:00    200    0    3.7219739821E10
2020-01-06 00:00:00    2020-01-07 00:00:00    200    0    294095.0
select _wstart, _wend, max(col2), min(col3), avg(col4) from int01 where ts > '2020-01-01 00:00:00.000' and ts < '2021-01-13 00:00:00.000' interval(ts, 1, day) fill(next);

select _wstart, _wend, max(col2), min(col3), avg(col4) from int01 where ts > '2020-01-01 00:00:00.000' and ts < '2021-01-13 00:00:00.000' interval(ts, 1, day) fill(linear);
_wstart    _wend    max(col2)    min(col3)    avg(col4)
2020-01-01 00:00:00    2020-01-02 00:00:00    127    null    3.2151654354E10
2020-01-02 00:00:00    2020-01-03 00:00:00    0    null    9.223372036854776E18
2020-01-03 00:00:00    2020-01-04 00:00:00    64    null    4.6117021053734748E18
2020-01-04 00:00:00    2020-01-05 00:00:00    100    -1921    3.2173892173092E13
2020-01-05 00:00:00    2020-01-06 00:00:00    200    0    3.7219739821E10
2020-01-06 00:00:00    2020-01-07 00:00:00    200    0    294095.0
select _wstart, _wend, max(col2), min(col3), avg(col4) from int01 where ts > '2020-01-01 00:00:00.000' and ts < '2021-01-13 00:00:00.000' interval(ts, 1, day) fill(none);
_wstart    _wend    max(col2)    min(col3)    avg(col4)
2020-01-01 00:00:00    2020-01-02 00:00:00    127    null    3.2151654354E10
2020-01-02 00:00:00    2020-01-03 00:00:00    0    null    9.223372036854776E18
2020-01-03 00:00:00    2020-01-04 00:00:00    64    null    null
2020-01-04 00:00:00    2020-01-05 00:00:00    100    -1921    3.2173892173092E13
2020-01-05 00:00:00    2020-01-06 00:00:00    200    0    3.7219739821E10
2020-01-06 00:00:00    2020-01-07 00:00:00    200    0    294095.0
select _wstart, _wend, max(col2), min(col3), avg(col4) from int01 where ts > '2020-01-01 00:00:00.000' and ts < '2021-01-13 00:00:00.000' interval(ts, 1, day) fill(VALUE,200);
_wstart    _wend    max(col2)    min(col3)    avg(col4)
2020-01-01 00:00:00    2020-01-02 00:00:00    127    200    3.2151654354E10
2020-01-02 00:00:00    2020-01-03 00:00:00    0    200    9.223372036854776E18
2020-01-03 00:00:00    2020-01-04 00:00:00    64    200    200.0
2020-01-04 00:00:00    2020-01-05 00:00:00    100    -1921    3.2173892173092E13
2020-01-05 00:00:00    2020-01-06 00:00:00    200    0    3.7219739821E10
2020-01-06 00:00:00    2020-01-07 00:00:00    200    0    294095.0
select _wstart, _wend, max(col2), min(col3), avg(col4) from int01 where ts > '2020-01-01 00:00:00.000' and ts < '2021-01-13 00:00:00.000' interval(ts, 24, hour);
_wstart    _wend    max(col2)    min(col3)    avg(col4)
2020-01-01 00:00:00    2020-01-02 00:00:00    127    null    3.2151654354E10
2020-01-02 00:00:00    2020-01-03 00:00:00    0    null    9.223372036854776E18
2020-01-03 00:00:00    2020-01-04 00:00:00    64    null    null
2020-01-04 00:00:00    2020-01-05 00:00:00    100    -1921    3.2173892173092E13
2020-01-05 00:00:00    2020-01-06 00:00:00    200    0    3.7219739821E10
2020-01-06 00:00:00    2020-01-07 00:00:00    200    0    294095.0
select _wstart, _wend, sum(col2), sum(col3), sum(col4) from int01 where ts > '2020-01-01 00:00:00.000' and ts < '2021-01-13 00:00:00.000' interval(ts, 13, hour);
_wstart    _wend    sum(col2)    sum(col3)    sum(col4)
2019-12-31 22:00:00    2020-01-01 11:00:00    127    null    32151654354
2020-01-02 00:00:00    2020-01-02 13:00:00    0    null    9223372036854775807
2020-01-03 02:00:00    2020-01-03 15:00:00    64    null    null
2020-01-04 04:00:00    2020-01-04 17:00:00    100    -1921    32173892173092
2020-01-05 06:00:00    2020-01-05 19:00:00    200    0    37219739821
2020-01-06 08:00:00    2020-01-06 21:00:00    200    0    294095
select _wstart, _wend, sum(col2), sum(col3), sum(col4) from int01 where ts > '2020-01-01 00:00:00.000' and ts < '2021-01-13 00:00:00.000' interval(ts, 2, day);
_wstart    _wend    sum(col2)    sum(col3)    sum(col4)
2020-01-01 00:00:00    2020-01-03 00:00:00    127    null    9223372069006430161
2020-01-03 00:00:00    2020-01-05 00:00:00    164    -1921    32173892173092
2020-01-05 00:00:00    2020-01-07 00:00:00    400    0    37220033916
select _wstart, _wend, count(col2) from int01 where ts > '2020-01-01 00:00:00.000' and ts < '2021-01-13 00:00:00.000' interval(ts, 1, day) fill(none);
_wstart    _wend    count(col2)
2020-01-01 00:00:00    2020-01-02 00:00:00    1
2020-01-02 00:00:00    2020-01-03 00:00:00    1
2020-01-03 00:00:00    2020-01-04 00:00:00    1
2020-01-04 00:00:00    2020-01-05 00:00:00    1
2020-01-05 00:00:00    2020-01-06 00:00:00    1
2020-01-06 00:00:00    2020-01-07 00:00:00    1
drop table int01;
drop table if exists int02;
create table int02 (ts timestamp primary key, col2 float, col3 double, col4 decimal(30,10));
insert into int02 values ('2023-10-27 00:00:00.000', 321421.42314, 38021.324143214, 321798372091.324213421421342);
insert into int02 values ('2023-10-27 01:01:00.000', -2379823.0, 214214.32143214, -321798372091.324213421421342);
insert into int02 values ('2023-10-27 01:59:12.123', 321421.42314, null, 321798372091.324213421421342);
insert into int02 values ('2023-10-27 02:10:12.123', 321421.42314, -38021.111, null);
insert into int02 values ('2023-10-27 02:39:12.123', 0, 38021.324143214, 321798372091.324213421421342);
insert into int02 values ('2023-10-27 03:02:12.123', -321.42314832, 43824.43543, null);
insert into int02 values ('2023-10-27 12:10:12.110', 0, 0, 0);
insert into int02 values ('2023-10-27 12:33:12.110', 321421.42314, 2222, 3211.324213487734324535432523421421342);
insert into int02 values ('2023-10-27 13:33:12.110', 8430923, 332, 0);
insert into int02 values ('2023-10-27 13:33:15.110', 2141243.423141234213421421, 38021.324143214, 321798372091.324213421421342);
insert into int02 values ('2023-10-27 23:33:15.110', 321421.42314, 38021.324143214, 321798372091.324213421421342);
insert into int02 values ('2023-10-27 22:33:15.110', 321421.42314, null, null);
select * from int02;
ts    col2    col3    col4
2023-10-27 00:00:00    321421.44    38021.324143214    321798372091.3242134214
2023-10-27 01:01:00    -2379823.0    214214.32143214    -321798372091.3242134214
2023-10-27 01:59:12    321421.44    null    321798372091.3242134214
2023-10-27 02:10:12    321421.44    -38021.111    null
2023-10-27 02:39:12    0.0    38021.324143214    321798372091.3242134214
2023-10-27 03:02:12    -321.42316    43824.43543    null
2023-10-27 12:10:12    0.0    0.0    0E-10
2023-10-27 12:33:12    321421.44    2222.0    3211.3242134877
2023-10-27 13:33:12    8430923.0    332.0    0E-10
2023-10-27 13:33:15    2141243.5    38021.324143214    321798372091.3242134214
2023-10-27 23:33:15    321421.44    38021.324143214    321798372091.3242134214
2023-10-27 22:33:15    321421.44    null    null
select _wstart, _wend, max(col2), min(col3), min(col4) from int02 where ts >= '2023-10-27 00:00:00.000' and ts < '2023-10-27 23:00:00.000' interval(ts, 1, hour) fill(none);
_wstart    _wend    max(col2)    min(col3)    min(col4)
2023-10-27 00:00:00    2023-10-27 01:00:00    321421.44    38021.324143214    321798372091.3242134214
2023-10-27 01:00:00    2023-10-27 02:00:00    321421.44    214214.32143214    -321798372091.3242134214
2023-10-27 02:00:00    2023-10-27 03:00:00    321421.44    -38021.111    321798372091.3242134214
2023-10-27 03:00:00    2023-10-27 04:00:00    -321.42316    43824.43543    null
2023-10-27 12:00:00    2023-10-27 13:00:00    321421.44    0.0    0E-10
2023-10-27 13:00:00    2023-10-27 14:00:00    8430923.0    332.0    0E-10
2023-10-27 22:00:00    2023-10-27 23:00:00    321421.44    null    null
select _wstart, _wend, max(col2), min(col3), min(col4) from int02 where ts > '2023-10-27 00:00:00.000' and ts < '2023-10-27 23:00:00.000' interval(ts, 10, minute) fill(next);

select _wstart, _wend, sum(col2), sum(col3), sum(col4) from int02 where ts > '2023-10-27 00:00:00.000' and ts < '2023-10-27 23:00:00.000' interval(ts, 60, minute) fill(next);

select _wstart, _wend, avg(col2), avg(col3), avg(col4) from int02 where ts > '2023-10-27 00:00:00.000' and ts < '2023-10-27 23:00:00.000' interval(ts, 20, minute);
_wstart    _wend    avg(col2)    avg(col3)    avg(col4)
2023-10-27 01:00:00    2023-10-27 01:20:00    -2379823.0    214214.32143214    -321798372091.324213421400
2023-10-27 01:40:00    2023-10-27 02:00:00    321421.4375    null    321798372091.324213421400
2023-10-27 02:00:00    2023-10-27 02:20:00    321421.4375    -38021.111    null
2023-10-27 02:20:00    2023-10-27 02:40:00    0.0    38021.324143214    321798372091.324213421400
2023-10-27 03:00:00    2023-10-27 03:20:00    -321.42315673828125    43824.43543    null
2023-10-27 12:00:00    2023-10-27 12:20:00    0.0    0.0    0E-12
2023-10-27 12:20:00    2023-10-27 12:40:00    321421.4375    2222.0    3211.324213487700
2023-10-27 13:20:00    2023-10-27 13:40:00    5286083.25    19176.662071607    160899186045.662106710700
2023-10-27 22:20:00    2023-10-27 22:40:00    321421.4375    null    null
select _wstart, _wend, count(col2), count(col3), count(col4) from int02 where ts > '2023-10-27 00:00:00.000' and ts < '2023-10-27 23:00:00.000' interval(ts, 30, minute) fill(prev);
_wstart    _wend    count(col2)    count(col3)    count(col4)
2023-10-27 01:00:00    2023-10-27 01:30:00    1    1    1
2023-10-27 01:30:00    2023-10-27 02:00:00    1    0    1
2023-10-27 02:00:00    2023-10-27 02:30:00    1    1    0
2023-10-27 02:30:00    2023-10-27 03:00:00    1    1    1
2023-10-27 03:00:00    2023-10-27 03:30:00    1    1    0
2023-10-27 12:00:00    2023-10-27 12:30:00    1    1    1
2023-10-27 12:30:00    2023-10-27 13:00:00    1    1    1
2023-10-27 13:30:00    2023-10-27 14:00:00    2    2    2
2023-10-27 22:30:00    2023-10-27 23:00:00    1    0    0
drop table int02;
drop table if exists sliding_window01;
create table sliding_window01 (ts timestamp(3) primary key , col2 double);
insert into sliding_window01 values ('2023-08-01 00:00:00', 25.0);
insert into sliding_window01 values ('2023-08-01 00:05:00', 26.0);
insert into sliding_window01 values ('2023-08-01 00:15:00', 28.0);
insert into sliding_window01 values ('2023-08-01 00:20:00', 30.0);
insert into sliding_window01 values ('2023-08-01 00:25:00', 27.0);
insert into sliding_window01 values ('2023-08-01 00:30:00', null);
insert into sliding_window01 values ('2023-08-01 00:35:00', null);
insert into sliding_window01 values ('2023-08-01 00:40:00', 28);
insert into sliding_window01 values ('2023-08-01 00:45:00', 38);
insert into sliding_window01 values ('2023-08-01 00:50:00', 31);
insert into sliding_window01 values ('2023-07-31 23:55:00', 22);
select * from sliding_window01;
ts    col2
2023-08-01 00:00:00    25.0
2023-08-01 00:05:00    26.0
2023-08-01 00:15:00    28.0
2023-08-01 00:20:00    30.0
2023-08-01 00:25:00    27.0
2023-08-01 00:30:00    null
2023-08-01 00:35:00    null
2023-08-01 00:40:00    28.0
2023-08-01 00:45:00    38.0
2023-08-01 00:50:00    31.0
2023-07-31 23:55:00    22.0
select _wstart, _wend, max(col2), min(col2) from sliding_window01 where ts > "2023-08-01 00:00:00.000" and ts < "2023-08-01 00:50:00.000" interval(ts, 10, minute) sliding(5, minute);
_wstart    _wend    max(col2)    min(col2)
2023-08-01 00:00:00    2023-08-01 00:10:00    26.0    26.0
2023-08-01 00:05:00    2023-08-01 00:15:00    26.0    26.0
2023-08-01 00:10:00    2023-08-01 00:20:00    28.0    28.0
2023-08-01 00:15:00    2023-08-01 00:25:00    30.0    28.0
2023-08-01 00:20:00    2023-08-01 00:30:00    30.0    27.0
2023-08-01 00:25:00    2023-08-01 00:35:00    27.0    27.0
2023-08-01 00:30:00    2023-08-01 00:40:00    null    null
2023-08-01 00:35:00    2023-08-01 00:45:00    28.0    28.0
2023-08-01 00:40:00    2023-08-01 00:50:00    38.0    28.0
2023-08-01 00:45:00    2023-08-01 00:55:00    38.0    38.0
select _wstart, _wend, max(col2), min(col2) from sliding_window01 where ts > "2023-08-01 00:00:00.000" and ts < "2023-08-01 00:50:00.000" interval(ts, 10, minute) sliding(5, minute) fill(null);
_wstart    _wend    max(col2)    min(col2)
2023-08-01 00:00:00    2023-08-01 00:10:00    26.0    26.0
2023-08-01 00:05:00    2023-08-01 00:15:00    26.0    26.0
2023-08-01 00:10:00    2023-08-01 00:20:00    28.0    28.0
2023-08-01 00:15:00    2023-08-01 00:25:00    30.0    28.0
2023-08-01 00:20:00    2023-08-01 00:30:00    30.0    27.0
2023-08-01 00:25:00    2023-08-01 00:35:00    27.0    27.0
2023-08-01 00:30:00    2023-08-01 00:40:00    null    null
2023-08-01 00:35:00    2023-08-01 00:45:00    28.0    28.0
2023-08-01 00:40:00    2023-08-01 00:50:00    38.0    28.0
2023-08-01 00:45:00    2023-08-01 00:55:00    38.0    38.0
select _wstart, _wend, count(col2), avg(col2) from sliding_window01 where ts > "2023-08-01 00:00:00.000" and ts < "2023-08-01 00:50:00.000" interval(ts, 10, minute) sliding(10, minute) fill(next);
_wstart    _wend    count(col2)    avg(col2)
2023-08-01 00:00:00    2023-08-01 00:10:00    1    26.0
2023-08-01 00:10:00    2023-08-01 00:20:00    1    28.0
2023-08-01 00:20:00    2023-08-01 00:30:00    2    28.5
2023-08-01 00:30:00    2023-08-01 00:40:00    0    33.0
2023-08-01 00:40:00    2023-08-01 00:50:00    2    33.0
select _wstart, _wend, count(col2), avg(col2) from sliding_window01 where ts > "2023-08-01 00:00:00.000" and ts < "2023-08-01 00:50:00.000" interval(ts, 10, minute) sliding(6, minute) fill(value,1000);
_wstart    _wend    count(col2)    avg(col2)
2023-08-01 00:00:00    2023-08-01 00:10:00    1    26.0
2023-08-01 00:06:00    2023-08-01 00:16:00    1    28.0
2023-08-01 00:12:00    2023-08-01 00:22:00    2    29.0
2023-08-01 00:18:00    2023-08-01 00:28:00    2    28.5
2023-08-01 00:24:00    2023-08-01 00:34:00    1    27.0
2023-08-01 00:30:00    2023-08-01 00:40:00    0    1000.0
2023-08-01 00:36:00    2023-08-01 00:46:00    2    33.0
2023-08-01 00:42:00    2023-08-01 00:52:00    1    38.0
select _wstart, _wend, sum(col2) from sliding_window01 where ts > "2023-08-01 00:00:00.000" and ts < "2023-08-01 00:50:00.000" interval(ts, 1, hour) sliding(10, minute) fill(none);
_wstart    _wend    sum(col2)
2023-08-01 00:00:00    2023-08-01 01:00:00    177.0
2023-08-01 00:10:00    2023-08-01 01:10:00    151.0
drop table sliding_window01;
drop table if exists sliding_window02;
create table sliding_window02 (ts timestamp primary key , col2 double);
insert into sliding_window02 values ('2023-08-01 00:01:01.000',37281932.32143214);
insert into sliding_window02 values ('2023-08-01 00:01:02.000',-328934.324);
insert into sliding_window02 values ('2023-08-01 00:01:03.000',-23.23232);
insert into sliding_window02 values ('2023-08-01 00:01:04.000',null);
select * from sliding_window02;
ts    col2
2023-08-01 00:01:01    3.728193232143214E7
2023-08-01 00:01:02    -328934.324
2023-08-01 00:01:03    -23.23232
2023-08-01 00:01:04    null
select _wstart, _wend, max(col2), min(col2), sum(col2) from sliding_window02 where ts > "2023-08-01 00:01:00.000" and ts < "2023-08-01 00:01:10.000" interval(ts, 1, second) fill(none);
_wstart    _wend    max(col2)    min(col2)    sum(col2)
2023-08-01 00:01:01    2023-08-01 00:01:02    3.728193232143214E7    3.728193232143214E7    3.728193232143214E7
2023-08-01 00:01:02    2023-08-01 00:01:03    -328934.324    -328934.324    -328934.324
2023-08-01 00:01:03    2023-08-01 00:01:04    -23.23232    -23.23232    -23.23232
2023-08-01 00:01:04    2023-08-01 00:01:05    null    null    null
select _wstart, _wend, max(col2), min(col2), sum(col2) from sliding_window02 where ts >= "2023-08-01 00:01:00.000" and ts <= "2023-08-01 00:01:10.000" interval(ts, 2, second);
_wstart    _wend    max(col2)    min(col2)    sum(col2)
2023-08-01 00:01:00    2023-08-01 00:01:02    3.728193232143214E7    3.728193232143214E7    3.728193232143214E7
2023-08-01 00:01:02    2023-08-01 00:01:04    -23.23232    -328934.324    -328957.55632000003
2023-08-01 00:01:04    2023-08-01 00:01:06    null    null    null
select _wstart, _wend, max(col2), min(col2), sum(col2) from sliding_window02 where ts >= "2023-08-01 00:01:00.000" and ts <= "2023-08-01 00:01:10.000" interval(ts, 2, second) fill(prev);
_wstart    _wend    max(col2)    min(col2)    sum(col2)
2023-08-01 00:01:00    2023-08-01 00:01:02    3.728193232143214E7    3.728193232143214E7    3.728193232143214E7
2023-08-01 00:01:02    2023-08-01 00:01:04    -23.23232    -328934.324    -328957.55632000003
2023-08-01 00:01:04    2023-08-01 00:01:06    -23.23232    -328934.324    -328957.55632000003
select _wstart, _wend, count(col2), avg(col2) from sliding_window02 where ts > "2023-08-01 00:01:00.000" and ts < "2023-08-01 00:01:10.000" interval(ts, 2, second) fill(none);
_wstart    _wend    count(col2)    avg(col2)
2023-08-01 00:01:00    2023-08-01 00:01:02    1    3.728193232143214E7
2023-08-01 00:01:02    2023-08-01 00:01:04    2    -164478.77816000002
2023-08-01 00:01:04    2023-08-01 00:01:06    0    null
select _wstart, _wend, count(col2), avg(col2) from sliding_window02 where ts > "2023-08-01 00:01:00.000" and ts < "2023-08-01 00:01:10.000" interval(ts, 2, second) fill(linear);
_wstart    _wend    count(col2)    avg(col2)
2023-08-01 00:01:00    2023-08-01 00:01:02    1    3.728193232143214E7
2023-08-01 00:01:02    2023-08-01 00:01:04    2    -164478.77816000002
2023-08-01 00:01:04    2023-08-01 00:01:06    0    null
select * from sliding_window02;
ts    col2
2023-08-01 00:01:01    3.728193232143214E7
2023-08-01 00:01:02    -328934.324
2023-08-01 00:01:03    -23.23232
2023-08-01 00:01:04    null
drop table sliding_window02;
drop table if exists sliding_window03;
create table sliding_window03 (ts timestamp primary key , col2 float);
insert into sliding_window03 values ('2023-08-01 00:01:01.000', 32412.3421);
insert into sliding_window03 values ('2023-08-01 00:01:03.000', -23.23232);
insert into sliding_window03 values ('2023-08-01 00:01:04.000', -3289.328939201);
select * from sliding_window03;
ts    col2
2023-08-01 00:01:01    32412.342
2023-08-01 00:01:03    -23.23232
2023-08-01 00:01:04    -3289.3289
prepare s1 from 'select _wstart, _wend, max(col2), min(col2), sum(col2), count(col2), avg(col2) from sliding_window03 where ts > "2023-08-01 00:01:00.000" and ts < "2023-08-01 00:01:10.000" interval(ts, 1, second) fill(none);';
execute s1;
_wstart    _wend    max(col2)    min(col2)    sum(col2)    count(col2)    avg(col2)
2023-08-01 00:01:01    2023-08-01 00:01:02    32412.342    32412.342    32412.341796875    1    32412.341796875
2023-08-01 00:01:03    2023-08-01 00:01:04    -23.23232    -23.23232    -23.23232078552246    1    -23.23232078552246
2023-08-01 00:01:04    2023-08-01 00:01:05    -3289.3289    -3289.3289    -3289.328857421875    1    -3289.328857421875
prepare s2 from 'select _wstart, _wend, max(col2), min(col2), sum(col2), count(col2), avg(col2) from sliding_window03 where ts > "2023-08-01 00:01:00.000" and ts < "2023-08-01 00:01:10.000" interval(ts, 1, second) sliding(2, second) fill(none);';
execute s2;
_wstart    _wend    max(col2)    min(col2)    sum(col2)    count(col2)    avg(col2)
2023-08-01 00:01:01    2023-08-01 00:01:02    32412.342    32412.342    32412.341796875    1    32412.341796875
2023-08-01 00:01:03    2023-08-01 00:01:04    -23.23232    -23.23232    -23.23232078552246    1    -23.23232078552246
2023-08-01 00:01:05    2023-08-01 00:01:06    -23.23232    -3289.3289    -3312.5611782073975    2    -1656.2805891036987
drop table sliding_window03;
drop table if exists sliding_window04;
create table sliding_window04 (ts timestamp primary key , col2 double);
insert into sliding_window04 values ('2023-08-01 00:01:01.000', 121432421.32142314);
insert into sliding_window04 values ('2023-08-01 00:01:03.000', null);
insert into sliding_window04 values ('2023-08-01 00:01:04.000', 32151323.32151251252512);
insert into sliding_window04 values ('2023-08-01 00:01:05.000', -38298432.32143214231);
insert into sliding_window04 values ('2023-08-01 00:01:06.000', 0);
insert into sliding_window04 values ('2023-08-01 00:01:07.111', 0);
insert into sliding_window04 values ('2023-08-01 00:01:08.123', 38298392.32142142);
select * from sliding_window04;
ts    col2
2023-08-01 00:01:01    1.2143242132142314E8
2023-08-01 00:01:03    null
2023-08-01 00:01:04    3.2151323321512513E7
2023-08-01 00:01:05    -3.829843232143214E7
2023-08-01 00:01:06    0.0
2023-08-01 00:01:07    0.0
2023-08-01 00:01:08    3.829839232142142E7
select _wstart, _wend, count(col2), avg(col2) from sliding_window04 where ts >= "2023-08-01 00:01:00.000" and ts <= "2023-08-01 00:01:10.000" interval(ts, 1, second) sliding(1, second) fill(prev);
_wstart    _wend    count(col2)    avg(col2)
2023-08-01 00:01:01    2023-08-01 00:01:02    1    1.2143242132142314E8
2023-08-01 00:01:03    2023-08-01 00:01:04    0    1.2143242132142314E8
2023-08-01 00:01:04    2023-08-01 00:01:05    1    3.2151323321512513E7
2023-08-01 00:01:05    2023-08-01 00:01:06    1    -3.829843232143214E7
2023-08-01 00:01:06    2023-08-01 00:01:07    1    0.0
2023-08-01 00:01:07    2023-08-01 00:01:08    1    0.0
2023-08-01 00:01:08    2023-08-01 00:01:09    1    3.829839232142142E7
select _wstart, _wend, count(col2), avg(col2) from sliding_window04 where ts >= "2023-08-01 00:01:00.000" and ts <= "2023-08-01 00:01:10.000" interval(ts, 2, second) sliding(2, second) fill(next);
_wstart    _wend    count(col2)    avg(col2)
2023-08-01 00:01:00    2023-08-01 00:01:02    1    1.2143242132142314E8
2023-08-01 00:01:02    2023-08-01 00:01:04    0    -3073554.4999598153
2023-08-01 00:01:04    2023-08-01 00:01:06    2    -3073554.4999598153
2023-08-01 00:01:06    2023-08-01 00:01:08    2    0.0
2023-08-01 00:01:08    2023-08-01 00:01:10    1    3.829839232142142E7
drop table sliding_window04;
drop table if exists sliding_window05;
create table sliding_window05 (ts timestamp primary key , col2 int);
insert into sliding_window05 values ('2018-01-13 00:01:01.000', 100);
insert into sliding_window05 values ('2018-10-13 00:01:02.000', 37213);
insert into sliding_window05 values ('2019-01-29 00:10:01.000', -2146261);
insert into sliding_window05 values ('2019-12-13 00:11:57.000', 0);
insert into sliding_window05 values ('2019-12-13 00:12:58.000', 21132);
insert into sliding_window05 values ('2019-02-13 00:13:51.000', null);
insert into sliding_window05 values ('2019-12-13 00:13:59.000', null);
insert into sliding_window05 values ('2020-12-13 00:21:59.000', null);
insert into sliding_window05 values ('2021-12-13 12:12:59.000', null);
insert into sliding_window05 values ('2021-12-14 00:11:59.000', -328193471);
insert into sliding_window05 values ('2022-07-17 00:04:12.000', -3281891);
select * from sliding_window05;
ts    col2
2018-01-13 00:01:01    100
2018-10-13 00:01:02    37213
2019-01-29 00:10:01    -2146261
2019-12-13 00:11:57    0
2019-12-13 00:12:58    21132
2019-02-13 00:13:51    null
2019-12-13 00:13:59    null
2020-12-13 00:21:59    null
2021-12-13 12:12:59    null
2021-12-14 00:11:59    -328193471
2022-07-17 00:04:12    -3281891
select _wstart, _wend, sum(col2) from sliding_window05 where ts >= '1997-01-13 00:00:0.000' and ts <= '2022-07-18 00:04:12.123' interval(ts, 365, day) sliding(200, day) fill(VALUE, 100);
_wstart    _wend    sum(col2)
2017-08-30 00:00:00    2018-08-30 00:00:00    100
2018-03-18 00:00:00    2019-03-18 00:00:00    -2109048
2018-10-04 00:00:00    2019-10-04 00:00:00    -2109048
2019-04-22 00:00:00    2020-04-21 00:00:00    21132
2019-11-08 00:00:00    2020-11-07 00:00:00    21132
2020-05-26 00:00:00    2021-05-26 00:00:00    100
2020-12-12 00:00:00    2021-12-12 00:00:00    100
2021-06-30 00:00:00    2022-06-30 00:00:00    -328193471
2022-01-16 00:00:00    2023-01-16 00:00:00    -3281891
select _wstart, _wend, avg(col2) from sliding_window05 where ts >= '1997-01-13 00:00:0.000' and ts <= '2022-07-18 00:04:12.123' interval(ts, 100, day) sliding(100, day) fill(linear);
_wstart    _wend    avg(col2)
2018-01-07 00:00:00    2018-04-17 00:00:00    100.0
2018-07-26 00:00:00    2018-11-03 00:00:00    37213.0
2018-11-03 00:00:00    2019-02-11 00:00:00    -2146261.0
2019-02-11 00:00:00    2019-05-22 00:00:00    -1067847.5
2019-12-08 00:00:00    2020-03-17 00:00:00    10566.0
2020-10-03 00:00:00    2021-01-11 00:00:00    -1.640914525E8
2021-11-07 00:00:00    2022-02-15 00:00:00    -3.28193471E8
2022-05-26 00:00:00    2022-09-03 00:00:00    -3281891.0
select _wstart, _wend, sum(col2) from sliding_window05 where ts >= '1998-01-29 00:10:01.000' and ts <= '2022-07-17 00:04:12.000' interval(ts, 200, day) sliding(100, day) fill(linear);
_wstart    _wend    sum(col2)
2017-09-29 00:00:00    2018-04-17 00:00:00    100
2018-01-07 00:00:00    2018-07-26 00:00:00    100
2018-04-17 00:00:00    2018-11-03 00:00:00    37213
2018-07-26 00:00:00    2019-02-11 00:00:00    -2109048
2018-11-03 00:00:00    2019-05-22 00:00:00    -2146261
2019-02-11 00:00:00    2019-08-30 00:00:00    -1062565
2019-08-30 00:00:00    2020-03-17 00:00:00    21132
2019-12-08 00:00:00    2020-06-25 00:00:00    21132
2020-06-25 00:00:00    2021-01-11 00:00:00    -164086170
2020-10-03 00:00:00    2021-04-21 00:00:00    -164086170
2021-07-30 00:00:00    2022-02-15 00:00:00    -328193471
2021-11-07 00:00:00    2022-05-26 00:00:00    -328193471
2022-02-15 00:00:00    2022-09-03 00:00:00    -3281891
2022-05-26 00:00:00    2022-12-12 00:00:00    -3281891
drop table sliding_window05;
drop table if exists temporary01;
create temporary table temporary01 (ts timestamp primary key, col2 bigint);
insert into temporary01 values ('2022-07-17 00:04:12.000', -2147483647);
insert into temporary01 values ('2022-08-17 12:23:12.000', null);
insert into temporary01 values ('2022-02-15 00:23:12.000', 100);
insert into temporary01 values ('2022-09-17 00:23:12.000', 324421432);
insert into temporary01 values ('2022-08-27 00:11:12.000', -32434);
insert into temporary01 values ('2023-01-01 12:12:12.000', -232);
insert into temporary01 values ('2024-03-04 13:14:56.000', -3892323);
insert into temporary01 values ('2024-12-12 01:34:46.000', 0);
insert into temporary01 values ('2020-10-10 09:09:09.000', null);
select * from temporary01;
ts    col2
2020-10-10 09:09:09    null
2022-02-15 00:23:12    100
2022-07-17 00:04:12    -2147483647
2022-08-17 12:23:12    null
2022-08-27 00:11:12    -32434
2022-09-17 00:23:12    324421432
2023-01-01 12:12:12    -232
2024-03-04 13:14:56    -3892323
2024-12-12 01:34:46    0
select _wstart, _wend, sum(col2) from temporary01 where ts >= '2020-10-10 09:09:09' and ts <= '2024-12-12 01:34:46' interval(ts, 365, day) sliding(200, day);
_wstart    _wend    sum(col2)
2020-08-29 00:00:00    2021-08-29 00:00:00    null
2021-03-17 00:00:00    2022-03-17 00:00:00    100
2021-10-03 00:00:00    2022-10-03 00:00:00    -1823094549
2022-04-21 00:00:00    2023-04-21 00:00:00    -1823094881
2022-11-07 00:00:00    2023-11-07 00:00:00    -232
2023-05-26 00:00:00    2024-05-25 00:00:00    -3892323
2023-12-12 00:00:00    2024-12-11 00:00:00    -3892323
2024-06-29 00:00:00    2025-06-29 00:00:00    0
select _wstart, _wend, avg(col2) from temporary01 where ts >= '2020-10-10 09:09:09' and ts <= '2024-12-12 01:34:46' interval(ts, 365, day) sliding(4800, hour);
_wstart    _wend    avg(col2)
2020-08-29 00:00:00    2021-08-29 00:00:00    null
2021-03-17 00:00:00    2022-03-17 00:00:00    100.0
2021-10-03 00:00:00    2022-10-03 00:00:00    -4.5577363725E8
2022-04-21 00:00:00    2023-04-21 00:00:00    -4.5577372025E8
2022-11-07 00:00:00    2023-11-07 00:00:00    -232.0
2023-05-26 00:00:00    2024-05-25 00:00:00    -3892323.0
2023-12-12 00:00:00    2024-12-11 00:00:00    -3892323.0
2024-06-29 00:00:00    2025-06-29 00:00:00    0.0
select _wstart, _wend, max(col2) from temporary01 where ts >= '2020-10-10 09:09:09' and ts <= '2024-12-12 01:34:46' interval(ts, 100, day) sliding(20, day) limit 10;
_wstart    _wend    max(col2)
2020-10-03 00:00:00    2021-01-11 00:00:00    null
2021-11-27 00:00:00    2022-03-07 00:00:00    100
2021-12-17 00:00:00    2022-03-27 00:00:00    100
2022-01-06 00:00:00    2022-04-16 00:00:00    100
2022-01-26 00:00:00    2022-05-06 00:00:00    100
2022-02-15 00:00:00    2022-05-26 00:00:00    100
2022-04-16 00:00:00    2022-07-25 00:00:00    -2147483647
2022-05-06 00:00:00    2022-08-14 00:00:00    -2147483647
2022-05-26 00:00:00    2022-09-03 00:00:00    -32434
2022-06-15 00:00:00    2022-09-23 00:00:00    324421432
select _wstart, _wend, max(col2) from temporary01 where ts >= '2020-10-10 09:09:09' and ts <= '2024-12-12 01:34:46' interval(ts, 100, day) sliding(28800, minute) limit 10;
_wstart    _wend    max(col2)
2020-10-03 00:00:00    2021-01-11 00:00:00    null
2021-11-27 00:00:00    2022-03-07 00:00:00    100
2021-12-17 00:00:00    2022-03-27 00:00:00    100
2022-01-06 00:00:00    2022-04-16 00:00:00    100
2022-01-26 00:00:00    2022-05-06 00:00:00    100
2022-02-15 00:00:00    2022-05-26 00:00:00    100
2022-04-16 00:00:00    2022-07-25 00:00:00    -2147483647
2022-05-06 00:00:00    2022-08-14 00:00:00    -2147483647
2022-05-26 00:00:00    2022-09-03 00:00:00    -32434
2022-06-15 00:00:00    2022-09-23 00:00:00    324421432
select _wstart, _wend, max(col2) from temporary01 where ts >= '2020-10-10 09:09:09' and ts <= '2024-12-12 01:34:46' interval(ts, 100, day) sliding(20, day) fill(none);
_wstart    _wend    max(col2)
2020-10-03 00:00:00    2021-01-11 00:00:00    null
2021-11-27 00:00:00    2022-03-07 00:00:00    100
2021-12-17 00:00:00    2022-03-27 00:00:00    100
2022-01-06 00:00:00    2022-04-16 00:00:00    100
2022-01-26 00:00:00    2022-05-06 00:00:00    100
2022-02-15 00:00:00    2022-05-26 00:00:00    100
2022-04-16 00:00:00    2022-07-25 00:00:00    -2147483647
2022-05-06 00:00:00    2022-08-14 00:00:00    -2147483647
2022-05-26 00:00:00    2022-09-03 00:00:00    -32434
2022-06-15 00:00:00    2022-09-23 00:00:00    324421432
2022-07-05 00:00:00    2022-10-13 00:00:00    324421432
2022-07-25 00:00:00    2022-11-02 00:00:00    324421432
2022-08-14 00:00:00    2022-11-22 00:00:00    324421432
2022-09-03 00:00:00    2022-12-12 00:00:00    324421432
2022-10-13 00:00:00    2023-01-21 00:00:00    -232
2022-11-02 00:00:00    2023-02-10 00:00:00    -232
2022-11-22 00:00:00    2023-03-02 00:00:00    -232
2022-12-12 00:00:00    2023-03-22 00:00:00    -232
2023-01-01 00:00:00    2023-04-11 00:00:00    -232
2023-12-07 00:00:00    2024-03-16 00:00:00    -3892323
2023-12-27 00:00:00    2024-04-05 00:00:00    -3892323
2024-01-16 00:00:00    2024-04-25 00:00:00    -3892323
2024-02-05 00:00:00    2024-05-15 00:00:00    -3892323
2024-02-25 00:00:00    2024-06-04 00:00:00    -3892323
2024-09-12 00:00:00    2024-12-21 00:00:00    0
2024-10-02 00:00:00    2025-01-10 00:00:00    0
select _wstart, _wend, max(col2) from temporary01 where ts >= '2020-10-10 09:09:09' and ts <= '2024-12-12 01:34:46' interval(ts, 100, day) sliding(28800, minute) fill(prev);
_wstart    _wend    max(col2)
2020-10-03 00:00:00    2021-01-11 00:00:00    null
2021-11-27 00:00:00    2022-03-07 00:00:00    100
2021-12-17 00:00:00    2022-03-27 00:00:00    100
2022-01-06 00:00:00    2022-04-16 00:00:00    100
2022-01-26 00:00:00    2022-05-06 00:00:00    100
2022-02-15 00:00:00    2022-05-26 00:00:00    100
2022-04-16 00:00:00    2022-07-25 00:00:00    -2147483647
2022-05-06 00:00:00    2022-08-14 00:00:00    -2147483647
2022-05-26 00:00:00    2022-09-03 00:00:00    -32434
2022-06-15 00:00:00    2022-09-23 00:00:00    324421432
2022-07-05 00:00:00    2022-10-13 00:00:00    324421432
2022-07-25 00:00:00    2022-11-02 00:00:00    324421432
2022-08-14 00:00:00    2022-11-22 00:00:00    324421432
2022-09-03 00:00:00    2022-12-12 00:00:00    324421432
2022-10-13 00:00:00    2023-01-21 00:00:00    -232
2022-11-02 00:00:00    2023-02-10 00:00:00    -232
2022-11-22 00:00:00    2023-03-02 00:00:00    -232
2022-12-12 00:00:00    2023-03-22 00:00:00    -232
2023-01-01 00:00:00    2023-04-11 00:00:00    -232
2023-12-07 00:00:00    2024-03-16 00:00:00    -3892323
2023-12-27 00:00:00    2024-04-05 00:00:00    -3892323
2024-01-16 00:00:00    2024-04-25 00:00:00    -3892323
2024-02-05 00:00:00    2024-05-15 00:00:00    -3892323
2024-02-25 00:00:00    2024-06-04 00:00:00    -3892323
2024-09-12 00:00:00    2024-12-21 00:00:00    0
2024-10-02 00:00:00    2025-01-10 00:00:00    0
select _wstart, _wend, max(col2) from temporary01 where ts >= '2020-10-10 09:09:09' and ts <= '2024-12-12 01:34:46' interval(ts, 100, day) sliding(20, day) fill(next);
_wstart    _wend    max(col2)
2020-10-03 00:00:00    2021-01-11 00:00:00    100
2021-11-27 00:00:00    2022-03-07 00:00:00    100
2021-12-17 00:00:00    2022-03-27 00:00:00    100
2022-01-06 00:00:00    2022-04-16 00:00:00    100
2022-01-26 00:00:00    2022-05-06 00:00:00    100
2022-02-15 00:00:00    2022-05-26 00:00:00    100
2022-04-16 00:00:00    2022-07-25 00:00:00    -2147483647
2022-05-06 00:00:00    2022-08-14 00:00:00    -2147483647
2022-05-26 00:00:00    2022-09-03 00:00:00    -32434
2022-06-15 00:00:00    2022-09-23 00:00:00    324421432
2022-07-05 00:00:00    2022-10-13 00:00:00    324421432
2022-07-25 00:00:00    2022-11-02 00:00:00    324421432
2022-08-14 00:00:00    2022-11-22 00:00:00    324421432
2022-09-03 00:00:00    2022-12-12 00:00:00    324421432
2022-10-13 00:00:00    2023-01-21 00:00:00    -232
2022-11-02 00:00:00    2023-02-10 00:00:00    -232
2022-11-22 00:00:00    2023-03-02 00:00:00    -232
2022-12-12 00:00:00    2023-03-22 00:00:00    -232
2023-01-01 00:00:00    2023-04-11 00:00:00    -232
2023-12-07 00:00:00    2024-03-16 00:00:00    -3892323
2023-12-27 00:00:00    2024-04-05 00:00:00    -3892323
2024-01-16 00:00:00    2024-04-25 00:00:00    -3892323
2024-02-05 00:00:00    2024-05-15 00:00:00    -3892323
2024-02-25 00:00:00    2024-06-04 00:00:00    -3892323
2024-09-12 00:00:00    2024-12-21 00:00:00    0
2024-10-02 00:00:00    2025-01-10 00:00:00    0
select _wstart, _wend, max(col2) from temporary01 where ts >= '2020-10-10 09:09:09' and ts <= '2024-12-12 01:34:46' interval(ts, 100, day) sliding(48800, minute) fill (VALUE,10000);
_wstart    _wend    max(col2)
2020-10-03 00:00:00    2021-01-11 00:00:00    10000
2021-11-13 16:00:00    2022-02-21 16:00:00    100
2021-12-17 13:20:00    2022-03-27 13:20:00    100
2022-01-20 10:40:00    2022-04-30 10:40:00    100
2022-05-02 02:40:00    2022-08-10 02:40:00    -2147483647
2022-06-05 00:00:00    2022-09-13 00:00:00    -32434
2022-07-08 21:20:00    2022-10-16 21:20:00    324421432
2022-08-11 18:40:00    2022-11-19 18:40:00    324421432
2022-09-14 16:00:00    2022-12-23 16:00:00    324421432
2022-10-18 13:20:00    2023-01-26 13:20:00    -232
2022-11-21 10:40:00    2023-03-01 10:40:00    -232
2022-12-25 08:00:00    2023-04-04 08:00:00    -232
2023-11-29 05:20:00    2024-03-08 05:20:00    -3892323
2024-01-02 02:40:00    2024-04-11 02:40:00    -3892323
2024-02-05 00:00:00    2024-05-15 00:00:00    -3892323
2024-09-29 05:20:00    2025-01-07 05:20:00    0
2024-11-02 02:40:00    2025-02-10 02:40:00    0
select _wstart, _wend, min(col2) from temporary01 where ts >= '2020-10-10 09:09:09' and ts <= '2024-12-12 01:34:46' interval(ts, 365, day) sliding(200, day) fill (linear);

drop table temporary01;
drop table if exists temporary02;
create table temporary02 (ts timestamp primary key , col2 double, col3 double, col4 float);
insert into temporary02 values ('2023-11-01 00:00:01.000', 100.23242134, 73823.90902, 28392432);
insert into temporary02 values ('2023-11-01 00:00:03.000', null, null, null);
insert into temporary02 values ('2023-11-01 00:00:04.000', -3921.32421, -3290.32, null);
insert into temporary02 values ('2023-11-01 00:00:05.000', -4324, 432424.4324234, 0);
insert into temporary02 values ('2023-11-01 00:00:06.000', -38249382324324.990, 4032.432, 90909);
insert into temporary02 values ('2023-11-01 00:00:07.000', 212112.3233, 9302, -392032);
insert into temporary02 values ('2023-11-01 00:00:08.000', 0, 0, 0);
insert into temporary02 values ('2023-11-01 00:00:10.000', 0, null, null);
insert into temporary02 values ('2023-11-01 00:00:11.000', 9999.999, 382.343, -32932);
insert into temporary02 values ('2023-11-01 00:00:12.000', null, null, -23.4324324);
insert into temporary02 values ('2023-11-01 00:01:13.000', -0.1, 328903.32334, 909);
insert into temporary02 values ('2023-11-01 00:13:14.000', null, 392432.4324, 8932);
select * from temporary02;
ts    col2    col3    col4
2023-11-01 00:00:01    100.23242134    73823.90902    2.8392432E7
2023-11-01 00:00:03    null    null    null
2023-11-01 00:00:04    -3921.32421    -3290.32    null
2023-11-01 00:00:05    -4324.0    432424.4324234    0.0
2023-11-01 00:00:06    -3.824938232432499E13    4032.432    90909.0
2023-11-01 00:00:07    212112.3233    9302.0    -392032.0
2023-11-01 00:00:08    0.0    0.0    0.0
2023-11-01 00:00:10    0.0    null    null
2023-11-01 00:00:11    9999.999    382.343    -32932.0
2023-11-01 00:00:12    null    null    -23.432432
2023-11-01 00:01:13    -0.1    328903.32334    909.0
2023-11-01 00:13:14    null    392432.4324    8932.0
select _wstart, _wend, max(col2), min(col3) from temporary02 where ts >= '2023-11-01 00:00:01.000' and ts <= '2023-11-01 00:13:14.000' interval(ts, 3, second);
_wstart    _wend    max(col2)    min(col3)
2023-11-01 00:00:00    2023-11-01 00:00:03    100.23242134    73823.90902
2023-11-01 00:00:03    2023-11-01 00:00:06    -3921.32421    -3290.32
2023-11-01 00:00:06    2023-11-01 00:00:09    212112.3233    0.0
2023-11-01 00:00:09    2023-11-01 00:00:12    9999.999    382.343
2023-11-01 00:00:12    2023-11-01 00:00:15    null    null
2023-11-01 00:01:12    2023-11-01 00:01:15    -0.1    328903.32334
2023-11-01 00:13:12    2023-11-01 00:13:15    null    392432.4324
select _wstart, _wend, avg(col2), count(col4) from temporary02 where ts >= '2023-11-01 00:00:01.000' and ts <= '2023-11-01 00:13:14.000' interval(ts, 2, second);
_wstart    _wend    avg(col2)    count(col4)
2023-11-01 00:00:00    2023-11-01 00:00:02    100.23242134    1
2023-11-01 00:00:02    2023-11-01 00:00:04    null    0
2023-11-01 00:00:04    2023-11-01 00:00:06    -4122.662105    1
2023-11-01 00:00:06    2023-11-01 00:00:08    -1.9124691056106336E13    2
2023-11-01 00:00:08    2023-11-01 00:00:10    0.0    1
2023-11-01 00:00:10    2023-11-01 00:00:12    4999.9995    1
2023-11-01 00:00:12    2023-11-01 00:00:14    null    1
2023-11-01 00:01:12    2023-11-01 00:01:14    -0.1    1
2023-11-01 00:13:14    2023-11-01 00:13:16    null    1
select _wstart, _wend, avg(col2), count(col4) from temporary02 where ts >= '2023-11-01 00:00:01.000' and ts <= '2023-11-01 00:13:14.000' interval(ts, 2, second) fill(none);
_wstart    _wend    avg(col2)    count(col4)
2023-11-01 00:00:00    2023-11-01 00:00:02    100.23242134    1
2023-11-01 00:00:02    2023-11-01 00:00:04    null    0
2023-11-01 00:00:04    2023-11-01 00:00:06    -4122.662105    1
2023-11-01 00:00:06    2023-11-01 00:00:08    -1.9124691056106336E13    2
2023-11-01 00:00:08    2023-11-01 00:00:10    0.0    1
2023-11-01 00:00:10    2023-11-01 00:00:12    4999.9995    1
2023-11-01 00:00:12    2023-11-01 00:00:14    null    1
2023-11-01 00:01:12    2023-11-01 00:01:14    -0.1    1
2023-11-01 00:13:14    2023-11-01 00:13:16    null    1
select _wstart, _wend, avg(col2), count(col4) from temporary02 where ts >= '2023-11-01 00:00:01.000' and ts <= '2023-11-01 00:13:14.000' interval(ts, 2, second) fill(prev);
_wstart    _wend    avg(col2)    count(col4)
2023-11-01 00:00:00    2023-11-01 00:00:02    100.23242134    1
2023-11-01 00:00:02    2023-11-01 00:00:04    100.23242134    0
2023-11-01 00:00:04    2023-11-01 00:00:06    -4122.662105    1
2023-11-01 00:00:06    2023-11-01 00:00:08    -1.9124691056106336E13    2
2023-11-01 00:00:08    2023-11-01 00:00:10    0.0    1
2023-11-01 00:00:10    2023-11-01 00:00:12    4999.9995    1
2023-11-01 00:00:12    2023-11-01 00:00:14    4999.9995    1
2023-11-01 00:01:12    2023-11-01 00:01:14    -0.1    1
2023-11-01 00:13:14    2023-11-01 00:13:16    -0.1    1
select _wstart, _wend, avg(col2), count(col4) from temporary02 where ts >= '2023-11-01 00:00:01.000' and ts <= '2023-11-01 00:13:14.000' interval(ts, 2, second) fill(linear);
_wstart    _wend    avg(col2)    count(col4)
2023-11-01 00:00:00    2023-11-01 00:00:02    100.23242134    1
2023-11-01 00:00:02    2023-11-01 00:00:04    -2011.21484183    0
2023-11-01 00:00:04    2023-11-01 00:00:06    -4122.662105    1
2023-11-01 00:00:06    2023-11-01 00:00:08    -1.9124691056106336E13    2
2023-11-01 00:00:08    2023-11-01 00:00:10    0.0    1
2023-11-01 00:00:10    2023-11-01 00:00:12    4999.9995    1
2023-11-01 00:00:12    2023-11-01 00:00:14    2499.9497499999998    1
2023-11-01 00:01:12    2023-11-01 00:01:14    -0.1    1
2023-11-01 00:13:14    2023-11-01 00:13:16    null    1
select _wstart, _wend, sum(col3), count(col4) from temporary02 where ts >= '2023-11-01 00:00:01.000' and ts <= '2023-11-01 00:13:14.000' interval(ts, 1, minute);
_wstart    _wend    sum(col3)    count(col4)
2023-11-01 00:00:00    2023-11-01 00:01:00    516674.7964434    7
2023-11-01 00:01:00    2023-11-01 00:02:00    328903.32334    1
2023-11-01 00:13:00    2023-11-01 00:14:00    392432.4324    1
select _wstart, _wend, sum(col3), count(col4) from temporary02 where ts >= '2023-11-01 00:00:01.000' and ts <= '2023-11-01 00:13:14.000' interval(ts, 60, second);
_wstart    _wend    sum(col3)    count(col4)
2023-11-01 00:00:00    2023-11-01 00:01:00    516674.7964434    7
2023-11-01 00:01:00    2023-11-01 00:02:00    328903.32334    1
2023-11-01 00:13:00    2023-11-01 00:14:00    392432.4324    1
select _wstart, _wend, sum(col3), count(col4) from temporary02 where ts >= '2023-11-01 00:00:01.000' and ts <= '2023-11-01 00:13:14.000' interval(ts, 5, second) sliding(4, second) fill(value, 2190);
_wstart    _wend    sum(col3)    count(col4)
2023-11-01 00:00:00    2023-11-01 00:00:05    70533.58902    1
2023-11-01 00:00:04    2023-11-01 00:00:09    442468.54442339996    4
2023-11-01 00:00:08    2023-11-01 00:00:13    382.343    3
2023-11-01 00:00:12    2023-11-01 00:00:17    2190.0    1
2023-11-01 00:01:12    2023-11-01 00:01:17    328903.32334    1
2023-11-01 00:13:12    2023-11-01 00:13:17    392432.4324    1
drop table temporary02;
drop table if exists external01;
create external table external01(ts timestamp primary key,col1 tinyint default null,col2 smallint default null,col3 int default null,col4 bigint default null,col5 tinyint unsigned default null,col6 smallint unsigned default null,col7 int unsigned default null,col8 bigint unsigned default null,col9 float default null,col10 double default null)infile{"filepath"='$resources/external_table_file/time_window.csv'} fields terminated by ',' enclosed by '\"' lines terminated by '\n';
select _wstart, _wend, max(col2), min(col3), avg(col4) from external01 where ts >= '2014-01-01 00:01:17' and ts <= '2014-01-01 00:14:58' interval(ts, 3, minute);
_wstart    _wend    max(col2)    min(col3)    avg(col4)
2014-01-01 00:00:00    2014-01-01 00:03:00    20830    -563708311    7.5995421344092E17
2014-01-01 00:03:00    2014-01-01 00:06:00    31411    -1952462290    -3.2704837977826857E18
2014-01-01 00:12:00    2014-01-01 00:15:00    22609    -1679063036    3.1372962123550147E18
select _wstart, _wend, count(col2), sum(col6), avg(col7) from external01 where ts >= '2014-01-01 00:01:17' and ts <= '2014-01-01 00:14:58' interval(ts, 10, minute) sliding(5,minute);
_wstart    _wend    count(col2)    sum(col6)    avg(col7)
2014-01-01 00:00:00    2014-01-01 00:10:00    6    305259    2.183710815E9
2014-01-01 00:05:00    2014-01-01 00:15:00    5    214104    2.759324657E9
2014-01-01 00:10:00    2014-01-01 00:20:00    4    154055    2.87065871975E9
select _wstart, _wend, count(col2), sum(col10) from external01 where ts >= '2014-01-01 00:01:17' and ts <= '2014-01-01 00:14:58' interval(ts, 15, minute) sliding(10,minute);
_wstart    _wend    count(col2)    sum(col10)
2014-01-01 00:00:00    2014-01-01 00:15:00    10    48.22709999999999
2014-01-01 00:10:00    2014-01-01 00:25:00    4    16.676199999999998
select _wstart, _wend, count(col2), sum(col10) from external01 where ts >= '2014-01-01 00:01:17' and ts <= '2014-01-01 00:14:58' interval(ts, 15, minute) sliding(10,minute) fill(value,1000);
_wstart    _wend    count(col2)    sum(col10)
2014-01-01 00:00:00    2014-01-01 00:15:00    10    48.22709999999999
2014-01-01 00:10:00    2014-01-01 00:25:00    4    16.676199999999998
drop table external01;
drop database time_window;
