drop table if exists t1;
create table t1 (a int, b datetime);
insert into t1 values(1, '2020-11-11'), (2, '2020-11-12'), (3, '2020-11-13');
select sum(a) over(partition by a order by b range between interval 1 day preceding and interval 2 day following) from t1;
sum(a) over (partition by a order by b range between interval(1, day) preceding and interval(2, day) following)
1
2
3
drop table if exists t1;
create table t1 (a int, b date);
insert into t1 values(1, '2020-11-11'), (2, '2020-11-12'), (3, '2020-11-13'), (1, '2020-11-11'), (2, '2020-11-12'), (3, '2020-11-13'), (1, '2020-11-11'), (2, '2020-11-12'), (3, '2020-11-13');
select max(a) over(order by b range between interval 1 day preceding and interval 2 day following) from t1;
max(a) over (order by b range between interval(1, day) preceding and interval(2, day) following)
3
3
3
3
3
3
3
3
3
drop table if exists t1;
create table t1 (a int, b time);
insert into t1 values(1, 112233), (2, 122233), (3, 132233), (1, 112233), (2, 122233), (3, 132233), (1, 112233), (2, 122233), (3, 132233);
select min(a) over(order by b range between interval 1 hour preceding and current row) from t1;
min(a) over (order by b range between interval(1, hour) preceding and current row)
1
1
1
1
1
1
2
2
2
drop table if exists t1;
create table t1 (a int, b timestamp);
insert into t1 values(1, '2020-11-11'), (2, '2020-11-12'), (3, '2020-11-13'), (1, '2020-11-11'), (2, '2020-11-12'), (3, '2020-11-13'), (1, '2020-11-11'), (2, '2020-11-12'), (3, '2020-11-13');
select count(*) over(order by b range current row) from t1;
count(*) over (order by b range current row)
3
3
3
3
3
3
3
3
3
drop table if exists t1;
create table t1 (a int, b int, c int);
insert into t1 values(1, 2, 1), (3, 4, 2), (5, 6, 3), (7, 8, 4), (3, 4, 5), (3, 4, 6), (3, 4, 7);
select a, rank() over (partition by a) from t1 group by a, c;
a    rank() over (partition by a)
1    1
3    1
3    1
3    1
3    1
5    1
7    1
select a, c, rank() over (partition by a order by c) from t1 group by a, c;
a    c    rank() over (partition by a order by c)
1    1    1
3    2    1
3    5    2
3    6    3
3    7    4
5    3    1
7    4    1
select a, c, rank() over (partition by a order by c) from t1 group by a, c;
a    c    rank() over (partition by a order by c)
1    1    1
3    2    1
3    5    2
3    6    3
3    7    4
5    3    1
7    4    1
select a, c, b, rank() over (partition by a, c, b) from t1;
a    c    b    rank() over (partition by a, c, b)
1    1    2    1
3    2    4    1
3    5    4    1
3    6    4    1
3    7    4    1
5    3    6    1
7    4    8    1
select a,  b, rank() over (partition by a, b) from t1;
a    b    rank() over (partition by a, b)
1    2    1
3    4    1
3    4    1
3    4    1
3    4    1
5    6    1
7    8    1
select a, c, sum(a) over (), sum(c) over () from t1;
a    c    sum(a) over ()    sum(c) over ()
1    1    25    28
3    2    25    28
5    3    25    28
7    4    25    28
3    5    25    28
3    6    25    28
3    7    25    28
select a, c, sum(a) over (order by c), sum(c) over (order by a) from t1;
a    c    sum(a) over (order by c)    sum(c) over (order by a)
1    1    1    1
3    2    4    21
3    5    19    21
3    6    22    21
3    7    25    21
5    3    9    24
7    4    16    28
select a, sum(b), sum(sum(b)) over (partition by a), sum(sum(b)) over (partition by c) from t1 group by a, c;
a    sum(b)    sum(sum(b)) over (partition by a)    sum(sum(b)) over (partition by c)
1    2    2    2   
3    4    16    4   
5    6    6    6   
7    8    8    8   
3    4    16    4   
3    4    16    4   
3    4    16    4
select a, sum(b), rank() over (partition by a +1), rank() over (partition by c), c from t1 group by a, c;
a    sum(b)    rank() over (partition by a + 1)    rank() over (partition by c)    c
1    2    1    1    1
3    4    1    1    2
5    6    1    1    3
7    8    1    1    4
3    4    1    1    5
3    4    1    1    6
3    4    1    1    7
select a, sum(b), sum(sum(b))  over (partition by a) as o from t1 group by a, c;
a    sum(b)    o
1    2    2   
3    4    16  
3    4    16  
3    4    16  
3    4    16  
5    6    6   
7    8    8
select a, sum(b), cast(sum(sum(b))  over (partition by a+1 order by a+1 rows between 2  preceding and CURRENT row) as float) as o from t1 group by a, c;
a    sum(b)    o
1    2    2.0
3    4    4.0
3    4    8.0
3    4    12.0
3    4    12.0
5    6    6.0
7    8    8.0
select a, sum(b), sum(sum(b)) over (partition by a rows BETWEEN UNBOUNDED PRECEDING AND CURRENT ROW) from
t1 group by a, c;
a    sum(b)    sum(sum(b)) over (partition by a rows between unbounded preceding and current row)
1    2    2
3    4    4
3    4    8
3    4    12
3    4    16
5    6    6
7    8    8
select a, sum(a) over (partition by c order by b range BETWEEN 3 preceding and 4 following), c, b from t1;
a    sum(a) over (partition by c order by b range between 3 preceding and 4 following)    c    b
1    1    1    2
3    3    2    4
5    5    3    6
7    7    4    8
3    3    5    4
3    3    6    4
3    3    7    4
select a, sum(a) over (order by a) from t1;
a    sum(a) over (order by a)
1    1
3    13
3    13
3    13
3    13
5    18
7    25
select a, rank() over (partition by a) from t1;
a    rank() over (partition by a)
1    1
3    1
3    1
3    1
3    1
5    1
7    1
select a, rank() over () from t1;
a    rank() over ()
1    1
3    1
5    1
7    1
3    1
3    1
3    1
select a, sum(a) over (partition by a rows current row) from t1;
a    sum(a) over (partition by a rows current row)
1    1
3    3
3    3
3    3
3    3
5    5
7    7
select c, sum(c) over (order by c range between 1 preceding and 1 following) from t1;
c    sum(c) over (order by c range between 1 preceding and 1 following)
1    3
2    6
3    9
4    12
5    15
6    18
7    13
select c, sum(100) over (order by c range between 1 preceding and 1 following), a, b from t1;
c    sum(100) over (order by c range between 1 preceding and 1 following)    a    b
1    200    1    2
2    300    3    4
3    300    5    6
4    300    7    8
5    300    3    4
6    300    3    4
7    200    3    4
select c, sum(null) over (order by c range between 1 preceding and 1 following), a, b from t1;
c    sum(null) over (order by c range between 1 preceding and 1 following)    a    b
1    null    1    2
2    null    3    4
3    null    5    6
4    null    7    8
5    null    3    4
6    null    3    4
7    null    3    4
select a, b, c, rank() over (partition by a, b order by c) from t1;
a    b    c    rank() over (partition by a, b order by c)
1    2    1    1
3    4    2    1
3    4    5    2
3    4    6    3
3    4    7    4
5    6    3    1
7    8    4    1
select a, c, rank() over(partition by a order by c rows current row) from t1;
a    c    rank() over (partition by a order by c rows current row)
1    1    1
3    2    1
3    5    2
3    6    3
3    7    4
5    3    1
7    4    1
select a, row_number() over (partition by a) from t1 group by a, c;
a    row_number() over (partition by a)
1    1
3    1
3    2
3    3
3    4
5    1
7    1
select a, c, row_number() over (partition by a order by c) from t1 group by a, c;
a    c    row_number() over (partition by a order by c)
1    1    1
3    2    1
3    5    2
3    6    3
3    7    4
5    3    1
7    4    1
select a, c, row_number() over (partition by a order by c) from t1 group by a, c;
a    c    row_number() over (partition by a order by c)
1    1    1
3    2    1
3    5    2
3    6    3
3    7    4
5    3    1
7    4    1
select a, c, b, row_number() over (partition by a, c, b) from t1;
a    c    b    row_number() over (partition by a, c, b)
1    1    2    1
3    2    4    1
3    5    4    1
3    6    4    1
3    7    4    1
5    3    6    1
7    4    8    1
select a,  b, row_number() over (partition by a, b) from t1;
a    b    row_number() over (partition by a, b)
1    2    1
3    4    1
3    4    2
3    4    3
3    4    4
5    6    1
7    8    1
select a, sum(b), row_number() over (partition by a +1), row_number() over (partition by c), c from t1 group by a, c;
a    sum(b)    row_number() over (partition by a + 1)    row_number() over (partition by c)    c
1    2    1    1    1
3    4    1    1    2
5    6    1    1    3
7    8    1    1    4
3    4    2    1    5
3    4    3    1    6
3    4    4    1    7
select a, row_number() over (partition by a) from t1;
a    row_number() over (partition by a)
1    1
3    1
3    2
3    3
3    4
5    1
7    1
select a, row_number() over () from t1;
a    row_number() over ()
1    1
3    2
5    3
7    4
3    5
3    6
3    7
select a, b, c, row_number() over (partition by a, b order by c) from t1;
a    b    c    row_number() over (partition by a, b order by c)
1    2    1    1
3    4    2    1
3    4    5    2
3    4    6    3
3    4    7    4
5    6    3    1
7    8    4    1
select a, c, row_number() over(partition by a order by c rows current row) from t1;
a    c    row_number() over (partition by a order by c rows current row)
1    1    1
3    2    1
3    5    2
3    6    3
3    7    4
5    3    1
7    4    1
select a, dense_rank() over (partition by a) from t1 group by a, c;
a    dense_rank() over (partition by a)
1    1
3    1
3    1
3    1
3    1
5    1
7    1
select a, c, dense_rank() over (partition by a order by c) from t1 group by a, c;
a    c    dense_rank() over (partition by a order by c)
1    1    1
3    2    1
3    5    2
3    6    3
3    7    4
5    3    1
7    4    1
select a, c, dense_rank() over (partition by a order by c) from t1 group by a, c;
a    c    dense_rank() over (partition by a order by c)
1    1    1
3    2    1
3    5    2
3    6    3
3    7    4
5    3    1
7    4    1
select a, c, b, dense_rank() over (partition by a, c, b) from t1;
a    c    b    dense_rank() over (partition by a, c, b)
1    1    2    1
3    2    4    1
3    5    4    1
3    6    4    1
3    7    4    1
5    3    6    1
7    4    8    1
select a,  b, dense_rank() over (partition by a, b) from t1;
a    b    dense_rank() over (partition by a, b)
1    2    1
3    4    1
3    4    1
3    4    1
3    4    1
5    6    1
7    8    1
select a, sum(b), dense_rank() over (partition by a +1), dense_rank() over (partition by c), c from t1 group by a, c;
a    sum(b)    dense_rank() over (partition by a + 1)    dense_rank() over (partition by c)    c
1    2    1    1    1
3    4    1    1    2
5    6    1    1    3
7    8    1    1    4
3    4    1    1    5
3    4    1    1    6
3    4    1    1    7
select a, dense_rank() over (partition by a) from t1;
a    dense_rank() over (partition by a)
1    1
3    1
3    1
3    1
3    1
5    1
7    1
select a, dense_rank() over () from t1;
a    dense_rank() over ()
1    1
3    1
5    1
7    1
3    1
3    1
3    1
select a, b, c, dense_rank() over (partition by a, b order by c) from t1;
a    b    c    dense_rank() over (partition by a, b order by c)
1    2    1    1
3    4    2    1
3    4    5    2
3    4    6    3
3    4    7    4
5    6    3    1
7    8    4    1
select a, c, dense_rank() over(partition by a order by c rows current row) from t1;
a    c    dense_rank() over (partition by a order by c rows current row)
1    1    1
3    2    1
3    5    2
3    6    3
3    7    4
5    3    1
7    4    1
select a, c, rank() over(order by a), row_number() over(order by a), dense_rank() over(order by a) from t1;
a    c    rank() over (order by a)    row_number() over (order by a)    dense_rank() over (order by a)
1    1    1    1    1
3    2    2    2    2
3    5    2    3    2
3    6    2    4    2
3    7    2    5    2
5    3    6    6    3
7    4    7    7    4
drop table if exists t1;
create table t1 (a int, b decimal(7, 2));
insert into t1 values(1, 12.12), (2, 123.13), (3, 456.66), (4, 1111.34);
select a, sum(b) over (partition by a order by a) from t1;
a    sum(b) over (partition by a order by a)
1    12.12
2    123.13
3    456.66
4    1111.34