drop database if exists test01;
create database test01;
use test01;
create table tt(col2 float comment '"%$^&*()_+@!\'');
show create table tt;
Table    Create Table
tt    CREATE TABLE `tt` (\n`col2` FLOAT DEFAULT NULL COMMENT '"%$^&*()_+@!''\n)
drop table tt;
create table t1 (id int not null, str char(10),name varchar(10));
create table t2 (a int);
show tables;
tables_in_test01
t1
t2
show tables from test01;
tables_in_test01
t1
t2
show columns from t1;
Field    Type    Null    Key    Default    Extra    Comment
id    INT    NO        NULL
str    CHAR    YES        NULL
name    VARCHAR    YES        NULL
show full columns from t1;
Field    Type    Collation    Null    Key    Default    Extra    Privileges    Comment
id    INT    NULL    NO        NULL        select,insert,update,references
str    CHAR    NULL    YES        NULL        select,insert,update,references
name    VARCHAR    NULL    YES        NULL        select,insert,update,references
show full columns from t1 like '%';
Field    Type    Collation    Null    Key    Default    Extra    Privileges    Comment
id    INT    NULL    NO        NULL        select,insert,update,references
str    CHAR    NULL    YES        NULL        select,insert,update,references
name    VARCHAR    NULL    YES        NULL        select,insert,update,references
show full columns from t1 where `Field`='id';
Field    Type    Collation    Null    Key    Default    Extra    Privileges    Comment
id    INT    NULL    NO        NULL        select,insert,update,references
drop database if exists test01;
show charset;
Charset    Description    Default collation    Maxlen
drop database if exists test02;
create database test02;
use test02;
create table t1(a tinyint, b smallint, c int, d bigint);
create database test01;
use test01;
show columns from test02.t1;
Field    Type    Null    Key    Default    Comment
a    TINYINT    YES        NULL
b    SMALLINT    YES        NULL
c    INT    YES        NULL
d    BIGINT    YES        NULL
create database if not exists db11111111111;
show table status from db11111111111;
Name    Engine    Row_format    Rows    Avg_row_length    Data_length    Max_data_length    Index_length    Data_free    Auto_increment    Create_time    Update_time    Check_time    Collation    Checksum    Create_options    Comment
drop database db11111111111;
show variables where value = 'MatrixOne';
Variable_name    Value
version_comment    MatrixOne
show grants;
Grants for dump@localhost
GRANT create account ON account  `dump`@`localhost`
GRANT drop account ON account  `dump`@`localhost`
GRANT alter account ON account  `dump`@`localhost`
GRANT create user ON account  `dump`@`localhost`
GRANT drop user ON account  `dump`@`localhost`
GRANT alter user ON account  `dump`@`localhost`
GRANT create role ON account  `dump`@`localhost`
GRANT drop role ON account  `dump`@`localhost`
GRANT create database ON account  `dump`@`localhost`
GRANT drop database ON account  `dump`@`localhost`
GRANT show databases ON account  `dump`@`localhost`
GRANT connect ON account  `dump`@`localhost`
GRANT manage grants ON account  `dump`@`localhost`
GRANT account all ON account  `dump`@`localhost`
GRANT show tables ON database * `dump`@`localhost`
GRANT create table ON database * `dump`@`localhost`
GRANT drop table ON database * `dump`@`localhost`
GRANT alter table ON database * `dump`@`localhost`
GRANT create view ON database * `dump`@`localhost`
GRANT drop view ON database * `dump`@`localhost`
GRANT alter view ON database * `dump`@`localhost`
GRANT database all ON database * `dump`@`localhost`
GRANT database ownership ON database * `dump`@`localhost`
GRANT select ON table *.* `dump`@`localhost`
GRANT insert ON table *.* `dump`@`localhost`
GRANT replace ON table t `dump`@`localhost`
GRANT update ON table *.* `dump`@`localhost`
GRANT truncate ON table *.* `dump`@`localhost`
GRANT delete ON table *.* `dump`@`localhost`
GRANT reference ON table *.* `dump`@`localhost`
GRANT index ON table *.* `dump`@`localhost`
GRANT table all ON table *.* `dump`@`localhost`
GRANT table ownership ON table *.* `dump`@`localhost`
GRANT values ON table t `dump`@`localhost`
GRANT connect ON account  `dump`@`localhost`
show grants for 'root'@'localhost';
Grants for root@localhost
GRANT create account ON account  `root`@`localhost`
GRANT drop account ON account  `root`@`localhost`
GRANT alter account ON account  `root`@`localhost`
GRANT create user ON account  `root`@`localhost`
GRANT drop user ON account  `root`@`localhost`
GRANT alter user ON account  `root`@`localhost`
GRANT create role ON account  `root`@`localhost`
GRANT drop role ON account  `root`@`localhost`
GRANT create database ON account  `root`@`localhost`
GRANT drop database ON account  `root`@`localhost`
GRANT show databases ON account  `root`@`localhost`
GRANT connect ON account  `root`@`localhost`
GRANT manage grants ON account  `root`@`localhost`
GRANT account all ON account  `root`@`localhost`
GRANT show tables ON database * `root`@`localhost`
GRANT create table ON database * `root`@`localhost`
GRANT drop table ON database * `root`@`localhost`
GRANT alter table ON database * `root`@`localhost`
GRANT create view ON database * `root`@`localhost`
GRANT drop view ON database * `root`@`localhost`
GRANT alter view ON database * `root`@`localhost`
GRANT database all ON database * `root`@`localhost`
GRANT database ownership ON database * `root`@`localhost`
GRANT select ON table *.* `root`@`localhost`
GRANT insert ON table *.* `root`@`localhost`
GRANT replace ON table t `root`@`localhost`
GRANT update ON table *.* `root`@`localhost`
GRANT truncate ON table *.* `root`@`localhost`
GRANT delete ON table *.* `root`@`localhost`
GRANT reference ON table *.* `root`@`localhost`
GRANT index ON table *.* `root`@`localhost`
GRANT table all ON table *.* `root`@`localhost`
GRANT table ownership ON table *.* `root`@`localhost`
GRANT values ON table t `root`@`localhost`
GRANT connect ON account  `root`@`localhost`
show grants for 'test'@'localhost';
Grants for test@localhost
create role role1;
grant all on table *.* to role1;
grant create table, drop table on database *.* to role1;
create user user1 identified by 'pass1';
grant role1 to user1;
show grants for 'user1'@'localhost';
Grants for user1@localhost
GRANT connect ON account  `user1`@`localhost`
GRANT table all ON table *.* `user1`@`localhost`
GRANT create table ON database *.* `user1`@`localhost`
GRANT drop table ON database *.* `user1`@`localhost`
drop user user1;
drop role role1;
create database if not exists test03;
use test03;
drop view if exists v1;
drop table if exists t1;
create table t1(a int, b int);
insert into t1 values(1,1);
create view v1 as select * from t1;
show full tables;
tables_in_test03    table_type
t1    BASE TABLE
v1    VIEW
show full tables from test03;
tables_in_test03    table_type
t1    BASE TABLE
v1    VIEW
show full tables from `1;drop table t1;`;
invalid database 1;drop table t1;
show tables like `1;drop table t1;`;
invalid input: column 1;drop table t1; does not exist
show full tables from "1;drop table t1;";
SQL parser error: You have an error in your SQL syntax; check the manual that corresponds to your MatrixOne server version for the right syntax to use. syntax error at line 1 column 40 near " "1;drop table t1;";";
show create database `1;drop table t1;`;
invalid database 1;drop table t1;
show create table `1;drop table t1;`;
invalid database 1;drop table t1;
show columns from `1;drop table t1;`;
no such table test03.1;drop table t1;
show table status from `1;drop table t1;`;
invalid database 1;drop table t1;
show index from `1;drop table t1;`;
no such table test03.1;drop table t1;
show variables like `1;drop table t1;`;
Variable_name    Value
select * from t1;
a    b
1    1
show collation;
Collation    Charset    Id    Compiled    Sortlen
utf8mb4_bin    utf8mb4    46    Yes    1
show collation like '%';
Collation    Charset    Id    Compiled    Sortlen
utf8mb4_bin    utf8mb4    46    Yes    1
show collation where 'Charset'='utf8mb4';
Collation    Charset    Id    Compiled    Sortlen
utf8mb4_bin    utf8mb4    46    Yes    1
show variables like 'sql_safe_updates';
Variable_name    Value
sql_safe_updates    0
set sql_safe_updates=1;
show variables like 'sql_safe_updates';
Variable_name    Value
sql_safe_updates    1
set autocommit = on;
show variables like 'autocommit';
Variable_name    Value
autocommit    on
set autocommit = off;
show variables like 'autocommit';
Variable_name    Value
autocommit    off
set autocommit = 1;
show variables like 'autocommit';
Variable_name    Value
autocommit    on