CREATE DATABASE Company;
USE Company;
drop table if exists Departments;
CREATE TABLE Departments (
DepartmentID INT AUTO_INCREMENT PRIMARY KEY,
Name VARCHAR(100) NOT NULL,
ManagerID INT NULL
);
drop table if exists Employees;
CREATE TABLE Employees (
EmployeeID INT AUTO_INCREMENT PRIMARY KEY,
FirstName VARCHAR(100) NOT NULL,
LastName VARCHAR(100) NOT NULL,
BirthDate DATE NULL,
DepartmentID INT NULL,
FOREIGN KEY (DepartmentID) REFERENCES Departments(DepartmentID)
);
drop table if exists Positions;
CREATE TABLE Positions (
PositionID INT AUTO_INCREMENT PRIMARY KEY,
Title VARCHAR(100) NOT NULL,
DepartmentID INT NULL,
FOREIGN KEY (DepartmentID) REFERENCES Departments(DepartmentID)
);
drop table if exists EmployeePositions;
CREATE TABLE EmployeePositions (
EmployeeID INT NOT NULL,
PositionID INT NOT NULL,
FOREIGN KEY (EmployeeID) REFERENCES Employees(EmployeeID),
FOREIGN KEY (PositionID) REFERENCES Positions(PositionID),
PRIMARY KEY (EmployeeID, PositionID)
);
drop table if exists Salaries;
CREATE TABLE Salaries (
SalaryID INT AUTO_INCREMENT PRIMARY KEY,
EmployeeID INT NOT NULL,
PositionID INT NOT NULL,
Salary DECIMAL(10, 2) NOT NULL,
FOREIGN KEY (EmployeeID) REFERENCES Employees(EmployeeID),
FOREIGN KEY (PositionID) REFERENCES Positions(PositionID)
);
drop table if exists Benefits;
CREATE TABLE Benefits (
BenefitID INT AUTO_INCREMENT PRIMARY KEY,
EmployeeID INT NOT NULL,
Benefit VARCHAR(100) NOT NULL,
FOREIGN KEY (EmployeeID) REFERENCES Employees(EmployeeID)
);
drop table if exists TimeOff;
CREATE TABLE TimeOff (
TimeOffID INT AUTO_INCREMENT PRIMARY KEY,
EmployeeID INT NOT NULL,
StartDate DATE NOT NULL,
EndDate DATE NOT NULL,
FOREIGN KEY (EmployeeID) REFERENCES Employees(EmployeeID)
);
drop table if exists PerformanceReviews;
CREATE TABLE PerformanceReviews (
PerformanceReviewID INT AUTO_INCREMENT PRIMARY KEY,
EmployeeID INT NOT NULL,
ReviewDate DATE NOT NULL,
ReviewerID INT NOT NULL,
FOREIGN KEY (EmployeeID) REFERENCES Employees(EmployeeID),
FOREIGN KEY (ReviewerID) REFERENCES Employees(EmployeeID)
);
INSERT INTO Departments (Name, ManagerID) VALUES ('Research and Development', NULL);
INSERT INTO Departments (Name, ManagerID) VALUES ('Human Resources', NULL);
INSERT INTO Departments (Name, ManagerID) VALUES ('Sales', NULL);
INSERT INTO Departments (Name, ManagerID) VALUES ('Marketing', NULL);
INSERT INTO Departments (Name, ManagerID) VALUES ('Finance', NULL);
INSERT INTO Departments (Name, ManagerID) VALUES ('Legal', NULL);
INSERT INTO Employees (FirstName, LastName, BirthDate, DepartmentID) VALUES ('John', 'Doe', '1980-01-01', 1);
INSERT INTO Employees (FirstName, LastName, BirthDate, DepartmentID) VALUES ('Jane', 'Smith', '1981-02-02', 2);
INSERT INTO Employees (FirstName, LastName, BirthDate, DepartmentID) VALUES ('Alice', 'Jones', '1982-03-03', 3);
INSERT INTO Employees (FirstName, LastName, BirthDate, DepartmentID) VALUES ('Bob', 'Brown', '1983-04-04', 4);
INSERT INTO Employees (FirstName, LastName, BirthDate, DepartmentID) VALUES ('Charlie', 'White', '1984-05-05', 5);
INSERT INTO Employees (FirstName, LastName, BirthDate, DepartmentID) VALUES ('David', 'Black', '1985-06-06', 6);
INSERT INTO Positions (Title, DepartmentID) VALUES ('Software Engineer', 1);
INSERT INTO Positions (Title, DepartmentID) VALUES ('HR Specialist', 2);
INSERT INTO Positions (Title, DepartmentID) VALUES ('Sales Associate', 3);
INSERT INTO Positions (Title, DepartmentID) VALUES ('Marketing Specialist', 4);
INSERT INTO Positions (Title, DepartmentID) VALUES ('Accountant', 5);
INSERT INTO Positions (Title, DepartmentID) VALUES ('Attorney', 6);
INSERT INTO EmployeePositions (EmployeeID, PositionID) VALUES (1, 1);
INSERT INTO EmployeePositions (EmployeeID, PositionID) VALUES (2, 2);
INSERT INTO EmployeePositions (EmployeeID, PositionID) VALUES (3, 3);
INSERT INTO EmployeePositions (EmployeeID, PositionID) VALUES (4, 4);
INSERT INTO EmployeePositions (EmployeeID, PositionID) VALUES (5, 5);
INSERT INTO EmployeePositions (EmployeeID, PositionID) VALUES (6, 6);
INSERT INTO Salaries (EmployeeID, PositionID, Salary) VALUES (1, 1, 100000.00);
INSERT INTO Salaries (EmployeeID, PositionID, Salary) VALUES (2, 2, 50000.00);
INSERT INTO Salaries (EmployeeID, PositionID, Salary) VALUES (3, 3, 60000.00);
INSERT INTO Salaries (EmployeeID, PositionID, Salary) VALUES (4, 4, 70000.00);
INSERT INTO Salaries (EmployeeID, PositionID, Salary) VALUES (5, 5, 80000.00);
INSERT INTO Salaries (EmployeeID, PositionID, Salary) VALUES (6, 6, 90000.00);
INSERT INTO Benefits (EmployeeID, Benefit) VALUES (1, 'Health Insurance');
INSERT INTO Benefits (EmployeeID, Benefit) VALUES (2, 'Dental Insurance');
INSERT INTO Benefits (EmployeeID, Benefit) VALUES (3, 'Vision Insurance');
INSERT INTO Benefits (EmployeeID, Benefit) VALUES (4, '401k');
INSERT INTO Benefits (EmployeeID, Benefit) VALUES (5, 'Stock Options');
INSERT INTO Benefits (EmployeeID, Benefit) VALUES (6, 'Paid Time Off');
INSERT INTO TimeOff (EmployeeID, StartDate, EndDate) VALUES (1, '2020-01-01', '2020-01-02');
INSERT INTO TimeOff (EmployeeID, StartDate, EndDate) VALUES (2, '2020-02-02', '2020-02-03');
INSERT INTO TimeOff (EmployeeID, StartDate, EndDate) VALUES (3, '2020-03-03', '2020-03-04');
INSERT INTO TimeOff (EmployeeID, StartDate, EndDate) VALUES (4, '2020-04-04', '2020-04-05');
INSERT INTO TimeOff (EmployeeID, StartDate, EndDate) VALUES (5, '2020-05-05', '2020-05-06');
INSERT INTO TimeOff (EmployeeID, StartDate, EndDate) VALUES (6, '2020-06-06', '2020-06-07');
INSERT INTO PerformanceReviews (EmployeeID, ReviewDate, ReviewerID) VALUES (1, '2020-01-01', 2);
INSERT INTO PerformanceReviews (EmployeeID, ReviewDate, ReviewerID) VALUES (2, '2020-02-02', 3);
INSERT INTO PerformanceReviews (EmployeeID, ReviewDate, ReviewerID) VALUES (3, '2020-03-03', 4);
INSERT INTO PerformanceReviews (EmployeeID, ReviewDate, ReviewerID) VALUES (4, '2020-04-04', 5);
INSERT INTO PerformanceReviews (EmployeeID, ReviewDate, ReviewerID) VALUES (5, '2020-05-05', 6);
INSERT INTO PerformanceReviews (EmployeeID, ReviewDate, ReviewerID) VALUES (6, '2020-06-06', 1);
select * from Departments;
departmentid    name    managerid
1    Research and Development    null
2    Human Resources    null
3    Sales    null
4    Marketing    null
5    Finance    null
6    Legal    null
select * from Employees;
employeeid    firstname    lastname    birthdate    departmentid
1    John    Doe    1980-01-01    1
2    Jane    Smith    1981-02-02    2
3    Alice    Jones    1982-03-03    3
4    Bob    Brown    1983-04-04    4
5    Charlie    White    1984-05-05    5
6    David    Black    1985-06-06    6
select * from Positions;
positionid    title    departmentid
1    Software Engineer    1
2    HR Specialist    2
3    Sales Associate    3
4    Marketing Specialist    4
5    Accountant    5
6    Attorney    6
select * from EmployeePositions;
employeeid    positionid
1    1
2    2
3    3
4    4
5    5
6    6
select * from Salaries;
salaryid    employeeid    positionid    salary
1    1    1    100000.00
2    2    2    50000.00
3    3    3    60000.00
4    4    4    70000.00
5    5    5    80000.00
6    6    6    90000.00
select * from Benefits;
benefitid    employeeid    benefit
1    1    Health Insurance
2    2    Dental Insurance
3    3    Vision Insurance
4    4    401k
5    5    Stock Options
6    6    Paid Time Off
select * from TimeOff;
timeoffid    employeeid    startdate    enddate
1    1    2020-01-01    2020-01-02
2    2    2020-02-02    2020-02-03
3    3    2020-03-03    2020-03-04
4    4    2020-04-04    2020-04-05
5    5    2020-05-05    2020-05-06
6    6    2020-06-06    2020-06-07
select * from PerformanceReviews;
performancereviewid    employeeid    reviewdate    reviewerid
1    1    2020-01-01    2
2    2    2020-02-02    3
3    3    2020-03-03    4
4    4    2020-04-04    5
5    5    2020-05-05    6
6    6    2020-06-06    1
drop snapshot if exists sys_sp;
show snapshots;
SNAPSHOT_NAME    TIMESTAMP    SNAPSHOT_LEVEL    ACCOUNT_NAME    DATABASE_NAME    TABLE_NAME
create snapshot sys_sp for account sys;
show snapshots;
SNAPSHOT_NAME    TIMESTAMP    SNAPSHOT_LEVEL    ACCOUNT_NAME    DATABASE_NAME    TABLE_NAME
sys_sp    2024-08-21 09:09:41.024335    account    sys        
drop database Company;
select * from Company.Departments;
invalid database company
select * from Company.Employees;
invalid database company
select * from Company.Positions;
invalid database company
select * from Company.EmployeePositions;
invalid database company
select * from Company.Salaries;
invalid database company
select * from Company.Benefits;
invalid database company
select * from Company.TimeOff;
invalid database company
select * from Company.PerformanceReviews;
invalid database company
restore account sys database Company table Departments from snapshot sys_sp;
restore account sys database Company table Employees from snapshot sys_sp;
restore account sys database Company table Positions from snapshot sys_sp;
restore account sys database Company table EmployeePositions from snapshot sys_sp;
restore account sys database Company table Salaries from snapshot sys_sp;
restore account sys database Company table Benefits from snapshot sys_sp;
restore account sys database Company table TimeOff from snapshot sys_sp;
restore account sys database Company table PerformanceReviews from snapshot sys_sp;
select * from Company.Departments;
departmentid    name    managerid
1    Research and Development    null
2    Human Resources    null
3    Sales    null
4    Marketing    null
5    Finance    null
6    Legal    null
select * from Company.Employees;
employeeid    firstname    lastname    birthdate    departmentid
1    John    Doe    1980-01-01    1
2    Jane    Smith    1981-02-02    2
3    Alice    Jones    1982-03-03    3
4    Bob    Brown    1983-04-04    4
5    Charlie    White    1984-05-05    5
6    David    Black    1985-06-06    6
select * from Company.Positions;
positionid    title    departmentid
1    Software Engineer    1
2    HR Specialist    2
3    Sales Associate    3
4    Marketing Specialist    4
5    Accountant    5
6    Attorney    6
select * from Company.EmployeePositions;
employeeid    positionid
1    1
2    2
3    3
4    4
5    5
6    6
select * from Company.Salaries;
salaryid    employeeid    positionid    salary
1    1    1    100000.00
2    2    2    50000.00
3    3    3    60000.00
4    4    4    70000.00
5    5    5    80000.00
6    6    6    90000.00
select * from Company.Benefits;
benefitid    employeeid    benefit
1    1    Health Insurance
2    2    Dental Insurance
3    3    Vision Insurance
4    4    401k
5    5    Stock Options
6    6    Paid Time Off
select * from Company.TimeOff;
timeoffid    employeeid    startdate    enddate
1    1    2020-01-01    2020-01-02
2    2    2020-02-02    2020-02-03
3    3    2020-03-03    2020-03-04
4    4    2020-04-04    2020-04-05
5    5    2020-05-05    2020-05-06
6    6    2020-06-06    2020-06-07
select * from Company.PerformanceReviews;
performancereviewid    employeeid    reviewdate    reviewerid
1    1    2020-01-01    2
2    2    2020-02-02    3
3    3    2020-03-03    4
4    4    2020-04-04    5
5    5    2020-05-05    6
6    6    2020-06-06    1
drop database if exists Company;
restore account sys database Company table Departments from snapshot sys_sp;
select * from Company.Departments;
departmentid    name    managerid
1    Research and Development    null
2    Human Resources    null
3    Sales    null
4    Marketing    null
5    Finance    null
6    Legal    null
drop database if exists Company;
restore account sys database Company table Employees from snapshot sys_sp;
select * from Company.Employees;
SQL parser error: table "employees" does not exist
drop database if exists Company;
restore account sys database Company table Positions from snapshot sys_sp;
select * from Company.Positions;
SQL parser error: table "positions" does not exist
drop database if exists Company;
restore account sys database Company table EmployeePositions from snapshot sys_sp;
select * from Company.EmployeePositions;
SQL parser error: table "employeepositions" does not exist
drop database if exists Company;
restore account sys database Company table Salaries from snapshot sys_sp;
select * from Company.Salaries;
SQL parser error: table "salaries" does not exist
drop database if exists Company;
restore account sys database Company table Benefits from snapshot sys_sp;
select * from Company.Benefits;
SQL parser error: table "benefits" does not exist
drop database if exists Company;
restore account sys database Company table TimeOff from snapshot sys_sp;
select * from Company.TimeOff;
SQL parser error: table "timeoff" does not exist
drop database if exists Company;
restore account sys database Company table PerformanceReviews from snapshot sys_sp;
drop snapshot if exists sys_sp;
show snapshots;
SNAPSHOT_NAME    TIMESTAMP    SNAPSHOT_LEVEL    ACCOUNT_NAME    DATABASE_NAME    TABLE_NAME
drop database Company;
drop DATABASE if exists Company;
CREATE DATABASE Company;
USE Company;
drop table if exists Departments;
CREATE TABLE Departments (
DepartmentID INT AUTO_INCREMENT PRIMARY KEY,
Name VARCHAR(100) NOT NULL,
ManagerID INT NULL
);
drop table if exists Employees;
CREATE TABLE Employees (
EmployeeID INT AUTO_INCREMENT PRIMARY KEY,
FirstName VARCHAR(100) NOT NULL,
LastName VARCHAR(100) NOT NULL,
BirthDate DATE NULL,
DepartmentID INT NULL,
FOREIGN KEY (DepartmentID) REFERENCES Departments(DepartmentID)
);
drop table if exists Positions;
CREATE TABLE Positions (
PositionID INT AUTO_INCREMENT PRIMARY KEY,
Title VARCHAR(100) NOT NULL,
DepartmentID INT NULL,
FOREIGN KEY (DepartmentID) REFERENCES Departments(DepartmentID)
);
drop table if exists EmployeePositions;
CREATE TABLE EmployeePositions (
EmployeeID INT NOT NULL,
PositionID INT NOT NULL,
FOREIGN KEY (EmployeeID) REFERENCES Employees(EmployeeID),
FOREIGN KEY (PositionID) REFERENCES Positions(PositionID),
PRIMARY KEY (EmployeeID, PositionID)
);
drop table if exists Salaries;
CREATE TABLE Salaries (
SalaryID INT AUTO_INCREMENT PRIMARY KEY,
EmployeeID INT NOT NULL,
PositionID INT NOT NULL,
Salary DECIMAL(10, 2) NOT NULL,
FOREIGN KEY (EmployeeID) REFERENCES Employees(EmployeeID),
FOREIGN KEY (PositionID) REFERENCES Positions(PositionID)
);
drop table if exists Benefits;
CREATE TABLE Benefits (
BenefitID INT AUTO_INCREMENT PRIMARY KEY,
EmployeeID INT NOT NULL,
Benefit VARCHAR(100) NOT NULL,
FOREIGN KEY (EmployeeID) REFERENCES Employees(EmployeeID)
);
drop table if exists TimeOff;
CREATE TABLE TimeOff (
TimeOffID INT AUTO_INCREMENT PRIMARY KEY,
EmployeeID INT NOT NULL,
StartDate DATE NOT NULL,
EndDate DATE NOT NULL,
FOREIGN KEY (EmployeeID) REFERENCES Employees(EmployeeID)
);
drop table if exists PerformanceReviews;
CREATE TABLE PerformanceReviews (
PerformanceReviewID INT AUTO_INCREMENT PRIMARY KEY,
EmployeeID INT NOT NULL,
ReviewDate DATE NOT NULL,
ReviewerID INT NOT NULL,
FOREIGN KEY (EmployeeID) REFERENCES Employees(EmployeeID),
FOREIGN KEY (ReviewerID) REFERENCES Employees(EmployeeID)
);
INSERT INTO Departments (Name, ManagerID) VALUES ('Research and Development', NULL);
INSERT INTO Departments (Name, ManagerID) VALUES ('Human Resources', NULL);
INSERT INTO Departments (Name, ManagerID) VALUES ('Sales', NULL);
INSERT INTO Departments (Name, ManagerID) VALUES ('Marketing', NULL);
INSERT INTO Departments (Name, ManagerID) VALUES ('Finance', NULL);
INSERT INTO Departments (Name, ManagerID) VALUES ('Legal', NULL);
INSERT INTO Employees (FirstName, LastName, BirthDate, DepartmentID) VALUES ('John', 'Doe', '1980-01-01', 1);
INSERT INTO Employees (FirstName, LastName, BirthDate, DepartmentID) VALUES ('Jane', 'Smith', '1981-02-02', 2);
INSERT INTO Employees (FirstName, LastName, BirthDate, DepartmentID) VALUES ('Alice', 'Jones', '1982-03-03', 3);
INSERT INTO Employees (FirstName, LastName, BirthDate, DepartmentID) VALUES ('Bob', 'Brown', '1983-04-04', 4);
INSERT INTO Employees (FirstName, LastName, BirthDate, DepartmentID) VALUES ('Charlie', 'White', '1984-05-05', 5);
INSERT INTO Employees (FirstName, LastName, BirthDate, DepartmentID) VALUES ('David', 'Black', '1985-06-06', 6);
INSERT INTO Positions (Title, DepartmentID) VALUES ('Software Engineer', 1);
INSERT INTO Positions (Title, DepartmentID) VALUES ('HR Specialist', 2);
INSERT INTO Positions (Title, DepartmentID) VALUES ('Sales Associate', 3);
INSERT INTO Positions (Title, DepartmentID) VALUES ('Marketing Specialist', 4);
INSERT INTO Positions (Title, DepartmentID) VALUES ('Accountant', 5);
INSERT INTO Positions (Title, DepartmentID) VALUES ('Attorney', 6);
INSERT INTO EmployeePositions (EmployeeID, PositionID) VALUES (1, 1);
INSERT INTO EmployeePositions (EmployeeID, PositionID) VALUES (2, 2);
INSERT INTO EmployeePositions (EmployeeID, PositionID) VALUES (3, 3);
INSERT INTO EmployeePositions (EmployeeID, PositionID) VALUES (4, 4);
INSERT INTO EmployeePositions (EmployeeID, PositionID) VALUES (5, 5);
INSERT INTO EmployeePositions (EmployeeID, PositionID) VALUES (6, 6);
INSERT INTO Salaries (EmployeeID, PositionID, Salary) VALUES (1, 1, 100000.00);
INSERT INTO Salaries (EmployeeID, PositionID, Salary) VALUES (2, 2, 50000.00);
INSERT INTO Salaries (EmployeeID, PositionID, Salary) VALUES (3, 3, 60000.00);
INSERT INTO Salaries (EmployeeID, PositionID, Salary) VALUES (4, 4, 70000.00);
INSERT INTO Salaries (EmployeeID, PositionID, Salary) VALUES (5, 5, 80000.00);
INSERT INTO Salaries (EmployeeID, PositionID, Salary) VALUES (6, 6, 90000.00);
INSERT INTO Benefits (EmployeeID, Benefit) VALUES (1, 'Health Insurance');
INSERT INTO Benefits (EmployeeID, Benefit) VALUES (2, 'Dental Insurance');
INSERT INTO Benefits (EmployeeID, Benefit) VALUES (3, 'Vision Insurance');
INSERT INTO Benefits (EmployeeID, Benefit) VALUES (4, '401k');
INSERT INTO Benefits (EmployeeID, Benefit) VALUES (5, 'Stock Options');
INSERT INTO Benefits (EmployeeID, Benefit) VALUES (6, 'Paid Time Off');
INSERT INTO TimeOff (EmployeeID, StartDate, EndDate) VALUES (1, '2020-01-01', '2020-01-02');
INSERT INTO TimeOff (EmployeeID, StartDate, EndDate) VALUES (2, '2020-02-02', '2020-02-03');
INSERT INTO TimeOff (EmployeeID, StartDate, EndDate) VALUES (3, '2020-03-03', '2020-03-04');
INSERT INTO TimeOff (EmployeeID, StartDate, EndDate) VALUES (4, '2020-04-04', '2020-04-05');
INSERT INTO TimeOff (EmployeeID, StartDate, EndDate) VALUES (5, '2020-05-05', '2020-05-06');
INSERT INTO TimeOff (EmployeeID, StartDate, EndDate) VALUES (6, '2020-06-06', '2020-06-07');
INSERT INTO PerformanceReviews (EmployeeID, ReviewDate, ReviewerID) VALUES (1, '2020-01-01', 2);
INSERT INTO PerformanceReviews (EmployeeID, ReviewDate, ReviewerID) VALUES (2, '2020-02-02', 3);
INSERT INTO PerformanceReviews (EmployeeID, ReviewDate, ReviewerID) VALUES (3, '2020-03-03', 4);
INSERT INTO PerformanceReviews (EmployeeID, ReviewDate, ReviewerID) VALUES (4, '2020-04-04', 5);
INSERT INTO PerformanceReviews (EmployeeID, ReviewDate, ReviewerID) VALUES (5, '2020-05-05', 6);
INSERT INTO PerformanceReviews (EmployeeID, ReviewDate, ReviewerID) VALUES (6, '2020-06-06', 1);
select * from Departments;
departmentid    name    managerid
1    Research and Development    null
2    Human Resources    null
3    Sales    null
4    Marketing    null
5    Finance    null
6    Legal    null
select * from Employees;
employeeid    firstname    lastname    birthdate    departmentid
1    John    Doe    1980-01-01    1
2    Jane    Smith    1981-02-02    2
3    Alice    Jones    1982-03-03    3
4    Bob    Brown    1983-04-04    4
5    Charlie    White    1984-05-05    5
6    David    Black    1985-06-06    6
select * from Positions;
positionid    title    departmentid
1    Software Engineer    1
2    HR Specialist    2
3    Sales Associate    3
4    Marketing Specialist    4
5    Accountant    5
6    Attorney    6
select * from EmployeePositions;
employeeid    positionid
1    1
2    2
3    3
4    4
5    5
6    6
select * from Salaries;
salaryid    employeeid    positionid    salary
1    1    1    100000.00
2    2    2    50000.00
3    3    3    60000.00
4    4    4    70000.00
5    5    5    80000.00
6    6    6    90000.00
select * from Benefits;
benefitid    employeeid    benefit
1    1    Health Insurance
2    2    Dental Insurance
3    3    Vision Insurance
4    4    401k
5    5    Stock Options
6    6    Paid Time Off
select * from TimeOff;
timeoffid    employeeid    startdate    enddate
1    1    2020-01-01    2020-01-02
2    2    2020-02-02    2020-02-03
3    3    2020-03-03    2020-03-04
4    4    2020-04-04    2020-04-05
5    5    2020-05-05    2020-05-06
6    6    2020-06-06    2020-06-07
select * from PerformanceReviews;
performancereviewid    employeeid    reviewdate    reviewerid
1    1    2020-01-01    2
2    2    2020-02-02    3
3    3    2020-03-03    4
4    4    2020-04-04    5
5    5    2020-05-05    6
6    6    2020-06-06    1
drop DATABASE if exists Payroll;
CREATE DATABASE Payroll;
USE Payroll;
drop table if exists Salaries;
CREATE TABLE Salaries (
EmployeeID INT,
MonthlySalary DECIMAL(10, 2),
FOREIGN KEY (EmployeeID) REFERENCES Company.Employees(EmployeeID),
PRIMARY KEY (EmployeeID)
);
drop table if exists ProjectBonuses;
CREATE TABLE ProjectBonuses (
ProjectID INT,
EmployeeID INT,
Bonus DECIMAL(10, 2),
FOREIGN KEY (ProjectID) REFERENCES Projects.Projects(ProjectID),
FOREIGN KEY (EmployeeID) REFERENCES Company.Employees(EmployeeID),
PRIMARY KEY (ProjectID, EmployeeID)
);
no such table payroll.projects
drop table if exists DepartmentBudgets;
CREATE TABLE DepartmentBudgets (
DepartmentID INT,
Budget DECIMAL(15, 2),
FOREIGN KEY (DepartmentID) REFERENCES Company.Departments(DepartmentID),
PRIMARY KEY (DepartmentID)
);
INSERT INTO Salaries (EmployeeID, MonthlySalary) VALUES (1, 10000.00);
INSERT INTO Salaries (EmployeeID, MonthlySalary) VALUES (2, 20000.00);
INSERT INTO Salaries (EmployeeID, MonthlySalary) VALUES (3, 30000.00);
INSERT INTO Salaries (EmployeeID, MonthlySalary) VALUES (4, 40000.00);
INSERT INTO Salaries (EmployeeID, MonthlySalary) VALUES (5, 50000.00);
INSERT INTO Salaries (EmployeeID, MonthlySalary) VALUES (6, 60000.00);
INSERT INTO ProjectBonuses (ProjectID, EmployeeID, Bonus) VALUES (1, 1, 1000.00);
no such table payroll.projectbonuses
INSERT INTO ProjectBonuses (ProjectID, EmployeeID, Bonus) VALUES (2, 2, 2000.00);
no such table payroll.projectbonuses
INSERT INTO ProjectBonuses (ProjectID, EmployeeID, Bonus) VALUES (3, 3, 3000.00);
no such table payroll.projectbonuses
INSERT INTO ProjectBonuses (ProjectID, EmployeeID, Bonus) VALUES (4, 4, 4000.00);
no such table payroll.projectbonuses
INSERT INTO ProjectBonuses (ProjectID, EmployeeID, Bonus) VALUES (5, 5, 5000.00);
no such table payroll.projectbonuses
INSERT INTO ProjectBonuses (ProjectID, EmployeeID, Bonus) VALUES (6, 6, 6000.00);
no such table payroll.projectbonuses
INSERT INTO DepartmentBudgets (DepartmentID, Budget) VALUES (1, 100000.00);
INSERT INTO DepartmentBudgets (DepartmentID, Budget) VALUES (2, 200000.00);
INSERT INTO DepartmentBudgets (DepartmentID, Budget) VALUES (3, 300000.00);
INSERT INTO DepartmentBudgets (DepartmentID, Budget) VALUES (4, 400000.00);
INSERT INTO DepartmentBudgets (DepartmentID, Budget) VALUES (5, 500000.00);
INSERT INTO DepartmentBudgets (DepartmentID, Budget) VALUES (6, 600000.00);
select * from Salaries;
employeeid    monthlysalary
1    10000.00
2    20000.00
3    30000.00
4    40000.00
5    50000.00
6    60000.00
select * from ProjectBonuses;
SQL parser error: table "projectbonuses" does not exist
select * from DepartmentBudgets;
departmentid    budget
1    100000.00
2    200000.00
3    300000.00
4    400000.00
5    500000.00
6    600000.00
drop snapshot if exists mater_sp;
show snapshots;
SNAPSHOT_NAME    TIMESTAMP    SNAPSHOT_LEVEL    ACCOUNT_NAME    DATABASE_NAME    TABLE_NAME
create snapshot mater_sp for account sys;
show snapshots;
SNAPSHOT_NAME    TIMESTAMP    SNAPSHOT_LEVEL    ACCOUNT_NAME    DATABASE_NAME    TABLE_NAME
mater_sp    2024-08-21 09:09:42.090605    account    sys        
drop database Payroll;
drop database Company;
drop database if exists Company;
restore account sys database Payroll table Salaries from snapshot mater_sp;
drop database if exists Company;
restore account sys database Payroll table ProjectBonuses from snapshot mater_sp;
internal error: table projectbonuses not exists at snapshot mater_sp
drop database if exists Company;
restore account sys database Payroll table DepartmentBudgets from snapshot mater_sp;
select * from Salaries;
not connect to a database
select * from ProjectBonuses;
not connect to a database
select * from DepartmentBudgets;
not connect to a database
drop snapshot if exists mater_sp;
show snapshots;
SNAPSHOT_NAME    TIMESTAMP    SNAPSHOT_LEVEL    ACCOUNT_NAME    DATABASE_NAME    TABLE_NAME
drop database if exists Payroll;
drop database if exists Company;
