drop account if exists acc01;
create account acc01 admin_name = 'test_account' identified by '111';
drop account if exists acc02;
create account acc02 admin_name = 'test_account' identified by '111';
drop account if exists acc03;
create account acc03 admin_name = 'test_account' identified by '111';
drop account if exists acc04;
create account acc04 admin_name = 'test_account' identified by '111';
drop database if exists db1;
create database db1;
use db1;
create table t1(a int);
insert into t1 values (1),(2),(3);
create publication pubname1 database db1 account acc01 comment 'publish db1 database';
show publications;
publication    database    tables    sub_account    subscribed_accounts    create_time    update_time    comments
pubname1    db1    *    acc01        2024-08-17 10:49:15    null    publish db1 database
show databases like 'db1';
Database
db1
create database sub_db1 from sys publication pubname1;
show databases like 'sub_db1';
Database
sub_db1
use sub_db1;
show tables;
Tables_in_sub_db1
t1
select * from t1;
a
1
2
3
drop database if exists db2;
create database if not exists db2;
use db2;
create table t2(a int);
insert into t2 values (1),(2),(3);
create publication pubname2 database db2 account acc02 comment 'publish db2 database';
show publications;
publication    database    tables    sub_account    subscribed_accounts    create_time    update_time    comments
pubname2    db2    *    acc02        2024-08-17 10:49:15    null    publish db2 database
show databases like 'db2';
Database
db2
create database sub_db2 from acc01 publication pubname2;
show databases like 'sub_db2';
Database
sub_db2
use sub_db2;
show tables;
Tables_in_sub_db2
t2
select * from t2;
a
1
2
3
drop database if exists db3;
create database if not exists db3;
use db3;
create table t3(a int);
insert into t3 values (1),(2),(3);
create publication pubname3 database db3 account acc03 comment 'publish db3 database';
show publications;
publication    database    tables    sub_account    subscribed_accounts    create_time    update_time    comments
pubname3    db3    *    acc03        2024-08-17 10:49:15    null    publish db3 database
show databases like 'db3';
Database
db3
create database sub_db3 from acc02 publication pubname3;
show databases like 'sub_db3';
Database
sub_db3
use sub_db3;
show tables;
Tables_in_sub_db3
t3
select * from t3;
a
1
2
3
drop database if exists db4;
create database if not exists db4;
use db4;
create table t4(a int);
insert into t4 values (1),(2),(3);
create publication pubname4 database db4 account acc04 comment 'publish db4 database';
show publications;
publication    database    tables    sub_account    subscribed_accounts    create_time    update_time    comments
pubname4    db4    *    acc04        2024-08-17 10:49:15    null    publish db4 database
show databases like 'db4';
Database
db4
create database sub_db4 from acc03 publication pubname4;
show databases like 'sub_db4';
Database
sub_db4
use sub_db4;
show tables;
Tables_in_sub_db4
t4
select * from t4;
a
1
2
3
drop database if exists db5;
create database if not exists db5;
use db5;
create table t5(a int);
insert into t5 values (1),(2),(3);
create publication pubname5 database db5 account sys comment 'publish db5 database';
show publications;
publication    database    tables    sub_account    subscribed_accounts    create_time    update_time    comments
pubname5    db5    *    sys        2024-08-17 10:49:15    null    publish db5 database
show databases like 'db5';
Database
db5
create database sub_db5 from acc04 publication pubname5;
show databases like 'sub_db5';
Database
sub_db5
use sub_db5;
show tables;
Tables_in_sub_db5
t5
select * from t5;
a
1
2
3
drop snapshot if exists cluster_sp;
show snapshots;
SNAPSHOT_NAME    TIMESTAMP    SNAPSHOT_LEVEL    ACCOUNT_NAME    DATABASE_NAME    TABLE_NAME
create snapshot cluster_sp for cluster;
show snapshots;
SNAPSHOT_NAME    TIMESTAMP    SNAPSHOT_LEVEL    ACCOUNT_NAME    DATABASE_NAME    TABLE_NAME
cluster_sp    2024-08-17 02:49:15.75135    cluster            
drop publication if exists pubname1;
drop database if exists db1;
show publications;
publication    database    tables    sub_account    subscribed_accounts    create_time    update_time    comments
show databases like 'db1';
Database
drop database if exists sub_db5;
show databases like 'sub_db5';
Database
drop publication if exists pubname2;
drop database if exists db2;
show publications;
publication    database    tables    sub_account    subscribed_accounts    create_time    update_time    comments
show databases like 'db2';
Database
drop database if exists sub_db1;
show databases like 'sub_db1';
Database
drop publication if exists pubname3;
drop database if exists db3;
show publications;
publication    database    tables    sub_account    subscribed_accounts    create_time    update_time    comments
show databases like 'db3';
Database
drop database if exists sub_db2;
show databases like 'sub_db2';
Database
drop publication if exists pubname4;
drop database if exists db4;
show publications;
publication    database    tables    sub_account    subscribed_accounts    create_time    update_time    comments
show databases like 'db4';
Database
drop database if exists sub_db3;
show databases like 'sub_db3';
Database
drop publication if exists pubname5;
drop database if exists db5;
show publications;
publication    database    tables    sub_account    subscribed_accounts    create_time    update_time    comments
show databases like 'db5';
Database
drop database if exists sub_db4;
show databases like 'sub_db4';
Database
restore cluster from snapshot cluster_sp;
show publications;
publication    database    tables    sub_account    subscribed_accounts    create_time    update_time    comments
pubname1    db1    *    acc01    acc01    2024-08-17 10:49:15    null    publish db1 database
show databases like 'db1';
Database
db1
show databases like 'sub_db5';
Database
sub_db5
select * from sub_db5.t5;
a
1
2
3
show publications;
publication    database    tables    sub_account    subscribed_accounts    create_time    update_time    comments
pubname2    db2    *    acc02    acc02    2024-08-17 10:49:16    null    publish db2 database
show databases like 'db2';
Database
db2
show databases like 'sub_db1';
Database
sub_db1
select * from sub_db1.t1;
a
1
2
3
show publications;
publication    database    tables    sub_account    subscribed_accounts    create_time    update_time    comments
pubname3    db3    *    acc03    acc03    2024-08-17 10:49:17    null    publish db3 database
show databases like 'db3';
Database
db3
show databases like 'sub_db2';
Database
sub_db2
select * from sub_db2.t2;
a
1
2
3
show publications;
publication    database    tables    sub_account    subscribed_accounts    create_time    update_time    comments
pubname4    db4    *    acc04    acc04    2024-08-17 10:49:17    null    publish db4 database
show databases like 'db4';
Database
db4
show databases like 'sub_db3';
Database
sub_db3
select * from sub_db3.t3;
a
1
2
3
show publications;
publication    database    tables    sub_account    subscribed_accounts    create_time    update_time    comments
pubname5    db5    *    sys    sys    2024-08-17 10:49:19    null    publish db5 database
show databases like 'db5';
Database
db5
show databases like 'sub_db4';
Database
sub_db4
select * from sub_db4.t4;
a
1
2
3
drop snapshot if exists cluster_sp;
show snapshots;
SNAPSHOT_NAME    TIMESTAMP    SNAPSHOT_LEVEL    ACCOUNT_NAME    DATABASE_NAME    TABLE_NAME
drop database if exists sub_db5;
drop publication if exists pubname1;
show publications;
publication    database    tables    sub_account    subscribed_accounts    create_time    update_time    comments
drop database if exists db1;
drop publication if exists pubname2;
show publications;
publication    database    tables    sub_account    subscribed_accounts    create_time    update_time    comments
drop database if exists db2;
drop publication if exists pubname3;
show publications;
publication    database    tables    sub_account    subscribed_accounts    create_time    update_time    comments
drop database if exists db3;
drop publication if exists pubname4;
show publications;
publication    database    tables    sub_account    subscribed_accounts    create_time    update_time    comments
drop database if exists db4;
drop publication if exists pubname5;
show publications;
publication    database    tables    sub_account    subscribed_accounts    create_time    update_time    comments
drop database if exists db5;
drop account if exists acc01;
drop account if exists acc02;
drop account if exists acc03;
drop account if exists acc04;
