drop account if exists acc01;
create account acc01 admin_name = 'test_account' identified by '111';
drop account if exists acc02;
create account acc02 admin_name = 'test_account' identified by '111';
CREATE DATABASE Company;
USE Company;
drop table if exists Departments;
CREATE TABLE Departments (
DepartmentID INT AUTO_INCREMENT PRIMARY KEY,
Name VARCHAR(100) NOT NULL,
ManagerID INT NULL
);
drop table if exists Employees;
CREATE TABLE Employees (
EmployeeID INT AUTO_INCREMENT PRIMARY KEY,
FirstName VARCHAR(100) NOT NULL,
LastName VARCHAR(100) NOT NULL,
BirthDate DATE NULL,
DepartmentID INT NULL,
FOREIGN KEY (DepartmentID) REFERENCES Departments(DepartmentID)
);
drop table if exists Positions;
CREATE TABLE Positions (
PositionID INT AUTO_INCREMENT PRIMARY KEY,
Title VARCHAR(100) NOT NULL,
DepartmentID INT NULL,
FOREIGN KEY (DepartmentID) REFERENCES Departments(DepartmentID)
);
drop table if exists EmployeePositions;
CREATE TABLE EmployeePositions (
EmployeeID INT NOT NULL,
PositionID INT NOT NULL,
FOREIGN KEY (EmployeeID) REFERENCES Employees(EmployeeID),
FOREIGN KEY (PositionID) REFERENCES Positions(PositionID),
PRIMARY KEY (EmployeeID, PositionID)
);
drop table if exists Salaries;
CREATE TABLE Salaries (
SalaryID INT AUTO_INCREMENT PRIMARY KEY,
EmployeeID INT NOT NULL,
PositionID INT NOT NULL,
Salary DECIMAL(10, 2) NOT NULL,
FOREIGN KEY (EmployeeID) REFERENCES Employees(EmployeeID),
FOREIGN KEY (PositionID) REFERENCES Positions(PositionID)
);
drop table if exists Benefits;
CREATE TABLE Benefits (
BenefitID INT AUTO_INCREMENT PRIMARY KEY,
EmployeeID INT NOT NULL,
Benefit VARCHAR(100) NOT NULL,
FOREIGN KEY (EmployeeID) REFERENCES Employees(EmployeeID)
);
drop table if exists TimeOff;
CREATE TABLE TimeOff (
TimeOffID INT AUTO_INCREMENT PRIMARY KEY,
EmployeeID INT NOT NULL,
StartDate DATE NOT NULL,
EndDate DATE NOT NULL,
FOREIGN KEY (EmployeeID) REFERENCES Employees(EmployeeID)
);
drop table if exists PerformanceReviews;
CREATE TABLE PerformanceReviews (
PerformanceReviewID INT AUTO_INCREMENT PRIMARY KEY,
EmployeeID INT NOT NULL,
ReviewDate DATE NOT NULL,
ReviewerID INT NOT NULL,
FOREIGN KEY (EmployeeID) REFERENCES Employees(EmployeeID),
FOREIGN KEY (ReviewerID) REFERENCES Employees(EmployeeID)
);
INSERT INTO Departments (Name, ManagerID) VALUES ('Research and Development', NULL);
INSERT INTO Departments (Name, ManagerID) VALUES ('Human Resources', NULL);
INSERT INTO Departments (Name, ManagerID) VALUES ('Sales', NULL);
INSERT INTO Departments (Name, ManagerID) VALUES ('Marketing', NULL);
INSERT INTO Departments (Name, ManagerID) VALUES ('Finance', NULL);
INSERT INTO Departments (Name, ManagerID) VALUES ('Legal', NULL);
INSERT INTO Employees (FirstName, LastName, BirthDate, DepartmentID) VALUES ('John', 'Doe', '1980-01-01', 1);
INSERT INTO Employees (FirstName, LastName, BirthDate, DepartmentID) VALUES ('Jane', 'Smith', '1981-02-02', 2);
INSERT INTO Employees (FirstName, LastName, BirthDate, DepartmentID) VALUES ('Alice', 'Jones', '1982-03-03', 3);
INSERT INTO Employees (FirstName, LastName, BirthDate, DepartmentID) VALUES ('Bob', 'Brown', '1983-04-04', 4);
INSERT INTO Employees (FirstName, LastName, BirthDate, DepartmentID) VALUES ('Charlie', 'White', '1984-05-05', 5);
INSERT INTO Employees (FirstName, LastName, BirthDate, DepartmentID) VALUES ('David', 'Black', '1985-06-06', 6);
INSERT INTO Positions (Title, DepartmentID) VALUES ('Software Engineer', 1);
INSERT INTO Positions (Title, DepartmentID) VALUES ('HR Specialist', 2);
INSERT INTO Positions (Title, DepartmentID) VALUES ('Sales Associate', 3);
INSERT INTO Positions (Title, DepartmentID) VALUES ('Marketing Specialist', 4);
INSERT INTO Positions (Title, DepartmentID) VALUES ('Accountant', 5);
INSERT INTO Positions (Title, DepartmentID) VALUES ('Attorney', 6);
INSERT INTO EmployeePositions (EmployeeID, PositionID) VALUES (1, 1);
INSERT INTO EmployeePositions (EmployeeID, PositionID) VALUES (2, 2);
INSERT INTO EmployeePositions (EmployeeID, PositionID) VALUES (3, 3);
INSERT INTO EmployeePositions (EmployeeID, PositionID) VALUES (4, 4);
INSERT INTO EmployeePositions (EmployeeID, PositionID) VALUES (5, 5);
INSERT INTO EmployeePositions (EmployeeID, PositionID) VALUES (6, 6);
INSERT INTO Salaries (EmployeeID, PositionID, Salary) VALUES (1, 1, 100000.00);
INSERT INTO Salaries (EmployeeID, PositionID, Salary) VALUES (2, 2, 50000.00);
INSERT INTO Salaries (EmployeeID, PositionID, Salary) VALUES (3, 3, 60000.00);
INSERT INTO Salaries (EmployeeID, PositionID, Salary) VALUES (4, 4, 70000.00);
INSERT INTO Salaries (EmployeeID, PositionID, Salary) VALUES (5, 5, 80000.00);
INSERT INTO Salaries (EmployeeID, PositionID, Salary) VALUES (6, 6, 90000.00);
INSERT INTO Benefits (EmployeeID, Benefit) VALUES (1, 'Health Insurance');
INSERT INTO Benefits (EmployeeID, Benefit) VALUES (2, 'Dental Insurance');
INSERT INTO Benefits (EmployeeID, Benefit) VALUES (3, 'Vision Insurance');
INSERT INTO Benefits (EmployeeID, Benefit) VALUES (4, '401k');
INSERT INTO Benefits (EmployeeID, Benefit) VALUES (5, 'Stock Options');
INSERT INTO Benefits (EmployeeID, Benefit) VALUES (6, 'Paid Time Off');
INSERT INTO TimeOff (EmployeeID, StartDate, EndDate) VALUES (1, '2020-01-01', '2020-01-02');
INSERT INTO TimeOff (EmployeeID, StartDate, EndDate) VALUES (2, '2020-02-02', '2020-02-03');
INSERT INTO TimeOff (EmployeeID, StartDate, EndDate) VALUES (3, '2020-03-03', '2020-03-04');
INSERT INTO TimeOff (EmployeeID, StartDate, EndDate) VALUES (4, '2020-04-04', '2020-04-05');
INSERT INTO TimeOff (EmployeeID, StartDate, EndDate) VALUES (5, '2020-05-05', '2020-05-06');
INSERT INTO TimeOff (EmployeeID, StartDate, EndDate) VALUES (6, '2020-06-06', '2020-06-07');
INSERT INTO PerformanceReviews (EmployeeID, ReviewDate, ReviewerID) VALUES (1, '2020-01-01', 2);
INSERT INTO PerformanceReviews (EmployeeID, ReviewDate, ReviewerID) VALUES (2, '2020-02-02', 3);
INSERT INTO PerformanceReviews (EmployeeID, ReviewDate, ReviewerID) VALUES (3, '2020-03-03', 4);
INSERT INTO PerformanceReviews (EmployeeID, ReviewDate, ReviewerID) VALUES (4, '2020-04-04', 5);
INSERT INTO PerformanceReviews (EmployeeID, ReviewDate, ReviewerID) VALUES (5, '2020-05-05', 6);
INSERT INTO PerformanceReviews (EmployeeID, ReviewDate, ReviewerID) VALUES (6, '2020-06-06', 1);
select * from Departments;
departmentid    name    managerid
1    Research and Development    null
2    Human Resources    null
3    Sales    null
4    Marketing    null
5    Finance    null
6    Legal    null
select * from Employees;
employeeid    firstname    lastname    birthdate    departmentid
1    John    Doe    1980-01-01    1
2    Jane    Smith    1981-02-02    2
3    Alice    Jones    1982-03-03    3
4    Bob    Brown    1983-04-04    4
5    Charlie    White    1984-05-05    5
6    David    Black    1985-06-06    6
select * from Positions;
positionid    title    departmentid
1    Software Engineer    1
2    HR Specialist    2
3    Sales Associate    3
4    Marketing Specialist    4
5    Accountant    5
6    Attorney    6
select * from EmployeePositions;
employeeid    positionid
1    1
2    2
3    3
4    4
5    5
6    6
select * from Salaries;
salaryid    employeeid    positionid    salary
1    1    1    100000.00
2    2    2    50000.00
3    3    3    60000.00
4    4    4    70000.00
5    5    5    80000.00
6    6    6    90000.00
select * from Benefits;
benefitid    employeeid    benefit
1    1    Health Insurance
2    2    Dental Insurance
3    3    Vision Insurance
4    4    401k
5    5    Stock Options
6    6    Paid Time Off
select * from TimeOff;
timeoffid    employeeid    startdate    enddate
1    1    2020-01-01    2020-01-02
2    2    2020-02-02    2020-02-03
3    3    2020-03-03    2020-03-04
4    4    2020-04-04    2020-04-05
5    5    2020-05-05    2020-05-06
6    6    2020-06-06    2020-06-07
select * from PerformanceReviews;
performancereviewid    employeeid    reviewdate    reviewerid
1    1    2020-01-01    2
2    2    2020-02-02    3
3    3    2020-03-03    4
4    4    2020-04-04    5
5    5    2020-05-05    6
6    6    2020-06-06    1
CREATE DATABASE Projects;
USE Projects;
drop table if exists Projects;
CREATE TABLE Projects (
ProjectID INT AUTO_INCREMENT PRIMARY KEY,
Name VARCHAR(255) NOT NULL,
Description TEXT,
DepartmentID INT,
FOREIGN KEY (DepartmentID) REFERENCES Company.Departments(DepartmentID)
);
drop table if exists ProjectMembers;
CREATE TABLE ProjectMembers (
ProjectID INT,
EmployeeID INT,
FOREIGN KEY (ProjectID) REFERENCES Projects.Projects(ProjectID),
FOREIGN KEY (EmployeeID) REFERENCES Company.Employees(EmployeeID),
PRIMARY KEY (ProjectID, EmployeeID)
);
drop table if exists ProjectManagers;
CREATE TABLE ProjectManagers (
ProjectID INT,
EmployeeID INT,
FOREIGN KEY (ProjectID) REFERENCES Projects.Projects(ProjectID),
FOREIGN KEY (EmployeeID) REFERENCES Company.Employees(EmployeeID),
PRIMARY KEY (ProjectID, EmployeeID)
);
INSERT INTO Projects (Name, Description, DepartmentID) VALUES ('Project 1', 'Description 1', 1);
INSERT INTO Projects (Name, Description, DepartmentID) VALUES ('Project 2', 'Description 2', 2);
INSERT INTO Projects (Name, Description, DepartmentID) VALUES ('Project 3', 'Description 3', 3);
INSERT INTO Projects (Name, Description, DepartmentID) VALUES ('Project 4', 'Description 4', 4);
INSERT INTO Projects (Name, Description, DepartmentID) VALUES ('Project 5', 'Description 5', 5);
INSERT INTO Projects (Name, Description, DepartmentID) VALUES ('Project 6', 'Description 6', 6);
INSERT INTO ProjectMembers (ProjectID, EmployeeID) VALUES (1, 1);
INSERT INTO ProjectMembers (ProjectID, EmployeeID) VALUES (2, 2);
INSERT INTO ProjectMembers (ProjectID, EmployeeID) VALUES (3, 3);
INSERT INTO ProjectMembers (ProjectID, EmployeeID) VALUES (4, 4);
INSERT INTO ProjectMembers (ProjectID, EmployeeID) VALUES (5, 5);
INSERT INTO ProjectMembers (ProjectID, EmployeeID) VALUES (6, 6);
INSERT INTO ProjectManagers (ProjectID, EmployeeID) VALUES (1, 1);
INSERT INTO ProjectManagers (ProjectID, EmployeeID) VALUES (2, 2);
INSERT INTO ProjectManagers (ProjectID, EmployeeID) VALUES (3, 3);
INSERT INTO ProjectManagers (ProjectID, EmployeeID) VALUES (4, 4);
INSERT INTO ProjectManagers (ProjectID, EmployeeID) VALUES (5, 5);
INSERT INTO ProjectManagers (ProjectID, EmployeeID) VALUES (6, 6);
select * from Projects;
projectid    name    description    departmentid
1    Project 1    Description 1    1
2    Project 2    Description 2    2
3    Project 3    Description 3    3
4    Project 4    Description 4    4
5    Project 5    Description 5    5
6    Project 6    Description 6    6
select * from ProjectMembers;
projectid    employeeid
1    1
2    2
3    3
4    4
5    5
6    6
select * from ProjectManagers;
projectid    employeeid
1    1
2    2
3    3
4    4
5    5
6    6
CREATE DATABASE Payroll;
USE Payroll;
drop table if exists Salaries;
CREATE TABLE Salaries (
EmployeeID INT,
MonthlySalary DECIMAL(10, 2),
FOREIGN KEY (EmployeeID) REFERENCES Company.Employees(EmployeeID),
PRIMARY KEY (EmployeeID)
);
drop table if exists ProjectBonuses;
CREATE TABLE ProjectBonuses (
ProjectID INT,
EmployeeID INT,
Bonus DECIMAL(10, 2),
FOREIGN KEY (ProjectID) REFERENCES Projects.Projects(ProjectID),
FOREIGN KEY (EmployeeID) REFERENCES Company.Employees(EmployeeID),
PRIMARY KEY (ProjectID, EmployeeID)
);
drop table if exists DepartmentBudgets;
CREATE TABLE DepartmentBudgets (
DepartmentID INT,
Budget DECIMAL(15, 2),
FOREIGN KEY (DepartmentID) REFERENCES Company.Departments(DepartmentID),
PRIMARY KEY (DepartmentID)
);
INSERT INTO Salaries (EmployeeID, MonthlySalary) VALUES (1, 10000.00);
INSERT INTO Salaries (EmployeeID, MonthlySalary) VALUES (2, 20000.00);
INSERT INTO Salaries (EmployeeID, MonthlySalary) VALUES (3, 30000.00);
INSERT INTO Salaries (EmployeeID, MonthlySalary) VALUES (4, 40000.00);
INSERT INTO Salaries (EmployeeID, MonthlySalary) VALUES (5, 50000.00);
INSERT INTO Salaries (EmployeeID, MonthlySalary) VALUES (6, 60000.00);
INSERT INTO ProjectBonuses (ProjectID, EmployeeID, Bonus) VALUES (1, 1, 1000.00);
INSERT INTO ProjectBonuses (ProjectID, EmployeeID, Bonus) VALUES (2, 2, 2000.00);
INSERT INTO ProjectBonuses (ProjectID, EmployeeID, Bonus) VALUES (3, 3, 3000.00);
INSERT INTO ProjectBonuses (ProjectID, EmployeeID, Bonus) VALUES (4, 4, 4000.00);
INSERT INTO ProjectBonuses (ProjectID, EmployeeID, Bonus) VALUES (5, 5, 5000.00);
INSERT INTO ProjectBonuses (ProjectID, EmployeeID, Bonus) VALUES (6, 6, 6000.00);
INSERT INTO DepartmentBudgets (DepartmentID, Budget) VALUES (1, 100000.00);
INSERT INTO DepartmentBudgets (DepartmentID, Budget) VALUES (2, 200000.00);
INSERT INTO DepartmentBudgets (DepartmentID, Budget) VALUES (3, 300000.00);
INSERT INTO DepartmentBudgets (DepartmentID, Budget) VALUES (4, 400000.00);
INSERT INTO DepartmentBudgets (DepartmentID, Budget) VALUES (5, 500000.00);
INSERT INTO DepartmentBudgets (DepartmentID, Budget) VALUES (6, 600000.00);
select * from Salaries;
employeeid    monthlysalary
1    10000.00
2    20000.00
3    30000.00
4    40000.00
5    50000.00
6    60000.00
select * from ProjectBonuses;
projectid    employeeid    bonus
1    1    1000.00
2    2    2000.00
3    3    3000.00
4    4    4000.00
5    5    5000.00
6    6    6000.00
select * from DepartmentBudgets;
departmentid    budget
1    100000.00
2    200000.00
3    300000.00
4    400000.00
5    500000.00
6    600000.00
CREATE DATABASE Company;
USE Company;
drop table if exists Departments;
CREATE TABLE Departments (
DepartmentID INT AUTO_INCREMENT PRIMARY KEY,
Name VARCHAR(100) NOT NULL,
ManagerID INT NULL
);
drop table if exists Employees;
CREATE TABLE Employees (
EmployeeID INT AUTO_INCREMENT PRIMARY KEY,
FirstName VARCHAR(100) NOT NULL,
LastName VARCHAR(100) NOT NULL,
BirthDate DATE NULL,
DepartmentID INT NULL,
FOREIGN KEY (DepartmentID) REFERENCES Departments(DepartmentID)
);
drop table if exists Positions;
CREATE TABLE Positions (
PositionID INT AUTO_INCREMENT PRIMARY KEY,
Title VARCHAR(100) NOT NULL,
DepartmentID INT NULL,
FOREIGN KEY (DepartmentID) REFERENCES Departments(DepartmentID)
);
drop table if exists EmployeePositions;
CREATE TABLE EmployeePositions (
EmployeeID INT NOT NULL,
PositionID INT NOT NULL,
FOREIGN KEY (EmployeeID) REFERENCES Employees(EmployeeID),
FOREIGN KEY (PositionID) REFERENCES Positions(PositionID),
PRIMARY KEY (EmployeeID, PositionID)
);
drop table if exists Salaries;
CREATE TABLE Salaries (
SalaryID INT AUTO_INCREMENT PRIMARY KEY,
EmployeeID INT NOT NULL,
PositionID INT NOT NULL,
Salary DECIMAL(10, 2) NOT NULL,
FOREIGN KEY (EmployeeID) REFERENCES Employees(EmployeeID),
FOREIGN KEY (PositionID) REFERENCES Positions(PositionID)
);
drop table if exists Benefits;
CREATE TABLE Benefits (
BenefitID INT AUTO_INCREMENT PRIMARY KEY,
EmployeeID INT NOT NULL,
Benefit VARCHAR(100) NOT NULL,
FOREIGN KEY (EmployeeID) REFERENCES Employees(EmployeeID)
);
drop table if exists TimeOff;
CREATE TABLE TimeOff (
TimeOffID INT AUTO_INCREMENT PRIMARY KEY,
EmployeeID INT NOT NULL,
StartDate DATE NOT NULL,
EndDate DATE NOT NULL,
FOREIGN KEY (EmployeeID) REFERENCES Employees(EmployeeID)
);
drop table if exists PerformanceReviews;
CREATE TABLE PerformanceReviews (
PerformanceReviewID INT AUTO_INCREMENT PRIMARY KEY,
EmployeeID INT NOT NULL,
ReviewDate DATE NOT NULL,
ReviewerID INT NOT NULL,
FOREIGN KEY (EmployeeID) REFERENCES Employees(EmployeeID),
FOREIGN KEY (ReviewerID) REFERENCES Employees(EmployeeID)
);
INSERT INTO Departments (Name, ManagerID) VALUES ('Research and Development', NULL);
INSERT INTO Departments (Name, ManagerID) VALUES ('Human Resources', NULL);
INSERT INTO Departments (Name, ManagerID) VALUES ('Sales', NULL);
INSERT INTO Departments (Name, ManagerID) VALUES ('Marketing', NULL);
INSERT INTO Departments (Name, ManagerID) VALUES ('Finance', NULL);
INSERT INTO Departments (Name, ManagerID) VALUES ('Legal', NULL);
INSERT INTO Employees (FirstName, LastName, BirthDate, DepartmentID) VALUES ('John', 'Doe', '1980-01-01', 1);
INSERT INTO Employees (FirstName, LastName, BirthDate, DepartmentID) VALUES ('Jane', 'Smith', '1981-02-02', 2);
INSERT INTO Employees (FirstName, LastName, BirthDate, DepartmentID) VALUES ('Alice', 'Jones', '1982-03-03', 3);
INSERT INTO Employees (FirstName, LastName, BirthDate, DepartmentID) VALUES ('Bob', 'Brown', '1983-04-04', 4);
INSERT INTO Employees (FirstName, LastName, BirthDate, DepartmentID) VALUES ('Charlie', 'White', '1984-05-05', 5);
INSERT INTO Employees (FirstName, LastName, BirthDate, DepartmentID) VALUES ('David', 'Black', '1985-06-06', 6);
INSERT INTO Positions (Title, DepartmentID) VALUES ('Software Engineer', 1);
INSERT INTO Positions (Title, DepartmentID) VALUES ('HR Specialist', 2);
INSERT INTO Positions (Title, DepartmentID) VALUES ('Sales Associate', 3);
INSERT INTO Positions (Title, DepartmentID) VALUES ('Marketing Specialist', 4);
INSERT INTO Positions (Title, DepartmentID) VALUES ('Accountant', 5);
INSERT INTO Positions (Title, DepartmentID) VALUES ('Attorney', 6);
INSERT INTO EmployeePositions (EmployeeID, PositionID) VALUES (1, 1);
INSERT INTO EmployeePositions (EmployeeID, PositionID) VALUES (2, 2);
INSERT INTO EmployeePositions (EmployeeID, PositionID) VALUES (3, 3);
INSERT INTO EmployeePositions (EmployeeID, PositionID) VALUES (4, 4);
INSERT INTO EmployeePositions (EmployeeID, PositionID) VALUES (5, 5);
INSERT INTO EmployeePositions (EmployeeID, PositionID) VALUES (6, 6);
INSERT INTO Salaries (EmployeeID, PositionID, Salary) VALUES (1, 1, 100000.00);
INSERT INTO Salaries (EmployeeID, PositionID, Salary) VALUES (2, 2, 50000.00);
INSERT INTO Salaries (EmployeeID, PositionID, Salary) VALUES (3, 3, 60000.00);
INSERT INTO Salaries (EmployeeID, PositionID, Salary) VALUES (4, 4, 70000.00);
INSERT INTO Salaries (EmployeeID, PositionID, Salary) VALUES (5, 5, 80000.00);
INSERT INTO Salaries (EmployeeID, PositionID, Salary) VALUES (6, 6, 90000.00);
INSERT INTO Benefits (EmployeeID, Benefit) VALUES (1, 'Health Insurance');
INSERT INTO Benefits (EmployeeID, Benefit) VALUES (2, 'Dental Insurance');
INSERT INTO Benefits (EmployeeID, Benefit) VALUES (3, 'Vision Insurance');
INSERT INTO Benefits (EmployeeID, Benefit) VALUES (4, '401k');
INSERT INTO Benefits (EmployeeID, Benefit) VALUES (5, 'Stock Options');
INSERT INTO Benefits (EmployeeID, Benefit) VALUES (6, 'Paid Time Off');
INSERT INTO TimeOff (EmployeeID, StartDate, EndDate) VALUES (1, '2020-01-01', '2020-01-02');
INSERT INTO TimeOff (EmployeeID, StartDate, EndDate) VALUES (2, '2020-02-02', '2020-02-03');
INSERT INTO TimeOff (EmployeeID, StartDate, EndDate) VALUES (3, '2020-03-03', '2020-03-04');
INSERT INTO TimeOff (EmployeeID, StartDate, EndDate) VALUES (4, '2020-04-04', '2020-04-05');
INSERT INTO TimeOff (EmployeeID, StartDate, EndDate) VALUES (5, '2020-05-05', '2020-05-06');
INSERT INTO TimeOff (EmployeeID, StartDate, EndDate) VALUES (6, '2020-06-06', '2020-06-07');
INSERT INTO PerformanceReviews (EmployeeID, ReviewDate, ReviewerID) VALUES (1, '2020-01-01', 2);
INSERT INTO PerformanceReviews (EmployeeID, ReviewDate, ReviewerID) VALUES (2, '2020-02-02', 3);
INSERT INTO PerformanceReviews (EmployeeID, ReviewDate, ReviewerID) VALUES (3, '2020-03-03', 4);
INSERT INTO PerformanceReviews (EmployeeID, ReviewDate, ReviewerID) VALUES (4, '2020-04-04', 5);
INSERT INTO PerformanceReviews (EmployeeID, ReviewDate, ReviewerID) VALUES (5, '2020-05-05', 6);
INSERT INTO PerformanceReviews (EmployeeID, ReviewDate, ReviewerID) VALUES (6, '2020-06-06', 1);
select * from Departments;
departmentid    name    managerid
1    Research and Development    null
2    Human Resources    null
3    Sales    null
4    Marketing    null
5    Finance    null
6    Legal    null
select * from Employees;
employeeid    firstname    lastname    birthdate    departmentid
1    John    Doe    1980-01-01    1
2    Jane    Smith    1981-02-02    2
3    Alice    Jones    1982-03-03    3
4    Bob    Brown    1983-04-04    4
5    Charlie    White    1984-05-05    5
6    David    Black    1985-06-06    6
select * from Positions;
positionid    title    departmentid
1    Software Engineer    1
2    HR Specialist    2
3    Sales Associate    3
4    Marketing Specialist    4
5    Accountant    5
6    Attorney    6
select * from EmployeePositions;
employeeid    positionid
1    1
2    2
3    3
4    4
5    5
6    6
select * from Salaries;
salaryid    employeeid    positionid    salary
1    1    1    100000.00
2    2    2    50000.00
3    3    3    60000.00
4    4    4    70000.00
5    5    5    80000.00
6    6    6    90000.00
select * from Benefits;
benefitid    employeeid    benefit
1    1    Health Insurance
2    2    Dental Insurance
3    3    Vision Insurance
4    4    401k
5    5    Stock Options
6    6    Paid Time Off
select * from TimeOff;
timeoffid    employeeid    startdate    enddate
1    1    2020-01-01    2020-01-02
2    2    2020-02-02    2020-02-03
3    3    2020-03-03    2020-03-04
4    4    2020-04-04    2020-04-05
5    5    2020-05-05    2020-05-06
6    6    2020-06-06    2020-06-07
select * from PerformanceReviews;
performancereviewid    employeeid    reviewdate    reviewerid
1    1    2020-01-01    2
2    2    2020-02-02    3
3    3    2020-03-03    4
4    4    2020-04-04    5
5    5    2020-05-05    6
6    6    2020-06-06    1
CREATE DATABASE Projects;
USE Projects;
drop table if exists Projects;
CREATE TABLE Projects (
ProjectID INT AUTO_INCREMENT PRIMARY KEY,
Name VARCHAR(255) NOT NULL,
Description TEXT,
DepartmentID INT,
FOREIGN KEY (DepartmentID) REFERENCES Company.Departments(DepartmentID)
);
drop table if exists ProjectMembers;
CREATE TABLE ProjectMembers (
ProjectID INT,
EmployeeID INT,
FOREIGN KEY (ProjectID) REFERENCES Projects.Projects(ProjectID),
FOREIGN KEY (EmployeeID) REFERENCES Company.Employees(EmployeeID),
PRIMARY KEY (ProjectID, EmployeeID)
);
drop table if exists ProjectManagers;
CREATE TABLE ProjectManagers (
ProjectID INT,
EmployeeID INT,
FOREIGN KEY (ProjectID) REFERENCES Projects.Projects(ProjectID),
FOREIGN KEY (EmployeeID) REFERENCES Company.Employees(EmployeeID),
PRIMARY KEY (ProjectID, EmployeeID)
);
INSERT INTO Projects (Name, Description, DepartmentID) VALUES ('Project 1', 'Description 1', 1);
INSERT INTO Projects (Name, Description, DepartmentID) VALUES ('Project 2', 'Description 2', 2);
INSERT INTO Projects (Name, Description, DepartmentID) VALUES ('Project 3', 'Description 3', 3);
INSERT INTO Projects (Name, Description, DepartmentID) VALUES ('Project 4', 'Description 4', 4);
INSERT INTO Projects (Name, Description, DepartmentID) VALUES ('Project 5', 'Description 5', 5);
INSERT INTO Projects (Name, Description, DepartmentID) VALUES ('Project 6', 'Description 6', 6);
INSERT INTO ProjectMembers (ProjectID, EmployeeID) VALUES (1, 1);
INSERT INTO ProjectMembers (ProjectID, EmployeeID) VALUES (2, 2);
INSERT INTO ProjectMembers (ProjectID, EmployeeID) VALUES (3, 3);
INSERT INTO ProjectMembers (ProjectID, EmployeeID) VALUES (4, 4);
INSERT INTO ProjectMembers (ProjectID, EmployeeID) VALUES (5, 5);
INSERT INTO ProjectMembers (ProjectID, EmployeeID) VALUES (6, 6);
INSERT INTO ProjectManagers (ProjectID, EmployeeID) VALUES (1, 1);
INSERT INTO ProjectManagers (ProjectID, EmployeeID) VALUES (2, 2);
INSERT INTO ProjectManagers (ProjectID, EmployeeID) VALUES (3, 3);
INSERT INTO ProjectManagers (ProjectID, EmployeeID) VALUES (4, 4);
INSERT INTO ProjectManagers (ProjectID, EmployeeID) VALUES (5, 5);
INSERT INTO ProjectManagers (ProjectID, EmployeeID) VALUES (6, 6);
select * from Projects;
projectid    name    description    departmentid
1    Project 1    Description 1    1
2    Project 2    Description 2    2
3    Project 3    Description 3    3
4    Project 4    Description 4    4
5    Project 5    Description 5    5
6    Project 6    Description 6    6
select * from ProjectMembers;
projectid    employeeid
1    1
2    2
3    3
4    4
5    5
6    6
select * from ProjectManagers;
projectid    employeeid
1    1
2    2
3    3
4    4
5    5
6    6
CREATE DATABASE Payroll;
USE Payroll;
drop table if exists Salaries;
CREATE TABLE Salaries (
EmployeeID INT,
MonthlySalary DECIMAL(10, 2),
FOREIGN KEY (EmployeeID) REFERENCES Company.Employees(EmployeeID),
PRIMARY KEY (EmployeeID)
);
drop table if exists ProjectBonuses;
CREATE TABLE ProjectBonuses (
ProjectID INT,
EmployeeID INT,
Bonus DECIMAL(10, 2),
FOREIGN KEY (ProjectID) REFERENCES Projects.Projects(ProjectID),
FOREIGN KEY (EmployeeID) REFERENCES Company.Employees(EmployeeID),
PRIMARY KEY (ProjectID, EmployeeID)
);
drop table if exists DepartmentBudgets;
CREATE TABLE DepartmentBudgets (
DepartmentID INT,
Budget DECIMAL(15, 2),
FOREIGN KEY (DepartmentID) REFERENCES Company.Departments(DepartmentID),
PRIMARY KEY (DepartmentID)
);
INSERT INTO Salaries (EmployeeID, MonthlySalary) VALUES (1, 10000.00);
INSERT INTO Salaries (EmployeeID, MonthlySalary) VALUES (2, 20000.00);
INSERT INTO Salaries (EmployeeID, MonthlySalary) VALUES (3, 30000.00);
INSERT INTO Salaries (EmployeeID, MonthlySalary) VALUES (4, 40000.00);
INSERT INTO Salaries (EmployeeID, MonthlySalary) VALUES (5, 50000.00);
INSERT INTO Salaries (EmployeeID, MonthlySalary) VALUES (6, 60000.00);
INSERT INTO ProjectBonuses (ProjectID, EmployeeID, Bonus) VALUES (1, 1, 1000.00);
INSERT INTO ProjectBonuses (ProjectID, EmployeeID, Bonus) VALUES (2, 2, 2000.00);
INSERT INTO ProjectBonuses (ProjectID, EmployeeID, Bonus) VALUES (3, 3, 3000.00);
INSERT INTO ProjectBonuses (ProjectID, EmployeeID, Bonus) VALUES (4, 4, 4000.00);
INSERT INTO ProjectBonuses (ProjectID, EmployeeID, Bonus) VALUES (5, 5, 5000.00);
INSERT INTO ProjectBonuses (ProjectID, EmployeeID, Bonus) VALUES (6, 6, 6000.00);
INSERT INTO DepartmentBudgets (DepartmentID, Budget) VALUES (1, 100000.00);
INSERT INTO DepartmentBudgets (DepartmentID, Budget) VALUES (2, 200000.00);
INSERT INTO DepartmentBudgets (DepartmentID, Budget) VALUES (3, 300000.00);
INSERT INTO DepartmentBudgets (DepartmentID, Budget) VALUES (4, 400000.00);
INSERT INTO DepartmentBudgets (DepartmentID, Budget) VALUES (5, 500000.00);
INSERT INTO DepartmentBudgets (DepartmentID, Budget) VALUES (6, 600000.00);
select * from Salaries;
employeeid    monthlysalary
1    10000.00
2    20000.00
3    30000.00
4    40000.00
5    50000.00
6    60000.00
select * from ProjectBonuses;
projectid    employeeid    bonus
1    1    1000.00
2    2    2000.00
3    3    3000.00
4    4    4000.00
5    5    5000.00
6    6    6000.00
select * from DepartmentBudgets;
departmentid    budget
1    100000.00
2    200000.00
3    300000.00
4    400000.00
5    500000.00
6    600000.00
CREATE DATABASE Company;
USE Company;
drop table if exists Departments;
CREATE TABLE Departments (
DepartmentID INT AUTO_INCREMENT PRIMARY KEY,
Name VARCHAR(100) NOT NULL,
ManagerID INT NULL
);
drop table if exists Employees;
CREATE TABLE Employees (
EmployeeID INT AUTO_INCREMENT PRIMARY KEY,
FirstName VARCHAR(100) NOT NULL,
LastName VARCHAR(100) NOT NULL,
BirthDate DATE NULL,
DepartmentID INT NULL,
FOREIGN KEY (DepartmentID) REFERENCES Departments(DepartmentID)
);
drop table if exists Positions;
CREATE TABLE Positions (
PositionID INT AUTO_INCREMENT PRIMARY KEY,
Title VARCHAR(100) NOT NULL,
DepartmentID INT NULL,
FOREIGN KEY (DepartmentID) REFERENCES Departments(DepartmentID)
);
drop table if exists EmployeePositions;
CREATE TABLE EmployeePositions (
EmployeeID INT NOT NULL,
PositionID INT NOT NULL,
FOREIGN KEY (EmployeeID) REFERENCES Employees(EmployeeID),
FOREIGN KEY (PositionID) REFERENCES Positions(PositionID),
PRIMARY KEY (EmployeeID, PositionID)
);
drop table if exists Salaries;
CREATE TABLE Salaries (
SalaryID INT AUTO_INCREMENT PRIMARY KEY,
EmployeeID INT NOT NULL,
PositionID INT NOT NULL,
Salary DECIMAL(10, 2) NOT NULL,
FOREIGN KEY (EmployeeID) REFERENCES Employees(EmployeeID),
FOREIGN KEY (PositionID) REFERENCES Positions(PositionID)
);
drop table if exists Benefits;
CREATE TABLE Benefits (
BenefitID INT AUTO_INCREMENT PRIMARY KEY,
EmployeeID INT NOT NULL,
Benefit VARCHAR(100) NOT NULL,
FOREIGN KEY (EmployeeID) REFERENCES Employees(EmployeeID)
);
drop table if exists TimeOff;
CREATE TABLE TimeOff (
TimeOffID INT AUTO_INCREMENT PRIMARY KEY,
EmployeeID INT NOT NULL,
StartDate DATE NOT NULL,
EndDate DATE NOT NULL,
FOREIGN KEY (EmployeeID) REFERENCES Employees(EmployeeID)
);
drop table if exists PerformanceReviews;
CREATE TABLE PerformanceReviews (
PerformanceReviewID INT AUTO_INCREMENT PRIMARY KEY,
EmployeeID INT NOT NULL,
ReviewDate DATE NOT NULL,
ReviewerID INT NOT NULL,
FOREIGN KEY (EmployeeID) REFERENCES Employees(EmployeeID),
FOREIGN KEY (ReviewerID) REFERENCES Employees(EmployeeID)
);
INSERT INTO Departments (Name, ManagerID) VALUES ('Research and Development', NULL);
INSERT INTO Departments (Name, ManagerID) VALUES ('Human Resources', NULL);
INSERT INTO Departments (Name, ManagerID) VALUES ('Sales', NULL);
INSERT INTO Departments (Name, ManagerID) VALUES ('Marketing', NULL);
INSERT INTO Departments (Name, ManagerID) VALUES ('Finance', NULL);
INSERT INTO Departments (Name, ManagerID) VALUES ('Legal', NULL);
INSERT INTO Employees (FirstName, LastName, BirthDate, DepartmentID) VALUES ('John', 'Doe', '1980-01-01', 1);
INSERT INTO Employees (FirstName, LastName, BirthDate, DepartmentID) VALUES ('Jane', 'Smith', '1981-02-02', 2);
INSERT INTO Employees (FirstName, LastName, BirthDate, DepartmentID) VALUES ('Alice', 'Jones', '1982-03-03', 3);
INSERT INTO Employees (FirstName, LastName, BirthDate, DepartmentID) VALUES ('Bob', 'Brown', '1983-04-04', 4);
INSERT INTO Employees (FirstName, LastName, BirthDate, DepartmentID) VALUES ('Charlie', 'White', '1984-05-05', 5);
INSERT INTO Employees (FirstName, LastName, BirthDate, DepartmentID) VALUES ('David', 'Black', '1985-06-06', 6);
INSERT INTO Positions (Title, DepartmentID) VALUES ('Software Engineer', 1);
INSERT INTO Positions (Title, DepartmentID) VALUES ('HR Specialist', 2);
INSERT INTO Positions (Title, DepartmentID) VALUES ('Sales Associate', 3);
INSERT INTO Positions (Title, DepartmentID) VALUES ('Marketing Specialist', 4);
INSERT INTO Positions (Title, DepartmentID) VALUES ('Accountant', 5);
INSERT INTO Positions (Title, DepartmentID) VALUES ('Attorney', 6);
INSERT INTO EmployeePositions (EmployeeID, PositionID) VALUES (1, 1);
INSERT INTO EmployeePositions (EmployeeID, PositionID) VALUES (2, 2);
INSERT INTO EmployeePositions (EmployeeID, PositionID) VALUES (3, 3);
INSERT INTO EmployeePositions (EmployeeID, PositionID) VALUES (4, 4);
INSERT INTO EmployeePositions (EmployeeID, PositionID) VALUES (5, 5);
INSERT INTO EmployeePositions (EmployeeID, PositionID) VALUES (6, 6);
INSERT INTO Salaries (EmployeeID, PositionID, Salary) VALUES (1, 1, 100000.00);
INSERT INTO Salaries (EmployeeID, PositionID, Salary) VALUES (2, 2, 50000.00);
INSERT INTO Salaries (EmployeeID, PositionID, Salary) VALUES (3, 3, 60000.00);
INSERT INTO Salaries (EmployeeID, PositionID, Salary) VALUES (4, 4, 70000.00);
INSERT INTO Salaries (EmployeeID, PositionID, Salary) VALUES (5, 5, 80000.00);
INSERT INTO Salaries (EmployeeID, PositionID, Salary) VALUES (6, 6, 90000.00);
INSERT INTO Benefits (EmployeeID, Benefit) VALUES (1, 'Health Insurance');
INSERT INTO Benefits (EmployeeID, Benefit) VALUES (2, 'Dental Insurance');
INSERT INTO Benefits (EmployeeID, Benefit) VALUES (3, 'Vision Insurance');
INSERT INTO Benefits (EmployeeID, Benefit) VALUES (4, '401k');
INSERT INTO Benefits (EmployeeID, Benefit) VALUES (5, 'Stock Options');
INSERT INTO Benefits (EmployeeID, Benefit) VALUES (6, 'Paid Time Off');
INSERT INTO TimeOff (EmployeeID, StartDate, EndDate) VALUES (1, '2020-01-01', '2020-01-02');
INSERT INTO TimeOff (EmployeeID, StartDate, EndDate) VALUES (2, '2020-02-02', '2020-02-03');
INSERT INTO TimeOff (EmployeeID, StartDate, EndDate) VALUES (3, '2020-03-03', '2020-03-04');
INSERT INTO TimeOff (EmployeeID, StartDate, EndDate) VALUES (4, '2020-04-04', '2020-04-05');
INSERT INTO TimeOff (EmployeeID, StartDate, EndDate) VALUES (5, '2020-05-05', '2020-05-06');
INSERT INTO TimeOff (EmployeeID, StartDate, EndDate) VALUES (6, '2020-06-06', '2020-06-07');
INSERT INTO PerformanceReviews (EmployeeID, ReviewDate, ReviewerID) VALUES (1, '2020-01-01', 2);
INSERT INTO PerformanceReviews (EmployeeID, ReviewDate, ReviewerID) VALUES (2, '2020-02-02', 3);
INSERT INTO PerformanceReviews (EmployeeID, ReviewDate, ReviewerID) VALUES (3, '2020-03-03', 4);
INSERT INTO PerformanceReviews (EmployeeID, ReviewDate, ReviewerID) VALUES (4, '2020-04-04', 5);
INSERT INTO PerformanceReviews (EmployeeID, ReviewDate, ReviewerID) VALUES (5, '2020-05-05', 6);
INSERT INTO PerformanceReviews (EmployeeID, ReviewDate, ReviewerID) VALUES (6, '2020-06-06', 1);
select * from Departments;
departmentid    name    managerid
1    Research and Development    null
2    Human Resources    null
3    Sales    null
4    Marketing    null
5    Finance    null
6    Legal    null
select * from Employees;
employeeid    firstname    lastname    birthdate    departmentid
1    John    Doe    1980-01-01    1
2    Jane    Smith    1981-02-02    2
3    Alice    Jones    1982-03-03    3
4    Bob    Brown    1983-04-04    4
5    Charlie    White    1984-05-05    5
6    David    Black    1985-06-06    6
select * from Positions;
positionid    title    departmentid
1    Software Engineer    1
2    HR Specialist    2
3    Sales Associate    3
4    Marketing Specialist    4
5    Accountant    5
6    Attorney    6
select * from EmployeePositions;
employeeid    positionid
1    1
2    2
3    3
4    4
5    5
6    6
select * from Salaries;
salaryid    employeeid    positionid    salary
1    1    1    100000.00
2    2    2    50000.00
3    3    3    60000.00
4    4    4    70000.00
5    5    5    80000.00
6    6    6    90000.00
select * from Benefits;
benefitid    employeeid    benefit
1    1    Health Insurance
2    2    Dental Insurance
3    3    Vision Insurance
4    4    401k
5    5    Stock Options
6    6    Paid Time Off
select * from TimeOff;
timeoffid    employeeid    startdate    enddate
1    1    2020-01-01    2020-01-02
2    2    2020-02-02    2020-02-03
3    3    2020-03-03    2020-03-04
4    4    2020-04-04    2020-04-05
5    5    2020-05-05    2020-05-06
6    6    2020-06-06    2020-06-07
select * from PerformanceReviews;
performancereviewid    employeeid    reviewdate    reviewerid
1    1    2020-01-01    2
2    2    2020-02-02    3
3    3    2020-03-03    4
4    4    2020-04-04    5
5    5    2020-05-05    6
6    6    2020-06-06    1
CREATE DATABASE Projects;
USE Projects;
drop table if exists Projects;
CREATE TABLE Projects (
ProjectID INT AUTO_INCREMENT PRIMARY KEY,
Name VARCHAR(255) NOT NULL,
Description TEXT,
DepartmentID INT,
FOREIGN KEY (DepartmentID) REFERENCES Company.Departments(DepartmentID)
);
drop table if exists ProjectMembers;
CREATE TABLE ProjectMembers (
ProjectID INT,
EmployeeID INT,
FOREIGN KEY (ProjectID) REFERENCES Projects.Projects(ProjectID),
FOREIGN KEY (EmployeeID) REFERENCES Company.Employees(EmployeeID),
PRIMARY KEY (ProjectID, EmployeeID)
);
drop table if exists ProjectManagers;
CREATE TABLE ProjectManagers (
ProjectID INT,
EmployeeID INT,
FOREIGN KEY (ProjectID) REFERENCES Projects.Projects(ProjectID),
FOREIGN KEY (EmployeeID) REFERENCES Company.Employees(EmployeeID),
PRIMARY KEY (ProjectID, EmployeeID)
);
INSERT INTO Projects (Name, Description, DepartmentID) VALUES ('Project 1', 'Description 1', 1);
INSERT INTO Projects (Name, Description, DepartmentID) VALUES ('Project 2', 'Description 2', 2);
INSERT INTO Projects (Name, Description, DepartmentID) VALUES ('Project 3', 'Description 3', 3);
INSERT INTO Projects (Name, Description, DepartmentID) VALUES ('Project 4', 'Description 4', 4);
INSERT INTO Projects (Name, Description, DepartmentID) VALUES ('Project 5', 'Description 5', 5);
INSERT INTO Projects (Name, Description, DepartmentID) VALUES ('Project 6', 'Description 6', 6);
INSERT INTO ProjectMembers (ProjectID, EmployeeID) VALUES (1, 1);
INSERT INTO ProjectMembers (ProjectID, EmployeeID) VALUES (2, 2);
INSERT INTO ProjectMembers (ProjectID, EmployeeID) VALUES (3, 3);
INSERT INTO ProjectMembers (ProjectID, EmployeeID) VALUES (4, 4);
INSERT INTO ProjectMembers (ProjectID, EmployeeID) VALUES (5, 5);
INSERT INTO ProjectMembers (ProjectID, EmployeeID) VALUES (6, 6);
INSERT INTO ProjectManagers (ProjectID, EmployeeID) VALUES (1, 1);
INSERT INTO ProjectManagers (ProjectID, EmployeeID) VALUES (2, 2);
INSERT INTO ProjectManagers (ProjectID, EmployeeID) VALUES (3, 3);
INSERT INTO ProjectManagers (ProjectID, EmployeeID) VALUES (4, 4);
INSERT INTO ProjectManagers (ProjectID, EmployeeID) VALUES (5, 5);
INSERT INTO ProjectManagers (ProjectID, EmployeeID) VALUES (6, 6);
select * from Projects;
projectid    name    description    departmentid
1    Project 1    Description 1    1
2    Project 2    Description 2    2
3    Project 3    Description 3    3
4    Project 4    Description 4    4
5    Project 5    Description 5    5
6    Project 6    Description 6    6
select * from ProjectMembers;
projectid    employeeid
1    1
2    2
3    3
4    4
5    5
6    6
select * from ProjectManagers;
projectid    employeeid
1    1
2    2
3    3
4    4
5    5
6    6
CREATE DATABASE Payroll;
USE Payroll;
drop table if exists Salaries;
CREATE TABLE Salaries (
EmployeeID INT,
MonthlySalary DECIMAL(10, 2),
FOREIGN KEY (EmployeeID) REFERENCES Company.Employees(EmployeeID),
PRIMARY KEY (EmployeeID)
);
drop table if exists ProjectBonuses;
CREATE TABLE ProjectBonuses (
ProjectID INT,
EmployeeID INT,
Bonus DECIMAL(10, 2),
FOREIGN KEY (ProjectID) REFERENCES Projects.Projects(ProjectID),
FOREIGN KEY (EmployeeID) REFERENCES Company.Employees(EmployeeID),
PRIMARY KEY (ProjectID, EmployeeID)
);
drop table if exists DepartmentBudgets;
CREATE TABLE DepartmentBudgets (
DepartmentID INT,
Budget DECIMAL(15, 2),
FOREIGN KEY (DepartmentID) REFERENCES Company.Departments(DepartmentID),
PRIMARY KEY (DepartmentID)
);
INSERT INTO Salaries (EmployeeID, MonthlySalary) VALUES (1, 10000.00);
INSERT INTO Salaries (EmployeeID, MonthlySalary) VALUES (2, 20000.00);
INSERT INTO Salaries (EmployeeID, MonthlySalary) VALUES (3, 30000.00);
INSERT INTO Salaries (EmployeeID, MonthlySalary) VALUES (4, 40000.00);
INSERT INTO Salaries (EmployeeID, MonthlySalary) VALUES (5, 50000.00);
INSERT INTO Salaries (EmployeeID, MonthlySalary) VALUES (6, 60000.00);
INSERT INTO ProjectBonuses (ProjectID, EmployeeID, Bonus) VALUES (1, 1, 1000.00);
INSERT INTO ProjectBonuses (ProjectID, EmployeeID, Bonus) VALUES (2, 2, 2000.00);
INSERT INTO ProjectBonuses (ProjectID, EmployeeID, Bonus) VALUES (3, 3, 3000.00);
INSERT INTO ProjectBonuses (ProjectID, EmployeeID, Bonus) VALUES (4, 4, 4000.00);
INSERT INTO ProjectBonuses (ProjectID, EmployeeID, Bonus) VALUES (5, 5, 5000.00);
INSERT INTO ProjectBonuses (ProjectID, EmployeeID, Bonus) VALUES (6, 6, 6000.00);
INSERT INTO DepartmentBudgets (DepartmentID, Budget) VALUES (1, 100000.00);
INSERT INTO DepartmentBudgets (DepartmentID, Budget) VALUES (2, 200000.00);
INSERT INTO DepartmentBudgets (DepartmentID, Budget) VALUES (3, 300000.00);
INSERT INTO DepartmentBudgets (DepartmentID, Budget) VALUES (4, 400000.00);
INSERT INTO DepartmentBudgets (DepartmentID, Budget) VALUES (5, 500000.00);
INSERT INTO DepartmentBudgets (DepartmentID, Budget) VALUES (6, 600000.00);
select * from Salaries;
employeeid    monthlysalary
1    10000.00
2    20000.00
3    30000.00
4    40000.00
5    50000.00
6    60000.00
select * from ProjectBonuses;
projectid    employeeid    bonus
1    1    1000.00
2    2    2000.00
3    3    3000.00
4    4    4000.00
5    5    5000.00
6    6    6000.00
select * from DepartmentBudgets;
departmentid    budget
1    100000.00
2    200000.00
3    300000.00
4    400000.00
5    500000.00
6    600000.00
drop snapshot if exists cluster_sp;
show snapshots;
SNAPSHOT_NAME    TIMESTAMP    SNAPSHOT_LEVEL    ACCOUNT_NAME    DATABASE_NAME    TABLE_NAME
create snapshot cluster_sp for cluster;
show snapshots;
SNAPSHOT_NAME    TIMESTAMP    SNAPSHOT_LEVEL    ACCOUNT_NAME    DATABASE_NAME    TABLE_NAME
cluster_sp    2024-06-27 09:56:55.387432    cluster            
drop database if exists Payroll;
drop database if exists Projects;
drop database if exists Company;
drop database if exists Payroll;
drop database if exists Projects;
drop database if exists Company;
drop database if exists Payroll;
drop database if exists Projects;
drop database if exists Company;
restore cluster from snapshot cluster_sp;
select * from Company.Departments;
departmentid    name    managerid
1    Research and Development    null
2    Human Resources    null
3    Sales    null
4    Marketing    null
5    Finance    null
6    Legal    null
select * from Company.Employees;
employeeid    firstname    lastname    birthdate    departmentid
1    John    Doe    1980-01-01    1
2    Jane    Smith    1981-02-02    2
3    Alice    Jones    1982-03-03    3
4    Bob    Brown    1983-04-04    4
5    Charlie    White    1984-05-05    5
6    David    Black    1985-06-06    6
select * from Company.Positions;
positionid    title    departmentid
1    Software Engineer    1
2    HR Specialist    2
3    Sales Associate    3
4    Marketing Specialist    4
5    Accountant    5
6    Attorney    6
select * from Company.EmployeePositions;
employeeid    positionid
1    1
2    2
3    3
4    4
5    5
6    6
select * from Company.Salaries;
salaryid    employeeid    positionid    salary
1    1    1    100000.00
2    2    2    50000.00
3    3    3    60000.00
4    4    4    70000.00
5    5    5    80000.00
6    6    6    90000.00
select * from Company.Benefits;
benefitid    employeeid    benefit
1    1    Health Insurance
2    2    Dental Insurance
3    3    Vision Insurance
4    4    401k
5    5    Stock Options
6    6    Paid Time Off
select * from Company.TimeOff;
timeoffid    employeeid    startdate    enddate
1    1    2020-01-01    2020-01-02
2    2    2020-02-02    2020-02-03
3    3    2020-03-03    2020-03-04
4    4    2020-04-04    2020-04-05
5    5    2020-05-05    2020-05-06
6    6    2020-06-06    2020-06-07
select * from Company.PerformanceReviews;
performancereviewid    employeeid    reviewdate    reviewerid
1    1    2020-01-01    2
2    2    2020-02-02    3
3    3    2020-03-03    4
4    4    2020-04-04    5
5    5    2020-05-05    6
6    6    2020-06-06    1
select * from Projects.Projects;
projectid    name    description    departmentid
1    Project 1    Description 1    1
2    Project 2    Description 2    2
3    Project 3    Description 3    3
4    Project 4    Description 4    4
5    Project 5    Description 5    5
6    Project 6    Description 6    6
select * from Projects.ProjectMembers;
projectid    employeeid
1    1
2    2
3    3
4    4
5    5
6    6
select * from Projects.ProjectManagers;
projectid    employeeid
1    1
2    2
3    3
4    4
5    5
6    6
select * from Payroll.Salaries;
employeeid    monthlysalary
1    10000.00
2    20000.00
3    30000.00
4    40000.00
5    50000.00
6    60000.00
select * from Payroll.ProjectBonuses;
projectid    employeeid    bonus
1    1    1000.00
2    2    2000.00
3    3    3000.00
4    4    4000.00
5    5    5000.00
6    6    6000.00
select * from Payroll.DepartmentBudgets;
departmentid    budget
1    100000.00
2    200000.00
3    300000.00
4    400000.00
5    500000.00
6    600000.00
select * from Company.Departments;
departmentid    name    managerid
1    Research and Development    null
2    Human Resources    null
3    Sales    null
4    Marketing    null
5    Finance    null
6    Legal    null
select * from Company.Employees;
employeeid    firstname    lastname    birthdate    departmentid
1    John    Doe    1980-01-01    1
2    Jane    Smith    1981-02-02    2
3    Alice    Jones    1982-03-03    3
4    Bob    Brown    1983-04-04    4
5    Charlie    White    1984-05-05    5
6    David    Black    1985-06-06    6
select * from Company.Positions;
positionid    title    departmentid
1    Software Engineer    1
2    HR Specialist    2
3    Sales Associate    3
4    Marketing Specialist    4
5    Accountant    5
6    Attorney    6
select * from Company.EmployeePositions;
employeeid    positionid
1    1
2    2
3    3
4    4
5    5
6    6
select * from Company.Salaries;
salaryid    employeeid    positionid    salary
1    1    1    100000.00
2    2    2    50000.00
3    3    3    60000.00
4    4    4    70000.00
5    5    5    80000.00
6    6    6    90000.00
select * from Company.Benefits;
benefitid    employeeid    benefit
1    1    Health Insurance
2    2    Dental Insurance
3    3    Vision Insurance
4    4    401k
5    5    Stock Options
6    6    Paid Time Off
select * from Company.TimeOff;
timeoffid    employeeid    startdate    enddate
1    1    2020-01-01    2020-01-02
2    2    2020-02-02    2020-02-03
3    3    2020-03-03    2020-03-04
4    4    2020-04-04    2020-04-05
5    5    2020-05-05    2020-05-06
6    6    2020-06-06    2020-06-07
select * from Company.PerformanceReviews;
performancereviewid    employeeid    reviewdate    reviewerid
1    1    2020-01-01    2
2    2    2020-02-02    3
3    3    2020-03-03    4
4    4    2020-04-04    5
5    5    2020-05-05    6
6    6    2020-06-06    1
select * from Projects.Projects;
projectid    name    description    departmentid
1    Project 1    Description 1    1
2    Project 2    Description 2    2
3    Project 3    Description 3    3
4    Project 4    Description 4    4
5    Project 5    Description 5    5
6    Project 6    Description 6    6
select * from Projects.ProjectMembers;
projectid    employeeid
1    1
2    2
3    3
4    4
5    5
6    6
select * from Projects.ProjectManagers;
projectid    employeeid
1    1
2    2
3    3
4    4
5    5
6    6
select * from Payroll.Salaries;
employeeid    monthlysalary
1    10000.00
2    20000.00
3    30000.00
4    40000.00
5    50000.00
6    60000.00
select * from Payroll.ProjectBonuses;
projectid    employeeid    bonus
1    1    1000.00
2    2    2000.00
3    3    3000.00
4    4    4000.00
5    5    5000.00
6    6    6000.00
select * from Payroll.DepartmentBudgets;
departmentid    budget
1    100000.00
2    200000.00
3    300000.00
4    400000.00
5    500000.00
6    600000.00
drop database if exists Payroll;
drop database if exists Projects;
drop database if exists Company;
select * from Company.Departments;
departmentid    name    managerid
1    Research and Development    null
2    Human Resources    null
3    Sales    null
4    Marketing    null
5    Finance    null
6    Legal    null
select * from Company.Employees;
employeeid    firstname    lastname    birthdate    departmentid
1    John    Doe    1980-01-01    1
2    Jane    Smith    1981-02-02    2
3    Alice    Jones    1982-03-03    3
4    Bob    Brown    1983-04-04    4
5    Charlie    White    1984-05-05    5
6    David    Black    1985-06-06    6
select * from Company.Positions;
positionid    title    departmentid
1    Software Engineer    1
2    HR Specialist    2
3    Sales Associate    3
4    Marketing Specialist    4
5    Accountant    5
6    Attorney    6
select * from Company.EmployeePositions;
employeeid    positionid
1    1
2    2
3    3
4    4
5    5
6    6
select * from Company.Salaries;
salaryid    employeeid    positionid    salary
1    1    1    100000.00
2    2    2    50000.00
3    3    3    60000.00
4    4    4    70000.00
5    5    5    80000.00
6    6    6    90000.00
select * from Company.Benefits;
benefitid    employeeid    benefit
1    1    Health Insurance
2    2    Dental Insurance
3    3    Vision Insurance
4    4    401k
5    5    Stock Options
6    6    Paid Time Off
select * from Company.TimeOff;
timeoffid    employeeid    startdate    enddate
1    1    2020-01-01    2020-01-02
2    2    2020-02-02    2020-02-03
3    3    2020-03-03    2020-03-04
4    4    2020-04-04    2020-04-05
5    5    2020-05-05    2020-05-06
6    6    2020-06-06    2020-06-07
select * from Company.PerformanceReviews;
performancereviewid    employeeid    reviewdate    reviewerid
1    1    2020-01-01    2
2    2    2020-02-02    3
3    3    2020-03-03    4
4    4    2020-04-04    5
5    5    2020-05-05    6
6    6    2020-06-06    1
select * from Projects.Projects;
projectid    name    description    departmentid
1    Project 1    Description 1    1
2    Project 2    Description 2    2
3    Project 3    Description 3    3
4    Project 4    Description 4    4
5    Project 5    Description 5    5
6    Project 6    Description 6    6
select * from Projects.ProjectMembers;
projectid    employeeid
1    1
2    2
3    3
4    4
5    5
6    6
select * from Projects.ProjectManagers;
projectid    employeeid
1    1
2    2
3    3
4    4
5    5
6    6
select * from Payroll.Salaries;
employeeid    monthlysalary
1    10000.00
2    20000.00
3    30000.00
4    40000.00
5    50000.00
6    60000.00
select * from Payroll.ProjectBonuses;
projectid    employeeid    bonus
1    1    1000.00
2    2    2000.00
3    3    3000.00
4    4    4000.00
5    5    5000.00
6    6    6000.00
select * from Payroll.DepartmentBudgets;
departmentid    budget
1    100000.00
2    200000.00
3    300000.00
4    400000.00
5    500000.00
6    600000.00
drop database if exists Payroll;
drop database if exists Projects;
drop database if exists Company;
drop snapshot if exists cluster_sp;
show snapshots;
SNAPSHOT_NAME    TIMESTAMP    SNAPSHOT_LEVEL    ACCOUNT_NAME    DATABASE_NAME    TABLE_NAME
drop database if exists Payroll;
drop database if exists Projects;
drop database if exists Company;
drop account acc01;
drop account acc02;
