drop account if exists acc01;
create account acc01 admin_name = 'test_account' identified by '111';
drop pitr if exists pitr01;
create pitr pitr01 for cluster range 1 'h';
show pitr;
PITR_NAME    CREATED_TIME    MODIFIED_TIME    PITR_LEVEL    ACCOUNT_NAME    DATABASE_NAME    TABLE_NAME    PITR_LENGTH    PITR_UNIT
pitr01    2024-12-25 17:22:15    2024-12-25 17:22:15    cluster    *    *    *    1    h
select `pitr_id`, `pitr_name`, `create_account`, `create_time`, `modified_time`, `level`, `account_id`, `account_name`, `database_name`, `table_name`, `obj_id`, `pitr_length`, `pitr_unit` from mo_catalog.mo_pitr Where pitr_name != 'sys_mo_catalog_pitr';
pitr_id    pitr_name    create_account    create_time    modified_time    level    account_id    account_name    database_name    table_name    obj_id    pitr_length    pitr_unit
0193fd1f-bc8a-7c50-82c7-9702538eaf9d    pitr01    0    2024-12-25 09:22:15    2024-12-25 09:22:15    cluster    0                18446744073709551615    1    h
alter pitr pitr01 range 10 'd';
show pitr;
PITR_NAME    CREATED_TIME    MODIFIED_TIME    PITR_LEVEL    ACCOUNT_NAME    DATABASE_NAME    TABLE_NAME    PITR_LENGTH    PITR_UNIT
pitr01    2024-12-25 17:22:15    2024-12-25 17:22:15    cluster    *    *    *    10    d
select `pitr_id`, `pitr_name`, `create_account`, `create_time`, `modified_time`, `level`, `account_id`, `account_name`, `database_name`, `table_name`, `obj_id`, `pitr_length`, `pitr_unit` from mo_catalog.mo_pitr Where pitr_name != 'sys_mo_catalog_pitr';
pitr_id    pitr_name    create_account    create_time    modified_time    level    account_id    account_name    database_name    table_name    obj_id    pitr_length    pitr_unit
0193fd1f-bc8a-7c50-82c7-9702538eaf9d    pitr01    0    2024-12-25 09:22:15    2024-12-25 09:22:15    cluster    0                18446744073709551615    10    d
drop pitr pitr01;
show pitr;
PITR_NAME    CREATED_TIME    MODIFIED_TIME    PITR_LEVEL    ACCOUNT_NAME    DATABASE_NAME    TABLE_NAME    PITR_LENGTH    PITR_UNIT
select `pitr_id`, `pitr_name`, `create_account`, `create_time`, `modified_time`, `level`, `account_id`, `account_name`, `database_name`, `table_name`, `obj_id`, `pitr_length`, `pitr_unit` from mo_catalog.mo_pitr Where pitr_name != 'sys_mo_catalog_pitr';
pitr_id    pitr_name    create_account    create_time    modified_time    level    account_id    account_name    database_name    table_name    obj_id    pitr_length    pitr_unit
drop pitr if exists p02;
create pitr p02 for account acc01 range 1 'd';
show pitr;
PITR_NAME    CREATED_TIME    MODIFIED_TIME    PITR_LEVEL    ACCOUNT_NAME    DATABASE_NAME    TABLE_NAME    PITR_LENGTH    PITR_UNIT
p02    2024-12-25 17:22:15    2024-12-25 17:22:15    account    acc01    *    *    1    d
select `pitr_id`, `pitr_name`, `create_account`, `create_time`, `modified_time`, `level`, `account_id`, `account_name`, `database_name`, `table_name`, `obj_id`, `pitr_length`, `pitr_unit` from mo_catalog.mo_pitr Where pitr_name != 'sys_mo_catalog_pitr';
pitr_id    pitr_name    create_account    create_time    modified_time    level    account_id    account_name    database_name    table_name    obj_id    pitr_length    pitr_unit
0193fd1f-bcb6-7246-9d91-875413dfc702    p02    0    2024-12-25 09:22:15    2024-12-25 09:22:15    account    30010    acc01            30010    1    d
alter pitr p02 range 100 'd';
show pitr;
PITR_NAME    CREATED_TIME    MODIFIED_TIME    PITR_LEVEL    ACCOUNT_NAME    DATABASE_NAME    TABLE_NAME    PITR_LENGTH    PITR_UNIT
p02    2024-12-25 17:22:15    2024-12-25 17:22:15    account    acc01    *    *    100    d
select `pitr_id`, `pitr_name`, `create_account`, `create_time`, `modified_time`, `level`, `account_id`, `account_name`, `database_name`, `table_name`, `obj_id`, `pitr_length`, `pitr_unit` from mo_catalog.mo_pitr Where pitr_name != 'sys_mo_catalog_pitr';
pitr_id    pitr_name    create_account    create_time    modified_time    level    account_id    account_name    database_name    table_name    obj_id    pitr_length    pitr_unit
0193fd1f-bcb6-7246-9d91-875413dfc702    p02    0    2024-12-25 09:22:15    2024-12-25 09:22:15    account    30010    acc01            30010    100    d
drop pitr p02;
show pitr;
PITR_NAME    CREATED_TIME    MODIFIED_TIME    PITR_LEVEL    ACCOUNT_NAME    DATABASE_NAME    TABLE_NAME    PITR_LENGTH    PITR_UNIT
select `pitr_id`, `pitr_name`, `create_account`, `create_time`, `modified_time`, `level`, `account_id`, `account_name`, `database_name`, `table_name`, `obj_id`, `pitr_length`, `pitr_unit` from mo_catalog.mo_pitr Where pitr_name != 'sys_mo_catalog_pitr';
pitr_id    pitr_name    create_account    create_time    modified_time    level    account_id    account_name    database_name    table_name    obj_id    pitr_length    pitr_unit
drop pitr if exists `select`;
create pitr `select` for account range 10 'd';
show pitr;
PITR_NAME    CREATED_TIME    MODIFIED_TIME    PITR_LEVEL    ACCOUNT_NAME    DATABASE_NAME    TABLE_NAME    PITR_LENGTH    PITR_UNIT
select    2024-12-25 17:22:15    2024-12-25 17:22:15    account    acc01    *    *    10    d
select `pitr_id`, `pitr_name`, `create_account`, `create_time`, `modified_time`, `level`, `account_id`, `account_name`, `database_name`, `table_name`, `obj_id`, `pitr_length`, `pitr_unit` from mo_catalog.mo_pitr Where pitr_name != 'sys_mo_catalog_pitr';
pitr_id    pitr_name    create_account    create_time    modified_time    level    account_id    account_name    database_name    table_name    obj_id    pitr_length    pitr_unit
0193fd1f-bce9-705d-bca9-7a795f93de07    select    30010    2024-12-25 09:22:15    2024-12-25 09:22:15    account    30010    acc01            30010    10    d
alter pitr `select` range 30 'd';
show pitr;
PITR_NAME    CREATED_TIME    MODIFIED_TIME    PITR_LEVEL    ACCOUNT_NAME    DATABASE_NAME    TABLE_NAME    PITR_LENGTH    PITR_UNIT
select    2024-12-25 17:22:15    2024-12-25 17:22:15    account    acc01    *    *    30    d
select `pitr_id`, `pitr_name`, `create_account`, `create_time`, `modified_time`, `level`, `account_id`, `account_name`, `database_name`, `table_name`, `obj_id`, `pitr_length`, `pitr_unit` from mo_catalog.mo_pitr Where pitr_name != 'sys_mo_catalog_pitr';
pitr_id    pitr_name    create_account    create_time    modified_time    level    account_id    account_name    database_name    table_name    obj_id    pitr_length    pitr_unit
0193fd1f-bce9-705d-bca9-7a795f93de07    select    30010    2024-12-25 09:22:15    2024-12-25 09:22:15    account    30010    acc01            30010    30    d
drop pitr `select`;
select `pitr_id`, `pitr_name`, `create_account`, `create_time`, `modified_time`, `level`, `account_id`, `account_name`, `database_name`, `table_name`, `obj_id`, `pitr_length`, `pitr_unit` from mo_catalog.mo_pitr Where pitr_name != 'sys_mo_catalog_pitr';
pitr_id    pitr_name    create_account    create_time    modified_time    level    account_id    account_name    database_name    table_name    obj_id    pitr_length    pitr_unit
drop database if exists test01;
create database test01;
drop pitr if exists account;
create pitr account for database test01 range 1 'mo';
show pitr;
PITR_NAME    CREATED_TIME    MODIFIED_TIME    PITR_LEVEL    ACCOUNT_NAME    DATABASE_NAME    TABLE_NAME    PITR_LENGTH    PITR_UNIT
account    2024-12-25 17:22:15    2024-12-25 17:22:15    database    sys    test01    *    1    mo
select `pitr_id`, `pitr_name`, `create_account`, `create_time`, `modified_time`, `level`, `account_id`, `account_name`, `database_name`, `table_name`, `obj_id`, `pitr_length`, `pitr_unit` from mo_catalog.mo_pitr Where pitr_name != 'sys_mo_catalog_pitr';
pitr_id    pitr_name    create_account    create_time    modified_time    level    account_id    account_name    database_name    table_name    obj_id    pitr_length    pitr_unit
0193fd1f-bd11-76d6-ae30-218792e1f7e9    account    0    2024-12-25 09:22:15    2024-12-25 09:22:15    database    0    sys    test01        317750    1    mo
alter pitr account range 4 'mo';
show pitr;
PITR_NAME    CREATED_TIME    MODIFIED_TIME    PITR_LEVEL    ACCOUNT_NAME    DATABASE_NAME    TABLE_NAME    PITR_LENGTH    PITR_UNIT
account    2024-12-25 17:22:15    2024-12-25 17:22:15    database    sys    test01    *    4    mo
select `pitr_id`, `pitr_name`, `create_account`, `create_time`, `modified_time`, `level`, `account_id`, `account_name`, `database_name`, `table_name`, `obj_id`, `pitr_length`, `pitr_unit` from mo_catalog.mo_pitr Where pitr_name != 'sys_mo_catalog_pitr';
pitr_id    pitr_name    create_account    create_time    modified_time    level    account_id    account_name    database_name    table_name    obj_id    pitr_length    pitr_unit
0193fd1f-bd11-76d6-ae30-218792e1f7e9    account    0    2024-12-25 09:22:15    2024-12-25 09:22:15    database    0    sys    test01        317750    4    mo
drop pitr account;
show pitr;
PITR_NAME    CREATED_TIME    MODIFIED_TIME    PITR_LEVEL    ACCOUNT_NAME    DATABASE_NAME    TABLE_NAME    PITR_LENGTH    PITR_UNIT
select `pitr_id`, `pitr_name`, `create_account`, `create_time`, `modified_time`, `level`, `account_id`, `account_name`, `database_name`, `table_name`, `obj_id`, `pitr_length`, `pitr_unit` from mo_catalog.mo_pitr Where pitr_name != 'sys_mo_catalog_pitr';
pitr_id    pitr_name    create_account    create_time    modified_time    level    account_id    account_name    database_name    table_name    obj_id    pitr_length    pitr_unit
use test01;
create table t1 (col1 int, col2 decimal);
insert into t1 values (1,2);
insert into t1 values (2,3);
drop pitr if exists `$%^#`;
create pitr `$%^#` for table test01  t1 range 1 'y';
select * from t1;
col1    col2
1    2
2    3
show create table t1;
Table    Create Table
t1    CREATE TABLE `t1` (\n  `col1` int DEFAULT NULL,\n  `col2` decimal(38,0) DEFAULT NULL\n)
truncate t1;
show pitr;
PITR_NAME    CREATED_TIME    MODIFIED_TIME    PITR_LEVEL    ACCOUNT_NAME    DATABASE_NAME    TABLE_NAME    PITR_LENGTH    PITR_UNIT
$%^#    2024-12-25 17:22:15    2024-12-25 17:22:15    table    sys    test01    t1    1    y
select `pitr_id`, `pitr_name`, `create_account`, `create_time`, `modified_time`, `level`, `account_id`, `account_name`, `database_name`, `table_name`, `obj_id`, `pitr_length`, `pitr_unit` from mo_catalog.mo_pitr Where pitr_name != 'sys_mo_catalog_pitr';
pitr_id    pitr_name    create_account    create_time    modified_time    level    account_id    account_name    database_name    table_name    obj_id    pitr_length    pitr_unit
0193fd1f-bd3c-70fa-ae01-a0699c57a124    $%^#    0    2024-12-25 09:22:15    2024-12-25 09:22:15    table    0    sys    test01    t1    317751    1    y
alter pitr `$%^#` range 2 'mo';
drop pitr `$%^#`;
show pitr;
PITR_NAME    CREATED_TIME    MODIFIED_TIME    PITR_LEVEL    ACCOUNT_NAME    DATABASE_NAME    TABLE_NAME    PITR_LENGTH    PITR_UNIT
select `pitr_id`, `pitr_name`, `create_account`, `create_time`, `modified_time`, `level`, `account_id`, `account_name`, `database_name`, `table_name`, `obj_id`, `pitr_length`, `pitr_unit` from mo_catalog.mo_pitr Where pitr_name != 'sys_mo_catalog_pitr';
pitr_id    pitr_name    create_account    create_time    modified_time    level    account_id    account_name    database_name    table_name    obj_id    pitr_length    pitr_unit
drop table t1;
drop database test01;
drop database if exists test;
create database test;
use test;
drop table if exists s3t;
create table s3t (a int, b int, c int, primary key(a, b));
insert into s3t select result, 2, 12 from generate_series(1, 30000, 1) g;
select count(*) from s3t;
count(*)
30000
select sum(a) from s3t;
sum(a)
450015000
drop pitr if exists p03;
create pitr p03 for table test s3t range 2 'h';
select count(*) from s3t;
count(*)
30000
select sum(a) from s3t;
sum(a)
450015000
show pitr;
PITR_NAME    CREATED_TIME    MODIFIED_TIME    PITR_LEVEL    ACCOUNT_NAME    DATABASE_NAME    TABLE_NAME    PITR_LENGTH    PITR_UNIT
p03    2024-12-25 17:22:16    2024-12-25 17:22:16    table    sys    test    s3t    2    h
select `pitr_id`, `pitr_name`, `create_account`, `create_time`, `modified_time`, `level`, `account_id`, `account_name`, `database_name`, `table_name`, `obj_id`, `pitr_length`, `pitr_unit` from mo_catalog.mo_pitr Where pitr_name != 'sys_mo_catalog_pitr';
pitr_id    pitr_name    create_account    create_time    modified_time    level    account_id    account_name    database_name    table_name    obj_id    pitr_length    pitr_unit
0193fd1f-bf0c-7b65-a849-dc6e020fa8d6    p03    0    2024-12-25 09:22:16    2024-12-25 09:22:16    table    0    sys    test    s3t    317754    2    h
drop pitr p03;
drop database test;
drop pitr if exists p04;
create pitr p04 for account acc10 range 10 'd';
internal error: account acc10 does not exist
drop pitr if exists p05;
create pitr p05 database t1 range 3 'h';
SQL parser error: You have an error in your SQL syntax; check the manual that corresponds to your MatrixOne server version for the right syntax to use. syntax error at line 1 column 24 near " database t1 range 3 'h';";
drop database if exists test01;
create database test01;
drop pitr if exists p06;
create pitr p06 table database test01 table01 range 20 'y';
SQL parser error: You have an error in your SQL syntax; check the manual that corresponds to your MatrixOne server version for the right syntax to use. syntax error at line 1 column 21 near " table database test01 table01 range 20 'y';";
drop database test01;
create pitr p07 for account range 102 'd';
internal error: invalid pitr value 102
create pitr p07 for account range 200 'h';
internal error: invalid pitr value 200
create pitr p07 for account range 300 'y';
internal error: invalid pitr value 300
create pitr p07 for account range 500 'mo';
internal error: invalid pitr value 500
create pitr p07 for account range -1 'd';
SQL parser error: You have an error in your SQL syntax; check the manual that corresponds to your MatrixOne server version for the right syntax to use. syntax error at line 1 column 35 near " -1 'd';";
create pitr p07 for account range -2 'h';
SQL parser error: You have an error in your SQL syntax; check the manual that corresponds to your MatrixOne server version for the right syntax to use. syntax error at line 1 column 35 near " -2 'h';";
create pitr p07 for account range -3 'y';
SQL parser error: You have an error in your SQL syntax; check the manual that corresponds to your MatrixOne server version for the right syntax to use. syntax error at line 1 column 35 near " -3 'y';";
create pitr p07 for account range 0 'mo';
internal error: invalid pitr value 0
create pitr p07 for account range 1 'day';
internal error: invalid pitr unit day
create pitr p07 for account range 2 'hour';
internal error: invalid pitr unit hour
create pitr p07 for account range 3 'year';
internal error: invalid pitr unit year
create pitr p07 for account range 20 'month';
internal error: invalid pitr unit month
drop pitr if exists p01;
create pitr p01 for cluster range 1 'd';
create pitr p01 for cluster range 10 'h';
internal error: pitr p01 already exists
drop pitr p01;
drop pitr if exists p10;
create pitr p10 for account acc01 range 1 'd';
create pitr p11 for account acc01 range 10 'h';
internal error: account `acc01` already has a pitr
drop pitr p10;
drop database if exists test;
create database test;
drop pitr if exists p10;
create pitr p10 for database test range 10 'y';
create pitr p11 for database test range 11 'd';
internal error: database `test` already has a pitr
drop pitr p10;
drop database test;
drop database if exists test;
create database test;
use test;
create table t1(col int, col2 decimal);
insert into t1 values(1,1);
drop pitr if exists p10;
create pitr p10 for table test  t1 range 10 'y';
create pitr p11 for table test  t1 range 11 'd';
internal error: database `test` table `t1` already has a pitr
drop pitr p10;
drop database test;
drop pitr if exists pitr01;
create pitr pitr01 for account acc01 range 11 'mo';
create pitr pitr02 for account acc01 range 11 'mo';
internal error: account `acc01` already has a pitr
drop pitr if exists p10;
create pitr p10 for account range 1 'd';
create pitr p11 for account range 10 'h';
internal error: account `acc01` already has a pitr
drop pitr p10;
drop database if exists test;
create database test;
drop pitr if exists p10;
create pitr p10 for database test range 10 'y';
create pitr p11 for database test range 11 'd';
internal error: database `test` already has a pitr
drop pitr p10;
drop database test;
drop database if exists test;
create database test;
use test;
create table t1(col int, col2 decimal);
insert into t1 values(1,1);
drop pitr if exists p10;
create pitr p10 for table test t1 range 10 'y';
create pitr p11 for table test t1 range 11 'd';
internal error: database `test` table `t1` already has a pitr
drop pitr p10;
drop database test;
drop pitr if exists p11;
create pitr p11 for account range 1 'd';
drop pitr if exists p12;
create pitr p12 for account range 1 'd';
show pitr;
PITR_NAME    CREATED_TIME    MODIFIED_TIME    PITR_LEVEL    ACCOUNT_NAME    DATABASE_NAME    TABLE_NAME    PITR_LENGTH    PITR_UNIT
pitr01    2024-12-25 17:22:16    2024-12-25 17:22:16    account    acc01    *    *    11    mo
p12    2024-12-25 17:22:16    2024-12-25 17:22:16    account    sys    *    *    1    d
select `pitr_id`, `pitr_name`, `create_account`, `create_time`, `modified_time`, `level`, `account_id`, `account_name`, `database_name`, `table_name`, `obj_id`, `pitr_length`, `pitr_unit` from mo_catalog.mo_pitr Where pitr_name != 'sys_mo_catalog_pitr';
pitr_id    pitr_name    create_account    create_time    modified_time    level    account_id    account_name    database_name    table_name    obj_id    pitr_length    pitr_unit
0193fd1f-c063-7c38-a759-278113df2442    pitr01    0    2024-12-25 09:22:16    2024-12-25 09:22:16    account    30010    acc01            30010    11    mo
0193fd1f-c0f9-7343-9a0c-a8aefb514339    p11    30010    2024-12-25 09:22:16    2024-12-25 09:22:16    account    30010    acc01            30010    1    d
0193fd1f-c101-7320-96a1-76136f50fd9d    p12    0    2024-12-25 09:22:16    2024-12-25 09:22:16    account    0    sys            0    1    d
alter pitr p11 range 11 'mo';
internal error: pitr p11 does not exist
drop pitr p10;
internal error: pitr p10 does not exist
drop pitr p11;
drop pitr if exists p11;
create pitr p11 for account range 1 'd';
drop pitr if exists p12;
create pitr p12 for account range 1 'd';
show pitr;
PITR_NAME    CREATED_TIME    MODIFIED_TIME    PITR_LEVEL    ACCOUNT_NAME    DATABASE_NAME    TABLE_NAME    PITR_LENGTH    PITR_UNIT
p11    2024-12-25 17:22:16    2024-12-25 17:22:16    account    acc01    *    *    1    d
alter pitr p12 range 10 'mo';
internal error: pitr p12 does not exist
drop pitr p11;
drop pitr p12;
drop user if exists user01;
create user user01 identified by '111';
create pitr p20 for account range 10 'd';
internal error: do not have privilege to execute the statement
drop user user01;
drop pitr if exists p20;
create pitr for account sys range 1 'y';
SQL parser error: You have an error in your SQL syntax; check the manual that corresponds to your MatrixOne server version for the right syntax to use. syntax error at line 1 column 15 near " for account sys range 1 'y';";
drop account acc01;
