drop pitr if exists pitr01;
create pitr pitr01 range 1 'h';
drop pitr if exists pitr02;
create pitr pitr02 range 1 'd';
drop pitr if exists pitr03;
create pitr pitr03 range 1 'mo';
drop pitr if exists pitr04;
create pitr pitr04 range 1 'y';
show pitr;
PITR_NAME    CREATED_TIME    MODIFIED_TIME    PITR_LEVEL    ACCOUNT_NAME    DATABASE_NAME    TABLE_NAME    PITR_LENGTH    PITR_UNIT
pitr01    2024-08-02 09:02:03    2024-08-02 09:02:03    account    sys    *    *    1    h
pitr02    2024-08-02 09:02:03    2024-08-02 09:02:03    account    sys    *    *    1    d
pitr03    2024-08-02 09:02:03    2024-08-02 09:02:03    account    sys    *    *    1    mo
pitr04    2024-08-02 09:02:03    2024-08-02 09:02:03    account    sys    *    *    1    y
drop pitr if exists pitr05;
create pitr pitr05 for cluster range 1 'h';
show pitr;
PITR_NAME    CREATED_TIME    MODIFIED_TIME    PITR_LEVEL    ACCOUNT_NAME    DATABASE_NAME    TABLE_NAME    PITR_LENGTH    PITR_UNIT
pitr01    2024-08-02 09:02:03    2024-08-02 09:02:03    account    sys    *    *    1    h
pitr02    2024-08-02 09:02:03    2024-08-02 09:02:03    account    sys    *    *    1    d
pitr03    2024-08-02 09:02:03    2024-08-02 09:02:03    account    sys    *    *    1    mo
pitr04    2024-08-02 09:02:03    2024-08-02 09:02:03    account    sys    *    *    1    y
pitr05    2024-08-02 09:02:03    2024-08-02 09:02:03    cluster    *    *    *    1    h
create pitr pitr01 range 1 'h';
internal error: pitr pitr01 already exists
create pitr if not exists pitr01 range 1 'h';
create pitr pitr07 for account acc01 database mo_catalog range 1 'h';
SQL parser error: You have an error in your SQL syntax; check the manual that corresponds to your MatrixOne server version for the right syntax to use. syntax error at line 1 column 45 near " database mo_catalog range 1 'h';";
create pitr pitr08 for account acc01 database mo_catalog table mo_table range 1 'h';
SQL parser error: You have an error in your SQL syntax; check the manual that corresponds to your MatrixOne server version for the right syntax to use. syntax error at line 1 column 45 near " database mo_catalog table mo_table range 1 'h';";
create pitr pitr09 range 1 'yy';
internal error: invalid pitr unit yy
create pitr pitr09 range -1 'h';
SQL parser error: You have an error in your SQL syntax; check the manual that corresponds to your MatrixOne server version for the right syntax to use. syntax error at line 1 column 26 near " -1 'h';";
create pitr pitr09 range 2000 'h';
internal error: invalid pitr value 2000
show pitr;
PITR_NAME    CREATED_TIME    MODIFIED_TIME    PITR_LEVEL    ACCOUNT_NAME    DATABASE_NAME    TABLE_NAME    PITR_LENGTH    PITR_UNIT
pitr01    2024-08-02 09:02:03    2024-08-02 09:02:03    account    sys    *    *    1    h
pitr02    2024-08-02 09:02:03    2024-08-02 09:02:03    account    sys    *    *    1    d
pitr03    2024-08-02 09:02:03    2024-08-02 09:02:03    account    sys    *    *    1    mo
pitr04    2024-08-02 09:02:03    2024-08-02 09:02:03    account    sys    *    *    1    y
pitr05    2024-08-02 09:02:03    2024-08-02 09:02:03    cluster    *    *    *    1    h
create database db01;
drop pitr if exists pitr10;
create pitr pitr10 for database db01 range 1 'h';
create pitr pitr11 for database db02 range 1 'h';
internal error: database db02 does not exist
show pitr;
PITR_NAME    CREATED_TIME    MODIFIED_TIME    PITR_LEVEL    ACCOUNT_NAME    DATABASE_NAME    TABLE_NAME    PITR_LENGTH    PITR_UNIT
pitr01    2024-08-02 09:02:03    2024-08-02 09:02:03    account    sys    *    *    1    h
pitr02    2024-08-02 09:02:03    2024-08-02 09:02:03    account    sys    *    *    1    d
pitr03    2024-08-02 09:02:03    2024-08-02 09:02:03    account    sys    *    *    1    mo
pitr04    2024-08-02 09:02:03    2024-08-02 09:02:03    account    sys    *    *    1    y
pitr05    2024-08-02 09:02:03    2024-08-02 09:02:03    cluster    *    *    *    1    h
pitr10    2024-08-02 09:02:03    2024-08-02 09:02:03    database    sys    db01    *    1    h
create table db01.table01 (col1 int);
drop pitr if exists pitr12;
create pitr pitr12 for database db01 table table01 range 1 'h';
create pitr pitr13 for database db01 table table02 range 1 'h';
internal error: table table02 does not exist
show pitr;
PITR_NAME    CREATED_TIME    MODIFIED_TIME    PITR_LEVEL    ACCOUNT_NAME    DATABASE_NAME    TABLE_NAME    PITR_LENGTH    PITR_UNIT
pitr01    2024-08-02 09:02:03    2024-08-02 09:02:03    account    sys    *    *    1    h
pitr02    2024-08-02 09:02:03    2024-08-02 09:02:03    account    sys    *    *    1    d
pitr03    2024-08-02 09:02:03    2024-08-02 09:02:03    account    sys    *    *    1    mo
pitr04    2024-08-02 09:02:03    2024-08-02 09:02:03    account    sys    *    *    1    y
pitr05    2024-08-02 09:02:03    2024-08-02 09:02:03    cluster    *    *    *    1    h
pitr10    2024-08-02 09:02:03    2024-08-02 09:02:03    database    sys    db01    *    1    h
pitr12    2024-08-02 09:02:03    2024-08-02 09:02:03    table    sys    db01    table01    1    h
drop account if exists acc01;
create account acc01 admin_name = 'test_account' identified by '111';
drop pitr if exists pitr14;
create pitr pitr14 for account acc01 range 1 'h';
create pitr pitr15 for account acc02 range 1 'h';
internal error: account acc02 does not exist
show pitr;
PITR_NAME    CREATED_TIME    MODIFIED_TIME    PITR_LEVEL    ACCOUNT_NAME    DATABASE_NAME    TABLE_NAME    PITR_LENGTH    PITR_UNIT
pitr01    2024-08-02 09:02:03    2024-08-02 09:02:03    account    sys    *    *    1    h
pitr02    2024-08-02 09:02:03    2024-08-02 09:02:03    account    sys    *    *    1    d
pitr03    2024-08-02 09:02:03    2024-08-02 09:02:03    account    sys    *    *    1    mo
pitr04    2024-08-02 09:02:03    2024-08-02 09:02:03    account    sys    *    *    1    y
pitr05    2024-08-02 09:02:03    2024-08-02 09:02:03    cluster    *    *    *    1    h
pitr10    2024-08-02 09:02:03    2024-08-02 09:02:03    database    sys    db01    *    1    h
pitr12    2024-08-02 09:02:03    2024-08-02 09:02:03    table    sys    db01    table01    1    h
pitr14    2024-08-02 09:02:03    2024-08-02 09:02:03    account    acc01    *    *    1    h
drop pitr if exists pitr16;
create pitr pitr16 range 1 'h';
show pitr;
PITR_NAME    CREATED_TIME    MODIFIED_TIME    PITR_LEVEL    ACCOUNT_NAME    DATABASE_NAME    TABLE_NAME    PITR_LENGTH    PITR_UNIT
pitr16    2024-08-02 09:02:03    2024-08-02 09:02:03    account    acc01    *    *    1    h
create pitr pitr16 range 1 'h';
internal error: pitr pitr16 already exists
create pitr pitr16 if not exists range 1 'h';
SQL parser error: You have an error in your SQL syntax; check the manual that corresponds to your MatrixOne server version for the right syntax to use. syntax error at line 1 column 21 near " if not exists range 1 'h';";
create pitr pitr17 for cluster range 1 'h';
internal error: only sys tenant can create cluster level pitr
create pitr pitr18 for account acc01 range 1 'h';
internal error: only sys tenant can create tenant level pitr for other tenant
show pitr;
PITR_NAME    CREATED_TIME    MODIFIED_TIME    PITR_LEVEL    ACCOUNT_NAME    DATABASE_NAME    TABLE_NAME    PITR_LENGTH    PITR_UNIT
pitr16    2024-08-02 09:02:03    2024-08-02 09:02:03    account    acc01    *    *    1    h
create database db01;
drop pitr if exists pitr19;
create pitr pitr19 for database db01 range 1 'h';
create pitr pitr20 for database db02 range 1 'h';
internal error: database db02 does not exist
show pitr;
PITR_NAME    CREATED_TIME    MODIFIED_TIME    PITR_LEVEL    ACCOUNT_NAME    DATABASE_NAME    TABLE_NAME    PITR_LENGTH    PITR_UNIT
pitr16    2024-08-02 09:02:03    2024-08-02 09:02:03    account    acc01    *    *    1    h
pitr19    2024-08-02 09:02:03    2024-08-02 09:02:03    database    acc01    db01    *    1    h
create table db01.table01 (col1 int);
drop pitr if exists pitr21;
create pitr pitr21 for database db01 table table01 range 1 'h';
create pitr pitr22 for database db01 table table02 range 1 'h';
internal error: table table02 does not exist
show pitr;
PITR_NAME    CREATED_TIME    MODIFIED_TIME    PITR_LEVEL    ACCOUNT_NAME    DATABASE_NAME    TABLE_NAME    PITR_LENGTH    PITR_UNIT
pitr16    2024-08-02 09:02:03    2024-08-02 09:02:03    account    acc01    *    *    1    h
pitr19    2024-08-02 09:02:03    2024-08-02 09:02:03    database    acc01    db01    *    1    h
pitr21    2024-08-02 09:02:03    2024-08-02 09:02:03    table    acc01    db01    table01    1    h
alter pitr pitr01 range 1 'd';
alter pitr pitr100 range 1 'd';
internal error: pitr pitr100 does not exist
alter pitr if exists pitr100 range 1 'd';
alter pitr pitr01 range 1 'yy';
internal error: invalid pitr unit yy
alter pitr pitr01 range -1 'd';
SQL parser error: You have an error in your SQL syntax; check the manual that corresponds to your MatrixOne server version for the right syntax to use. syntax error at line 1 column 25 near " -1 'd';";
alter pitr pitr01 range 2000 'd';
internal error: invalid pitr value 2000
show pitr;
PITR_NAME    CREATED_TIME    MODIFIED_TIME    PITR_LEVEL    ACCOUNT_NAME    DATABASE_NAME    TABLE_NAME    PITR_LENGTH    PITR_UNIT
pitr02    2024-08-02 09:02:03    2024-08-02 09:02:03    account    sys    *    *    1    d
pitr03    2024-08-02 09:02:03    2024-08-02 09:02:03    account    sys    *    *    1    mo
pitr04    2024-08-02 09:02:03    2024-08-02 09:02:03    account    sys    *    *    1    y
pitr05    2024-08-02 09:02:03    2024-08-02 09:02:03    cluster    *    *    *    1    h
pitr10    2024-08-02 09:02:03    2024-08-02 09:02:03    database    sys    db01    *    1    h
pitr12    2024-08-02 09:02:03    2024-08-02 09:02:03    table    sys    db01    table01    1    h
pitr14    2024-08-02 09:02:03    2024-08-02 09:02:03    account    acc01    *    *    1    h
pitr01    2024-08-02 09:02:03    2024-08-02 09:02:03    account    sys    *    *    1    d
drop pitr pitr01;
drop pitr pitr100;
internal error: pitr pitr100 does not exist
drop pitr if exists pitr100;
show pitr;
PITR_NAME    CREATED_TIME    MODIFIED_TIME    PITR_LEVEL    ACCOUNT_NAME    DATABASE_NAME    TABLE_NAME    PITR_LENGTH    PITR_UNIT
pitr02    2024-08-02 09:02:03    2024-08-02 09:02:03    account    sys    *    *    1    d
pitr03    2024-08-02 09:02:03    2024-08-02 09:02:03    account    sys    *    *    1    mo
pitr04    2024-08-02 09:02:03    2024-08-02 09:02:03    account    sys    *    *    1    y
pitr05    2024-08-02 09:02:03    2024-08-02 09:02:03    cluster    *    *    *    1    h
pitr10    2024-08-02 09:02:03    2024-08-02 09:02:03    database    sys    db01    *    1    h
pitr12    2024-08-02 09:02:03    2024-08-02 09:02:03    table    sys    db01    table01    1    h
pitr14    2024-08-02 09:02:03    2024-08-02 09:02:03    account    acc01    *    *    1    h
alter pitr pitr16 range 1 'd';
alter pitr pitr100 range 1 'd';
internal error: pitr pitr100 does not exist
alter pitr if exists pitr100 range 1 'd';
alter pitr pitr16 range 1 'yy';
internal error: invalid pitr unit yy
alter pitr pitr16 range -1 'd';
SQL parser error: You have an error in your SQL syntax; check the manual that corresponds to your MatrixOne server version for the right syntax to use. syntax error at line 1 column 25 near " -1 'd';";
alter pitr pitr16 range 2000 'd';
internal error: invalid pitr value 2000
show pitr;
PITR_NAME    CREATED_TIME    MODIFIED_TIME    PITR_LEVEL    ACCOUNT_NAME    DATABASE_NAME    TABLE_NAME    PITR_LENGTH    PITR_UNIT
pitr19    2024-08-02 09:02:03    2024-08-02 09:02:03    database    acc01    db01    *    1    h
pitr21    2024-08-02 09:02:03    2024-08-02 09:02:03    table    acc01    db01    table01    1    h
pitr16    2024-08-02 09:02:03    2024-08-02 09:02:03    account    acc01    *    *    1    d
drop pitr pitr16;
drop pitr pitr100;
internal error: pitr pitr100 does not exist
drop pitr if exists pitr100;
show pitr;
PITR_NAME    CREATED_TIME    MODIFIED_TIME    PITR_LEVEL    ACCOUNT_NAME    DATABASE_NAME    TABLE_NAME    PITR_LENGTH    PITR_UNIT
pitr19    2024-08-02 09:02:03    2024-08-02 09:02:03    database    acc01    db01    *    1    h
pitr21    2024-08-02 09:02:03    2024-08-02 09:02:03    table    acc01    db01    table01    1    h
drop pitr if exists pitr19;
drop pitr if exists pitr21;
select * from mo_catalog.mo_pitr;
pitr_id    pitr_name    create_account    create_time    modified_time    level    account_id    account_name    database_name    table_name    obj_id    pitr_length    pitr_unit
01911253-2057-734f-9f22-5d9b145c68b4    pitr02    0    2024-08-02 09:02:03    2024-08-02 09:02:03    account    0    sys            0    1    d
01911253-205f-786c-b95d-5f75c5cf613c    pitr03    0    2024-08-02 09:02:03    2024-08-02 09:02:03    account    0    sys            0    1    mo
01911253-2069-78b2-b1ef-a9f9a91040bb    pitr04    0    2024-08-02 09:02:03    2024-08-02 09:02:03    account    0    sys            0    1    y
01911253-2071-73e4-8134-971b31297148    pitr05    0    2024-08-02 09:02:03    2024-08-02 09:02:03    cluster    0                0    1    h
01911253-208a-7c0a-9447-a591adf953ac    pitr10    0    2024-08-02 09:02:03    2024-08-02 09:02:03    database    0    sys    db01        272510    1    h
01911253-20a4-760e-b11e-99383fd57ed8    pitr12    0    2024-08-02 09:02:03    2024-08-02 09:02:03    table    0    sys    db01    table01    272511    1    h
01911253-2240-77c8-9cfd-50d18b53ca29    pitr14    0    2024-08-02 09:02:03    2024-08-02 09:02:03    account    1    acc01            1    1    h
drop account if exists acc01;
select * from mo_catalog.mo_pitr;
pitr_id    pitr_name    create_account    create_time    modified_time    level    account_id    account_name    database_name    table_name    obj_id    pitr_length    pitr_unit
01911253-2057-734f-9f22-5d9b145c68b4    pitr02    0    2024-08-02 09:02:03    2024-08-02 09:02:03    account    0    sys            0    1    d
01911253-205f-786c-b95d-5f75c5cf613c    pitr03    0    2024-08-02 09:02:03    2024-08-02 09:02:03    account    0    sys            0    1    mo
01911253-2069-78b2-b1ef-a9f9a91040bb    pitr04    0    2024-08-02 09:02:03    2024-08-02 09:02:03    account    0    sys            0    1    y
01911253-2071-73e4-8134-971b31297148    pitr05    0    2024-08-02 09:02:03    2024-08-02 09:02:03    cluster    0                0    1    h
01911253-208a-7c0a-9447-a591adf953ac    pitr10    0    2024-08-02 09:02:03    2024-08-02 09:02:03    database    0    sys    db01        272510    1    h
01911253-20a4-760e-b11e-99383fd57ed8    pitr12    0    2024-08-02 09:02:03    2024-08-02 09:02:03    table    0    sys    db01    table01    272511    1    h
01911253-2240-77c8-9cfd-50d18b53ca29    pitr14    0    2024-08-02 09:02:03    2024-08-02 09:02:03    account    1    acc01            1    1    h
drop database if exists db01;
select * from mo_catalog.mo_pitr;
pitr_id    pitr_name    create_account    create_time    modified_time    level    account_id    account_name    database_name    table_name    obj_id    pitr_length    pitr_unit
01911253-2057-734f-9f22-5d9b145c68b4    pitr02    0    2024-08-02 09:02:03    2024-08-02 09:02:03    account    0    sys            0    1    d
01911253-205f-786c-b95d-5f75c5cf613c    pitr03    0    2024-08-02 09:02:03    2024-08-02 09:02:03    account    0    sys            0    1    mo
01911253-2069-78b2-b1ef-a9f9a91040bb    pitr04    0    2024-08-02 09:02:03    2024-08-02 09:02:03    account    0    sys            0    1    y
01911253-2071-73e4-8134-971b31297148    pitr05    0    2024-08-02 09:02:03    2024-08-02 09:02:03    cluster    0                0    1    h
01911253-208a-7c0a-9447-a591adf953ac    pitr10    0    2024-08-02 09:02:03    2024-08-02 09:02:03    database    0    sys    db01        272510    1    h
01911253-20a4-760e-b11e-99383fd57ed8    pitr12    0    2024-08-02 09:02:03    2024-08-02 09:02:03    table    0    sys    db01    table01    272511    1    h
01911253-2240-77c8-9cfd-50d18b53ca29    pitr14    0    2024-08-02 09:02:03    2024-08-02 09:02:03    account    1    acc01            1    1    h
drop pitr if exists pitr01;
drop pitr if exists pitr02;
drop pitr if exists pitr03;
drop pitr if exists pitr04;
drop pitr if exists pitr05;
drop pitr if exists pitr10;
drop pitr if exists pitr12;
drop pitr if exists pitr14;
show pitr;
PITR_NAME    CREATED_TIME    MODIFIED_TIME    PITR_LEVEL    ACCOUNT_NAME    DATABASE_NAME    TABLE_NAME    PITR_LENGTH    PITR_UNIT
select * from mo_catalog.mo_pitr;
pitr_id    pitr_name    create_account    create_time    modified_time    level    account_id    account_name    database_name    table_name    obj_id    pitr_length    pitr_unit
drop account if exists acc02;
create account acc02 admin_name = 'test_account' identified by '111';
create pitr pitr01 range 1 'h';
show pitr;
PITR_NAME    CREATED_TIME    MODIFIED_TIME    PITR_LEVEL    ACCOUNT_NAME    DATABASE_NAME    TABLE_NAME    PITR_LENGTH    PITR_UNIT
pitr01    2024-08-02 09:02:04    2024-08-02 09:02:04    account    acc02    *    *    1    h
select sleep(1);
sleep(1)
0
alter pitr pitr01 range 1 'd';
show pitr;
PITR_NAME    CREATED_TIME    MODIFIED_TIME    PITR_LEVEL    ACCOUNT_NAME    DATABASE_NAME    TABLE_NAME    PITR_LENGTH    PITR_UNIT
pitr01    2024-08-02 09:02:04    2024-08-02 09:02:05    account    acc02    *    *    1    d
select * from mo_catalog.mo_pitr;
pitr_id    pitr_name    create_account    create_time    modified_time    level    account_id    account_name    database_name    table_name    obj_id    pitr_length    pitr_unit
01911253-25a0-75a5-8086-753ce4a82260    pitr01    2    2024-08-02 09:02:04    2024-08-02 09:02:05    account    2    acc02            2    1    d
drop account if exists acc02;
select * from mo_catalog.mo_pitr;
pitr_id    pitr_name    create_account    create_time    modified_time    level    account_id    account_name    database_name    table_name    obj_id    pitr_length    pitr_unit
