drop pitr if exists pitr01;
create pitr pitr01 for account range 1 'h';
drop pitr if exists pitr02;
create pitr pitr02 for account range 1 'd';
internal error: account `sys` already has a pitr
drop pitr if exists pitr03;
create pitr pitr03 for account range 1 'mo';
internal error: account `sys` already has a pitr
drop pitr if exists pitr04;
create pitr pitr04 for account range 1 'y';
internal error: account `sys` already has a pitr
show pitr;
PITR_NAME    CREATED_TIME    MODIFIED_TIME    PITR_LEVEL    ACCOUNT_NAME    DATABASE_NAME    TABLE_NAME    PITR_LENGTH    PITR_UNIT
pitr01    2024-12-25 16:34:55    2024-12-25 16:34:55    account    sys    *    *    1    h
drop pitr if exists pitr05;
create pitr pitr05 for cluster range 1 'h';
show pitr;
PITR_NAME    CREATED_TIME    MODIFIED_TIME    PITR_LEVEL    ACCOUNT_NAME    DATABASE_NAME    TABLE_NAME    PITR_LENGTH    PITR_UNIT
pitr01    2024-12-25 16:34:55    2024-12-25 16:34:55    account    sys    *    *    1    h
pitr05    2024-12-25 16:34:55    2024-12-25 16:34:55    cluster    *    *    *    1    h
create pitr pitr01 for account range 1 'h';
internal error: pitr pitr01 already exists
create pitr if not exists pitr01 for account range 1 'h';
create pitr pitr07 for account acc01 database mo_catalog range 1 'h';
SQL parser error: You have an error in your SQL syntax; check the manual that corresponds to your MatrixOne server version for the right syntax to use. syntax error at line 1 column 45 near " database mo_catalog range 1 'h';";
create pitr pitr08 for account acc01 table mo_catalog  mo_table range 1 'h';
SQL parser error: You have an error in your SQL syntax; check the manual that corresponds to your MatrixOne server version for the right syntax to use. syntax error at line 1 column 42 near " table mo_catalog  mo_table range 1 'h';";
create pitr pitr09 for account range 1 'yy';
internal error: invalid pitr unit yy
create pitr pitr09 for account range -1 'h';
SQL parser error: You have an error in your SQL syntax; check the manual that corresponds to your MatrixOne server version for the right syntax to use. syntax error at line 1 column 38 near " -1 'h';";
create pitr pitr09 for account range 2000 'h';
internal error: invalid pitr value 2000
show pitr;
PITR_NAME    CREATED_TIME    MODIFIED_TIME    PITR_LEVEL    ACCOUNT_NAME    DATABASE_NAME    TABLE_NAME    PITR_LENGTH    PITR_UNIT
pitr01    2024-12-25 16:34:55    2024-12-25 16:34:55    account    sys    *    *    1    h
pitr05    2024-12-25 16:34:55    2024-12-25 16:34:55    cluster    *    *    *    1    h
create database db01;
drop pitr if exists pitr10;
create pitr pitr10 for database db01 range 1 'h';
create pitr pitr11 for database db02 range 1 'h';
internal error: database db02 does not exist
show pitr;
PITR_NAME    CREATED_TIME    MODIFIED_TIME    PITR_LEVEL    ACCOUNT_NAME    DATABASE_NAME    TABLE_NAME    PITR_LENGTH    PITR_UNIT
pitr01    2024-12-25 16:34:55    2024-12-25 16:34:55    account    sys    *    *    1    h
pitr05    2024-12-25 16:34:55    2024-12-25 16:34:55    cluster    *    *    *    1    h
pitr10    2024-12-25 16:34:55    2024-12-25 16:34:55    database    sys    db01    *    1    h
create table db01.table01 (col1 int);
drop pitr if exists pitr12;
create pitr pitr12 for table db01 table01 range 1 'h';
create pitr pitr13 for table db01 table02 range 1 'h';
internal error: table db01.table02 does not exist
show pitr;
PITR_NAME    CREATED_TIME    MODIFIED_TIME    PITR_LEVEL    ACCOUNT_NAME    DATABASE_NAME    TABLE_NAME    PITR_LENGTH    PITR_UNIT
pitr01    2024-12-25 16:34:55    2024-12-25 16:34:55    account    sys    *    *    1    h
pitr05    2024-12-25 16:34:55    2024-12-25 16:34:55    cluster    *    *    *    1    h
pitr10    2024-12-25 16:34:55    2024-12-25 16:34:55    database    sys    db01    *    1    h
pitr12    2024-12-25 16:34:55    2024-12-25 16:34:55    table    sys    db01    table01    1    h
drop account if exists acc01;
create account acc01 admin_name = 'test_account' identified by '111';
drop pitr if exists pitr14;
create pitr pitr14 for account acc01 range 1 'h';
create pitr pitr15 for account acc02 range 1 'h';
internal error: account acc02 does not exist
show pitr;
PITR_NAME    CREATED_TIME    MODIFIED_TIME    PITR_LEVEL    ACCOUNT_NAME    DATABASE_NAME    TABLE_NAME    PITR_LENGTH    PITR_UNIT
pitr01    2024-12-25 16:34:55    2024-12-25 16:34:55    account    sys    *    *    1    h
pitr05    2024-12-25 16:34:55    2024-12-25 16:34:55    cluster    *    *    *    1    h
pitr10    2024-12-25 16:34:55    2024-12-25 16:34:55    database    sys    db01    *    1    h
pitr12    2024-12-25 16:34:55    2024-12-25 16:34:55    table    sys    db01    table01    1    h
pitr14    2024-12-25 16:34:55    2024-12-25 16:34:55    account    acc01    *    *    1    h
drop pitr if exists pitr16;
create pitr pitr16 for account range 1 'h';
show pitr;
PITR_NAME    CREATED_TIME    MODIFIED_TIME    PITR_LEVEL    ACCOUNT_NAME    DATABASE_NAME    TABLE_NAME    PITR_LENGTH    PITR_UNIT
pitr16    2024-12-25 16:34:55    2024-12-25 16:34:55    account    acc01    *    *    1    h
create pitr pitr16 for account range 1 'h';
internal error: pitr pitr16 already exists
create pitr pitr16 if not exists range 1 'h';
SQL parser error: You have an error in your SQL syntax; check the manual that corresponds to your MatrixOne server version for the right syntax to use. syntax error at line 1 column 21 near " if not exists range 1 'h';";
create pitr pitr17 for cluster range 1 'h';
internal error: only sys tenant can create cluster level pitr
create pitr pitr18 for account acc01 range 1 'h';
internal error: only sys tenant can create tenant level pitr for other tenant
show pitr;
PITR_NAME    CREATED_TIME    MODIFIED_TIME    PITR_LEVEL    ACCOUNT_NAME    DATABASE_NAME    TABLE_NAME    PITR_LENGTH    PITR_UNIT
pitr16    2024-12-25 16:34:55    2024-12-25 16:34:55    account    acc01    *    *    1    h
create database db01;
drop pitr if exists pitr19;
create pitr pitr19 for database db01 range 1 'h';
create pitr pitr20 for database db02 range 1 'h';
internal error: database db02 does not exist
show pitr;
PITR_NAME    CREATED_TIME    MODIFIED_TIME    PITR_LEVEL    ACCOUNT_NAME    DATABASE_NAME    TABLE_NAME    PITR_LENGTH    PITR_UNIT
pitr16    2024-12-25 16:34:55    2024-12-25 16:34:55    account    acc01    *    *    1    h
pitr19    2024-12-25 16:34:55    2024-12-25 16:34:55    database    acc01    db01    *    1    h
create table db01.table01 (col1 int);
drop pitr if exists pitr21;
create pitr pitr21 for table db01 table01 range 1 'h';
create pitr pitr22 for table db01 table02 range 1 'h';
internal error: table db01.table02 does not exist
show pitr;
PITR_NAME    CREATED_TIME    MODIFIED_TIME    PITR_LEVEL    ACCOUNT_NAME    DATABASE_NAME    TABLE_NAME    PITR_LENGTH    PITR_UNIT
pitr16    2024-12-25 16:34:55    2024-12-25 16:34:55    account    acc01    *    *    1    h
pitr19    2024-12-25 16:34:55    2024-12-25 16:34:55    database    acc01    db01    *    1    h
pitr21    2024-12-25 16:34:55    2024-12-25 16:34:55    table    acc01    db01    table01    1    h
alter pitr pitr01 range 1 'd';
alter pitr pitr100 range 1 'd';
internal error: pitr pitr100 does not exist
alter pitr if exists pitr100 range 1 'd';
alter pitr pitr01 range 1 'yy';
internal error: invalid pitr unit yy
alter pitr pitr01 range -1 'd';
SQL parser error: You have an error in your SQL syntax; check the manual that corresponds to your MatrixOne server version for the right syntax to use. syntax error at line 1 column 25 near " -1 'd';";
alter pitr pitr01 range 2000 'd';
internal error: invalid pitr value 2000
show pitr;
PITR_NAME    CREATED_TIME    MODIFIED_TIME    PITR_LEVEL    ACCOUNT_NAME    DATABASE_NAME    TABLE_NAME    PITR_LENGTH    PITR_UNIT
pitr05    2024-12-25 16:34:55    2024-12-25 16:34:55    cluster    *    *    *    1    h
pitr10    2024-12-25 16:34:55    2024-12-25 16:34:55    database    sys    db01    *    1    h
pitr12    2024-12-25 16:34:55    2024-12-25 16:34:55    table    sys    db01    table01    1    h
pitr14    2024-12-25 16:34:55    2024-12-25 16:34:55    account    acc01    *    *    1    h
pitr01    2024-12-25 16:34:55    2024-12-25 16:34:55    account    sys    *    *    1    d
drop pitr pitr01;
drop pitr pitr100;
internal error: pitr pitr100 does not exist
drop pitr if exists pitr100;
show pitr;
PITR_NAME    CREATED_TIME    MODIFIED_TIME    PITR_LEVEL    ACCOUNT_NAME    DATABASE_NAME    TABLE_NAME    PITR_LENGTH    PITR_UNIT
pitr05    2024-12-25 16:34:55    2024-12-25 16:34:55    cluster    *    *    *    1    h
pitr10    2024-12-25 16:34:55    2024-12-25 16:34:55    database    sys    db01    *    1    h
pitr12    2024-12-25 16:34:55    2024-12-25 16:34:55    table    sys    db01    table01    1    h
pitr14    2024-12-25 16:34:55    2024-12-25 16:34:55    account    acc01    *    *    1    h
alter pitr pitr16 range 1 'd';
alter pitr pitr100 range 1 'd';
internal error: pitr pitr100 does not exist
alter pitr if exists pitr100 range 1 'd';
alter pitr pitr16 range 1 'yy';
internal error: invalid pitr unit yy
alter pitr pitr16 range -1 'd';
SQL parser error: You have an error in your SQL syntax; check the manual that corresponds to your MatrixOne server version for the right syntax to use. syntax error at line 1 column 25 near " -1 'd';";
alter pitr pitr16 range 2000 'd';
internal error: invalid pitr value 2000
show pitr;
PITR_NAME    CREATED_TIME    MODIFIED_TIME    PITR_LEVEL    ACCOUNT_NAME    DATABASE_NAME    TABLE_NAME    PITR_LENGTH    PITR_UNIT
pitr19    2024-12-25 16:34:55    2024-12-25 16:34:55    database    acc01    db01    *    1    h
pitr21    2024-12-25 16:34:55    2024-12-25 16:34:55    table    acc01    db01    table01    1    h
pitr16    2024-12-25 16:34:55    2024-12-25 16:34:55    account    acc01    *    *    1    d
drop pitr pitr16;
drop pitr pitr100;
internal error: pitr pitr100 does not exist
drop pitr if exists pitr100;
show pitr;
PITR_NAME    CREATED_TIME    MODIFIED_TIME    PITR_LEVEL    ACCOUNT_NAME    DATABASE_NAME    TABLE_NAME    PITR_LENGTH    PITR_UNIT
pitr19    2024-12-25 16:34:55    2024-12-25 16:34:55    database    acc01    db01    *    1    h
pitr21    2024-12-25 16:34:55    2024-12-25 16:34:55    table    acc01    db01    table01    1    h
drop pitr if exists pitr19;
drop pitr if exists pitr21;
select * from mo_catalog.mo_pitr Where pitr_name != 'sys_mo_catalog_pitr';
pitr_id    pitr_name    create_account    create_time    modified_time    level    account_id    account_name    database_name    table_name    obj_id    pitr_length    pitr_unit
0193fcf4-63d4-77d7-96f1-d95052aab623    pitr05    0    2024-12-25 08:34:55    2024-12-25 08:34:55    cluster    0                18446744073709551615    1    h
0193fcf4-63f2-7be2-8ddd-e8282428a82d    pitr10    0    2024-12-25 08:34:55    2024-12-25 08:34:55    database    0    sys    db01        316946    1    h
0193fcf4-6418-7631-82ab-1712a55199b3    pitr12    0    2024-12-25 08:34:55    2024-12-25 08:34:55    table    0    sys    db01    table01    316947    1    h
0193fcf4-64fe-7781-b9ff-0682df39be3f    pitr14    0    2024-12-25 08:34:55    2024-12-25 08:34:55    account    30001    acc01            30001    1    h
drop account if exists acc01;
select * from mo_catalog.mo_pitr Where pitr_name != 'sys_mo_catalog_pitr';
pitr_id    pitr_name    create_account    create_time    modified_time    level    account_id    account_name    database_name    table_name    obj_id    pitr_length    pitr_unit
0193fcf4-63d4-77d7-96f1-d95052aab623    pitr05    0    2024-12-25 08:34:55    2024-12-25 08:34:55    cluster    0                18446744073709551615    1    h
0193fcf4-63f2-7be2-8ddd-e8282428a82d    pitr10    0    2024-12-25 08:34:55    2024-12-25 08:34:55    database    0    sys    db01        316946    1    h
0193fcf4-6418-7631-82ab-1712a55199b3    pitr12    0    2024-12-25 08:34:55    2024-12-25 08:34:55    table    0    sys    db01    table01    316947    1    h
0193fcf4-64fe-7781-b9ff-0682df39be3f    pitr14    0    2024-12-25 08:34:55    2024-12-25 08:34:55    account    30001    acc01            30001    1    h
drop database if exists db01;
select * from mo_catalog.mo_pitr Where pitr_name != 'sys_mo_catalog_pitr';
pitr_id    pitr_name    create_account    create_time    modified_time    level    account_id    account_name    database_name    table_name    obj_id    pitr_length    pitr_unit
0193fcf4-63d4-77d7-96f1-d95052aab623    pitr05    0    2024-12-25 08:34:55    2024-12-25 08:34:55    cluster    0                18446744073709551615    1    h
0193fcf4-63f2-7be2-8ddd-e8282428a82d    pitr10    0    2024-12-25 08:34:55    2024-12-25 08:34:55    database    0    sys    db01        316946    1    h
0193fcf4-6418-7631-82ab-1712a55199b3    pitr12    0    2024-12-25 08:34:55    2024-12-25 08:34:55    table    0    sys    db01    table01    316947    1    h
0193fcf4-64fe-7781-b9ff-0682df39be3f    pitr14    0    2024-12-25 08:34:55    2024-12-25 08:34:55    account    30001    acc01            30001    1    h
drop pitr if exists pitr01;
drop pitr if exists pitr02;
drop pitr if exists pitr03;
drop pitr if exists pitr04;
drop pitr if exists pitr05;
drop pitr if exists pitr10;
drop pitr if exists pitr12;
drop pitr if exists pitr14;
show pitr;
PITR_NAME    CREATED_TIME    MODIFIED_TIME    PITR_LEVEL    ACCOUNT_NAME    DATABASE_NAME    TABLE_NAME    PITR_LENGTH    PITR_UNIT
select * from mo_catalog.mo_pitr Where pitr_name != 'sys_mo_catalog_pitr';
pitr_id    pitr_name    create_account    create_time    modified_time    level    account_id    account_name    database_name    table_name    obj_id    pitr_length    pitr_unit
drop account if exists acc02;
create account acc02 admin_name = 'test_account' identified by '111';
create pitr pitr01 for account range 1 'h';
show pitr;
PITR_NAME    CREATED_TIME    MODIFIED_TIME    PITR_LEVEL    ACCOUNT_NAME    DATABASE_NAME    TABLE_NAME    PITR_LENGTH    PITR_UNIT
pitr01    2024-12-25 16:34:56    2024-12-25 16:34:56    account    acc02    *    *    1    h
select sleep(1);
sleep(1)
0
alter pitr pitr01 range 1 'd';
show pitr;
PITR_NAME    CREATED_TIME    MODIFIED_TIME    PITR_LEVEL    ACCOUNT_NAME    DATABASE_NAME    TABLE_NAME    PITR_LENGTH    PITR_UNIT
pitr01    2024-12-25 16:34:56    2024-12-25 16:34:57    account    acc02    *    *    1    d
select * from mo_catalog.mo_pitr Where pitr_name != 'sys_mo_catalog_pitr';
pitr_id    pitr_name    create_account    create_time    modified_time    level    account_id    account_name    database_name    table_name    obj_id    pitr_length    pitr_unit
0193fcf4-67e2-71ad-9b82-dc69bd36f851    pitr01    30002    2024-12-25 08:34:56    2024-12-25 08:34:57    account    30002    acc02            30002    1    d
drop account if exists acc02;
select * from mo_catalog.mo_pitr Where pitr_name != 'sys_mo_catalog_pitr';
pitr_id    pitr_name    create_account    create_time    modified_time    level    account_id    account_name    database_name    table_name    obj_id    pitr_length    pitr_unit
drop pitr if exists pitr01;
create pitr pitr01 for account range 1 'h';
drop pitr if exists pitr02;
create pitr pitr02 for account range 1 'd';
internal error: account `sys` already has a pitr
drop pitr if exists pitr03;
create pitr pitr03 for account range 1 'mo';
internal error: account `sys` already has a pitr
drop pitr if exists pitr04;
create pitr pitr04 for account range 1 'y';
internal error: account `sys` already has a pitr
show pitr;
PITR_NAME    CREATED_TIME    MODIFIED_TIME    PITR_LEVEL    ACCOUNT_NAME    DATABASE_NAME    TABLE_NAME    PITR_LENGTH    PITR_UNIT
pitr01    2024-12-25 16:34:57    2024-12-25 16:34:57    account    sys    *    *    1    h
show pitr where ACCOUNT_NAME = 'sys';
pitr_name    created_time    modified_time    pitr_level    account_name    database_name    table_name    pitr_length    pitr_unit
pitr01    2024-12-25 16:34:57    2024-12-25 16:34:57    account    sys    *    *    1    h
show pitr where ACCOUNT_NAME = 'sys' AND CAST_RANGE_VALUE_UNIT(PITR_LENGTH, PITR_UNIT) > CAST_RANGE_VALUE_UNIT(1, 'h');
pitr_name    created_time    modified_time    pitr_level    account_name    database_name    table_name    pitr_length    pitr_unit
show pitr where CAST_RANGE_VALUE_UNIT(PITR_LENGTH, PITR_UNIT) > 1;
pitr_name    created_time    modified_time    pitr_level    account_name    database_name    table_name    pitr_length    pitr_unit
show pitr where CAST_RANGE_VALUE_UNIT(PITR_LENGTH, PITR_UNIT) > CAST_RANGE_VALUE_UNIT(1, 'h');
pitr_name    created_time    modified_time    pitr_level    account_name    database_name    table_name    pitr_length    pitr_unit
show pitr where CAST_RANGE_VALUE_UNIT(PITR_LENGTH, PITR_UNIT) >= CAST_RANGE_VALUE_UNIT(29, 'd');
pitr_name    created_time    modified_time    pitr_level    account_name    database_name    table_name    pitr_length    pitr_unit
show pitr where CAST_RANGE_VALUE_UNIT(PITR_LENGTH, PITR_UNIT) > CAST_RANGE_VALUE_UNIT(30, 'd');
pitr_name    created_time    modified_time    pitr_level    account_name    database_name    table_name    pitr_length    pitr_unit
show pitr where CAST_RANGE_VALUE_UNIT(PITR_LENGTH, PITR_UNIT) >= CAST_RANGE_VALUE_UNIT(30, 'd');
pitr_name    created_time    modified_time    pitr_level    account_name    database_name    table_name    pitr_length    pitr_unit
show pitr where CAST_RANGE_VALUE_UNIT(PITR_LENGTH, PITR_UNIT) > CAST_RANGE_VALUE_UNIT(11, 'mo');
pitr_name    created_time    modified_time    pitr_level    account_name    database_name    table_name    pitr_length    pitr_unit
drop pitr if exists pitr01;
drop pitr if exists pitr02;
drop pitr if exists pitr03;
drop pitr if exists pitr04;
show pitr;
PITR_NAME    CREATED_TIME    MODIFIED_TIME    PITR_LEVEL    ACCOUNT_NAME    DATABASE_NAME    TABLE_NAME    PITR_LENGTH    PITR_UNIT
drop pitr if exists pitr05;
create pitr pitr05 for cluster range 1 'h';
drop pitr if exists pitr06;
create pitr pitr06 for cluster range 1 'd';
internal error: cluster level pitr already exists
create database db01;
drop pitr if exists pitr10;
create pitr pitr10 for database db01 range 1 'h';
drop pitr if exists pitr11;
create pitr pitr11 for database db01 range 1 'd';
internal error: database `db01` already has a pitr
create table db01.table01 (col1 int);
drop pitr if exists pitr12;
create pitr pitr12 for table db01 table01 range 1 'h';
drop pitr if exists pitr13;
create pitr pitr13 for table db01 table01 range 1 'd';
internal error: database `db01` table `table01` already has a pitr
drop account if exists acc01;
create account acc01 admin_name = 'test_account' identified by '111';
drop pitr if exists pitr14;
create pitr pitr14 for account acc01 range 1 'h';
drop pitr if exists pitr15;
create pitr pitr15 for account acc01 range 1 'd';
internal error: account `acc01` already has a pitr
drop database if exists db01;
drop account if exists acc01;
drop pitr if exists pitr05;
drop pitr if exists pitr06;
drop pitr if exists pitr10;
drop pitr if exists pitr11;
drop pitr if exists pitr12;
drop pitr if exists pitr13;
drop pitr if exists pitr14;
drop pitr if exists pitr15;
show pitr;
PITR_NAME    CREATED_TIME    MODIFIED_TIME    PITR_LEVEL    ACCOUNT_NAME    DATABASE_NAME    TABLE_NAME    PITR_LENGTH    PITR_UNIT
drop account if exists acc01;
create account acc01 admin_name = 'test_account' identified by '111';
drop pitr if exists pitr01;
create pitr pitr01 for account range 1 'h';
drop pitr if exists pitr02;
create pitr pitr02 for account range 1 'd';
internal error: account `acc01` already has a pitr
create database db01;
drop pitr if exists pitr10;
create pitr pitr10 for database db01 range 1 'h';
drop pitr if exists pitr11;
create pitr pitr11 for database db01 range 1 'd';
internal error: database `db01` already has a pitr
create table db01.table01 (col1 int);
drop pitr if exists pitr12;
create pitr pitr12 for table db01 table01 range 1 'h';
drop pitr if exists pitr13;
create pitr pitr13 for table db01 table01 range 1 'd';
internal error: database `db01` table `table01` already has a pitr
drop pitr if exists pitr01;
drop pitr if exists pitr02;
drop pitr if exists pitr10;
drop pitr if exists pitr11;
drop pitr if exists pitr12;
drop pitr if exists pitr13;
drop database if exists db01;
drop account if exists acc01;
drop pitr if exists pitr111;
create pitr pitr111 for account range 1 'h';
drop pitr if exists pitr122;
create pitr pitr122 for account range 1 'd';
internal error: account `sys` already has a pitr
drop pitr if exists pitr111;
drop pitr if exists pitr122;
create database db01;
drop pitr if exists pitr10;
create pitr pitr10 for database db01 range 1 'h';
drop pitr if exists pitr11;
create pitr pitr11 for database db01 range 1 'd';
internal error: database `db01` already has a pitr
drop database if exists db01;
create database db01;
drop pitr if exists pitr12;
create pitr pitr12 for database db01 range 1 'd';
internal error: database `db01` already has a pitr
drop pitr if exists pitr10;
drop pitr if exists pitr11;
drop pitr if exists pitr12;
drop database if exists db01;
show pitr;
PITR_NAME    CREATED_TIME    MODIFIED_TIME    PITR_LEVEL    ACCOUNT_NAME    DATABASE_NAME    TABLE_NAME    PITR_LENGTH    PITR_UNIT
create pitr sys_mo_catalog_pitr for account range 1 'h';
internal error: pitr name is reserved
drop pitr if exists sys_mo_catalog_pitr;
drop pitr if exists pitr01;
create pitr pitr01 for account range 1 'h';
select * from mo_catalog.mo_pitr Where pitr_name != 'sys_mo_catalog_pitr';
pitr_id    pitr_name    create_account    create_time    modified_time    level    account_id    account_name    database_name    table_name    obj_id    pitr_length    pitr_unit
0193fcf4-7237-7363-8427-cb7957be626c    pitr01    0    2024-12-25 08:34:58    2024-12-25 08:34:58    account    0    sys            0    1    h
show pitr;
PITR_NAME    CREATED_TIME    MODIFIED_TIME    PITR_LEVEL    ACCOUNT_NAME    DATABASE_NAME    TABLE_NAME    PITR_LENGTH    PITR_UNIT
pitr01    2024-12-25 16:34:58    2024-12-25 16:34:58    account    sys    *    *    1    h
drop pitr if exists pitr01;
drop pitr if exists pitr02;
create pitr pitr02 for account range 1 'd';
select * from mo_catalog.mo_pitr Where pitr_name != 'sys_mo_catalog_pitr';
pitr_id    pitr_name    create_account    create_time    modified_time    level    account_id    account_name    database_name    table_name    obj_id    pitr_length    pitr_unit
0193fcf4-7247-7436-ae78-07192b79ba46    pitr02    0    2024-12-25 08:34:58    2024-12-25 08:34:58    account    0    sys            0    1    d
show pitr;
PITR_NAME    CREATED_TIME    MODIFIED_TIME    PITR_LEVEL    ACCOUNT_NAME    DATABASE_NAME    TABLE_NAME    PITR_LENGTH    PITR_UNIT
pitr02    2024-12-25 16:34:58    2024-12-25 16:34:58    account    sys    *    *    1    d
drop pitr if exists pitr02;
drop account if exists acc01;
create account acc01 admin_name = 'test_account' identified by '111';
create pitr pitr01 for account range 1 'mo';
show pitr;
PITR_NAME    CREATED_TIME    MODIFIED_TIME    PITR_LEVEL    ACCOUNT_NAME    DATABASE_NAME    TABLE_NAME    PITR_LENGTH    PITR_UNIT
pitr01    2024-12-25 16:34:59    2024-12-25 16:34:59    account    acc01    *    *    1    mo
select * from mo_catalog.mo_pitr Where pitr_name != 'sys_mo_catalog_pitr';
pitr_id    pitr_name    create_account    create_time    modified_time    level    account_id    account_name    database_name    table_name    obj_id    pitr_length    pitr_unit
0193fcf4-7352-7251-a537-78f5f2939857    pitr01    30005    2024-12-25 08:34:59    2024-12-25 08:34:59    account    30005    acc01            30005    1    mo
drop account if exists acc01;
drop database if exists db01;
create database db01;
drop pitr if exists pitr10;
create pitr pitr10 for database db01 range 1 'y';
select * from mo_catalog.mo_pitr Where pitr_name != 'sys_mo_catalog_pitr';
pitr_id    pitr_name    create_account    create_time    modified_time    level    account_id    account_name    database_name    table_name    obj_id    pitr_length    pitr_unit
0193fcf4-747e-72ab-8b45-48aa5dce3e23    pitr10    0    2024-12-25 08:34:59    2024-12-25 08:34:59    database    0    sys    db01        317339    1    y
show pitr;
PITR_NAME    CREATED_TIME    MODIFIED_TIME    PITR_LEVEL    ACCOUNT_NAME    DATABASE_NAME    TABLE_NAME    PITR_LENGTH    PITR_UNIT
pitr10    2024-12-25 16:34:59    2024-12-25 16:34:59    database    sys    db01    *    1    y
drop pitr if exists pitr10;
select * from mo_catalog.mo_pitr Where pitr_name != 'sys_mo_catalog_pitr';
pitr_id    pitr_name    create_account    create_time    modified_time    level    account_id    account_name    database_name    table_name    obj_id    pitr_length    pitr_unit
drop database if exists db01;
