DROP DATABASE IF EXISTS charset_advanced_test;
CREATE DATABASE charset_advanced_test;
USE charset_advanced_test;
CREATE TABLE t_mixed_charset (
id INT PRIMARY KEY,
col_utf8 VARCHAR(100) CHARACTER SET utf8,
col_utf8mb4 VARCHAR(100) CHARACTER SET utf8mb4,
col_binary VARBINARY(100)
);
INSERT INTO t_mixed_charset VALUES (
1,
'ASCII text',
'Unicode text ‰Ω†Â•Ω üòÄ',
'Binary data'
);
INSERT INTO t_mixed_charset VALUES (
2,
'Test',
'„ÉÜ„Çπ„Éà',
0x48656C6C6F
);
SELECT * FROM t_mixed_charset ORDER BY id;
id    col_utf8    col_utf8mb4    col_binary
1    ASCII text    Unicode text ‰Ω†Â•Ω üòÄ    Binary data
2    Test    „ÉÜ„Çπ„Éà    Hello
SELECT id, LENGTH(col_utf8), LENGTH(col_utf8mb4), LENGTH(col_binary) FROM t_mixed_charset ORDER BY id;
id    LENGTH(col_utf8)    LENGTH(col_utf8mb4)    LENGTH(col_binary)
1    10    24    11
2    4    9    5
CREATE TABLE t_coerce1 (
id INT PRIMARY KEY,
name VARCHAR(100)
) CHARACTER SET utf8mb4 COLLATE utf8mb4_general_ci;
CREATE TABLE t_coerce2 (
id INT PRIMARY KEY,
name VARCHAR(100)
) CHARACTER SET utf8mb4 COLLATE utf8mb4_bin;
INSERT INTO t_coerce1 VALUES (1, 'Apple');
INSERT INTO t_coerce2 VALUES (1, 'apple');
SELECT CONVERT('test' USING utf8);
CONVERT(test, utf8)
test
SELECT CONVERT('‰Ω†Â•Ω‰∏ñÁïå' USING utf8mb4);
CONVERT(‰Ω†Â•Ω‰∏ñÁïå, utf8mb4)
‰Ω†Â•Ω‰∏ñÁïå
CREATE TABLE t_hex_test (
id INT PRIMARY KEY,
original VARCHAR(100),
hex_value VARCHAR(200)
) CHARACTER SET utf8mb4;
INSERT INTO t_hex_test VALUES (1, 'Hello', HEX('Hello'));
INSERT INTO t_hex_test VALUES (2, '‰Ω†Â•Ω', HEX('‰Ω†Â•Ω'));
INSERT INTO t_hex_test VALUES (3, 'üòÄ', HEX('üòÄ'));
SELECT * FROM t_hex_test ORDER BY id;
id    original    hex_value
1    Hello    48656C6C6F
2    ‰Ω†Â•Ω    E4BDA0E5A5BD
3    üòÄ    F09F9880
SELECT id, original, UNHEX(hex_value) as decoded FROM t_hex_test ORDER BY id;
id    original    decoded
1    Hello    Hello
2    ‰Ω†Â•Ω    ‰Ω†Â•Ω
3    üòÄ    üòÄ
CREATE TABLE t_pad_test (
id INT PRIMARY KEY,
data VARCHAR(100)
) CHARACTER SET utf8mb4;
INSERT INTO t_pad_test VALUES (1, 'test');
INSERT INTO t_pad_test VALUES (2, 'ÊµãËØï');
INSERT INTO t_pad_test VALUES (3, 'üòÄ');
SELECT id, LPAD(data, 10, '*') as lpad_result FROM t_pad_test ORDER BY id;
id    lpad_result
1    ******test
2    ********ÊµãËØï
3    *********üòÄ
SELECT id, RPAD(data, 10, '*') as rpad_result FROM t_pad_test ORDER BY id;
id    rpad_result
1    test******
2    ÊµãËØï********
3    üòÄ*********
SELECT id, LPAD(data, 10, '‰∏≠') as lpad_chinese FROM t_pad_test ORDER BY id;
id    lpad_chinese
1    ‰∏≠‰∏≠‰∏≠‰∏≠‰∏≠‰∏≠test
2    ‰∏≠‰∏≠‰∏≠‰∏≠‰∏≠‰∏≠‰∏≠‰∏≠ÊµãËØï
3    ‰∏≠‰∏≠‰∏≠‰∏≠‰∏≠‰∏≠‰∏≠‰∏≠‰∏≠üòÄ
CREATE TABLE t_trim_test (
id INT PRIMARY KEY,
data VARCHAR(100)
) CHARACTER SET utf8mb4;
INSERT INTO t_trim_test VALUES (1, '  test  ');
INSERT INTO t_trim_test VALUES (2, '‰∏≠‰∏≠ÊµãËØï‰∏≠‰∏≠');
INSERT INTO t_trim_test VALUES (3, 'üòÄüòÄtextüòÄüòÄ');
SELECT id, TRIM(data) as trimmed FROM t_trim_test ORDER BY id;
id    trimmed
1    test
2    ‰∏≠‰∏≠ÊµãËØï‰∏≠‰∏≠
3    üòÄüòÄtextüòÄüòÄ
SELECT id, LTRIM(data) as ltrimmed FROM t_trim_test ORDER BY id;
id    ltrimmed
1    test  
2    ‰∏≠‰∏≠ÊµãËØï‰∏≠‰∏≠
3    üòÄüòÄtextüòÄüòÄ
SELECT id, RTRIM(data) as rtrimmed FROM t_trim_test ORDER BY id;
id    rtrimmed
1      test
2    ‰∏≠‰∏≠ÊµãËØï‰∏≠‰∏≠
3    üòÄüòÄtextüòÄüòÄ
SELECT id, TRIM('‰∏≠' FROM data) as trim_chinese FROM t_trim_test WHERE id = 2;
id    trim_chinese
2    ÊµãËØï
SELECT id, TRIM('üòÄ' FROM data) as trim_emoji FROM t_trim_test WHERE id = 3;
id    trim_emoji
3    text
CREATE TABLE t_replace_test (
id INT PRIMARY KEY,
data VARCHAR(100)
) CHARACTER SET utf8mb4;
INSERT INTO t_replace_test VALUES (1, 'Hello World Hello');
INSERT INTO t_replace_test VALUES (2, '‰Ω†Â•Ω‰∏ñÁïå‰Ω†Â•Ω');
INSERT INTO t_replace_test VALUES (3, 'TestÊµãËØïTest');
SELECT id, REPLACE(data, 'Hello', 'Hi') as replaced FROM t_replace_test WHERE id = 1;
id    replaced
1    Hi World Hi
SELECT id, REPLACE(data, '‰Ω†Â•Ω', 'ÊÇ®Â•Ω') as replaced FROM t_replace_test WHERE id = 2;
id    replaced
2    ÊÇ®Â•Ω‰∏ñÁïåÊÇ®Â•Ω
SELECT id, REPLACE(data, 'Test', 'ÊµãËØï') as replaced FROM t_replace_test WHERE id = 3;
id    replaced
3    ÊµãËØïÊµãËØïÊµãËØï
SELECT REVERSE('Hello');
REVERSE(Hello)
olleH
SELECT REVERSE('‰Ω†Â•Ω‰∏ñÁïå');
REVERSE(‰Ω†Â•Ω‰∏ñÁïå)
Áïå‰∏ñÂ•Ω‰Ω†
SELECT REVERSE('üòÄüòÉüòÑ');
REVERSE(üòÄüòÉüòÑ)
üòÑüòÉüòÄ
CREATE TABLE t_locate_test (
id INT PRIMARY KEY,
data VARCHAR(100)
) CHARACTER SET utf8mb4;
INSERT INTO t_locate_test VALUES (1, 'Hello World');
INSERT INTO t_locate_test VALUES (2, '‰Ω†Â•Ω‰∏ñÁïå');
INSERT INTO t_locate_test VALUES (3, 'TestÊµãËØïTest');
SELECT id, LOCATE('World', data) as pos FROM t_locate_test WHERE id = 1;
id    pos
1    7
SELECT id, LOCATE('‰∏ñÁïå', data) as pos FROM t_locate_test WHERE id = 2;
id    pos
2    3
SELECT id, LOCATE('ÊµãËØï', data) as pos FROM t_locate_test WHERE id = 3;
id    pos
3    5
SELECT id, POSITION('ÊµãËØï' IN data) as pos FROM t_locate_test WHERE id = 3;
SQL parser error: You have an error in your SQL syntax; check the manual that corresponds to your MatrixOne server version for the right syntax to use. syntax error at line 1 column 36 near " data) as pos FROM t_locate_test WHERE id = 3;";
SELECT INSTR('Hello World', 'World');
INSTR(Hello World, World)
7
SELECT INSTR('‰Ω†Â•Ω‰∏ñÁïå', '‰∏ñÁïå');
INSTR(‰Ω†Â•Ω‰∏ñÁïå, ‰∏ñÁïå)
3
SELECT INSTR('TestÊµãËØïTest', 'ÊµãËØï');
INSTR(TestÊµãËØïTest, ÊµãËØï)
5
CREATE TABLE t_left_right_test (
id INT PRIMARY KEY,
data VARCHAR(100)
) CHARACTER SET utf8mb4;
INSERT INTO t_left_right_test VALUES (1, 'Hello World');
INSERT INTO t_left_right_test VALUES (2, '‰Ω†Â•Ω‰∏ñÁïå');
INSERT INTO t_left_right_test VALUES (3, 'üòÄüòÉüòÑüòÅüòÜ');
SELECT id, LEFT(data, 5) as left_part FROM t_left_right_test ORDER BY id;
id    left_part
1    Hello
2    ‰Ω†Â•Ω‰∏ñÁïå
3    üòÄüòÉüòÑüòÅüòÜ
SELECT id, RIGHT(data, 5) as right_part FROM t_left_right_test ORDER BY id;
not supported: function or operator 'right'
CREATE TABLE t_null_sort_ci (
id INT PRIMARY KEY,
name VARCHAR(100)
) CHARACTER SET utf8mb4 COLLATE utf8mb4_general_ci;
INSERT INTO t_null_sort_ci VALUES (1, 'Apple');
INSERT INTO t_null_sort_ci VALUES (2, NULL);
INSERT INTO t_null_sort_ci VALUES (3, 'Banana');
INSERT INTO t_null_sort_ci VALUES (4, NULL);
INSERT INTO t_null_sort_ci VALUES (5, 'Cherry');
SELECT * FROM t_null_sort_ci ORDER BY name;
id    name
2    null
4    null
1    Apple
3    Banana
5    Cherry
SELECT * FROM t_null_sort_ci ORDER BY name DESC;
id    name
5    Cherry
3    Banana
1    Apple
4    null
2    null
SELECT * FROM t_null_sort_ci ORDER BY name IS NULL, name;
id    name
1    Apple
3    Banana
5    Cherry
2    null
4    null
CREATE TABLE t_where_case (
id INT PRIMARY KEY,
code VARCHAR(50)
) CHARACTER SET utf8mb4 COLLATE utf8mb4_general_ci;
INSERT INTO t_where_case VALUES (1, 'ABC123');
INSERT INTO t_where_case VALUES (2, 'abc123');
INSERT INTO t_where_case VALUES (3, 'Abc123');
INSERT INTO t_where_case VALUES (4, 'DEF456');
SELECT COUNT(*) FROM t_where_case WHERE code = 'abc123';
COUNT(*)
1
SELECT * FROM t_where_case WHERE code LIKE 'abc%' ORDER BY id;
id    code
2    abc123
CREATE TABLE t_agg_test (
id INT,
category VARCHAR(50),
value INT
) CHARACTER SET utf8mb4 COLLATE utf8mb4_general_ci;
INSERT INTO t_agg_test VALUES (1, 'Apple', 10);
INSERT INTO t_agg_test VALUES (2, 'apple', 20);
INSERT INTO t_agg_test VALUES (3, 'APPLE', 30);
INSERT INTO t_agg_test VALUES (4, 'Banana', 40);
INSERT INTO t_agg_test VALUES (5, 'banana', 50);
SELECT category, SUM(value) as total FROM t_agg_test GROUP BY category ORDER BY category;
category    total
APPLE    30
Apple    10
Banana    40
apple    20
banana    50
SELECT category, AVG(value) as avg_val FROM t_agg_test GROUP BY category ORDER BY category;
category    avg_val
APPLE    30.0
Apple    10.0
Banana    40.0
apple    20.0
banana    50.0
SELECT category, COUNT(*) as cnt FROM t_agg_test GROUP BY category ORDER BY category;
category    cnt
APPLE    1
Apple    1
Banana    1
apple    1
banana    1
CREATE TABLE t_outer (
id INT PRIMARY KEY,
name VARCHAR(100)
) CHARACTER SET utf8mb4 COLLATE utf8mb4_general_ci;
CREATE TABLE t_inner (
id INT PRIMARY KEY,
name VARCHAR(100)
) CHARACTER SET utf8mb4 COLLATE utf8mb4_general_ci;
INSERT INTO t_outer VALUES (1, 'Apple'), (2, 'Banana'), (3, 'Cherry');
INSERT INTO t_inner VALUES (1, 'apple'), (2, 'BANANA');
SELECT * FROM t_outer WHERE name IN (SELECT name FROM t_inner) ORDER BY id;
id    name
SELECT * FROM t_outer WHERE EXISTS (SELECT 1 FROM t_inner WHERE t_inner.name = t_outer.name) ORDER BY id;
id    name
CREATE TABLE t_having_test (
id INT,
category VARCHAR(50)
) CHARACTER SET utf8mb4 COLLATE utf8mb4_general_ci;
INSERT INTO t_having_test VALUES (1, 'Apple'), (2, 'apple'), (3, 'APPLE');
INSERT INTO t_having_test VALUES (4, 'Banana'), (5, 'banana');
INSERT INTO t_having_test VALUES (6, 'Cherry');
SELECT category, COUNT(*) as cnt
FROM t_having_test
GROUP BY category
HAVING COUNT(*) > 1
ORDER BY category;
category    cnt
CREATE TABLE t_pk_ci (
name VARCHAR(100) PRIMARY KEY
) CHARACTER SET utf8mb4 COLLATE utf8mb4_general_ci;
INSERT INTO t_pk_ci VALUES ('Apple');
SELECT * FROM t_pk_ci;
name
Apple
CREATE TABLE t_pk_bin (
name VARCHAR(100) PRIMARY KEY
) CHARACTER SET utf8mb4 COLLATE utf8mb4_bin;
INSERT INTO t_pk_bin VALUES ('Apple');
INSERT INTO t_pk_bin VALUES ('apple');
INSERT INTO t_pk_bin VALUES ('APPLE');
SELECT * FROM t_pk_bin ORDER BY name;
name
APPLE
Apple
apple
CREATE TABLE t_fk_parent (
id INT PRIMARY KEY,
code VARCHAR(50) UNIQUE
) CHARACTER SET utf8mb4 COLLATE utf8mb4_general_ci;
CREATE TABLE t_fk_child (
id INT PRIMARY KEY,
parent_code VARCHAR(50),
FOREIGN KEY (parent_code) REFERENCES t_fk_parent(code)
) CHARACTER SET utf8mb4 COLLATE utf8mb4_general_ci;
INSERT INTO t_fk_parent VALUES (1, 'CODE001');
INSERT INTO t_fk_child VALUES (1, 'CODE001');
INSERT INTO t_fk_child VALUES (2, 'code001');
internal error: Cannot add or update a child row: a foreign key constraint fails
SELECT * FROM t_fk_parent;
id    code
1    CODE001
SELECT * FROM t_fk_child ORDER BY id;
id    parent_code
1    CODE001
CREATE TABLE t_view_base (
id INT PRIMARY KEY,
name VARCHAR(100)
) CHARACTER SET utf8mb4 COLLATE utf8mb4_general_ci;
INSERT INTO t_view_base VALUES (1, 'Apple'), (2, 'Banana'), (3, 'Cherry');
CREATE VIEW v_upper AS SELECT id, UPPER(name) as upper_name FROM t_view_base;
CREATE VIEW v_filter AS SELECT * FROM t_view_base WHERE name = 'apple';
SELECT * FROM v_upper ORDER BY id;
id    upper_name
1    APPLE
2    BANANA
3    CHERRY
SELECT * FROM v_filter;
id    name
CREATE TABLE t_prepare (
id INT PRIMARY KEY,
name VARCHAR(100)
) CHARACTER SET utf8mb4;
PREPARE stmt FROM 'INSERT INTO t_prepare VALUES (?, ?)';
INSERT INTO t_prepare VALUES (1, '‰Ω†Â•Ω');
INSERT INTO t_prepare VALUES (2, 'Hello');
SELECT * FROM t_prepare ORDER BY id;
id    name
1    ‰Ω†Â•Ω
2    Hello
CREATE TABLE t_concat_ws (
id INT PRIMARY KEY,
first_name VARCHAR(50),
last_name VARCHAR(50)
) CHARACTER SET utf8mb4;
INSERT INTO t_concat_ws VALUES (1, 'John', 'Doe');
INSERT INTO t_concat_ws VALUES (2, 'Âº†', '‰∏â');
INSERT INTO t_concat_ws VALUES (3, 'Áî∞‰∏≠', 'Â§™ÈÉé');
SELECT id, CONCAT_WS(' ', first_name, last_name) as full_name FROM t_concat_ws ORDER BY id;
id    full_name
1    John Doe
2    Âº† ‰∏â
3    Áî∞‰∏≠ Â§™ÈÉé
SELECT id, CONCAT_WS('-', first_name, last_name) as full_name FROM t_concat_ws ORDER BY id;
id    full_name
1    John-Doe
2    Âº†-‰∏â
3    Áî∞‰∏≠-Â§™ÈÉé
SELECT id, CONCAT_WS('„ÄÅ', first_name, last_name) as full_name FROM t_concat_ws ORDER BY id;
id    full_name
1    John„ÄÅDoe
2    Âº†„ÄÅ‰∏â
3    Áî∞‰∏≠„ÄÅÂ§™ÈÉé
SELECT FIELD('apple', 'Apple', 'Banana', 'Cherry');
FIELD(apple, Apple, Banana, Cherry)
1
SELECT FIELD('Apple', 'apple', 'banana', 'cherry');
FIELD(Apple, apple, banana, cherry)
1
SELECT MAKE_SET(1|2|4, 'hello', '‰Ω†Â•Ω', '„Åì„Çì„Å´„Å°„ÅØ', 'ÏïàÎÖï');
not supported: function or operator 'make_set'
SELECT ELT(1, 'Apple', 'ËãπÊûú', '„Çä„Çì„Åî');
not supported: function or operator 'elt'
SELECT ELT(2, 'Apple', 'ËãπÊûú', '„Çä„Çì„Åî');
not supported: function or operator 'elt'
SELECT ELT(3, 'Apple', 'ËãπÊûú', '„Çä„Çì„Åî');
not supported: function or operator 'elt'
SELECT FORMAT(12332.123456, 2);
FORMAT(12332.123456, 2)
12,332.12
SELECT FORMAT(12332.123456, 4);
FORMAT(12332.123456, 4)
12,332.1235
CREATE TABLE t_trailing_space (
id INT PRIMARY KEY,
data VARCHAR(100)
) CHARACTER SET utf8mb4 COLLATE utf8mb4_general_ci;
INSERT INTO t_trailing_space VALUES (1, 'test');
INSERT INTO t_trailing_space VALUES (2, 'test ');
INSERT INTO t_trailing_space VALUES (3, 'test  ');
SELECT * FROM t_trailing_space WHERE data = 'test' ORDER BY id;
id    data
1    test
SELECT COUNT(*) FROM t_trailing_space WHERE data = 'test';
COUNT(*)
1
CREATE TABLE t_large_types (
id INT PRIMARY KEY,
text_data TEXT CHARACTER SET utf8mb4,
blob_data BLOB
);
INSERT INTO t_large_types VALUES (
1,
REPEAT('ÊµãËØïÊñáÊú¨', 100),
REPEAT('Binary', 100)
);
INSERT INTO t_large_types VALUES (
2,
'üòÄüòÉüòÑüòÅüòÜüòÖü§£üòÇüôÇüôÉüòâ',
0x48656C6C6F576F726C64
);
SELECT id, LENGTH(text_data), LENGTH(blob_data) FROM t_large_types ORDER BY id;
id    LENGTH(text_data)    LENGTH(blob_data)
1    1200    600
2    44    10
SELECT id, CHAR_LENGTH(text_data) FROM t_large_types ORDER BY id;
id    CHAR_LENGTH(text_data)
1    400
2    11
CREATE TABLE t_enum_charset (
id INT PRIMARY KEY,
status ENUM('active', 'inactive', 'Ê¥ªÂä®', 'ÈùûÊ¥ªÂä®') CHARACTER SET utf8mb4
);
INSERT INTO t_enum_charset VALUES (1, 'active');
INSERT INTO t_enum_charset VALUES (2, 'Ê¥ªÂä®');
INSERT INTO t_enum_charset VALUES (3, 'inactive');
INSERT INTO t_enum_charset VALUES (4, 'ÈùûÊ¥ªÂä®');
SELECT * FROM t_enum_charset ORDER BY id;
id    status
1    active
2    Ê¥ªÂä®
3    inactive
4    ÈùûÊ¥ªÂä®
SELECT * FROM t_enum_charset WHERE status = 'active';
id    status
1    active
SELECT * FROM t_enum_charset WHERE status = 'Ê¥ªÂä®';
id    status
2    Ê¥ªÂä®
CREATE TABLE t_set_charset (
id INT PRIMARY KEY,
options SET('option1', 'option2', 'ÈÄâÈ°π1', 'ÈÄâÈ°π2') CHARACTER SET utf8mb4
);
data type: 'set("option1","option2","ÈÄâÈ°π1","ÈÄâÈ°π2")' is not yet implemented
INSERT INTO t_set_charset VALUES (1, 'option1');
no such table charset_advanced_test.t_set_charset
INSERT INTO t_set_charset VALUES (2, 'option1,option2');
no such table charset_advanced_test.t_set_charset
INSERT INTO t_set_charset VALUES (3, 'ÈÄâÈ°π1');
no such table charset_advanced_test.t_set_charset
INSERT INTO t_set_charset VALUES (4, 'option1,ÈÄâÈ°π1');
no such table charset_advanced_test.t_set_charset
SELECT * FROM t_set_charset ORDER BY id;
SQL parser error: table "t_set_charset" does not exist
CREATE TABLE t_zero_width (
id INT PRIMARY KEY,
data VARCHAR(100)
) CHARACTER SET utf8mb4;
INSERT INTO t_zero_width VALUES (1, 'test‚Äãtest');
INSERT INTO t_zero_width VALUES (2, 'test‚Äçtest');
SELECT id, LENGTH(data), CHAR_LENGTH(data) FROM t_zero_width ORDER BY id;
id    LENGTH(data)    CHAR_LENGTH(data)
1    11    9
2    11    9
CREATE TABLE t_rtl_text (
id INT PRIMARY KEY,
data VARCHAR(100)
) CHARACTER SET utf8mb4;
INSERT INTO t_rtl_text VALUES (1, 'ŸÖÿ±ÿ≠ÿ®ÿß ÿ®ŸÉ');  -- Arabic
INSERT INTO t_rtl_text VALUES (2, '◊©◊ú◊ï◊ù ◊¢◊ï◊ú◊ù');  -- Hebrew
INSERT INTO t_rtl_text VALUES (3, 'Hello ŸÖÿ±ÿ≠ÿ®ÿß ◊©◊ú◊ï◊ù'); -- Mixed
SELECT * FROM t_rtl_text ORDER BY id;
id    data
1    ŸÖÿ±ÿ≠ÿ®ÿß ÿ®ŸÉ
2    ◊©◊ú◊ï◊ù ◊¢◊ï◊ú◊ù
3    Hello ŸÖÿ±ÿ≠ÿ®ÿß ◊©◊ú◊ï◊ù
SELECT id, LENGTH(data), CHAR_LENGTH(data) FROM t_rtl_text ORDER BY id;
id    LENGTH(data)    CHAR_LENGTH(data)
1    15    8
2    17    9
3    25    16
CREATE TABLE t_combining (
id INT PRIMARY KEY,
data VARCHAR(100)
) CHARACTER SET utf8mb4;
INSERT INTO t_combining VALUES (1, '√©');  -- Single character
INSERT INTO t_combining VALUES (2, '√©');  -- e + combining acute accent
SELECT id, data, LENGTH(data), CHAR_LENGTH(data) FROM t_combining ORDER BY id;
id    data    LENGTH(data)    CHAR_LENGTH(data)
1    √©    2    1
2    √©    2    1
CREATE TABLE t_max_varchar_utf8 (
id INT PRIMARY KEY,
data VARCHAR(16383) CHARACTER SET utf8
);
CREATE TABLE t_max_varchar_utf8mb4 (
id INT PRIMARY KEY,
data VARCHAR(16383) CHARACTER SET utf8mb4
);
INSERT INTO t_max_varchar_utf8 VALUES (1, REPEAT('A', 100));
INSERT INTO t_max_varchar_utf8mb4 VALUES (1, REPEAT('‰Ω†', 100));
SELECT id, LENGTH(data), CHAR_LENGTH(data) FROM t_max_varchar_utf8;
id    LENGTH(data)    CHAR_LENGTH(data)
1    100    100
SELECT id, LENGTH(data), CHAR_LENGTH(data) FROM t_max_varchar_utf8mb4;
id    LENGTH(data)    CHAR_LENGTH(data)
1    300    100
CREATE TABLE t_update_charset (
id INT PRIMARY KEY,
data VARCHAR(100)
) CHARACTER SET utf8mb4;
INSERT INTO t_update_charset VALUES (1, 'Hello');
INSERT INTO t_update_charset VALUES (2, '‰Ω†Â•Ω');
UPDATE t_update_charset SET data = 'World' WHERE id = 1;
UPDATE t_update_charset SET data = '‰∏ñÁïå' WHERE id = 2;
SELECT * FROM t_update_charset ORDER BY id;
id    data
1    World
2    ‰∏ñÁïå
UPDATE t_update_charset SET data = CONCAT(data, '!') WHERE id = 1;
UPDATE t_update_charset SET data = CONCAT('Ê¨¢Ëøé', data) WHERE id = 2;
SELECT * FROM t_update_charset ORDER BY id;
id    data
1    World!
2    Ê¨¢Ëøé‰∏ñÁïå
CREATE TABLE t_delete_ci (
id INT PRIMARY KEY,
name VARCHAR(100)
) CHARACTER SET utf8mb4 COLLATE utf8mb4_general_ci;
INSERT INTO t_delete_ci VALUES (1, 'Apple');
INSERT INTO t_delete_ci VALUES (2, 'apple');
INSERT INTO t_delete_ci VALUES (3, 'APPLE');
INSERT INTO t_delete_ci VALUES (4, 'Banana');
DELETE FROM t_delete_ci WHERE name = 'apple';
SELECT * FROM t_delete_ci ORDER BY id;
id    name
1    Apple
3    APPLE
4    Banana
CREATE TABLE t_transaction (
id INT PRIMARY KEY,
data VARCHAR(100)
) CHARACTER SET utf8mb4;
BEGIN;
INSERT INTO t_transaction VALUES (1, '‰∫ãÂä°ÊµãËØï1');
INSERT INTO t_transaction VALUES (2, 'Transaction test 2');
COMMIT;
SELECT * FROM t_transaction ORDER BY id;
id    data
1    ‰∫ãÂä°ÊµãËØï1
2    Transaction test 2
BEGIN;
INSERT INTO t_transaction VALUES (3, '‰∫ãÂä°ÊµãËØï3');
ROLLBACK;
SELECT * FROM t_transaction ORDER BY id;
id    data
1    ‰∫ãÂä°ÊµãËØï1
2    Transaction test 2
DROP DATABASE IF EXISTS charset_advanced_test;
